game_id,play_uuid,hit_player,hit
1069714,ca4fc9bc-01fc-481a-b12f-3ab1835e27a5,Foyesade Oluokun,1
1069714,bd206d43-740c-40ec-9e78-eb30cae43f8c,Dante Fowler Jr.,1
1069714,674bae94-598a-4847-ae68-8a70662e31f1,Jacob Tuioti-Mariner,1
1069714,d3202737-d4ea-4c15-a9b0-b64a4b8fbaac,Leonard Williams,1
1069714,833b67aa-cfb5-43b7-ab1e-ac7280524816,Jacob Tuioti-Mariner,1
1069714,1453eef1-bd18-4518-ae4a-ee0a0722b329,Dante Fowler Jr.,1
1069714,1453eef1-bd18-4518-ae4a-ee0a0722b329,Foyesade Oluokun,1
1069714,0f1d36c4-ceb1-49c2-98cb-8b2c0203d9c2,Jabrill Peppers,1
1069714,cd644607-2ff0-41aa-b466-1b82ee34da79,Grady Jarrett,1
1069714,cd644607-2ff0-41aa-b466-1b82ee34da79,Deion Jones,1
1069714,f7fcdc6b-b354-4e8c-9625-50b5883f7e4f,Austin Johnson,1
1069714,f7fcdc6b-b354-4e8c-9625-50b5883f7e4f,Tae Crowder,1
1069714,4e728be1-b39e-4bbd-90f2-d2225d42328c,Dexter Lawrence,1
1069784,109d3d95-e584-496c-85ab-a97cbda2c4ec,Lawrence Guy,1
1069784,109d3d95-e584-496c-85ab-a97cbda2c4ec,Ja'Whaun Bentley,1
1069784,79ec8378-3a54-4fec-91e9-226f44047f24,Christian Kirksey,1
1069784,79ec8378-3a54-4fec-91e9-226f44047f24,Lonnie Johnson Jr.,1
1069784,95eb801e-73a6-429a-85cd-0c4f6558c218,Lawrence Guy,1
1069784,21cdd3cd-947b-4b2e-a3f5-9e21e146752e,Matthew Judon,1
1069784,ffd9336d-c5ab-4818-8046-0b0d6e0b92f5,Roy Lopez,1
1069784,ffd9336d-c5ab-4818-8046-0b0d6e0b92f5,Christian Kirksey,1
1069798,f57d46b3-864b-4454-bcf5-f86d78e4fd54,Solomon Thomas,1
1069798,f57d46b3-864b-4454-bcf5-f86d78e4fd54,Johnathan Abram,1
1069798,80795235-72ce-45bf-8d85-bd211582991a,Yannick Ngakoue,1
1069798,d3fcaf2f-828f-45c9-ba7e-4000f1f06944,Roquan Smith,1
1069798,33f46fb9-1a10-4d4f-a50b-32856626bd99,Roquan Smith,1
1069798,ce6a7718-b5bb-44eb-a075-6a15415391bd,Mario Edwards Jr.,1
1069798,ce6a7718-b5bb-44eb-a075-6a15415391bd,Khalil Mack,1
1069798,f8f281ee-09b7-49ae-9dea-f0d3556b533f,Mario Edwards Jr.,1
1069798,f8f281ee-09b7-49ae-9dea-f0d3556b533f,Robert Quinn,1
1069798,eb656e54-f7ce-4655-ae42-18ff300d0c34,Johnathan Hankins,1
1069798,8aaa343f-4bd9-46af-8072-2d564a138b3c,Denzel Perryman,1
1069798,70e03788-ea20-44cb-8677-2caf20293f2d,Bilal Nichols,1
1069798,70e03788-ea20-44cb-8677-2caf20293f2d,Roquan Smith,1
1069800,f77611f1-4473-45d8-b395-c1c7b26d75e0,Chandler Jones,1
1069800,f77611f1-4473-45d8-b395-c1c7b26d75e0,Corey Peters,1
1069800,8662172d-9c53-4550-9d64-d7981ff64e03,Rashard Lawrence,1
1069800,e6dab059-66c1-432e-9ee7-3051e085e89e,Budda Baker,1
1069800,e6dab059-66c1-432e-9ee7-3051e085e89e,Zach Allen,1
1069800,6470c33d-8448-4400-a8aa-dc8c66ca8847,Zaven Collins,1
1069800,6470c33d-8448-4400-a8aa-dc8c66ca8847,Chandler Jones,1
1069800,a9fcb81f-df00-4958-a462-7b6c00bd7fe9,Jordan Hicks,1
1069800,a9fcb81f-df00-4958-a462-7b6c00bd7fe9,Isaiah Simmons,1
1069800,9d741c59-7166-4fc1-ac5b-f281f1a83776,Jalen Thompson,1
1069800,9d741c59-7166-4fc1-ac5b-f281f1a83776,Markus Golden,1
1069800,800eccad-2a0e-4530-8300-57485eca1fb1,Jordan Hicks,1
1069800,800eccad-2a0e-4530-8300-57485eca1fb1,Zach Allen,1
1069800,d2b22816-e75e-4803-8712-8383f4d99fe6,J.J. Watt,1
1069800,1648290b-436b-45a2-8696-fa339365c299,Zach Allen,1
1069800,7099ea4c-85f9-4933-b204-37a2a8ad73fd,Arik Armstead,1
1069800,7099ea4c-85f9-4933-b204-37a2a8ad73fd,Nick Bosa,1
1069800,76e2064f-928b-44f6-a097-1f28fb8803c7,J.J. Watt,1
1069800,8977c458-374c-4a5b-b74f-4c4d1c404492,Leki Fotu,1
1069800,8977c458-374c-4a5b-b74f-4c4d1c404492,Jordan Hicks,1
1069800,6806812d-69fc-478f-8ccb-f4043496b8ae,J.J. Watt,1
1069800,9c434ab0-4ea0-4002-b818-898ce12eb7e9,Marcell Harris,1
1069800,9c434ab0-4ea0-4002-b818-898ce12eb7e9,Samson Ebukam,1
1069800,2f2414c7-c292-4452-90c8-5123f8a4f6af,Budda Baker,1
1069800,aa731d14-0b7d-4d7d-9cc1-e218d6f4d73e,Jalen Thompson,1
1069800,aa731d14-0b7d-4d7d-9cc1-e218d6f4d73e,Tanner Vallejo,1
1069800,77f205ee-b327-425e-9c37-0b1fd5a20316,Rashard Lawrence,1
1069800,ea193a21-4e13-4f41-9d64-b1f7adf2eda0,J.J. Watt,1
1069800,658ae624-35f5-47e3-bb68-4f0b190e1b4b,Budda Baker,1
1069800,658ae624-35f5-47e3-bb68-4f0b190e1b4b,Jalen Thompson,1
1069800,658ae624-35f5-47e3-bb68-4f0b190e1b4b,Antonio Hamilton,1
1069800,f9e51ec8-588f-4c41-b612-dfaf4e753c73,Jimmie Ward,1
1070627,eb19499a-f80c-4d9f-bf23-4ebfd3db5930,Shaq Thompson,1
1070627,b5141e2b-31ed-41f0-9e60-41dbdc732422,Bravvion Roy,1
1070627,b5141e2b-31ed-41f0-9e60-41dbdc732422,Shaq Thompson,1
1070627,8124c4b9-93f7-4c8f-b339-c4d3ee4722fb,Dont'A Hightower,1
1070627,081e83b4-8cdd-4464-a388-e55c0489015b,Carl Davis Jr.,1
1070627,1463beca-2c8d-4b3b-b23f-9fb683ce3feb,Josh Uche,1
1070627,1463beca-2c8d-4b3b-b23f-9fb683ce3feb,Davon Godchaux,1
1070627,d22a40ca-12f0-4612-8df8-eb0c987f9e01,Matthew Judon,1
1070627,0d2b1d79-c2bc-4168-a5a3-cecd2a8f9330,Jermaine Carter Jr.,1
1070627,44daa567-b35f-4277-88ed-3916959687b7,Matthew Judon,1
1070627,2c96545f-0dd0-440a-afb0-79de72b84352,Matthew Judon,1
1071838,23925d1b-6cfe-449e-8d51-ed747a60c267,Chris Jones,1
1071838,a2fad6ee-b5b1-4b2e-820c-f8f71fa596a2,Maxx Crosby,1
1071838,e2ceaf65-aeaf-4859-92fb-7e44c162c4ab,Solomon Thomas,1
1071838,5e276ac8-ae52-4b30-8b90-16655f3d89e7,Maxx Crosby,1
1071838,8812a913-5612-4c7d-b6f2-0fb2c607e069,Nick Bolton,1
1071838,9c2ccbe6-db18-4f45-b9ef-1304c438cd56,L'Jarius Sneed,1
1071848,d9a69935-2abd-45a4-9b11-93c31e57b7b1,Kenny Clark,1
1071848,70cb7b3a-fb5e-49bc-adf1-3b8630cbb490,Kenny Clark,1
1071848,fccc235c-7042-4b10-a585-05d52e7e54f4,Jamal Adams,1
1071848,ac85f586-e538-4e0d-9834-87285e6ba3f4,Darrell Taylor,1
1071848,8253739f-25d5-456f-affe-f32ca65cabcd,Kenny Clark,1
1071848,8253739f-25d5-456f-affe-f32ca65cabcd,Henry Black,1
1071848,30092357-b6a2-4311-bd72-6ed51a4ba20b,De'Vondre Campbell,1
1071848,9d01a62f-536a-45e5-9926-cbc3329e7942,Whitney Mercilus,1
1071848,16e0c045-4639-43b1-830e-c128264f9033,Preston Smith,1
1071848,5113f8af-086e-4e4a-a73e-ed482d01dd20,Alton Robinson,1
1071848,7658c05c-2472-4a50-b959-13c98a179654,Alton Robinson,1
1071848,47da1e6c-87ea-4547-b875-924e7c267dcc,Adrian Amos,1
1071848,ecc71843-6e9d-4205-b7fe-39483e81dbc1,Preston Smith,1
1071848,a3c33674-b0b0-421f-b435-8a775a31c2ac,T.J. Slaton,1
1071848,a3c33674-b0b0-421f-b435-8a775a31c2ac,Preston Smith,1
1071894,84a81bf2-0b5d-4d7e-b9cc-86f07e17a7ff,Austin Bryant,1
1071896,5f8a3e79-db46-4f42-bb46-d20860264519,Leonard Williams,1
1071896,65eaede7-8aae-42ec-bacd-c4b7ac60c894,Shaquil Barrett,1
1071896,4fd72de3-594c-417b-9e12-03743dc5f245,Jamel Dean,1
1071896,b22af80e-bc88-4bd2-b7d0-d6305d40419e,William Gholston,1
1071896,b22af80e-bc88-4bd2-b7d0-d6305d40419e,Shaquil Barrett,1
1071896,de8586f4-ac16-475b-9b37-1d0c04cf1403,Tae Crowder,1
1071896,7680d2fa-a0c7-4de5-b695-dd9a0a77356e,Ndamukong Suh,1
1071896,be6fcfe3-abcf-4f18-b21c-afe9db0c9488,Devin White,1
1071896,3c2d7a18-72ba-4603-a4ae-6ce04e14f8e6,Quincy Roche,1
1071896,4590b7f3-be2c-4da5-a87e-a4fe4636d2cd,Joe Tryon-Shoyinka,1
1071896,2bdf69a1-f558-4eaf-807c-1982170bbad9,Devin White,1
1071896,7f0ec7ef-5bf1-43e3-a2dd-aff103d297ef,Austin Johnson,1
1071896,8fea6c76-f9e6-4ffa-8a79-75053fc75966,Anthony Nelson,1
1071896,ac12fe41-2686-407e-b014-017de1333f93,Joe Tryon-Shoyinka,1
1071960,188e35f1-e0ed-40a6-a628-8027949a47f1,Joe Tryon-Shoyinka,1
1071960,394f8380-7469-489e-a39b-fc4e83655cf2,Rakeem Nunez-Roches,1
1071960,a3909172-a950-4e9e-be0d-4d58aab82b3d,Jason Pierre-Paul,1
1071960,248746b1-992c-436a-97a8-d6892c98b5f2,Devin White,1
1071962,d08559ad-236d-4ed7-a8ce-643c8c911bdb,Aaron Donald,1
1071962,d5992482-ad71-4467-815b-f4c411b6cbfc,Damien Wilson,1
1071962,891720cc-e92a-492b-955f-7ebe95d71633,Aaron Donald,1
1071962,891720cc-e92a-492b-955f-7ebe95d71633,Greg Gaines,1
1071962,ef5fc895-c0c2-41bb-8421-f1efb40fc811,Myles Jack,1
1071962,f41f924a-e5a5-4c1c-aa34-64a83a1a9aa5,Michael Hoecht,1
1071964,55607efa-9607-4ad7-bdd2-4d7cb0f65fd1,Maxx Crosby,1
1071964,635fbd0a-99ca-406b-a776-02aee72b81a7,Daron Payne,1
1071966,20dfdbdc-5117-4288-a01c-3e3a06b4312c,Bobby Wagner,1
1071966,20dfdbdc-5117-4288-a01c-3e3a06b4312c,Kerry Hyder Jr.,1
1071968,bf38e533-799c-4d53-a422-b9bcf0137ac4,Shamar Stephen,1
1071968,bf38e533-799c-4d53-a422-b9bcf0137ac4,Kyle Fuller,1
1071968,5bf3daf3-76df-4104-bd54-4e19644971db,Chris Jones,1
1071968,5bf3daf3-76df-4104-bd54-4e19644971db,Ben Niemann,1
1071968,8b06ff03-7c74-46b3-abb5-46b495b0ab35,Stephen Weatherly,1
1071968,80e7004d-3907-4cb8-b1d3-369f2623ed73,Bradley Chubb,1
1071968,9eaef9bc-f118-41ea-bb70-809c31a930bf,Melvin Ingram,1
1071968,ff63295c-f1bb-4ae2-abdc-1b5cc67cc713,Chris Jones,1
1071968,ff63295c-f1bb-4ae2-abdc-1b5cc67cc713,Anthony Hitchens,1
1071968,d04ba52a-0556-4884-866a-93e83eb569be,Anthony Hitchens,1
1071968,af26ab39-181d-4511-ae43-06ee1ffbfe7e,Alex Okafor,1
1071968,e8aebcbe-afd1-4e4d-8b7c-dda2037dac4d,L'Jarius Sneed,1
1071968,f0f5832b-2eee-47be-b15d-cf881ee85cc3,Chris Jones,1
1071968,97aec0e5-9f1d-4dc7-a3d1-11d00e32bd45,Jarran Reed,1
1071968,97aec0e5-9f1d-4dc7-a3d1-11d00e32bd45,Tyrann Mathieu,1
1071970,3c63a035-fbc0-48ec-aa7d-5c3cece17cd1,Lawrence Guy,1
1071970,3c63a035-fbc0-48ec-aa7d-5c3cece17cd1,Ja'Whaun Bentley,1
1071970,3356a931-cabd-4220-acb4-d7b94ad8a8d8,Ja'Whaun Bentley,1
1071970,843aaf06-0e90-456e-9375-d855c570734f,Harrison Phillips,1
1071970,843aaf06-0e90-456e-9375-d855c570734f,Star Lotulelei,1
1071970,4a036af9-2660-4ede-96ac-03e6f9fdda5a,Harrison Phillips,1
1071970,4a036af9-2660-4ede-96ac-03e6f9fdda5a,Star Lotulelei,1
1071970,b58e19d0-6c78-48c6-beaa-433282865502,Matthew Judon,1
1071970,b58e19d0-6c78-48c6-beaa-433282865502,Dont'A Hightower,1
1071970,b58e19d0-6c78-48c6-beaa-433282865502,Devin Mccourty,1
1071970,921f4024-4726-47ec-9152-45a7f82f7a20,Adrian Phillips,1
1071970,9b6ed57b-eabd-4a32-bb70-8127ef41978a,Dont'A Hightower,1
1071970,9b6ed57b-eabd-4a32-bb70-8127ef41978a,Deatrich Wise Jr.,1
1071998,1370a296-d718-4339-8d04-d057d6d8a403,Anthony Barr,1
1071998,00d98915-0251-4697-bd3c-c42c4709441c,Armon Watts,1
1071998,00d98915-0251-4697-bd3c-c42c4709441c,Sheldon Richardson,1
1071998,188d3ae6-1bb6-4341-a9b7-a14c86ae0ee4,Joe Schobert,1
1071998,188d3ae6-1bb6-4341-a9b7-a14c86ae0ee4,Derrek Tuszka,1
1071998,5cdb122a-96cb-4130-a80b-47e2bc709405,Taco Charlton,1
1071998,5cdb122a-96cb-4130-a80b-47e2bc709405,Derrek Tuszka,1
1072024,20ce3c06-ee4f-4bb9-a0ff-d569d05e4c88,Sheldon Rankins,1
1072024,8a70392b-a1c1-48bc-8d6a-d15244112aab,Justin Coleman,1
1072024,8a70392b-a1c1-48bc-8d6a-d15244112aab,Emmanuel Ogbah,1
1072024,54aeb597-b692-4862-939b-bedc4b01aab2,Andrew Van Ginkel,1
1072024,b587abca-4639-425f-9222-ee4fe22599d7,Michael Carter II,1
1072024,17054af8-abce-428f-9b31-4e5e2dbc451a,Justin Coleman,1
1072024,17054af8-abce-428f-9b31-4e5e2dbc451a,Christian Wilkins,1
1072024,17054af8-abce-428f-9b31-4e5e2dbc451a,Duke Riley,1
1072024,dccd392d-d837-4a1f-8d06-e226468af533,Michael Carter II,1
1072024,fb8c0d35-1524-40de-a777-c489e37915ea,Ronald Blair,1
1072024,fb8c0d35-1524-40de-a777-c489e37915ea,Sheldon Rankins,1
1072024,8d82820c-410c-4e01-9c98-6430a91dec57,Sheldon Rankins,1
1072024,8d82820c-410c-4e01-9c98-6430a91dec57,C.J. Mosley,1
1072024,7b17a19a-ead5-4d3f-9644-2ddbe4c2c9a2,Christian Wilkins,1
1072024,7b17a19a-ead5-4d3f-9644-2ddbe4c2c9a2,Jerome Baker,1
1072046,3777f5b2-c5f0-497c-b4d6-00ef061732e0,Robert Quinn,1
1072046,3777f5b2-c5f0-497c-b4d6-00ef061732e0,Kindle Vildor,1
1072046,fc942fa9-45f7-440c-a42f-53bcadb1dddc,Cameron Dantzler,1
1072046,a2cfe7c8-71a1-489f-b718-d2c2cb150f5f,D.J. Wonnum,1
1072046,a2cfe7c8-71a1-489f-b718-d2c2cb150f5f,Eric Kendricks,1
1072046,22a952cb-bad3-4289-ad1f-0946be64ddea,Armon Watts,1
1072046,3bb3ab8e-eb1a-4e11-b8bc-d88286de78b6,Angelo Blackson,1
1072046,6fb35387-2b1c-419f-b688-6de151b4d2bb,James Lynch,1
1072046,d91e32e0-4972-4ac6-a1f1-13061f6053c0,Armon Watts,1
1072046,e9283dfc-1f9e-4f60-a17e-59f2b916bfce,Akiem Hicks,1
1072046,cf5ed2e3-9c93-4c93-979c-2134a8388323,Harrison Smith,1
1072050,d03a5407-8125-4db5-a8fb-f614eb8ee8ea,Landon Collins,1
1072050,d03a5407-8125-4db5-a8fb-f614eb8ee8ea,Danny Johnson,1
1072050,1c1fac3e-ba3f-4845-98fa-396c30b8e84a,Landon Collins,1
1072050,1c1fac3e-ba3f-4845-98fa-396c30b8e84a,Daron Payne,1
1072050,eb808282-eb39-4218-bf67-cd6e2300d2ea,Casey Toohill,1
1072050,21ee0beb-7d0c-44f6-b8fe-0edca1815347,Bobby Mccain,1
1072050,21ee0beb-7d0c-44f6-b8fe-0edca1815347,Jamin Davis,1
1072050,42d13298-62bf-4fa7-bcd2-00c530b11975,Jonathan Allen,1
1072050,3884ae37-71cc-407f-9632-6805355806ae,Hassan Ridgeway,1
1072050,a1f4a127-78fc-4081-aae4-097973800e60,Derek Barnett,1
1072056,e627fbdc-2bd8-4212-9189-d98008f5d562,Leonard Williams,1
1072056,57c9b805-8231-4da5-8a14-0680fc920c9c,Xavier Mckinney,1
1072056,30854b10-a2bf-4a32-afe8-fa09f5cb9c8f,Josh Sweat,1
1072056,30854b10-a2bf-4a32-afe8-fa09f5cb9c8f,T.J. Edwards,1
1072056,1050fffa-85b5-47cf-ad42-7c9df0f15c0d,Alex Singleton,1
1072056,1050fffa-85b5-47cf-ad42-7c9df0f15c0d,T.J. Edwards,1
1072056,d78e71aa-3c6f-47c6-b289-b982f41a41b2,Dexter Lawrence,1
1072056,600c3055-1632-455c-8d0f-2e4667be45c9,Julian Love,1
1072056,888a94a9-efdd-4ec5-a0c2-09943bfd5317,Hassan Ridgeway,1
1072056,0eac8e8c-8db5-43af-83c6-08325dbadbb7,Javon Hargrave,1
1072056,c89d4cab-4f51-435f-8538-c852c29bdefa,Josh Sweat,1
1072056,bae335b9-d9a5-4a6a-90ec-9fb4cd308700,Patrick Johnson,1
1072064,dc5ec668-ca05-4ff7-b0d1-a9e715eebb3e,Ronald Blair,1
1072064,dc5ec668-ca05-4ff7-b0d1-a9e715eebb3e,C.J. Mosley,1
1072064,35eaf7ca-a063-4129-a28f-10abedc10a50,Jason Pinnock,1
1072064,7cebe41b-5011-4dad-945d-5703b636d22d,Dawuane Smoot,1
1072064,7cebe41b-5011-4dad-945d-5703b636d22d,Andrew Wingard,1
1072064,7cebe41b-5011-4dad-945d-5703b636d22d,K'Lavon Chaisson,1
1072064,c505611a-cf5e-49bb-b316-b1df47e00bad,Jason Pinnock,1
1072064,c505611a-cf5e-49bb-b316-b1df47e00bad,C.J. Mosley,1
1072064,912135ab-1e30-46ee-b252-8460305f9b0c,Sheldon Rankins,1
1072064,e18ea931-78dc-4c1e-8913-0b09d8ee5f62,Davon Hamilton,1
1072064,0e15c059-5e78-41df-af99-67a0dbe3e8f5,Kyle Phillips,1
1072064,0e15c059-5e78-41df-af99-67a0dbe3e8f5,Ronald Blair,1
1072064,97bae330-8aaf-4f63-9adb-3195e17d1bea,Malcom Brown,1
1072064,97bae330-8aaf-4f63-9adb-3195e17d1bea,Dawuane Smoot,1
1072066,f7e23146-b016-4943-8a7a-fe25105bbbb9,Nick Williams,1
1072066,a1b4f420-1d4a-4d12-929b-3ebe7bc54836,Charles Harris,1
1072066,a1b4f420-1d4a-4d12-929b-3ebe7bc54836,John Penisini,1
1072066,2846c5f5-0267-4d57-8af8-6db402d013ca,Grady Jarrett,1
1072066,29571ecc-0fd8-45e2-a669-afdc7b3a5550,Jalen Reeves-Maybin,1
1072066,3fee2c60-3c71-42cd-a738-cda338f862e8,Michael Brockers,1
1072066,3fee2c60-3c71-42cd-a738-cda338f862e8,Levi Onwuzurike,1
1072068,8ab333b3-23ed-4ebf-afdd-441666d4d238,Demone Harris,1
1072068,8ab333b3-23ed-4ebf-afdd-441666d4d238,Neville Hewitt,1
1072068,939ca025-3f9e-444b-aeb0-4fa95a9880c6,Breiden Fehoko,1
1072068,5cc784be-7f3e-4db8-9ad3-bb8c7d7bf470,Demarcus Walker,1
1072068,5cc784be-7f3e-4db8-9ad3-bb8c7d7bf470,Chris Smith,1
1072068,b6ae007a-8ebc-4f9b-aaca-1677bcd751a9,Tavierre Thomas,1
1072070,5561fa1f-15f6-4616-a99a-6867827dca77,Trevis Gipson,1
1072070,cc4236a2-90ad-4d2c-afff-1fb9b7099a90,Poona Ford,1
1072070,adf8ca1c-0d08-4036-ba19-0948aa166a8e,Al Woods,1
1072070,adf8ca1c-0d08-4036-ba19-0948aa166a8e,Poona Ford,1
1072070,c360e119-5706-441c-b79c-66cd0ac73e9c,Roquan Smith,1
1072072,c0890281-0180-4032-a95b-8897fa59bb53,Cameron Heyward,1
1072072,3f28698c-7d37-4c1e-b203-1f17d0ebb59d,John Simon,1
1072072,e61f4d53-6047-4873-8b01-bdd9ec3fd37a,Dicaprio Bootle,1
1072072,e61f4d53-6047-4873-8b01-bdd9ec3fd37a,Tershawn Wharton,1
1072072,991de766-3833-4b1d-8061-9f12273d1aa3,Mike Danna,1
1072072,991de766-3833-4b1d-8061-9f12273d1aa3,Tershawn Wharton,1
1072072,28baa607-8f11-424e-9b01-37cc1e02b862,Daniel Sorensen,1
1072072,28baa607-8f11-424e-9b01-37cc1e02b862,Alex Okafor,1
1072072,40a954a7-3c8f-4527-a71a-8e7c359de922,Tershawn Wharton,1
1072081,0553fb21-19e3-45e5-87a5-7924d7132dca,David Mayo,1
1072081,0553fb21-19e3-45e5-87a5-7924d7132dca,Casey Toohill,1
1072081,cc18a8dc-6847-4516-b6e4-c925f7151120,Derek Barnett,1
1072081,89222a32-7797-45eb-8d08-1c74061f5dde,Javon Hargrave,1
1072081,89222a32-7797-45eb-8d08-1c74061f5dde,Josh Sweat,1
1072081,89222a32-7797-45eb-8d08-1c74061f5dde,T.J. Edwards,1
1072081,791c19ba-8df6-4b4c-a1b9-97f830764023,Shaka Toney,1
1072081,f108e896-d92b-4ec8-88ff-94ddfba02d47,Will Bradley-King,1
1072081,894697c4-8300-4bd6-a533-b8a180c5defe,Matt Ioannidis,1
1072081,16380021-8bb5-49a8-9409-31d3d41a3818,Cole Holcomb,1
1072081,16380021-8bb5-49a8-9409-31d3d41a3818,Casey Toohill,1
1072081,aed51e54-c8aa-4970-9c63-1ccbc1c0614b,Jonathan Allen,1
1072081,398625fc-74b7-4b65-8c5d-fc2150c7ec57,Kendall Fuller,1
1072081,a4af30b4-17e2-40a9-825e-dcf8337df2ce,Casey Toohill,1
1072089,f288b0db-65b2-48f5-b71d-9faab48be6c0,Khari Willis,1
1072089,f288b0db-65b2-48f5-b71d-9faab48be6c0,Deforest Buckner,1
1072089,299d5a07-a040-449c-a9f7-5220f57658d0,Tre’Von Moehrig,1
1072089,5ae0df72-76b5-4db9-8d1a-cca881e78630,Darius Leonard,1
1072089,5ae0df72-76b5-4db9-8d1a-cca881e78630,Deforest Buckner,1
1072089,5ae0df72-76b5-4db9-8d1a-cca881e78630,Bobby Okereke,1
1072089,3c3329b6-4376-4352-b1ec-b8201c325434,Darius Leonard,1
1072089,f2e18809-bee1-4376-8fb7-ba5ac815640a,Damion Square,1
1072089,f2e18809-bee1-4376-8fb7-ba5ac815640a,Casey Hayward Jr.,1
1072089,1a1859fd-95fa-4130-96b1-16ece046f124,Divine Deablo,1
1072089,97f5413f-14f3-47fe-9a31-a23668b8af72,Solomon Thomas,1
1072089,97f5413f-14f3-47fe-9a31-a23668b8af72,Nate Hobbs,1
1072089,ee3ea3b1-a4a8-4506-956a-f7748a5a184f,Yannick Ngakoue,1
1072089,450a105b-48a4-4f2d-936b-c77b88c43c9d,Deforest Buckner,1
1072089,c69e79c2-7962-4ada-9d27-ccbe1745dfeb,Taylor Stallworth,1
1072089,df3f59c7-4b19-451e-bf33-dca5c704081e,Darius Leonard,1
1072097,e94108cd-99f6-4994-b7dd-ad8b2a09daaa,Demarcus Walker,1
1072097,c0de2855-5d51-45b0-a595-b9c83c99964d,Jaleel Johnson,1
1072097,c0de2855-5d51-45b0-a595-b9c83c99964d,Jordan Jenkins,1
1072097,0e5bcea0-8a49-4fb0-9471-64fce8a92bfc,Justin Reid,1
1072097,88d816e8-4319-4eb8-aea9-638c9a6828ef,Eric Murray,1
1072097,88d816e8-4319-4eb8-aea9-638c9a6828ef,Justin Reid,1
1072097,0c688490-f1a2-4e8b-9f6e-a4f9994fd973,Jacob Martin,1
1072097,b09fc68c-6467-412c-a8ea-c3ee03fea791,Jaleel Johnson,1
1072097,b09fc68c-6467-412c-a8ea-c3ee03fea791,Christian Kirksey,1
1072097,2a61743a-0549-459f-a260-35eb2bc90165,Christian Kirksey,1
1072097,2a61743a-0549-459f-a260-35eb2bc90165,Jaleel Johnson,1
1072097,d5479da4-99d4-448e-9eaf-500ef11ccacd,Nick Bosa,1
1072097,d5479da4-99d4-448e-9eaf-500ef11ccacd,Arik Armstead,1
1072097,4f045e0e-4fee-4b22-979f-8cb134d75928,Jordan Willis,1
1072097,35453164-dd41-4874-85a1-682c6d4bac4f,Kamu Grugier-Hill,1
1072097,71a5aeb2-efab-44b9-b752-bd045468a5fe,Jordan Willis,1
1072097,b98791bd-2c70-4d1e-8e0f-0ff8929b4dde,Christian Kirksey,1
1072097,b98791bd-2c70-4d1e-8e0f-0ff8929b4dde,Neville Hewitt,1
1072099,202cc3cd-36dd-4ede-bcd3-35ae678f5dfc,Jonathan Harris,1
1072099,17d608bf-0cfc-4fe1-a18a-399e72024d28,Uchenna Nwosu,1
1072099,17d608bf-0cfc-4fe1-a18a-399e72024d28,Joey Bosa,1
1072099,8fd38f76-a1b5-4585-97d9-c837eea4840e,Aaron Patrick,1
1072099,accb0c9a-f29c-4d3f-8f99-a17d95ee76a7,Jerry Tillery,1
1072099,accb0c9a-f29c-4d3f-8f99-a17d95ee76a7,Kyzir White,1
1072099,73120856-acb3-49e5-8a40-30932451741f,Joey Bosa,1
1072099,73120856-acb3-49e5-8a40-30932451741f,Uchenna Nwosu,1
1072099,ce18e275-573a-49c7-92f8-a752043d5454,Aaron Patrick,1
1072101,9c993b39-cf95-414f-86b5-cfbaae6e9ed0,Jermaine Carter Jr.,1
1072101,7ffda237-6500-400a-8791-648bf9cafd9f,P.J. Williams,1
1072101,7ffda237-6500-400a-8791-648bf9cafd9f,Kwon Alexander,1
1072101,ba2011bd-9b72-41bd-8c91-e41dc614aee9,Marcus Davenport,1
1072101,ba2011bd-9b72-41bd-8c91-e41dc614aee9,David Onyemata,1
1072101,ba2011bd-9b72-41bd-8c91-e41dc614aee9,Cameron Jordan,1
1072101,61a0d71b-5ab2-4df1-b3ec-a2c9609e72fc,Jermaine Carter Jr.,1
1072101,61a0d71b-5ab2-4df1-b3ec-a2c9609e72fc,Shaq Thompson,1
1072101,06576fb9-f8ea-4be0-b57b-55c442baa9e5,Brian Burns,1
1072101,80be2858-b1f6-441b-9d2f-d4e687bf7133,Brian Burns,1
1072101,094a9326-cf9f-4c61-a890-5d4bd7bd58d2,Morgan Fox,1
1072101,b1a6a667-c5b5-4603-88ff-a1625be4b430,Brian Burns,1
1072101,b1a6a667-c5b5-4603-88ff-a1625be4b430,Daquan Jones,1
1072101,676cbcf0-f62d-435a-b0e7-21bce8ce8487,Frankie Luvu,1
1072101,676cbcf0-f62d-435a-b0e7-21bce8ce8487,Jermaine Carter Jr.,1
1072101,5ad12f27-502f-424d-847c-f29ea020a1ae,Myles Hartsfield,1
1072101,5ad12f27-502f-424d-847c-f29ea020a1ae,Kenny Robinson,1
1072101,5ad12f27-502f-424d-847c-f29ea020a1ae,Keith Taylor Jr.,1
1072101,beafb3cc-fd85-4fc1-959e-901f26311b34,Morgan Fox,1
1072101,beafb3cc-fd85-4fc1-959e-901f26311b34,Myles Hartsfield,1
1072101,ff3845f8-71e4-4a06-8de1-f69632d6a51d,Brian Burns,1
1072101,ff3845f8-71e4-4a06-8de1-f69632d6a51d,Jeremy Chinn,1
1072101,2a5b6cd2-7e25-4614-b2c6-9ec440da4118,Marcus Davenport,1
1072101,2a5b6cd2-7e25-4614-b2c6-9ec440da4118,David Onyemata,1
1072101,2a5b6cd2-7e25-4614-b2c6-9ec440da4118,Cameron Jordan,1
1072101,2a5b6cd2-7e25-4614-b2c6-9ec440da4118,Kwon Alexander,1
1072101,1e290595-a5e6-4911-8602-4d8bfb4e3baa,Yetur Gross-Matos,1
1072101,e81406a8-2a82-4335-95da-4171d694dc30,Marcus Davenport,1
1072101,523ce237-5b27-4c5e-b602-d91acf1f541e,Cameron Jordan,1
1072101,523ce237-5b27-4c5e-b602-d91acf1f541e,Malcolm Jenkins,1
1072103,f1509fc9-13c8-46cc-b3fb-a352ac09938a,Ryan Neal,1
1072103,916b886e-e16d-403e-9ff9-cd3f54a0df5d,Julian Okwara,1
1072103,916b886e-e16d-403e-9ff9-cd3f54a0df5d,C.J. Moore,1
1072103,916b886e-e16d-403e-9ff9-cd3f54a0df5d,Will Harris,1
1072103,96460c4e-0017-46c1-b70b-17020df00e25,John Penisini,1
1072103,96460c4e-0017-46c1-b70b-17020df00e25,Dean Marlowe,1
1072103,ccc54dd8-5652-4b33-a2f2-a5fb5326295e,Ryan Neal,1
1072105,0334bd38-21bd-4698-8eea-d04c378fad11,DeMarcus Lawrence,1
1072105,c300ccc1-cc02-454d-8924-fcd1f0ce5e5b,Micah Parsons,1
1072105,6f97b9ad-94c7-4686-84fd-530981d9f9f2,Jayron Kearse,1
1072105,f71d25b3-ad84-4423-be4b-941aad6a6509,Isaiah Simmons,1
1072105,f71d25b3-ad84-4423-be4b-941aad6a6509,Dennis Gardeck,1
1072105,3b48f386-7561-4a29-a99c-4946aac0ccb8,Jalen Thompson,1
1072105,3b48f386-7561-4a29-a99c-4946aac0ccb8,Isaiah Simmons,1
1072105,ecfc48f1-8280-416b-91a1-640c94cf1c9d,Isaiah Simmons,1
1072105,ecfc48f1-8280-416b-91a1-640c94cf1c9d,Budda Baker,1
1072105,ecfc48f1-8280-416b-91a1-640c94cf1c9d,Rashard Lawrence,1
1072105,35e0f58c-b1bb-4f23-ae3a-9bd518fa8edd,Malik Hooker,1
1072105,7394dec4-ca98-42bf-b0d9-c2be19ab80d1,Randy Gregory,1
1072107,4012319a-60b6-44d5-9245-29dbaf740a13,Rashan Gary,1
1072107,4012319a-60b6-44d5-9245-29dbaf740a13,Kevin King,1
1072107,d812d692-e54e-4179-ac0e-8a18011d00dc,Abdullah Anderson,1
1072107,fa0aadc4-d936-4d39-a2fe-b00688ba9237,Sheldon Richardson,1
1072107,14bc3b76-0eab-4c36-8e8d-bcc0d557ad74,Eric Kendricks,1
1072109,9b95d1b4-c86a-4fad-9c3b-c817a32a79a2,Juan Thornhill,1
1072109,9b95d1b4-c86a-4fad-9c3b-c817a32a79a2,Charvarius Ward,1
1072109,9b95d1b4-c86a-4fad-9c3b-c817a32a79a2,L'Jarius Sneed,1
1072109,20fe9b89-dfe1-4727-8d2e-f6bcdb24c446,Chris Jones,1
1072109,d9b92834-7b0c-4919-9a10-a3e7359ffaee,Frank Clark,1
1072109,d9b92834-7b0c-4919-9a10-a3e7359ffaee,Juan Thornhill,1
1072111,a843b160-2349-417c-8702-0d42e0466f0c,Hassan Ridgeway,1
1072111,588f2ebe-de06-4ee6-bee3-fc11b609f21d,Chauncey Golston,1
1072111,be24785e-77d7-4e77-a0de-a3c1f43d1c1d,Tarell Basham,1
1072111,be24785e-77d7-4e77-a0de-a3c1f43d1c1d,Dorance Armstrong,1
1072111,80e7e221-fd22-4472-8fb2-0ebc7874c172,DeMarcus Lawrence,1
1072111,2f628ab9-5902-43df-b8f8-9d06cd665104,Milton Williams,1
1072111,5a8ffae3-f592-453d-a8c3-d085b1658a46,Neville Gallimore,1
1072111,5a8ffae3-f592-453d-a8c3-d085b1658a46,Leighton Vander Esch,1
1072111,ecb2d8c7-59b9-4b75-9755-1adc91afe0ab,Dorance Armstrong,1
1072113,749c956c-473a-4385-869b-dbf7665c7e64,Quinnen Williams,1
1072113,749c956c-473a-4385-869b-dbf7665c7e64,Quincy Williams,1
1072113,c15d4d48-286f-430f-acb0-cc93d67817cf,Harrison Phillips,1
1072113,463d0a50-ec45-4e44-a081-e889963544e8,Ed Oliver,1
1072113,3669c398-9c86-4c11-a8f2-92e5d41dfc05,Ed Oliver,1
1072113,36a3af6f-b891-455a-8cd4-bffe02064351,John Franklin-Myers,1
1072113,6a884b36-a497-410e-bd6a-12ab91f27ec0,Harrison Phillips,1
1072117,d3d00d8b-1021-4507-ac11-1090abd6fb44,Chris Williams,1
1072117,d3d00d8b-1021-4507-ac11-1090abd6fb44,Bobby Okereke,1
1072117,15af9c27-a0ce-46cc-a003-7b7259de2920,Isaac Rochell,1
1072117,cdc791d8-0bad-42fb-afe6-84e093c4d694,Adam Gotsis,1
1072117,c8ee43ab-189c-40e9-afee-91e775369ec8,Bobby Okereke,1
1072117,c8ee43ab-189c-40e9-afee-91e775369ec8,Deforest Buckner,1
1072117,7a7f3db6-afbb-4bbf-afc5-caf50bcaa0e9,Myles Jack,1
1072117,d3653063-1413-4f44-ba5e-b8e685fc5494,Khari Willis,1
1072117,43a3f46d-1d19-4433-b06f-349dc1b307c8,Josh Allen,1
1072117,6d755ad0-6f34-4ae8-8dcd-b3dbb5cb5932,Grover Stewart,1
1072117,6d755ad0-6f34-4ae8-8dcd-b3dbb5cb5932,Darius Leonard,1
1072117,f7eef27c-ba5e-4026-9b8b-b2727497ee78,Zaire Franklin,1
1072117,f7eef27c-ba5e-4026-9b8b-b2727497ee78,Deforest Buckner,1
1072117,3dfbbdc8-1acd-4bf2-a0e0-13f427942721,Khari Willis,1
1072119,423fdf73-ca87-43bb-9ceb-45169245f9b4,Uchenna Nwosu,1
1072119,423fdf73-ca87-43bb-9ceb-45169245f9b4,Jerry Tillery,1
1072119,82c162f7-34c8-4c7a-9ea6-10729fbacd34,Derwin James Jr.,1
1072119,3a6e6d0f-5d21-4286-8dea-27ef5ff1ca71,Yannick Ngakoue,1
1072119,80ea1329-2314-483d-9f42-094312abcf02,Quinton Jefferson,1
1072119,758084ec-6d8a-42a0-8953-e9af4aa99e2f,Nate Hobbs,1
1072119,d2e2da1a-d063-42f9-83a2-c83a9aeda2d5,Derwin James Jr.,1
1072119,994c7b92-8218-4aa1-a24b-3b297d2a2334,Kenneth Murray Jr.,1
1072119,994c7b92-8218-4aa1-a24b-3b297d2a2334,Nasir Adderley,1
1072119,5514f3fd-aa57-4e90-83e3-04eee54c5bc5,Alohi Gilman,1
1072119,13d25e42-6645-4761-bc42-578616f33122,Quinton Jefferson,1
1072119,ba747f46-bbfb-4921-b780-5bbf9761c38f,Kyzir White,1
1072119,ba747f46-bbfb-4921-b780-5bbf9761c38f,Michael Davis,1
1072119,ba747f46-bbfb-4921-b780-5bbf9761c38f,Linval Joseph,1
1072119,dc36de15-285d-417c-a9c3-35498b73f6d3,Quinton Jefferson,1
1072119,8335fa2c-f926-4f41-ad14-e197e679d612,Maxx Crosby,1
1072121,9e81e15d-c616-41b9-859c-943f674b8e68,Danny Johnson,1
1072121,9e81e15d-c616-41b9-859c-943f674b8e68,Casey Toohill,1
1072121,4a4401a6-7041-47bd-ade0-381abc41fcff,Cole Holcomb,1
1072121,4a4401a6-7041-47bd-ade0-381abc41fcff,Jamin Davis,1
1072121,a8fd5eab-f43a-43c9-b9ff-7713865d0653,Daron Payne,1
1072121,f144eac9-1b2a-4de5-804e-8b204860b3d9,Azeez Ojulari,1
1072121,2a483920-573e-4490-9c3a-b5c1e9777ece,Cole Holcomb,1
1072121,2a483920-573e-4490-9c3a-b5c1e9777ece,Darrick Forrest,1
1072123,ab5cc87d-880b-4150-b1c9-a005cd17730c,Sam Hubbard,1
1072123,4b995b7a-7359-42b5-94dd-201776520b7b,Maxx Crosby,1
1072125,ffb23e6a-8c2e-4887-b1d4-03e617150f9c,Robert Quinn,1
1072125,ffb23e6a-8c2e-4887-b1d4-03e617150f9c,Bilal Nichols,1
1072125,e95551ce-aa21-46bb-9ba3-5526da01f0bb,Kenny Willekes,1
1072125,83f95a79-6013-40be-bce3-55f249b2d685,James Lynch,1
1072127,5f2162c5-f3c9-4173-8e27-ed14e54a537e,Jeffery Simmons,1
1072127,e2ea17fa-8b55-4d13-a017-6561559bdc7e,Bud Dupree,1
1072127,2c310244-ad21-48d9-8c17-ab73c1614292,Ross Blacklock,1
1072127,94069c39-2c9f-4b03-805a-fdd793c16382,Bud Dupree,1
1072127,e7c596ee-a664-4e95-b338-1bef82f869d3,Denico Autry,1
1072127,dd0bb4ad-61e5-4845-a6a8-d3995a376252,Bud Dupree,1
1072127,dd0bb4ad-61e5-4845-a6a8-d3995a376252,"David Long, Jr.",1
1072127,8cb7130f-4c16-41a0-ac98-8d6176680dec,Demarcus Walker,1
1072129,c259ce5a-ea40-4668-a96f-85ed2ebff005,Dont'A Hightower,1
1072129,c259ce5a-ea40-4668-a96f-85ed2ebff005,Devin Mccourty,1
1072129,7b3f3f9a-8845-4230-8fb9-cab50d6b1d5c,Jerry Hughes,1
1072129,bf3639d3-c2cd-4441-8ad2-1e0c91c95aaf,A.J. Epenesa,1
1072129,b90b3c3a-6f0f-4875-a491-831ff0b5b48f,Kyle Van Noy,1
1072129,b90b3c3a-6f0f-4875-a491-831ff0b5b48f,Christian Barmore,1
1072129,fd16352a-c049-454a-8955-be4594b403b7,Harrison Phillips,1
1072129,9c613a8f-b723-4c2d-bcba-dcfbf9ea3744,Deatrich Wise Jr.,1
1072129,9c613a8f-b723-4c2d-bcba-dcfbf9ea3744,Kyle Van Noy,1
1072129,b8c231f4-4fc6-4770-873e-4020c59b0e70,Cam Lewis,1
1072131,fc5d37d5-2ba6-42b7-8501-7044c8ab80a5,Arik Armstead,1
1072131,84dcdb01-f5f1-49e7-83a1-6ae21c88e323,Nick Bosa,1
1072131,84dcdb01-f5f1-49e7-83a1-6ae21c88e323,Arik Armstead,1
1072131,9f67de60-cba2-431f-ac8e-350152c5da33,Aaron Donald,1
1072131,ad8ef45b-83f6-4bf5-8f44-801baf8f6bbb,Troy Reeder,1
1072131,74ae5a7b-1243-46f4-9093-f334242fbaa2,Nick Bosa,1
1072131,dc39868a-7813-45b9-8916-51e3e3e314e8,Nick Bosa,1
1072133,96276a60-102e-4a75-a6a9-bc70759ba272,Jordan Whitehead,1
1072133,96276a60-102e-4a75-a6a9-bc70759ba272,Devin White,1
1072133,7493420e-b2f9-4d3c-a5b2-fec19b7368ba,Vita Vea,1
1072133,65aefc50-43f6-4102-8759-d440a6b1ccef,Joe Tryon-Shoyinka,1
1072133,65aefc50-43f6-4102-8759-d440a6b1ccef,Jordan Whitehead,1
1072133,65aefc50-43f6-4102-8759-d440a6b1ccef,William Gholston,1
1072133,399595c1-f8ea-4ea5-ab62-4bbeabf37023,Vita Vea,1
1072135,41a2b11a-97ee-47b3-8381-bbb3e3e7b079,Devin White,1
1072135,41a2b11a-97ee-47b3-8381-bbb3e3e7b079,Joe Tryon-Shoyinka,1
1072135,07c171b0-5714-48d2-8792-d946a69112c9,Kevin Minter,1
1072135,f51cedfb-1496-4381-8971-e6e989d8a211,Devin White,1
1072135,f51cedfb-1496-4381-8971-e6e989d8a211,Steve Mclendon,1
1072135,f9d52e33-9008-462c-9694-c766eb21f080,Sam Franklin Jr.,1
1072135,980a2960-bf31-4b0f-bf7a-57fd860bc089,Steve Mclendon,1
1072135,cc8c01f1-bf4c-4eea-a0a2-f2512e4757d1,Cam Gill,1
1072137,6e5315c2-19e8-4348-b2b0-e96108f4d82d,Zach Allen,1
1072137,6e5315c2-19e8-4348-b2b0-e96108f4d82d,Budda Baker,1
1072137,5edf18e9-da39-41fa-80fa-4eef80721bf9,Zach Allen,1
1072137,970371c0-c9a9-4ceb-a6ad-f01f14718ecf,Darrell Taylor,1
1072137,849011f3-e1a7-4f32-b64a-14f7f4898245,Budda Baker,1
1072137,b18bfef4-4536-4eab-a137-2e64d54d3a0c,Benson Mayowa,1
1072137,9494371b-cd1b-4d4e-a1d0-728e3ddf6a7c,Rasheem Green,1
1072139,30b6b88b-ca49-47b0-b8ea-cf72a4926644,Kevin Givens,1
1072139,30b6b88b-ca49-47b0-b8ea-cf72a4926644,Fred Warner,1
1072139,b35e703f-521a-4f50-befc-8f671920fa70,K'Waun Williams,1
1072139,3e0d1ee5-d83a-492b-a8ef-4742a8ee9475,Neville Gallimore,1
1072139,3e0d1ee5-d83a-492b-a8ef-4742a8ee9475,Micah Parsons,1
1072139,22b88870-90c6-4ba7-a174-5f2042c730aa,Azeez Al-Shaair,1
1072141,a17b7cc2-b9b1-4c03-a6d1-5a04b3061f59,Lawrence Guy,1
1072141,a17b7cc2-b9b1-4c03-a6d1-5a04b3061f59,Davon Godchaux,1
1072141,82e655c5-1297-4ce9-aa07-209e40a07663,Josh Uche,1
1072141,7d2a7368-8958-44a2-a921-f183c7291fca,Christian Wilkins,1
1072141,7d2a7368-8958-44a2-a921-f183c7291fca,Raekwon Davis,1
1072141,02429ca7-bd24-4a48-8621-80d92548cba2,Ja'Whaun Bentley,1
1072141,204b838f-95fc-4665-979d-14a0f9b5d25a,Kyle Van Noy,1
1072141,204b838f-95fc-4665-979d-14a0f9b5d25a,Josh Uche,1
1072141,85b60f2c-7ac7-4603-84bd-e5d6c6e583a5,Christian Barmore,1
1072141,85b60f2c-7ac7-4603-84bd-e5d6c6e583a5,Joejuan Williams,1
1072143,5414e6ff-6dac-4864-b78b-91375c6c0593,Chris Wormley,1
1072143,5712db5b-0d7a-4938-8458-3f6af73429eb,Alex Highsmith,1
1072145,fd83d4a9-3030-4acc-80d3-d66a6fc4dc47,Foyesade Oluokun,1
1072145,fd83d4a9-3030-4acc-80d3-d66a6fc4dc47,Deion Jones,1
1072145,c67726e9-8b9e-4be0-8cc1-166417a6ce9d,Deion Jones,1
1072145,c67726e9-8b9e-4be0-8cc1-166417a6ce9d,Shawn Williams,1
1072145,75d357ac-ea4a-4681-b80c-638314c71cc2,Demario Davis,1
1072145,bba238ff-9a37-48d7-86cc-b34429daf4a4,Foyesade Oluokun,1
1072145,de17b496-0a56-4bde-842f-85a4d5f8b85c,Deion Jones,1
1072145,79983886-cdf6-4edc-9211-1d7b7d232174,Shawn Williams,1
1072145,c02676fd-bdee-4764-b8e2-20f87ff59bb9,Dante Fowler Jr.,1
1072145,c02676fd-bdee-4764-b8e2-20f87ff59bb9,Marlon Davidson,1
1072145,54b9ee53-3e92-46f4-9c01-7eb48d5cc405,Marcus Davenport,1
1072145,a5b332f8-4b97-4da4-893c-54c973497faf,Kwon Alexander,1
1072145,a5b332f8-4b97-4da4-893c-54c973497faf,Cameron Jordan,1
1072147,ea339c3e-6082-4a91-9515-e7db14a178b7,Deionte Thompson,1
1072147,ea339c3e-6082-4a91-9515-e7db14a178b7,Tanner Vallejo,1
1072147,171f9638-8f5f-4f49-b073-2e2b3fed1935,Corey Peters,1
1072147,171f9638-8f5f-4f49-b073-2e2b3fed1935,Rashard Lawrence,1
1072147,c6ab8177-cb9c-4e0e-8c60-4f1050f99dc3,Markus Golden,1
1072147,c6ab8177-cb9c-4e0e-8c60-4f1050f99dc3,Tanner Vallejo,1
1072147,ee029ad7-4781-436a-bdb0-63fcb3ea5cdf,Greg Gaines,1
1072147,f33292d5-3f68-47f8-85f9-36029eea3d1f,Marquise Copeland,1
1072147,a119dc4b-fc12-4d1e-a54b-a6ed77c4e5b7,Dennis Gardeck,1
1072147,a119dc4b-fc12-4d1e-a54b-a6ed77c4e5b7,Deionte Thompson,1
1072147,92b0eec4-517e-45e1-9607-2db657c32154,Marquise Copeland,1
1072149,cad8af94-7a88-4261-b6d1-56716ac7c7ef,Tre Flowers,1
1072149,cad8af94-7a88-4261-b6d1-56716ac7c7ef,Trey Hendrickson,1
1072149,16b25721-ecd8-4963-9c1f-5c1725d32545,Bud Dupree,1
1072149,16b25721-ecd8-4963-9c1f-5c1725d32545,"David Long, Jr.",1
1072149,2a28aaf0-8bd2-486a-ae76-dbd69a9fdf6b,B.J. Hill,1
1072149,9cbef40e-6449-4550-aea9-910868bff550,Jeffery Simmons,1
1072149,21cb7d3d-1c53-42da-92b3-97a6b6347ca1,Jayon Brown,1
1072149,51520439-72a6-4f79-84c1-fdad98123a28,Cam Sample,1
1072149,51520439-72a6-4f79-84c1-fdad98123a28,Logan Wilson,1
1072149,1ec464a3-a89a-48f1-a149-5a4e9c554c9b,Jeffery Simmons,1
1072151,1653fb84-0d8c-4b15-bf6c-bda91d08bfac,Rashan Gary,1
1072151,68328351-ca14-49b4-a348-41e5f88ce424,Kenny Clark,1
1072151,44d84669-79ba-4c48-bcc8-49f96de89880,Nick Bosa,1
1072151,44d84669-79ba-4c48-bcc8-49f96de89880,D.J. Jones,1
1072151,829bbdab-2edb-4405-afee-d77c76d8dbb5,Kenny Clark,1
1072153,f2b96d8d-ff17-41a5-a2fa-eb9bcb88df4e,Aaron Donald,1
1072153,7c111529-fd3c-4cfe-b65a-c19f9991094f,Von Miller,1
1072153,49991e25-1510-49a6-ab3f-a879aa1a9848,Von Miller,1
1072153,ba2cdd04-ea6a-48d2-a1e7-ddeed4a280ab,Shaquil Barrett,1
1072155,6fd5f17c-d409-4e25-b900-aaac49b69684,Tyrann Mathieu,1
1072155,6fd5f17c-d409-4e25-b900-aaac49b69684,Jarran Reed,1
1072155,597ca1d4-7aa4-4367-99b2-e956824df395,Melvin Ingram,1
1072155,597ca1d4-7aa4-4367-99b2-e956824df395,Jarran Reed,1
1072155,597ca1d4-7aa4-4367-99b2-e956824df395,Juan Thornhill,1
1072155,f9f9c6f8-f22e-4c20-8eda-835de7517df8,Ed Oliver,1
1072155,11c8d710-6e53-450d-b105-254c76e9be8e,Ed Oliver,1
1072155,b8ada271-f8dd-4e98-a8ee-9b766a7119e2,Micah Hyde,1
1072155,e84c4b36-6dd7-4b73-907e-8c85296b9295,Mike Hughes,1
1072155,e84c4b36-6dd7-4b73-907e-8c85296b9295,Daniel Sorensen,1
1072155,e84c4b36-6dd7-4b73-907e-8c85296b9295,Armani Watts,1
1072155,eb5c4342-2e5e-4f9a-9655-08991ce25342,Ben Niemann,1
1072155,eb5c4342-2e5e-4f9a-9655-08991ce25342,Melvin Ingram,1
1072155,83c1833c-63e5-44a0-a8ab-b06cb7ab0d64,Boogie Basham,1
1072155,e4cd6f91-00d0-498c-bf1c-4df9664f2b84,A.J. Epenesa,1
1072155,444b6b15-b802-4326-992a-02da12ee876b,Star Lotulelei,1
1072155,444b6b15-b802-4326-992a-02da12ee876b,Boogie Basham,1
1072155,444b6b15-b802-4326-992a-02da12ee876b,Tremaine Edmunds,1
1072155,cbbd5817-4ee4-4063-abd1-e2a0c872c030,Frank Clark,1
1072155,cbbd5817-4ee4-4063-abd1-e2a0c872c030,Charvarius Ward,1
1072155,cbbd5817-4ee4-4063-abd1-e2a0c872c030,Armani Watts,1
1072155,28ade80e-bcf7-4527-bd41-816aced3bebc,Mike Danna,1
1072155,28ade80e-bcf7-4527-bd41-816aced3bebc,Frank Clark,1
1072155,fa314a29-6ea1-4039-be59-1518b9eee36e,Jarran Reed,1
1072155,1b447ef1-22a0-4555-9ca1-d4adb6072bcf,Melvin Ingram,1
1072155,1b447ef1-22a0-4555-9ca1-d4adb6072bcf,Tershawn Wharton,1
1072155,1b447ef1-22a0-4555-9ca1-d4adb6072bcf,Daniel Sorensen,1
1072155,5729cb8f-2415-4bd7-8fe7-1caaca596f20,Willie Gay,1
1072155,5729cb8f-2415-4bd7-8fe7-1caaca596f20,Nick Bolton,1
1072155,04ac0fe1-bbc9-44e5-bd42-4116da70a1c7,Frank Clark,1
1072157,5728fbdd-436c-40f2-8e00-f6e077cf30d8,Chris Jones,1
1072157,35c991aa-f288-4b16-97cd-03101657c322,Chris Jones,1
1072157,43acb791-660b-4fa4-b091-643477724f77,Chris Jones,1
1072157,43acb791-660b-4fa4-b091-643477724f77,Ben Niemann,1
1072157,b34a18e5-488b-43ce-bf82-51dd263b4eb2,Daniel Sorensen,1
1072157,99bbdbe1-38f0-4924-91a2-2de7ead76d2f,Trey Hendrickson,1
1072157,01f614e6-ef4e-4e8c-be8f-0215ef30b6b6,Trey Hendrickson,1
1072159,9265bf6f-4770-4589-8135-f731e1ff1476,Samson Ebukam,1
1072159,9265bf6f-4770-4589-8135-f731e1ff1476,Nick Bosa,1
1072159,9265bf6f-4770-4589-8135-f731e1ff1476,Kevin Givens,1
1072159,a206ab93-f531-4233-ad7f-a03ad3ce7cf9,Kevin Givens,1
1072159,4e988609-2919-4424-9872-984af56281e0,Troy Reeder,1
1072159,4e988609-2919-4424-9872-984af56281e0,Greg Gaines,1
1072159,329649fd-f192-4664-8965-603fe6105ae7,Charles Omenihu,1
1072159,329649fd-f192-4664-8965-603fe6105ae7,D.J. Jones,1
1072159,be1e7ec8-99f1-4235-9c24-a90531fc432d,K'Waun Williams,1
1072159,21e0a010-d97d-491e-8daa-38f84d466c50,Aaron Donald,1
1072159,eed04913-3092-4ed9-be03-8e87e6d74f99,Aaron Donald,1
1072161,f625e962-1cde-415e-bb8d-68222d8e5e28,Sam Hubbard,1
1072161,5b695d1b-af53-4e81-a7ae-b7b7c1302e44,D.J. Reader,1
1072161,5b695d1b-af53-4e81-a7ae-b7b7c1302e44,Germaine Pratt,1
1072161,adc181b0-e34c-4e48-af7b-194075efe979,Aaron Donald,1
1502043,66130551-16d9-4381-86f9-f56d269d5d6c,Michael Brockers,1
1502043,703870d9-efdc-4002-9e4c-de07752a8e23,Dee Ford,1
1502043,999d7da3-a1cb-4341-82dd-90e29ce929ee,Ifeatu Melifonwu,1
1502043,999d7da3-a1cb-4341-82dd-90e29ce929ee,Alex Anzalone,1
1502043,663f1eef-77c3-4cc9-8871-466e620ed2c8,Trey Flowers,1
1502043,220682e3-1525-4403-8db7-e4f5e74909de,Nick Williams,1
1502043,220682e3-1525-4403-8db7-e4f5e74909de,Jamie Collins Sr.,1
1502043,2366f14a-1baa-4224-ac47-2d502404695b,Arik Armstead,1
1502045,47e751b7-72cb-4f7f-b99f-b6278effcd75,Malcom Brown,1
1502045,47e751b7-72cb-4f7f-b99f-b6278effcd75,Myles Jack,1
1502045,4a466925-8ed5-4ccf-9b4f-aeb7bdd7637c,Dawuane Smoot,1
1502045,4a466925-8ed5-4ccf-9b4f-aeb7bdd7637c,Josh Allen,1
1502045,0db5d179-675e-4f34-bea5-cc411533e57c,Roy Robertson-Harris,1
1502045,35e82bfe-29af-4462-971a-88e756e8c79e,K'Lavon Chaisson,1
1502045,7791952b-bc0a-4eaf-9f1b-47af95992093,Ross Blacklock,1
1502045,a2200221-8dc5-40ba-9d04-06a074b0b779,Davon Hamilton,1
1502045,1d773ef1-4375-4a2e-a28d-93acc2105b25,Charles Omenihu,1
1502045,41a03cc3-7742-4600-af4b-b8d1662d9a2d,K'Lavon Chaisson,1
1502045,5896e1fa-5068-4013-902f-d1e3bf062f8d,Ross Blacklock,1
1502045,40a76a20-6a52-402c-bd6d-f7319acfb557,Charles Omenihu,1
1502045,cfe9ea27-9c64-4932-8c34-e460b947fee6,Andre Cisco,1
1502045,cfe9ea27-9c64-4932-8c34-e460b947fee6,Rayshawn Jenkins,1
1502045,cfe9ea27-9c64-4932-8c34-e460b947fee6,Myles Jack,1
1502045,7359031b-98c3-4ec7-ba2a-5395d719b48f,Zach Cunningham,1
1502045,7359031b-98c3-4ec7-ba2a-5395d719b48f,Christian Kirksey,1
1502046,20bbb684-bc16-46e4-a097-76b08682805d,Kenneth Murray Jr.,1
1502046,a5dfc0ef-3ee0-46d7-9287-0026ddadab76,Uchenna Nwosu,1
1502046,158e7cd9-9972-4ad1-a23d-07c718a29d15,Jamin Davis,1
1502046,ea0ab68c-655c-4140-860b-ae3013d11373,Joey Bosa,1
1502046,ea0ab68c-655c-4140-860b-ae3013d11373,Nasir Adderley,1
1502047,63bd24ce-4d5b-4678-8018-d5227468ff3e,Al-Quadin Muhammad,1
1502047,63bd24ce-4d5b-4678-8018-d5227468ff3e,Deforest Buckner,1
1502047,6edf0b58-992c-44d2-9b2d-c572790798b7,Carlos Dunlap,1
1502047,6edf0b58-992c-44d2-9b2d-c572790798b7,Rasheem Green,1
1502047,fa9dafa8-3684-43a7-a355-84fb6c998c2b,Darrell Taylor,1
1502047,fa9dafa8-3684-43a7-a355-84fb6c998c2b,Poona Ford,1
1502047,70d3f1ed-aa9a-41df-b1e3-8e6dc0c54ba4,Bobby Wagner,1
1502047,74c8f172-1997-493a-bf53-4c872cc6c0e1,Bryan Mone,1
1502048,813da871-8d69-457e-8644-037f6238b4ea,Brian Burns,1
1502048,635f625e-8ded-45fb-b2cd-741332dc2fc9,Daviyon Nixon,1
1502048,7d322b15-ea44-4c99-b772-056c4cff992e,Haason Reddick,1
1502048,b2382216-2d2c-44c4-b3ce-906b8bc25dd9,Juston Burris,1
1502049,34948491-d446-4feb-8b0b-44ca830444e7,Everson Griffen,1
1502049,2a03c235-5135-4047-9781-336bdd496888,Dalvin Tomlinson,1
1502049,2a03c235-5135-4047-9781-336bdd496888,Michael Pierce,1
1502049,82376187-f904-4cfa-abd1-83067c6ce97e,Trey Hendrickson,1
1502050,3982ce95-c00a-43d5-92c3-190f1e13eb3f,Amani Hooker,1
1502050,442c8712-7627-46e1-8544-762a38801064,J.J. Watt,1
1502050,33c1def3-b9c9-4f87-8c2b-5949ea8df81b,Harold Landry III,1
1502050,33c1def3-b9c9-4f87-8c2b-5949ea8df81b,Amani Hooker,1
1502050,ed043e37-9da8-486a-906b-146add7eb936,Corey Peters,1
1502050,ed043e37-9da8-486a-906b-146add7eb936,J.J. Watt,1
1502050,3bf019c9-5cb2-4c5f-8b6c-d8551403682e,Jeffery Simmons,1
1502050,a87d64fe-8ef6-4fe9-b06c-e4a76c73d8c9,Isaiah Simmons,1
1502050,a87d64fe-8ef6-4fe9-b06c-e4a76c73d8c9,Marco Wilson,1
1502051,9eb5cff4-7c9b-456d-ae8d-c25e37a44907,Minkah Fitzpatrick,1
1502051,9eb5cff4-7c9b-456d-ae8d-c25e37a44907,Cameron Heyward,1
1502051,51ccdae1-623f-4421-beea-625ca464874a,Melvin Ingram,1
1502051,f6884d15-f791-49c5-aaa5-3e048ccf2fd0,Alex Highsmith,1
1502051,f6884d15-f791-49c5-aaa5-3e048ccf2fd0,Tyson Alualu,1
1502051,8e0e3889-a0d3-40f2-9a44-ed253b1dcf8b,Arthur Maulet,1
1502051,d0d6c7db-f091-4350-9758-7214071b014d,Cameron Heyward,1
1502051,d0d6c7db-f091-4350-9758-7214071b014d,Arthur Maulet,1
1502051,3fbb5ef4-8d1c-4bfb-bb99-b71f94bc37be,Tyson Alualu,1
1502051,3fbb5ef4-8d1c-4bfb-bb99-b71f94bc37be,Joe Schobert,1
1502051,c142211e-115e-416f-98e0-169224d2bfb6,Tyson Alualu,1
1502051,c142211e-115e-416f-98e0-169224d2bfb6,Minkah Fitzpatrick,1
1502051,aaabbfd3-d8aa-4c85-a422-57aedcc6363c,Chris Wormley,1
1502051,aaabbfd3-d8aa-4c85-a422-57aedcc6363c,Minkah Fitzpatrick,1
1502051,6cd8014d-b37c-4653-a643-076744ffaf6f,Minkah Fitzpatrick,1
1502051,cc1fc701-8169-41b2-82a5-cbf6635a4545,Isaiah Buggs,1
1502051,cc1fc701-8169-41b2-82a5-cbf6635a4545,Alex Highsmith,1
1502051,67bd4a76-2556-4b2e-9003-46da94feac73,Tyson Alualu,1
1502052,03662e16-c6e0-4adc-bfc7-d2834f77ff74,Erik Harris,1
1502052,2c035052-3972-41be-a7f6-2e94a74704a2,Brandon Graham,1
1502052,2c035052-3972-41be-a7f6-2e94a74704a2,Eric Wilson,1
1502052,2c035052-3972-41be-a7f6-2e94a74704a2,Avonte Maddox,1
1502052,5b33cdb6-15cb-4e88-822f-758305fc05a0,Grady Jarrett,1
1502052,5e0bde36-0552-448a-bfba-43581938029b,Duron Harmon,1
1502052,40aa1b70-9a5f-42d5-ba51-4fc4facd4a78,Grady Jarrett,1
1502052,88321ffa-88e5-4562-9b32-acf7363ffda8,Deion Jones,1
1502052,742102f3-9377-4dde-afa2-04473fb85f9d,A.J. Terrell,1
1502052,3e949b63-1faf-4ef0-a181-0cfd0157f9fd,Adetokunbo Ogundeji,1
1502052,2ef145bc-a672-4171-8b20-2bed2fcd16ef,Richie Grant,1
1502053,66dc8b7f-f018-4a2f-8004-fe049bfa5a1a,Nick Bolton,1
1502053,6c12a7fb-9279-429c-90a2-e67de1f940ac,Anthony Hitchens,1
1502053,e57e39ed-f97b-4b48-9f8d-c62206384bef,Takkarist Mckinley,1
1502053,951b4266-f91e-47e2-ae2b-f3021b31ec8d,John Johnson III,1
1502053,951b4266-f91e-47e2-ae2b-f3021b31ec8d,Malcolm Smith,1
1502053,ccc5ca4d-62b1-4828-94d1-cbe4b3c3e152,Anthony Walker Jr.,1
1502054,5b6167e3-9183-4e3e-9a82-f936e8c919b8,Kenny Clark,1
1502054,b929d7b5-94a0-4eff-9f80-066c754bf440,Preston Smith,1
1502054,214a30e4-f19c-4e90-ac34-7543115578e7,Krys Barnes,1
1502054,214a30e4-f19c-4e90-ac34-7543115578e7,Preston Smith,1
1502054,8d89c73e-1e24-40ab-9a8d-2da0f8325e2c,Adrian Amos,1
1502054,258f7e80-4510-4f05-b609-280eb7dfe9e4,Rashan Gary,1
1502054,258f7e80-4510-4f05-b609-280eb7dfe9e4,Adrian Amos,1
1502054,49fd781e-85fc-4f87-95c3-9b8f21104e96,Rashan Gary,1
1502054,4b20cd45-a7d4-4109-8390-6f4ba6eb0841,Cameron Jordan,1
1502054,45ae5fd7-4a5f-41f5-8bc8-167ed8acc20a,Dean Lowry,1
1502054,45ae5fd7-4a5f-41f5-8bc8-167ed8acc20a,Tyler Lancaster,1
1502054,6d8bda44-42d9-4946-8fcf-f013667a2034,Kenny Clark,1
1502055,e1132f2b-ced2-4cd9-b6fe-fd29f6362e65,Azeez Ojulari,1
1502055,61f746d8-fd9f-430b-a719-03b7f03d79c3,Bryce Callahan,1
1502055,61f746d8-fd9f-430b-a719-03b7f03d79c3,Josey Jewell,1
1502055,61f746d8-fd9f-430b-a719-03b7f03d79c3,Alexander Johnson,1
1502055,6191352c-71b5-4ca4-bbd0-99659dc9a1e9,Kyle Fuller,1
1502055,68a32a28-6833-416f-9ef6-004ac07968f9,Shelby Harris,1
1502055,68a32a28-6833-416f-9ef6-004ac07968f9,Justin Simmons,1
1502055,8786ac9f-7fd5-4bce-a3e7-0cde215610ad,Kareem Jackson,1
1502056,41f92644-625d-426c-aa16-3cd05b50f26f,Lawrence Guy,1
1502056,41f92644-625d-426c-aa16-3cd05b50f26f,Matthew Judon,1
1502056,e4305426-c88f-4c95-86f5-2b6b93285409,Ja'Whaun Bentley,1
1502056,e4305426-c88f-4c95-86f5-2b6b93285409,Davon Godchaux,1
1502057,07268311-0090-456e-94fb-9e934a314733,DeShon Elliott,1
1502057,07268311-0090-456e-94fb-9e934a314733,Marlon Humphrey,1
1502057,446d8433-6526-430a-82ba-a8b15d138ec2,Brandon Williams,1
1502057,80641d48-22a4-479c-b5de-a6242c7e7995,Odafe Oweh,1
1502057,483e7401-6534-4b44-adbe-5795435e52d4,Maxx Crosby,1
1502057,bc92b79f-b048-438b-a275-d0a5727fe71e,Maxx Crosby,1
1502057,bc92b79f-b048-438b-a275-d0a5727fe71e,Yannick Ngakoue,1
1502057,19fcab54-ee11-4996-8445-378d9ac16c8e,Cory Littleton,1
1502057,855e1076-3aee-4347-ab8c-75a6a72b702c,K.J. Wright,1
1502057,855e1076-3aee-4347-ab8c-75a6a72b702c,Johnathan Abram,1
1502057,96fe7fad-6631-443c-9aa9-67ae2730e5db,Patrick Queen,1
1502057,fcf6eb7e-59fb-4bde-a897-7b1f1ccd074f,Carl Nassib,1
1502057,91d902da-175f-46c2-adf5-c6a71ec12768,Cory Littleton,1
1502057,91d902da-175f-46c2-adf5-c6a71ec12768,Quinton Jefferson,1
1502057,67be0701-ca3f-424b-83a5-c4393e42851a,Maxx Crosby,1
1502057,7bd049bb-8c27-4262-9397-acb537d47c9b,Darius Philon,1
1502057,7bd049bb-8c27-4262-9397-acb537d47c9b,Denzel Perryman,1
1502057,7bd049bb-8c27-4262-9397-acb537d47c9b,Cory Littleton,1
1502057,7bd049bb-8c27-4262-9397-acb537d47c9b,Nate Hobbs,1
1502057,7bd049bb-8c27-4262-9397-acb537d47c9b,Tre’Von Moehrig,1
1502057,8d347639-bf5a-4522-8799-802cd4ba38af,Carl Nassib,1
1502057,8d347639-bf5a-4522-8799-802cd4ba38af,Tre’Von Moehrig,1
1502057,8d347639-bf5a-4522-8799-802cd4ba38af,Quinton Jefferson,1
1502057,8d2f9a6a-c7dd-4bfd-b544-22bb347f3a67,Jaylon Ferguson,1
1502057,8d2f9a6a-c7dd-4bfd-b544-22bb347f3a67,Patrick Queen,1
1502059,69d5bd39-dfc8-45d3-89c3-bb996f4c8c88,Chase Young,1
1502059,d2f17329-0f08-4a81-bc49-a783edca8b20,Landon Collins,1
1502059,9c8b3d49-0a40-454a-9683-355a6d531c68,Kamren Curl,1
1502059,7e7819ef-e7de-4543-98aa-5926d5ea9f8b,Lorenzo Carter,1
1502059,8b6821ed-9039-4498-83ed-4c17f4bac58d,Daron Payne,1
1502059,27fb6c3a-e6a2-44fb-b682-f8ceb2baa0d9,Dexter Lawrence,1
1502059,27fb6c3a-e6a2-44fb-b682-f8ceb2baa0d9,Blake Martinez,1
1502059,8b093fcf-eaf4-4afa-9c07-961c44d81044,Tae Crowder,1
1502059,8b093fcf-eaf4-4afa-9c07-961c44d81044,Leonard Williams,1
1502059,f4c2a0ea-31e7-4832-a94b-7a6d81da6465,Montez Sweat,1
1502059,9ca27026-d2ef-4454-bbba-81dd4067d422,Leonard Williams,1
1502059,4998c5fb-6a8f-422c-a600-806026310ddd,Logan Ryan,1
1502059,a6b14876-3495-487a-8f03-f90440a8054f,Jamin Davis,1
1502059,a6b14876-3495-487a-8f03-f90440a8054f,Cole Holcomb,1
1502059,c5c341e7-9983-406b-9d5c-3c043904c3d2,Landon Collins,1
1502060,fc797a23-eacc-4d05-b17a-5bff328e6476,Josh Uche,1
1502060,1e28d9cc-c84b-458e-9549-75a3e7e96ccb,Folorunso Fatukasi,1
1502061,d22511da-c97b-4e7b-b2cf-1c3ff5bdfcd3,Kareem Jackson,1
1502061,7eeed86c-c841-4a1e-aa1e-f8f2a9872489,Myles Jack,1
1502061,2c337475-f5e1-4c8d-be8e-fdbdb28093cd,Andrew Wingard,1
1502061,cdc05d05-8ae0-424b-9e9f-6861d591a110,Adam Gotsis,1
1502061,8763b852-ce84-4048-b057-b9bfd6aa3548,Davon Hamilton,1
1502062,11af6053-9a95-406a-a771-04efbda74945,A.J. Epenesa,1
1502062,261f9679-7120-4ea9-bd56-2289f3ad3a60,Brandon Jones,1
1502062,7728efe4-5686-422d-be28-da460c3b6b2e,Greg Rousseau,1
1502062,7728efe4-5686-422d-be28-da460c3b6b2e,Matt Milano,1
1502062,7728efe4-5686-422d-be28-da460c3b6b2e,Ed Oliver,1
1502062,f5c80b41-579b-44fc-ba84-5b4af133a470,John Jenkins,1
1502062,f5c80b41-579b-44fc-ba84-5b4af133a470,Brennan Scarlett,1
1502062,34e90816-2ca7-46cf-b619-8da081b5e560,Aaron James Klein,1
1502062,34e90816-2ca7-46cf-b619-8da081b5e560,A.J. Epenesa,1
1502062,51a8820c-5673-4e34-a383-a3223539dec3,Sam Eguavoen,1
1502063,4ab5d57e-b13b-44d9-b951-b1a319f4d6e8,Milton Williams,1
1502063,4ab5d57e-b13b-44d9-b951-b1a319f4d6e8,Anthony Harris,1
1502063,7ef64e7c-cdda-4241-8179-bd783ba23faf,Azeez Al-Shaair,1
1502063,7ef64e7c-cdda-4241-8179-bd783ba23faf,Jimmie Ward,1
1502063,407913b5-dfb6-4236-ae02-c7f76586efcb,Eric Wilson,1
1502063,407913b5-dfb6-4236-ae02-c7f76586efcb,Javon Hargrave,1
1502063,6a246908-4d66-45a5-8478-614232e96e71,Alex Singleton,1
1502063,6a246908-4d66-45a5-8478-614232e96e71,Eric Wilson,1
1502063,6a246908-4d66-45a5-8478-614232e96e71,Patrick Johnson,1
1502063,de38995e-4636-4cf7-9cd5-5d527555dce9,Nick Bosa,1
1502063,de38995e-4636-4cf7-9cd5-5d527555dce9,Jimmie Ward,1
1502063,cc6bb7e2-4ef4-4e1a-a09a-4eeeaab24e9c,Fred Warner,1
1502063,30a94cd5-953a-4e9d-b9dc-044aa7047bc2,Genard Avery,1
1502063,e075d589-2551-4a51-a4d4-7c2dc8d763a6,D.J. Jones,1
1502063,72bb734b-a4f5-4d09-a641-722fb575962e,Jimmie Ward,1
1502063,bf7e38f1-923f-4b49-a7eb-4504c5da42b1,Javon Hargrave,1
1502063,bf7e38f1-923f-4b49-a7eb-4504c5da42b1,Alex Singleton,1
1502064,16cee152-1447-4322-a070-be0490001399,Aaron Donald,1
1502064,4711b110-06e6-4ff9-9ed4-e35f85ccc4a9,Grover Stewart,1
1502064,fb31bc13-99f0-46ea-b0c1-d6affad529d3,Leonard Floyd,1
1502064,4eec5722-d237-4592-beb8-64df8125a4cd,Sebastian Joseph-Day,1
1502064,4eec5722-d237-4592-beb8-64df8125a4cd,Justin Hollins,1
1502064,8ba459e4-7ae7-4f46-b1f3-7eda9f64f4e9,Aaron Donald,1
1502064,ace71581-c802-4327-a71e-f89c64076853,Aaron Donald,1
1502065,6673d4cb-ba23-46d8-969a-b9d908a664de,T.J. Watt,1
1502065,3d013c33-7dfd-4cee-a0a4-afdc59407ea9,Yannick Ngakoue,1
1502065,1a9673e5-9d09-4832-9967-f490b52fc526,T.J. Watt,1
1502065,500a6d6e-f159-4b69-a1bf-9ef2c996c6aa,Minkah Fitzpatrick,1
1502065,0624e645-8f41-4863-bac3-78af5f6268f2,Chris Wormley,1
1502066,18ca0493-fe44-483b-968e-a571ad76e32a,D.J. Reader,1
1502066,afad9ecb-cf15-41f5-943e-7de64b3dc104,Vonn Bell,1
1502066,7d922572-044f-4526-9f1a-0ad1e0c6b4a2,Wyatt Ray,1
1502066,0ff42e11-bd28-4199-9511-3143863d3670,Trey Hendrickson,1
1502066,0ff42e11-bd28-4199-9511-3143863d3670,Sam Hubbard,1
1502066,b57ce793-871f-4fa9-a7c0-2ba2c24fc880,Chidobe Awuzie,1
1502066,d710e194-fbe3-4281-bf82-33ea353ece08,Trey Hendrickson,1
1502066,d710e194-fbe3-4281-bf82-33ea353ece08,Cam Sample,1
1502067,4c4a7e65-96bf-44a2-ab8e-ed8ef1b2d340,Kamu Grugier-Hill,1
1502067,6390a6c5-04ed-489f-b2cf-9c01551d9dca,Mack Wilson Sr.,1
1502067,6390a6c5-04ed-489f-b2cf-9c01551d9dca,Sione Takitaki,1
1502067,2ca94bb9-191a-4221-95e4-39f790ba95fc,Vernon Hargreaves III,1
1502067,ac5ef0a0-6c6e-4618-b616-505711c722b4,Takkarist Mckinley,1
1502068,a452702d-e337-4291-b82e-2913d8ddba7e,Haason Reddick,1
1502068,a452702d-e337-4291-b82e-2913d8ddba7e,Brian Burns,1
1502068,5ae9a3e9-8349-475f-9018-8abced503d9f,Bravvion Roy,1
1502068,67ac0051-a5c5-4856-b15d-ba23807ad425,P.J. Williams,1
1502068,dab39294-e123-4cb1-878f-59b150a9993a,Shaq Thompson,1
1502068,dab39294-e123-4cb1-878f-59b150a9993a,Brian Burns,1
1502068,5efa3bd8-f18b-4163-8bf5-6dba71f1b298,Shaq Thompson,1
1502068,5efa3bd8-f18b-4163-8bf5-6dba71f1b298,Frankie Luvu,1
1502068,5efa3bd8-f18b-4163-8bf5-6dba71f1b298,Marquis Haynes Sr.,1
1502068,3c10cb52-9441-447d-89e6-33727e7b9f5b,Juston Burris,1
1502068,590a0dfd-a986-4c01-ab00-4eb027725736,Brian Burns,1
1502068,39e751c1-7ba7-4a8e-adc9-d19ab0a0edfb,Morgan Fox,1
1502068,39e751c1-7ba7-4a8e-adc9-d19ab0a0edfb,Marquis Haynes Sr.,1
1502069,d27065fa-2591-4015-b5d1-17ca884683a4,Danielle Hunter,1
1502069,75f96f47-e1a9-43c7-90fc-2dd897735e4e,Harrison Smith,1
1502069,c4296e4e-b527-463e-ab2d-a12e07a5e85d,Danielle Hunter,1
1502069,d4e9c4df-1171-40e2-8d78-f41aedf06ffe,Isaiah Simmons,1
1502069,d4e9c4df-1171-40e2-8d78-f41aedf06ffe,Corey Peters,1
1502069,6800b2a9-4a10-49ab-9e9f-5bb348cd5cee,Markus Golden,1
1502069,f4fdcce6-bdb1-4062-af82-741ac7ab705e,Chandler Jones,1
1502069,43f30161-cfe4-40a1-a413-4c4c9a8e754d,Stephen Weatherly,1
1502069,3d5e6938-8015-4405-a3ad-9f7e006a9756,Harrison Smith,1
1502069,3d5e6938-8015-4405-a3ad-9f7e006a9756,Xavier Woods,1
1502069,0d0e46c7-10df-4b65-954e-35d29e106a6f,Stephen Weatherly,1
1502069,dea666b4-e113-4524-838d-1d2177675714,Xavier Woods,1
1502071,74257ab5-0054-4dbb-b68c-889d344f5e58,Osa Odighizuwa,1
1502071,e8e1348f-0059-4bf9-a2e5-3be6515a46b7,Leighton Vander Esch,1
1502071,5afd2fba-4969-4eda-a789-3efbe9ad379e,Keanu Neal,1
1502071,b60188b8-1666-401c-9a42-b4b568a277a3,Micah Parsons,1
1502071,f9dca92c-d1a5-4c3d-9889-e627e21742cf,Azur Kamara,1
1502072,075cf49c-fc90-4441-9662-b054ae6cfa71,Nick Bolton,1
1502072,ff87d45d-1e11-42f4-b8ce-d460137ac194,Anthony Hitchens,1
1502072,5aee7765-8e96-48be-9c66-a305611389cc,Daniel Sorensen,1
1502072,3a3f7138-2c9c-45cb-b603-8f2c45112377,Ben Niemann,1
1502072,3a3f7138-2c9c-45cb-b603-8f2c45112377,Anthony Hitchens,1
1502072,3ca72e01-203b-43b1-851a-7d5cb69aac33,Daniel Sorensen,1
1502072,3ca72e01-203b-43b1-851a-7d5cb69aac33,Tyrann Mathieu,1
1502072,3ca72e01-203b-43b1-851a-7d5cb69aac33,Ben Niemann,1
1502072,c9774551-c916-4afe-bd90-3f6f4794f8f4,Charvarius Ward,1
1502072,f90335fd-665c-44dc-8b1e-2500bf4ddb6a,Mike Danna,1
1502072,b209d9ff-e87a-402c-a228-6d94e01805b6,Chris Jones,1
1502072,2a94f65b-587e-4f43-bf3b-04322b09c433,Nick Bolton,1
1502072,8b60a1d4-efbb-4475-a024-d8e491910391,Derrick Nnadi,1
1502072,8b60a1d4-efbb-4475-a024-d8e491910391,Frank Clark,1
1502072,8b60a1d4-efbb-4475-a024-d8e491910391,Anthony Hitchens,1
1502072,75cbe26e-2709-444d-8340-426786122b79,Ben Niemann,1
1502072,75cbe26e-2709-444d-8340-426786122b79,Charvarius Ward,1
1502072,75cbe26e-2709-444d-8340-426786122b79,L'Jarius Sneed,1
1502072,870a2bba-25cd-4572-9200-19b396dbd923,Anthony Hitchens,1
1502072,870a2bba-25cd-4572-9200-19b396dbd923,Nick Bolton,1
1502072,1ec1ba8a-7725-453d-9fb6-625830a1deb3,Tyrann Mathieu,1
1502072,1ec1ba8a-7725-453d-9fb6-625830a1deb3,Anthony Hitchens,1
1502072,2a96e59b-b7c9-4e36-903b-cb0bee6213f0,Anthony Hitchens,1
1502073,45add3ed-fc4f-494b-827d-135cbb1619d7,De'Vondre Campbell,1
1502073,45add3ed-fc4f-494b-827d-135cbb1619d7,Rashan Gary,1
1502073,e3e4d79c-0fa6-43a3-ba96-b6e0763c6bbf,Alex Anzalone,1
1502073,9aefe23c-ddf3-432c-8e85-6bdc40b54bf3,Adrian Amos,1
1502073,e1b6fcaa-ab80-4050-98e0-c8e9ecd2b6c3,Rashan Gary,1
1502073,e494a2ae-ff1b-4608-975b-0fea177a97d7,Chauncey Rivers,1
1502074,54f0994e-0c9d-4b93-9346-c71eef074a07,Maliek Collins,1
1502074,54f0994e-0c9d-4b93-9346-c71eef074a07,Zach Cunningham,1
1502074,b1ead3de-a7c6-411f-aaa0-4f99b73e777a,Jaleel Johnson,1
1502074,913185d8-846f-49ee-aeff-65957e013c22,Jacob Martin,1
1502074,b64d6596-4071-4e3a-b2a7-bdc9a982a17b,Zach Cunningham,1
1502074,b64d6596-4071-4e3a-b2a7-bdc9a982a17b,Lonnie Johnson Jr.,1
1502074,eb6791d3-fb34-46e2-8fb8-4a2bc766dc42,Roy Lopez,1
1502074,7a15ba7e-3808-4fd9-94ac-2c47699aee94,Haason Reddick,1
1502074,f89270e8-9ecd-4de2-a2b3-176221144127,Haason Reddick,1
1502074,717bf4dc-3aa4-4fc5-b309-9581679712b6,Jacob Martin,1
1502074,717bf4dc-3aa4-4fc5-b309-9581679712b6,Roy Lopez,1
1502074,8c9b9b81-f76a-410a-8635-01ad7e48d925,Haason Reddick,1
1502074,699c22d8-23bc-4707-a9bd-49b61711084c,Christian Kirksey,1
1502074,699c22d8-23bc-4707-a9bd-49b61711084c,Joe Thomas,1
1502074,01caed1b-d040-4449-b494-8fa42de3770f,Shaq Thompson,1
1502074,01caed1b-d040-4449-b494-8fa42de3770f,Haason Reddick,1
1502074,55474f29-231f-4d0a-ac43-10a9a5de2658,Haason Reddick,1
1502075,5b040c5f-d5a1-4662-9d51-de3b1ffb77d7,Khari Willis,1
1502075,5b040c5f-d5a1-4662-9d51-de3b1ffb77d7,Julian Blackmon,1
1502075,a3a0050b-1f6e-49b8-9a10-43d5c977b510,Deforest Buckner,1
1502075,a3a0050b-1f6e-49b8-9a10-43d5c977b510,Kemoko Turay,1
1502075,bca40964-b7a3-4b73-8764-a0785c49cab1,Kenny Moore II,1
1502075,bca40964-b7a3-4b73-8764-a0785c49cab1,Julian Blackmon,1
1502075,12815923-df21-4915-a2d3-9586818dec0a,Tyquan Lewis,1
1502075,454b7aad-4480-4b1e-b724-b523dbee091d,Harold Landry III,1
1502075,389b76f3-9437-462e-87af-377796ff6320,Denico Autry,1
1502075,4d266bab-f0ad-4477-bdb0-ff2de7aaba23,Al-Quadin Muhammad,1
1502075,4d266bab-f0ad-4477-bdb0-ff2de7aaba23,Kenny Moore II,1
1502076,7dfcca49-5c6f-4ccc-8635-0e08eeed8103,Uchenna Nwosu,1
1502076,711e758f-4a10-423c-a7d0-128517617930,Derrick Nnadi,1
1502076,90fab675-2a70-4204-a80c-234003ad9728,Drue Tranquill,1
1502076,6ad61b9b-2097-48ac-8d45-0f18764c2816,Tershawn Wharton,1
1502076,6ad61b9b-2097-48ac-8d45-0f18764c2816,Chris Jones,1
1502076,6ad61b9b-2097-48ac-8d45-0f18764c2816,Jarran Reed,1
1502076,97c9307c-7e60-4704-a5e0-c5395264435e,Alohi Gilman,1
1502077,e713e0db-eb38-4423-99b2-6dce4aef8df6,Joe Schobert,1
1502077,f3e88a73-c233-40b9-ae97-6aeb2e30659d,Isaiah Buggs,1
1502077,f3e88a73-c233-40b9-ae97-6aeb2e30659d,Joe Haden,1
1502077,f3e88a73-c233-40b9-ae97-6aeb2e30659d,Chris Wormley,1
1502077,f3e88a73-c233-40b9-ae97-6aeb2e30659d,Minkah Fitzpatrick,1
1502077,98209369-214e-4608-a7bb-474d93426963,Joe Schobert,1
1502078,8fd2cea5-03b5-4625-912d-b48e3319d0cc,Khalil Mack,1
1502078,bca7a813-e5df-4ba7-a246-2f954ebdfd02,Jeremiah Attaochu,1
1502078,05c61b62-3855-45fe-8137-d56993a70623,Mario Edwards Jr.,1
1502078,e3dc1d44-b82c-4b8f-b5a0-2c0d6dc4d83a,Akiem Hicks,1
1502078,0a3040bb-73cf-4e0d-a4dc-48dcf4e63c1c,Myles Garrett,1
1502078,f4125682-401e-42d3-9d9b-ae01a9fb8ca8,Myles Garrett,1
1502078,f4125682-401e-42d3-9d9b-ae01a9fb8ca8,Denzel Ward,1
1502078,cb67a3a7-8cbb-488b-8b50-b911ebda500c,Malik Mcdowell,1
1502078,30a443f5-56f8-4330-91a7-94da8cb78899,Roquan Smith,1
1502079,e25bd06c-451c-42f4-9c81-faf08318923a,Bobby Price,1
1502079,e25bd06c-451c-42f4-9c81-faf08318923a,Jalen Reeves-Maybin,1
1502079,8b34e4c7-ecc4-492c-bb5f-1207a3319918,Romeo Okwara,1
1502079,5981c55a-5de7-4db0-a6a0-43d39bb9ba53,Tracy Walker III,1
1502079,5981c55a-5de7-4db0-a6a0-43d39bb9ba53,Derrick Barnes,1
1502079,5d168c74-6396-438e-92f9-d0596df7e5ce,Alex Anzalone,1
1502079,72e8b301-1694-4f2a-9725-a5d57ef5bb62,Calais Campbell,1
1502079,6cf781cf-acdf-4366-af53-418d5351c138,Tyus Bowser,1
1502079,793bcc84-d301-4281-aff2-d3c4e3449e3b,Romeo Okwara,1
1502079,7db04aa9-ad83-4269-ab1f-478544d944a1,Aj Parker,1
1502079,a3678317-0bd4-4570-b134-596454a7bb51,Jalen Reeves-Maybin,1
1502079,31ce7301-156b-4561-9021-de7da0c9f97d,Julian Okwara,1
1502079,31ce7301-156b-4561-9021-de7da0c9f97d,Romeo Okwara,1
1502080,22c33a8f-b54a-41ec-bffb-d607fd6a235d,Davon Godchaux,1
1502080,7edcf15a-894a-439d-8add-8a92f317815e,J.C. Jackson,1
1502080,7edcf15a-894a-439d-8add-8a92f317815e,Kyle Van Noy,1
1502080,daacb7db-3d8e-498f-bd40-d6d297d365a3,Christian Barmore,1
1502080,daacb7db-3d8e-498f-bd40-d6d297d365a3,Kyle Van Noy,1
1502080,44ed1e0c-2ab5-4e8e-84e6-44652699d4cf,Shy Tuttle,1
1502080,a08a2a84-5e3c-4335-a05e-f441510e4e9c,Kyle Dugger,1
1502080,a1d5dcf2-140a-4ea3-940d-0d86888bd59d,Shy Tuttle,1
1502080,482f5610-4c30-4e19-a25b-efe07e384b84,Malcolm Jenkins,1
1502080,72970048-d1ec-4f07-8bb6-238eeea40786,Davon Godchaux,1
1502080,72970048-d1ec-4f07-8bb6-238eeea40786,Matthew Judon,1
1502080,72970048-d1ec-4f07-8bb6-238eeea40786,Christian Barmore,1
1502080,4c6c3746-b69d-4603-99d2-ab875000e0e5,Chase Winovich,1
1502080,a625e7ed-2af7-4185-a163-26036de47ee1,Matthew Judon,1
1502080,947d04cd-d354-42a9-9858-6eda55da88b7,Christian Barmore,1
1502080,947d04cd-d354-42a9-9858-6eda55da88b7,Matthew Judon,1
1502080,5c15cf03-4b03-4a75-a949-5623e650263a,Devin Mccourty,1
1502080,5c15cf03-4b03-4a75-a949-5623e650263a,Kyle Van Noy,1
1502080,a7ad7dce-12fa-447a-ac3d-4a1a87986407,Davon Godchaux,1
1502080,a7ad7dce-12fa-447a-ac3d-4a1a87986407,Kyle Van Noy,1
1502080,755c1203-6c99-4dc7-aa76-77a993a3cd6b,Jahlani Tavai,1
1502080,755c1203-6c99-4dc7-aa76-77a993a3cd6b,Dont'A Hightower,1
1502080,51c7139d-b961-48e1-8ce6-140d31623ae2,Adrian Phillips,1
1502080,1f1095c3-fed5-496b-b120-1468d6e20190,Demario Davis,1
1502081,cefe395b-7264-41e0-86b6-e5ca242d2628,Devon Kennard,1
1502081,cefe395b-7264-41e0-86b6-e5ca242d2628,Jalen Thompson,1
1502081,cefe395b-7264-41e0-86b6-e5ca242d2628,Jordan Hicks,1
1502081,33dad581-f10d-495c-8dca-caa056e86367,Dawuane Smoot,1
1502081,d44ef6fb-f5e2-44d9-b586-3e2a18d821ab,Byron Murphy Jr.,1
1502081,6506e664-aff2-49b9-aaca-36611474fafc,Jalen Thompson,1
1502081,b72fa9ca-9beb-41ba-8a3f-31520aa271a9,Jihad Ward,1
1502081,b72fa9ca-9beb-41ba-8a3f-31520aa271a9,Rudy Ford,1
1502081,984bc0a1-e95d-4754-aeb9-49e93cc876f3,Chandler Jones,1
1502081,984bc0a1-e95d-4754-aeb9-49e93cc876f3,Michael Dogbe,1
1502081,b9b675da-369b-4700-a1b9-7e1b53be3047,Zaven Collins,1
1502081,20a62b88-fe3e-4e1c-948c-711aae6a1d27,Taven Bryan,1
1502082,f6abb22f-d39a-4e67-9b6f-57f9a6236ae3,Benjamin St-Juste,1
1502082,f6abb22f-d39a-4e67-9b6f-57f9a6236ae3,Jamin Davis,1
1502082,fb15401a-f03f-4eaa-8703-356e588d98db,Greg Rousseau,1
1502082,3b51560f-91a1-47f6-8860-3b7704a80f13,Cole Holcomb,1
1502082,3b51560f-91a1-47f6-8860-3b7704a80f13,Chase Young,1
1502082,3b51560f-91a1-47f6-8860-3b7704a80f13,Montez Sweat,1
1502082,4b2972b2-be72-487a-a5cc-c30a1b9f6b4f,Chase Young,1
1502082,e9d3a919-b2f2-466a-8c0d-cd36bbd1a280,Matt Milano,1
1502082,f7a0e397-75a7-4368-bf33-e6226e5aeccc,Matt Milano,1
1502083,50451aed-6a12-411c-ac1a-32e089c1a378,Sheldon Rankins,1
1502083,e084399c-9118-403b-bea2-c710624c231d,Von Miller,1
1502083,541cdec9-bb7a-4e16-a3a0-d281dded0a12,Malik Reed,1
1502083,91db8934-e2e9-4f19-85fc-73c3e85dbc73,Quinnen Williams,1
1502083,91db8934-e2e9-4f19-85fc-73c3e85dbc73,Michael Carter II,1
1502083,de8f0330-552b-4031-b622-8fe6296f3853,Mike Purcell,1
1502083,de8f0330-552b-4031-b622-8fe6296f3853,Shamar Stephen,1
1502083,3ad3564a-cf74-43cd-8460-e757f0d34b95,Quinnen Williams,1
1502083,3ad3564a-cf74-43cd-8460-e757f0d34b95,John Franklin-Myers,1
1502083,3ad3564a-cf74-43cd-8460-e757f0d34b95,C.J. Mosley,1
1502083,84ece47e-8fe8-4ddf-a45c-adad0e9a37c9,Malik Reed,1
1502083,67ab0d07-c029-40b4-a578-3af73901006d,Quinnen Williams,1
1502083,67ab0d07-c029-40b4-a578-3af73901006d,Jamien Sherwood,1
1502083,0ea18d89-f325-4c84-bacf-e9f11abfb99f,Deshawn Williams,1
1502084,0f44b2c3-7936-47e8-903e-4a979c15a42a,Maxx Crosby,1
1502084,7b31b09e-67b5-4c03-b1b3-7d2a5b636c95,Darius Philon,1
1502084,7b31b09e-67b5-4c03-b1b3-7d2a5b636c95,Quinton Jefferson,1
1502084,35be246d-719c-4f20-b61d-f4355ec69da0,Emmanuel Ogbah,1
1502084,b1f4c313-48cb-4747-9161-fb549d9dd4e7,Yannick Ngakoue,1
1502084,6c79d411-86b2-464c-9851-091ad9be595e,Johnathan Abram,1
1502084,6c79d411-86b2-464c-9851-091ad9be595e,Denzel Perryman,1
1502084,3ffb2b2e-45c6-4a6c-9caf-883b25579c4d,Cory Littleton,1
1502084,a4854ec0-c1a1-4453-a1ef-b8604cb8f6e1,Johnathan Abram,1
1502084,842ad038-4a84-4b3f-9546-49a45aeee9d2,Darius Philon,1
1502084,842ad038-4a84-4b3f-9546-49a45aeee9d2,Johnathan Hankins,1
1502084,c163a290-b84b-43eb-b3ab-0308ebd30022,Denzel Perryman,1
1502084,c163a290-b84b-43eb-b3ab-0308ebd30022,Quinton Jefferson,1
1502084,1623b463-8578-4fc7-9eba-7ec36fe4936d,Denzel Perryman,1
1502084,b3add722-3e0a-45ff-9efe-2b03ca1fc940,Maxx Crosby,1
1502084,e7f1c119-6b84-47b7-959e-a39c8b27a61a,Darius Philon,1
1502084,8104108b-3a05-4584-b769-d5a972c4e58b,Jaelan Phillips,1
1502084,8104108b-3a05-4584-b769-d5a972c4e58b,Brandon Jones,1
1502084,8104108b-3a05-4584-b769-d5a972c4e58b,Emmanuel Ogbah,1
1502084,8104108b-3a05-4584-b769-d5a972c4e58b,Jevon Holland,1
1502085,a1270843-dded-4006-9b0a-a339a79e4ac6,Jonathan Garvin,1
1502085,a1270843-dded-4006-9b0a-a339a79e4ac6,T.J. Slaton,1
1502085,f9d0f588-efad-4a51-9bd8-9aef17611dd8,Adrian Amos,1
1502085,b7fc6c6b-6dce-4f2d-ae51-f700240a0d4e,Preston Smith,1
1502085,464890b0-9a87-4a0e-920f-447c6677ac11,Jonathan Garvin,1
1502086,d1b97546-da56-4700-a05c-c40391271d06,D.J. Wonnum,1
1502086,821ecd33-6704-4c55-bbef-5701a8f4797b,Jamal Adams,1
1502087,f7fa3eca-55c5-41fa-8f52-e29d442bc33a,Germaine Pratt,1
1502087,f7fa3eca-55c5-41fa-8f52-e29d442bc33a,Logan Wilson,1
1502087,59719e80-ae40-4f60-91b1-e8a6ff3aa14b,Trey Hendrickson,1
1502087,59719e80-ae40-4f60-91b1-e8a6ff3aa14b,Vonn Bell,1
1502087,5674a6db-1e87-42f8-b6de-83d804d5066d,Sam Hubbard,1
1502087,5674a6db-1e87-42f8-b6de-83d804d5066d,Logan Wilson,1
1502087,e461219c-2ed2-40d5-8e85-aa435a6d0125,Larry Ogunjobi,1
1502087,e461219c-2ed2-40d5-8e85-aa435a6d0125,Logan Wilson,1
1502087,cca3b7d0-b870-466c-aac9-a7c0bee2c0cb,Damien Wilson,1
1502087,cca3b7d0-b870-466c-aac9-a7c0bee2c0cb,Adam Gotsis,1
1502087,0892f73e-95d7-4c2d-b9ab-53d14ee52b1a,Myles Jack,1
1502087,0892f73e-95d7-4c2d-b9ab-53d14ee52b1a,Malcom Brown,1
1502087,7854209b-1f8a-4ad9-a71b-56cda0f2620d,Germaine Pratt,1
1502088,26187249-8441-413a-90b5-523fd5d46af1,Nathan Shepherd,1
1502088,26187249-8441-413a-90b5-523fd5d46af1,Jarrod Wilson,1
1502088,bf0d159f-fa8c-4d65-b2e1-31ee5f57cc6a,Bryce Huff,1
1502088,0e18098f-cd9c-402e-95f6-565ff832d2bc,Sheldon Rankins,1
1502088,6427aafb-c537-4c5f-bea8-a9821b5d1d2d,Harold Landry III,1
1502088,6cf5a7e8-d1c0-4188-b6bf-ca73ffa71d2e,Jayon Brown,1
1502088,b26a4a98-3993-48ca-b9b7-1ef70241aaaf,Nathan Shepherd,1
1502088,8e74e89a-2917-402b-818e-1d7155a40c63,John Franklin-Myers,1
1502088,303cd0ad-7180-4004-b2a3-b1abde79f1d0,Denico Autry,1
1502089,b9529e72-ff17-45ef-b68e-ddf20d9b39d6,Jarran Reed,1
1502089,b9529e72-ff17-45ef-b68e-ddf20d9b39d6,Daniel Sorensen,1
1502089,3ba1fdc4-e11b-47a1-8457-f27fd4fe6074,Mike Danna,1
1502089,3ba1fdc4-e11b-47a1-8457-f27fd4fe6074,Chris Jones,1
1502089,7f00533d-defe-4e8c-b18c-5c5cdab009ed,Javon Hargrave,1
1502089,bff749e4-298d-4cef-86df-0019d2f5a83b,Eric Wilson,1
1502089,18cd649c-af0a-477c-a39a-125963bae62b,Juan Thornhill,1
1502089,18cd649c-af0a-477c-a39a-125963bae62b,Khalen Saunders,1
1502089,18cd649c-af0a-477c-a39a-125963bae62b,Tyrann Mathieu,1
1502089,b310cc4d-cf50-4cbb-9086-990364969b6d,Anthony Hitchens,1
1502089,e0b91693-c647-4ea2-9780-28483af3d334,Avonte Maddox,1
1502089,6c9396bf-8217-4fa8-8792-d43a16c44ef6,Derrick Nnadi,1
1502089,6c9396bf-8217-4fa8-8792-d43a16c44ef6,Nick Bolton,1
1502089,cadec464-b644-430e-8a2f-34c842562d40,Ben Niemann,1
1502089,cadec464-b644-430e-8a2f-34c842562d40,Tershawn Wharton,1
1502089,cb219850-f862-4baa-a0bf-8e74e1ae47a8,Daniel Sorensen,1
1502089,40359db1-787d-411a-b491-6904e74d355b,Eric Wilson,1
1502089,e5e41e9e-477e-4c45-87aa-37a4361a43b1,Tershawn Wharton,1
1502089,e5e41e9e-477e-4c45-87aa-37a4361a43b1,Alex Okafor,1
1502089,df3b1d15-c530-4fda-a552-06edc95a35a5,Alex Okafor,1
1502090,30f2818d-8c1b-4e3d-965f-236bcc5ae6ec,Jermaine Carter Jr.,1
1502090,817817cf-f7f7-43da-8ffa-82d516fef302,Austin Faoliu,1
1502090,fa9ba13e-077b-467f-b67a-6e7edb34bdbc,Brian Burns,1
1502090,21a94acb-8cd1-4975-ac12-4a92c1a24a94,Tarell Basham,1
1502090,ad880a5c-100e-4978-a4b9-654af75fa47a,Chauncey Golston,1
1502090,66f89368-2870-44f0-9c3c-2577451eeca3,Trevon Diggs,1
1502090,e92fe5b7-271e-4cab-94b4-68604f8670b6,Jayron Kearse,1
1502090,5feb8862-8de9-41b7-9886-26dd8ecc7270,Chauncey Golston,1
1502090,aac42d82-c71c-402e-8fcb-8e3c213c1dc7,Brent Urban,1
1502090,799f07d1-0e10-4100-85ef-8ac5674cfdc9,Chauncey Golston,1
1502091,ac1608e6-532a-4ab6-9d8e-51a7befab33b,Pete Werner,1
1502091,64b7cfb4-28ec-478f-9509-953e69a1aaf2,C.J. Gardner-Johnson,1
1502091,f51add07-d8f9-4af1-8a3e-ca35d2a3ed34,Leonard Williams,1
1502091,f51add07-d8f9-4af1-8a3e-ca35d2a3ed34,Reggie Ragland,1
1502091,376d64a5-0bca-43d3-a581-4a2388561d05,Malcolm Jenkins,1
1502091,546a434d-bf86-43e0-b80a-618c05824cf3,Tae Crowder,1
1502091,546a434d-bf86-43e0-b80a-618c05824cf3,Austin Johnson,1
1502091,546a434d-bf86-43e0-b80a-618c05824cf3,Adoree' Jackson,1
1502091,546a434d-bf86-43e0-b80a-618c05824cf3,James Bradberry,1
1502091,2ee1735e-4091-4210-9140-15af4e3bceea,Tae Crowder,1
1502091,2ee1735e-4091-4210-9140-15af4e3bceea,Dexter Lawrence,1
1502091,98814c54-677c-45c8-ab5f-b09be19ddcb1,Tae Crowder,1
1502091,98814c54-677c-45c8-ab5f-b09be19ddcb1,Julian Love,1
1502091,09ef9ab2-3a69-4ead-919d-e9207dbaff7a,Tae Crowder,1
1502091,09ef9ab2-3a69-4ead-919d-e9207dbaff7a,Adoree' Jackson,1
1502091,072f53c2-ed6c-4c66-aab7-67eeb5a89e07,Lorenzo Carter,1
1502091,072f53c2-ed6c-4c66-aab7-67eeb5a89e07,Azeez Ojulari,1
1502091,23267e62-523c-4d03-a550-6077cbbad4cb,Malcolm Jenkins,1
1502091,6e3bb308-6482-4c7f-8c19-18ecedb2539f,Malcolm Jenkins,1
1502092,e9aefaf0-3b61-4c39-9433-447d87b549b8,Cameron Dantzler,1
1502092,7def17c4-516f-4e9e-9ee8-c31d4226983d,Eric Kendricks,1
1502092,7def17c4-516f-4e9e-9ee8-c31d4226983d,Nick Vigil,1
1502092,7884a4c9-de85-4e07-9597-c763765a8aad,Jadeveon Clowney,1
1502092,9c14d048-f3aa-4936-8ba1-0821db822828,Everson Griffen,1
1502092,9c14d048-f3aa-4936-8ba1-0821db822828,Eric Kendricks,1
1502092,9c14d048-f3aa-4936-8ba1-0821db822828,Xavier Woods,1
1502092,46a0c711-9f63-46ce-a171-177f1f9012d6,Dalvin Tomlinson,1
1502092,1e52a5d4-7ef5-4c6c-8df5-115754a6ace0,Malik Jackson,1
1502092,1e52a5d4-7ef5-4c6c-8df5-115754a6ace0,Malik Mcdowell,1
1502093,8918b17b-322d-4964-a7fa-74543d9bde2d,Dean Marlowe,1
1502093,ae57d2d4-2d06-4bdf-8c27-814995637d99,Angelo Blackson,1
1502093,cf5e7fc8-c1b0-4a66-888e-efaf0fdf2e28,Daryl Worley,1
1502094,8f21eddf-c843-49f9-ade5-20b2c48cf256,Terrance Mitchell,1
1502094,8f21eddf-c843-49f9-ade5-20b2c48cf256,Joe Thomas,1
1502094,593d9419-c6c7-45e0-9e2b-92cbf3f9bd6a,Charles Omenihu,1
1502094,b9ff8e06-3642-430b-8b67-620ade24ea59,Star Lotulelei,1
1502094,1715aa15-62a2-4aad-b52e-e2c1766370f6,Jonathan Greenard,1
1502094,c839e288-b205-4c2d-bd14-42d5fb291c2c,Aaron James Klein,1
1502094,358d753e-c5db-45a4-9083-5b9a5e360950,Christian Kirksey,1
1502094,358d753e-c5db-45a4-9083-5b9a5e360950,Whitney Mercilus,1
1502094,b1d7690e-1c4c-4ce6-a88f-8df417d98088,Justin Reid,1
1502094,c70a60cb-703a-4f7b-ad52-47892f0f9b36,Boogie Basham,1
1502094,c70a60cb-703a-4f7b-ad52-47892f0f9b36,Tyrel Dodson,1
1502094,cb9e6f5e-6e2f-4261-bf1f-1c7bfefc82d9,Garret Wallow,1
1502095,a197fabf-4805-4d02-a8f3-36a54e8bb996,Grover Stewart,1
1502095,231b65fe-630c-44e6-9f09-6160abfbaa1d,Tyquan Lewis,1
1502095,9b2ec40a-a4b1-4851-bfa1-ede95dc5e738,Zaire Franklin,1
1502095,edf771eb-f070-4be6-ae22-69f77e1ed7c8,Grover Stewart,1
1502095,74b4337f-bc85-43b6-9709-ff80df42b64f,Christian Wilkins,1
1502095,74b4337f-bc85-43b6-9709-ff80df42b64f,Andrew Van Ginkel,1
1502095,e3983a49-3478-45a5-a4bf-72be6e6c5f77,Darius Leonard,1
1502095,e3983a49-3478-45a5-a4bf-72be6e6c5f77,Al-Quadin Muhammad,1
1502095,764988c5-0885-4deb-a1a7-ee29290fabbf,Zach Sieler,1
1502096,807b4021-e509-433a-b20f-6a4edcddf5d3,Jonathan Bostic,1
1502096,2c797bd2-2d5a-4c0a-b169-8ea8b66b342e,Adetokunbo Ogundeji,1
1502096,5b9391a3-5a92-40e3-81e9-a5c39246e713,Dante Fowler Jr.,1
1502097,18d01594-20ae-401c-b73e-1d04f475c983,Alton Robinson,1
1502097,18d01594-20ae-401c-b73e-1d04f475c983,Kerry Hyder Jr.,1
1502097,318b97a7-65f0-4221-9770-ed2ff131081f,Samson Ebukam,1
1502097,318b97a7-65f0-4221-9770-ed2ff131081f,Azeez Al-Shaair,1
1502097,f821dea9-015a-4f1e-b321-18a7d899e946,Ryan Neal,1
1502097,f821dea9-015a-4f1e-b321-18a7d899e946,Jamal Adams,1
1502097,9ce1d258-1166-4c56-b70f-4a8c6bac122c,Javon Kinlaw,1
1502097,2c2fd5cc-3275-4b56-b7b5-d27f020beb05,Dontae Johnson,1
1502097,16b61978-f2a9-4f61-a0c6-f6021b4ed90d,Darrell Taylor,1
1502097,ff77d66c-79b3-4556-af41-5cc2d6ca0403,Jamal Adams,1
1502097,f8866967-f9d1-493f-83c2-2308cf579499,Ryan Neal,1
1502097,f8866967-f9d1-493f-83c2-2308cf579499,Jamal Adams,1
1502097,4d57c837-0708-4603-8f4c-08a68b9f3e0f,Carlos Dunlap,1
1502097,5c178dee-45f2-4361-b56c-07bcbe16704f,Carlos Dunlap,1
1502097,e5301248-82ed-41a5-a199-013efeba25cc,Bobby Wagner,1
1502098,8294a5f5-2416-4c92-b714-2eab751e40a5,Jordan Fuller,1
1502098,e07c4b46-b561-4b0b-b272-dea08af34d4b,Isaiah Simmons,1
1502098,c068cd84-dccd-4e75-ba10-4e32e487d8ff,Terrell Lewis,1
1502098,c068cd84-dccd-4e75-ba10-4e32e487d8ff,Darious Williams,1
1502098,01f40209-4906-431b-ba5e-812153f490f5,Leonard Floyd,1
1502098,8b0f6bdc-2e29-4679-8df1-1b59bdc1255e,Taylor Rapp,1
1502098,9e61f235-d35b-449e-ac96-0fa21537c504,Leonard Floyd,1
1502098,b45a719d-9ce3-4d48-9626-6adab366b251,J.J. Watt,1
1502098,0eda5e8a-4341-4a2f-8090-9185e43d74d6,Devon Kennard,1
1502098,0eda5e8a-4341-4a2f-8090-9185e43d74d6,Byron Murphy Jr.,1
1502098,c9a295cd-7991-4ecd-ab8e-6d193a930ad3,Robert Alford,1
1502098,f97b3209-0e63-4313-b144-feeddf00ff31,Devon Kennard,1
1502100,1f1b26bd-9df2-43cd-9f59-5255aab39213,Kyle Fuller,1
1502100,1f1b26bd-9df2-43cd-9f59-5255aab39213,Shelby Harris,1
1502100,750b4570-06ca-471b-9861-edd2ff7c5fda,Calais Campbell,1
1502100,750b4570-06ca-471b-9861-edd2ff7c5fda,Justin Ellis,1
1502100,4be64cb2-b604-4254-9ad0-48504dce194e,Tyus Bowser,1
1502100,49141fda-da1c-4fd9-8079-43370ec4c871,Kyle Fuller,1
1502100,61fff6e6-138e-41a4-8baa-fcf165df3f71,Tavon Young,1
1502100,376c22d3-0e63-4c7a-9f18-d686b4c3e67b,Caden Sterns,1
1502100,5febe4ec-4aff-452d-a1f9-bb31a59abedb,Deshawn Williams,1
1502100,3ca896c0-e67e-4d2c-8add-93c089135d0c,Justin Strnad,1
1502100,311a184a-8388-4224-ba5f-d591e461786b,Shelby Harris,1
1502101,4526ede9-c929-4e73-8c5c-ef420723e131,Devin White,1
1502101,e67da8bc-e3f0-4486-9d78-7f68435fb4e2,Kyle Van Noy,1
1502101,37ca6233-9f46-4083-b3b0-503c92439307,Kyle Van Noy,1
1502102,54b52cfa-0f13-45ac-b4df-2e248cdb87e2,Sebastian Joseph-Day,1
1502102,ab3c54dc-7e88-43ed-ac0d-06406c863605,Michael Hoecht,1
1502102,9a7825bc-e825-4346-8453-e2347bd9fff1,Terrell Lewis,1
1502102,9a7825bc-e825-4346-8453-e2347bd9fff1,Nick Scott,1
1502102,b12a4cca-11e3-43f0-8bdf-e7b1b1ebbb9f,Leonard Floyd,1
1502102,6703096e-15ec-4e43-a26b-2503836c5069,Taylor Rapp,1
1502103,2852335d-ce1b-419c-a695-cb8e9594e7b0,A.J. Terrell,1
1502103,7d401466-2b86-4838-9d84-15a2a73486f4,Shaq Lawson,1
1502104,6d2872eb-3a31-43f7-af61-d35ae3be6ef1,Derrick Barnes,1
1502104,6d2872eb-3a31-43f7-af61-d35ae3be6ef1,Jerry Jacobs,1
1502104,e237e7d0-c35a-4dc6-b9f6-bfbbc196925c,Bobby Price,1
1502104,e237e7d0-c35a-4dc6-b9f6-bfbbc196925c,Nick Williams,1
1502105,beff61ec-3756-43ff-a1d2-900c722d433b,Chase Young,1
1502105,7e09b919-caac-4b22-9198-ad7b7421ab73,Matt Ioannidis,1
1502105,f6aa11c4-6f92-464b-9c17-31882f6d525a,Cole Holcomb,1
1502105,f6aa11c4-6f92-464b-9c17-31882f6d525a,Montez Sweat,1
1502105,1d6e8922-504c-48d3-a459-ee0c26610f53,Montez Sweat,1
1502105,3c7fba70-7bb3-4d12-b4cd-95207f9026e0,Cole Holcomb,1
1502105,5398f649-f5dc-426b-9445-7a3ba7c91b3f,Marcus Williams,1
1502105,ef0254e2-7c47-4548-8695-6ef9ccb963cb,Cameron Jordan,1
1502105,341eb000-10ab-4ebf-a715-b76045d0977e,Chase Young,1
1502105,341eb000-10ab-4ebf-a715-b76045d0977e,Montez Sweat,1
1502105,2841b5ab-3f79-4352-b238-79bc0d0ff98f,Montez Sweat,1
1502105,e9e22df6-f677-4c2d-98a7-ccdfda8a9fa2,Cole Holcomb,1
1502105,86f77b8e-cf09-4526-829b-dc7958a2516f,James Smith-Williams,1
1502106,f2c278bc-5e03-4e5b-9140-c49f727bfd0c,Derek Barnett,1
1502106,7349e72f-d9a1-4eb0-9bda-ddeeba9ac04d,Josh Sweat,1
1502106,f99cca22-1fee-4f2f-915e-429530cdd19e,Brian Burns,1
1502106,90870219-3b66-4997-a658-6e0f81c0b5a3,Frankie Luvu,1
1502106,b4a2cc70-123c-4517-bf96-f7b1fb908357,Haason Reddick,1
1502106,b4a2cc70-123c-4517-bf96-f7b1fb908357,Derrick Brown,1
1502106,00a4e9e9-547d-4fbf-a57d-c8ea483684b0,Javon Hargrave,1
1502106,2b9c49af-a902-4605-a78d-1a29398caab8,Derrick Brown,1
1502106,5e1ab14e-ee8d-4b11-967c-4868d1fccd59,Brian Burns,1
1502106,5e1ab14e-ee8d-4b11-967c-4868d1fccd59,Sean Chandler,1
1502106,75eac288-11eb-4e86-b64c-b385a8ee8d8c,Javon Hargrave,1
1502106,a4d727f8-2cb2-46f8-a7a9-c9933c608c62,Sean Chandler,1
1502106,9dc683a5-8062-4a58-bbbd-88b7273cfab4,A.J. Bouye,1
1502106,9dc683a5-8062-4a58-bbbd-88b7273cfab4,Haason Reddick,1
1502106,e97f4e13-bf5d-4cc1-a6bb-2b013a4a26ec,Haason Reddick,1
1502106,120d05d6-8483-4886-88fe-1b2e38bbbfd1,Derrick Brown,1
1502106,120d05d6-8483-4886-88fe-1b2e38bbbfd1,Daquan Jones,1
1502107,dbce8091-9038-4d41-9163-25534a03a5a1,Jeffery Simmons,1
1502107,70add456-3b1b-4f78-a3e5-e800c3798141,Josh Allen,1
1502107,b6dc53ea-6b23-41c0-a613-51e1a21d019d,"David Long, Jr.",1
1502107,96393bca-e1aa-4e33-bda1-2f1386c7ba4b,Shaquill Griffin,1
1502107,8981480f-c898-4bf7-9c06-d51b190911d8,Harold Landry III,1
1502107,042a84a2-8e40-40e4-966b-d395852b6ec1,Andrew Wingard,1
1502107,d0bb9d75-cfe3-4983-bb40-6811cbd659aa,Harold Landry III,1
1502107,d0bb9d75-cfe3-4983-bb40-6811cbd659aa,Dane Cruikshank,1
1502107,d0bb9d75-cfe3-4983-bb40-6811cbd659aa,Jeffery Simmons,1
1502107,f8cee01d-50ab-4a06-b766-b96a336a773a,Kevin Byard,1
1502107,f8cee01d-50ab-4a06-b766-b96a336a773a,"David Long, Jr.",1
1502108,2c546ab1-7ae9-452e-9774-b48efe214d08,Tarell Basham,1
1502108,df456833-40e8-4a59-b8f7-5d22a802dda2,Micah Parsons,1
1502108,df456833-40e8-4a59-b8f7-5d22a802dda2,Jayron Kearse,1
1502108,a296bb5c-7678-4782-ab1c-accf9a372e11,Jabril Cox,1
1502108,a296bb5c-7678-4782-ab1c-accf9a372e11,Chauncey Golston,1
1502108,da561a9f-73ea-43c1-8bcb-021d27c08c6c,Logan Ryan,1
1502108,5dfe11f5-8ed1-4981-b808-1adaeaf64373,Tarell Basham,1
1502109,30e09c12-7c9d-4ae6-9a33-fb9ff07a8d9b,Jordan Poyer,1
1502109,47ac255d-012b-4064-b1a0-d259647a797a,Tyrann Mathieu,1
1502109,072abe1e-8b9e-48f7-91af-624101aef4bd,Jarran Reed,1
1502109,072abe1e-8b9e-48f7-91af-624101aef4bd,Nick Bolton,1
1502109,958d6fec-904c-4428-a484-649242c1f960,Star Lotulelei,1
1502109,c689f2d6-7d3a-4bc7-a763-7b159f2ff29c,Nick Bolton,1
1502109,c689f2d6-7d3a-4bc7-a763-7b159f2ff29c,Daniel Sorensen,1
1502109,fdca0213-4683-4713-95ed-8a2e1a24e7db,Efe Obada,1
1502109,a519f56e-e471-4acb-9522-65ff6a813ecb,L'Jarius Sneed,1
1502109,a519f56e-e471-4acb-9522-65ff6a813ecb,Tyrann Mathieu,1
1502109,6da38803-8472-49ab-8413-d867a23a87e0,Alex Okafor,1
1502109,43edc107-9b2c-414c-9c24-5875aaf6c423,Efe Obada,1
1502110,ac9d9206-0858-4cee-bec0-565e39c8cb2b,J.J. Watt,1
1502110,20aec4fa-35f7-4d50-92cd-075e2d71f69c,Troy Hill,1
1502110,0e1210ec-dccd-4bfe-ac99-20572edd3891,Takkarist Mckinley,1
1502110,b939d917-4351-41a9-9bae-daf94924f933,Joe Walker,1
1502110,f45c64c1-2483-4702-a0cf-506aced50a0d,Malik Jackson,1
1502110,9dd99310-43f9-4932-9014-77837aee7950,Markus Golden,1
1502110,8949f1c2-d249-49fc-83d7-26b42942b76c,Jeremiah Owusu-Koramoah,1
1502110,8949f1c2-d249-49fc-83d7-26b42942b76c,Joe Jackson,1
1502111,07dd256d-dfb3-4d89-b287-d5e79709c7da,Naquan Jones,1
1502111,07dd256d-dfb3-4d89-b287-d5e79709c7da,Rashaan Evans,1
1502111,fb3cd868-984f-4d60-a28f-995db8c92a36,Jordan Poyer,1
1502111,fb841705-8b68-4cc6-ac8d-73bb067a7e00,Naquan Jones,1
1502111,fb841705-8b68-4cc6-ac8d-73bb067a7e00,Harold Landry III,1
1502111,33075b1c-b5cb-4f11-9c3e-6179237fd80d,Harrison Phillips,1
1502111,8fb821f3-4938-423a-a494-16843918aec8,"David Long, Jr.",1
1502111,8fb821f3-4938-423a-a494-16843918aec8,Rashaan Evans,1
1502111,d31001a6-f1f4-4da9-a4ee-778998e40212,Denico Autry,1
1502111,d31001a6-f1f4-4da9-a4ee-778998e40212,Breon Borders,1
1502111,d31001a6-f1f4-4da9-a4ee-778998e40212,Amani Hooker,1
1502111,a564847d-4acf-4931-8f45-41d803233bc4,Jeffery Simmons,1
1502112,09acba8d-2ced-49f8-aa04-3f38675f17ac,Grant Delpit,1
1502112,e1eb49b0-4af2-4b51-b59a-2f5b9db779c9,Jonathon Cooper,1
1502112,d5ef3c6f-e988-46a8-b6c1-11c6891e77d7,Deshawn Williams,1
1502112,d5ef3c6f-e988-46a8-b6c1-11c6891e77d7,Curtis Robinson,1
1502112,283e4dbb-7b4d-4333-baed-6aeb70d883fa,Curtis Robinson,1
1502112,283e4dbb-7b4d-4333-baed-6aeb70d883fa,Justin Strnad,1
1502112,283e4dbb-7b4d-4333-baed-6aeb70d883fa,Bryce Callahan,1
1502112,41ab35ad-611d-4161-a4c5-026c1ef4eea2,Mack Wilson Sr.,1
1502112,7b26fa07-735d-43d5-95f8-4c7b76ad94b1,Malik Jackson,1
1502112,7b26fa07-735d-43d5-95f8-4c7b76ad94b1,Joe Jackson,1
1502113,0e57926a-f2ca-4c0c-a95f-3e3cf219a157,Kyzir White,1
1502113,5ec98189-3b26-4292-8f66-56ca7c79e355,Jerry Tillery,1
1502113,5ec98189-3b26-4292-8f66-56ca7c79e355,Alohi Gilman,1
1502113,1fbb2cb5-ab22-4938-aaae-f7d35dbbfe14,Kyzir White,1
1502113,e0713832-263d-4f26-a0a0-6e9c2ce39d56,Breiden Fehoko,1
1502113,e0713832-263d-4f26-a0a0-6e9c2ce39d56,Chris Rumph II,1
1502113,e0713832-263d-4f26-a0a0-6e9c2ce39d56,Michael Davis,1
1502113,e0713832-263d-4f26-a0a0-6e9c2ce39d56,Derwin James Jr.,1
1502113,ee5e70c5-9e5d-4b1d-82dd-148eb36e3b9d,Jerry Tillery,1
1502113,ee5e70c5-9e5d-4b1d-82dd-148eb36e3b9d,Christian Covington,1
1502113,ee5e70c5-9e5d-4b1d-82dd-148eb36e3b9d,Kyzir White,1
1502113,24aceeb0-a364-41ed-bc4b-b8d6e7f9243f,Odafe Oweh,1
1502113,24aceeb0-a364-41ed-bc4b-b8d6e7f9243f,Justin Houston,1
1502113,f61433d5-ad2d-4ca3-b9de-38835ab75454,Joey Bosa,1
1502113,f61433d5-ad2d-4ca3-b9de-38835ab75454,Derwin James Jr.,1
1502113,689dc603-3967-45a6-996a-c907b75ab7f2,Uchenna Nwosu,1
1502113,689dc603-3967-45a6-996a-c907b75ab7f2,Kyzir White,1
1502113,5cc626a8-19ee-4e18-89d3-ae1c32eb3a5a,Jerry Tillery,1
1502113,3aeb9959-14d3-44f9-aa34-d9001258665e,Joey Bosa,1
1502113,4f2341a3-c4ae-436b-9a34-314861fa4a1f,Justin Madubuike,1
1502113,4f2341a3-c4ae-436b-9a34-314861fa4a1f,Josh Bynes,1
1502113,0c2bf51b-e418-4882-8483-79884143ea83,Nick Niemann,1
1502114,7c7ad234-eb8e-46e6-82a9-58c98c100fb1,Denico Autry,1
1502114,2dbf8b4f-f3b4-42d8-800e-2b6f321c04d8,Jarran Reed,1
1502114,2dbf8b4f-f3b4-42d8-800e-2b6f321c04d8,Willie Gay,1
1502114,7817ed65-5b24-425d-a9cc-10b7fd8aebd4,Kevin Byard,1
1502114,6fa16c15-0ce8-479b-92a4-1404c3ff08b7,Ola Adeniyi,1
1502115,64a1bc8c-8fb6-47ee-89f9-959025335feb,Adrian Amos,1
1502115,3f38ec13-386f-40b2-9d80-58227323d44b,Rashan Gary,1
1502115,3f38ec13-386f-40b2-9d80-58227323d44b,Kingsley Keke,1
1502115,234e1ffe-69a3-4db4-a94e-b681269f285b,Dean Lowry,1
1502115,b299d8b0-b9a3-4b8c-a000-e8d189ad309d,De'Vondre Campbell,1
1502115,b299d8b0-b9a3-4b8c-a000-e8d189ad309d,Rashan Gary,1
1502115,d96e59be-55bb-40e8-ba1f-6a6eb36d0a58,De'Vondre Campbell,1
1502115,24b95bda-b675-45f6-806f-20e496b50318,Rashan Gary,1
1502115,cba4a693-3f29-4cbe-adb5-b88286c3a2ad,Rasul Douglas,1
1502116,9eb32aed-c6a8-45a0-96ff-c5626762646d,Deion Jones,1
1502116,a6d83a38-aa47-4179-99d8-adf1a7ef1ce2,Grady Jarrett,1
1502116,babf5cee-1885-4bbb-9d6a-e7cc915f56af,Sam Eguavoen,1
1502116,babf5cee-1885-4bbb-9d6a-e7cc915f56af,Emmanuel Ogbah,1
1502117,1af372e0-c5bb-48a5-a88b-36b8f28e9316,Odafe Oweh,1
1502117,d1efea4d-771c-4f55-af69-77fc4b274358,Larry Ogunjobi,1
1502117,58f85cbf-ea38-434e-b6e8-c71b892ca034,Jessie Bates III,1
1502117,58f85cbf-ea38-434e-b6e8-c71b892ca034,Cam Sample,1
1502117,040b3bda-ed75-4767-831b-a971c250d13b,Chidobe Awuzie,1
1502117,55fbbb65-4976-400c-a7ce-261a003cb087,Logan Wilson,1
1502117,55fbbb65-4976-400c-a7ce-261a003cb087,Vonn Bell,1
1502117,cb2184d6-803a-4599-af38-c1505ad4dd63,Logan Wilson,1
1502117,4f42c0cd-f2ff-488f-a0ca-dc24acb83e90,Mike Hilton,1
1502117,4f42c0cd-f2ff-488f-a0ca-dc24acb83e90,Logan Wilson,1
1502117,bbe645b2-21c7-42a1-ac1d-aab7456677d3,Larry Ogunjobi,1
1502117,bbe645b2-21c7-42a1-ac1d-aab7456677d3,Logan Wilson,1
1502117,383f1093-72a2-4671-9fad-21abfdce3d46,Chidobe Awuzie,1
1502117,383f1093-72a2-4671-9fad-21abfdce3d46,Cam Sample,1
1502117,383f1093-72a2-4671-9fad-21abfdce3d46,Jessie Bates III,1
1502117,339949bd-1f19-4f6e-9123-4a4f0c588c65,Akeem Davis-Gaither,1
1502117,8ca58198-43a2-4adb-9e75-1ba06e5219cd,Sam Hubbard,1
1502117,33aa581b-a5b1-43a9-9796-2a9f867045ac,Jessie Bates III,1
1502117,33aa581b-a5b1-43a9-9796-2a9f867045ac,Germaine Pratt,1
1502117,33aa581b-a5b1-43a9-9796-2a9f867045ac,B.J. Hill,1
1502117,a5305e71-251b-407b-92c0-06a0738538d9,Sam Hubbard,1
1502117,17c640d2-5e5b-4f8f-b837-67e5593b361d,Logan Wilson,1
1502117,17c640d2-5e5b-4f8f-b837-67e5593b361d,Larry Ogunjobi,1
1502117,17c640d2-5e5b-4f8f-b837-67e5593b361d,Jessie Bates III,1
1502117,858a48c1-f8d1-4267-9677-a04196068d44,Sam Hubbard,1
1502117,a82b40c8-5921-4a84-9503-5549d4d6b5be,Cam Sample,1
1502119,9e77beb5-582c-40f2-9ed5-9ffbad18e9ef,Charles Omenihu,1
1502119,8b147db1-485e-4cd5-a43f-54fab92b7272,J.J. Watt,1
1502119,0d25754c-aee5-49ff-a5d5-03b9af54c35a,Charles Omenihu,1
1502119,0d25754c-aee5-49ff-a5d5-03b9af54c35a,Jacob Martin,1
1502119,5520d445-5a1f-4047-ba33-4aa9270a6136,Kamu Grugier-Hill,1
1502119,abbb1c4e-c936-4f96-b7bd-bd7a9feee799,Michael Dogbe,1
1502119,0c65cccd-a8da-4d88-acc4-68d91a4e56c4,Jordan Jenkins,1
1502120,ac0c18ec-ff68-4584-8390-4a0bd2331632,Kevin Minter,1
1502120,f2af492d-8826-49d3-9b4b-cadbd941bf47,Shaquil Barrett,1
1502120,36f0e792-057d-4948-b8d9-1a842bd97dc4,Khalil Mack,1
1502120,eb70b1da-760d-4eed-a3c1-6d12a6c9d56b,Devin White,1
1502120,eb70b1da-760d-4eed-a3c1-6d12a6c9d56b,Patrick O'Connor,1
1502120,6d463767-3dd5-40a0-b76a-7940d5bc6c5d,K.J. Britt,1
1502121,4caf9190-4314-485c-b823-2cf36461c0e7,Dee Ford,1
1502121,a5149b1c-1dff-4c88-a5b2-bb57e4ae00b9,Deforest Buckner,1
1502121,a5149b1c-1dff-4c88-a5b2-bb57e4ae00b9,Darius Leonard,1
1502121,d3457bdd-2932-4410-a066-d9ab7d99fa6f,Arden Key,1
1502121,d3457bdd-2932-4410-a066-d9ab7d99fa6f,Fred Warner,1
1502121,5732e2e2-2fee-496d-a430-16194549c4c4,Deforest Buckner,1
1502121,5732e2e2-2fee-496d-a430-16194549c4c4,Khari Willis,1
1502121,56ce38b5-5028-428f-9fdd-18187f1d61ef,Jaquiski Tartt,1
1502122,d68dab30-167e-4802-84ab-b01afec47b88,Jamal Adams,1
1502122,8bf4fa07-48ad-4033-8de1-0e3894cecec6,Bobby Wagner,1
1502122,1c608a19-27da-48a2-aad1-d7a5c38cf3f6,Jordyn Brooks,1
1502122,1c608a19-27da-48a2-aad1-d7a5c38cf3f6,Bobby Wagner,1
1502122,fcfda1da-0a35-4313-bb25-8bb82338dd4f,Alton Robinson,1
1502122,fcfda1da-0a35-4313-bb25-8bb82338dd4f,Bobby Wagner,1
1502122,c3154cc8-a878-48ef-83ef-94ac9e0d8380,Bobby Wagner,1
1502122,c3154cc8-a878-48ef-83ef-94ac9e0d8380,Robert Nkemdiche,1
1502122,c3154cc8-a878-48ef-83ef-94ac9e0d8380,Jordyn Brooks,1
1502122,3054deb2-bd42-4867-bb46-ae7474cf66d1,Pete Werner,1
1502122,3054deb2-bd42-4867-bb46-ae7474cf66d1,Paulson Adebo,1
1502122,0e0560d2-27d1-4bb3-bb1c-e813c8c8230b,Pete Werner,1
1502122,0e0560d2-27d1-4bb3-bb1c-e813c8c8230b,Josiah Bronson,1
1502122,a8195fb7-abda-481b-988f-eaeb9d29ba3c,Pete Werner,1
1502122,289cdda9-9717-479f-bd72-481b2b7d5a16,Jamal Adams,1
1502122,82db86ad-5056-492c-ab4b-a7a8c8d048d5,Rasheem Green,1
1502122,82db86ad-5056-492c-ab4b-a7a8c8d048d5,Carlos Dunlap,1
1502122,6d5b3e47-bdfc-4a16-887e-12438a0ba2bb,Benson Mayowa,1
1502122,6d5b3e47-bdfc-4a16-887e-12438a0ba2bb,Rasheem Green,1
1502122,6d5b3e47-bdfc-4a16-887e-12438a0ba2bb,Carlos Dunlap,1
1502123,09fd84ca-a36f-4d80-b790-bd1b543a03eb,Sam Hubbard,1
1502123,01cb68b7-5086-4695-91cb-b9451278ed2f,Michael Carter II,1
1502123,573ab496-4ddb-4d45-acf5-a4981ba2057a,Josh Tupou,1
1502123,573ab496-4ddb-4d45-acf5-a4981ba2057a,Trey Hendrickson,1
1502123,573ab496-4ddb-4d45-acf5-a4981ba2057a,Jessie Bates III,1
1502124,0e328ff7-385c-4632-8b6a-9a0b5711932a,Andrew Sendejo,1
1502124,13809667-a0b8-4f8e-9ae4-7519df635aa9,Denico Autry,1
1502124,6f44e3c4-9b11-4c3b-bda1-5bc74c80e049,George Odum,1
1502124,0ca15bfc-9a3f-46fd-8659-8b93ac3d1d4b,Denico Autry,1
1502124,0ca15bfc-9a3f-46fd-8659-8b93ac3d1d4b,Jeffery Simmons,1
1502124,3135b59d-ab64-467f-8a47-07bfec1a0f7e,Ola Adeniyi,1
1502124,0533e0c5-b577-4c59-92ac-38e8d5090737,Jeffery Simmons,1
1502124,0533e0c5-b577-4c59-92ac-38e8d5090737,"David Long, Jr.",1
1502124,a41468c2-226c-493a-8f99-3b5e5355e3c2,Monty Rice,1
1502125,0d4e7ce7-454b-4a5c-b145-9295b8415143,Aaron Donald,1
1502125,4b26f94e-9111-419a-ba9b-e3d808baa777,Donte Deayon,1
1502126,b4f7e276-d0c9-4eff-b5dc-720ee83c1538,T.J. Watt,1
1502126,e200e548-0e5c-42a2-ac2e-14dc8fe2581f,Myles Garrett,1
1502126,1120679e-c33d-4d18-9e2d-d91bf210e3f1,Minkah Fitzpatrick,1
1502127,ef5bd965-14ce-480f-bad1-489e4c701da5,Dean Marlowe,1
1502127,e587938f-0354-47f4-982c-7f835cd6a2a1,Charles Harris,1
1502127,e587938f-0354-47f4-982c-7f835cd6a2a1,Tracy Walker III,1
1502127,0d7d8b3b-1f7c-4069-855c-aa41362cd2f9,Alim Mcneill,1
1502127,4cd0469e-f317-4483-8767-b9b8f05c19be,Trey Flowers,1
1502127,4cd0469e-f317-4483-8767-b9b8f05c19be,Alex Anzalone,1
1502127,4cd0469e-f317-4483-8767-b9b8f05c19be,Will Harris,1
1502127,95c2814c-6dde-492f-83d7-77a45ddfe4a7,Amani Oruwariye,1
1502127,95c2814c-6dde-492f-83d7-77a45ddfe4a7,Tracy Walker III,1
1502127,a7350283-b044-42b0-96ba-5fd87db7c85f,Javon Hargrave,1
1502127,c81834d2-a397-4073-b8e0-ac64aedd75ff,Julian Okwara,1
1502127,c81834d2-a397-4073-b8e0-ac64aedd75ff,Alex Anzalone,1
1502128,f15334be-904b-46c6-b8c6-662c749cb127,Samson Ebukam,1
1502128,d7fd390a-4822-4cc0-82da-b9a3c5f68f66,Talanoa Hufanga,1
1502128,a03b1094-5531-44e6-a1a3-2f035da08e0b,Nick Bosa,1
1502128,a03b1094-5531-44e6-a1a3-2f035da08e0b,Fred Warner,1
1502128,a03b1094-5531-44e6-a1a3-2f035da08e0b,Talanoa Hufanga,1
1502128,a03b1094-5531-44e6-a1a3-2f035da08e0b,Josh Norman,1
1502128,71535103-cae6-4362-a7c6-47a28c2afcfa,Jaylon Johnson,1
1502128,71535103-cae6-4362-a7c6-47a28c2afcfa,Trevis Gipson,1
1502128,e83f3c6a-8af6-49a2-9fca-cd54ced1deea,Talanoa Hufanga,1
1502128,3f86a134-8392-4e46-a257-dba2e43d0f16,Arik Armstead,1
1502128,3f86a134-8392-4e46-a257-dba2e43d0f16,Kevin Givens,1
1502128,3f86a134-8392-4e46-a257-dba2e43d0f16,Demetrius Flannigan-Fowles,1
1502128,3f86a134-8392-4e46-a257-dba2e43d0f16,Talanoa Hufanga,1
1502128,97fa1a6f-2729-4b0b-a5f5-888eb299ef90,Tashaun Gipson Sr.,1
1502129,bf89aacf-0191-4d8f-a744-dd11b801b8e8,Marlon Davidson,1
1502129,4bf44710-82b2-45ef-8874-3a1a940fbbce,Tyeler Davison,1
1502129,faae7458-2b82-490e-9f23-b686af510e02,Brandon Copeland,1
1502129,6a352ceb-700a-4722-a67b-59ddde8c5eac,Marlon Davidson,1
1502129,6a352ceb-700a-4722-a67b-59ddde8c5eac,A.J. Terrell,1
1502129,6a352ceb-700a-4722-a67b-59ddde8c5eac,Deion Jones,1
1502129,c01ca7de-ca45-476a-893a-9a6186f20cfa,James Vaughters,1
1502129,c01ca7de-ca45-476a-893a-9a6186f20cfa,Foyesade Oluokun,1
1502129,3bf231bb-2ddb-4a26-aac4-48b558f8630b,Grady Jarrett,1
1502129,0597c0a4-3249-45bf-b4ca-ea6c91959a2b,Derrick Brown,1
1502129,bd29d8e6-4362-4e3d-bc6e-81123b1f9839,Foyesade Oluokun,1
1502130,795c3d27-6323-443d-b4cd-ea0c74521583,Jerry Hughes,1
1502130,759e2b0e-89e4-4b7f-a54c-c03afc79e512,Jevon Holland,1
1502130,759e2b0e-89e4-4b7f-a54c-c03afc79e512,Nik Needham,1
1502130,adb394e2-3e1d-4a41-b423-1650084c21fc,Duke Riley,1
1502130,adb394e2-3e1d-4a41-b423-1650084c21fc,Jaelan Phillips,1
1502130,a3f22701-66fb-4c0b-aa09-241fcfcc4e2a,Duke Riley,1
1502130,5dec039f-90f5-4a4b-b520-bfef591e948c,Andrew Van Ginkel,1
1502130,4b844048-b302-4239-8ebe-245771cb42bc,A.J. Epenesa,1
1502130,4b844048-b302-4239-8ebe-245771cb42bc,Taron Johnson,1
1502130,522e3c7b-6900-45f0-b4bb-6cd42131eb33,Mario Addison,1
1502130,ec59d281-0cca-4a38-a029-e6827461eebb,Micah Hyde,1
1502130,ed3b1c0b-2d64-45a9-92d9-ee3bdb8733bf,Emmanuel Ogbah,1
1502130,ed3b1c0b-2d64-45a9-92d9-ee3bdb8733bf,Elandon Roberts,1
1502130,74316276-b860-4268-95b6-3ab74a85da04,Elandon Roberts,1
1502130,74316276-b860-4268-95b6-3ab74a85da04,Byron Jones,1
1502130,74316276-b860-4268-95b6-3ab74a85da04,Christian Wilkins,1
1502130,74316276-b860-4268-95b6-3ab74a85da04,Jaelan Phillips,1
1502130,74316276-b860-4268-95b6-3ab74a85da04,Eric Rowe,1
1502130,f00e5886-a1c8-4fe4-852e-9ead5d8d1cb7,Brandon Jones,1
1502130,f00e5886-a1c8-4fe4-852e-9ead5d8d1cb7,Christian Wilkins,1
1502131,47cb0726-439b-4374-9f55-e9746839e9b7,Malcom Brown,1
1502131,bb44fa75-399e-429f-950c-0102a314e072,Darrell Taylor,1
1502131,af9402a3-be52-4d3e-95f3-39c476baa64c,Adam Gotsis,1
1502131,c035d8ba-402f-462b-b98a-3a4e6195ef99,Jamal Adams,1
1502131,20ea86cc-5146-49ee-a430-71e49bb40b6e,Al Woods,1
1502131,20ea86cc-5146-49ee-a430-71e49bb40b6e,Jordyn Brooks,1
1502131,ce671baf-ff87-4a8b-8fec-b53b6292dc0f,Ryan Neal,1
1502131,7673231c-f37c-4e72-b616-7a224ae63105,Josh Allen,1
1502131,e8c9310d-750a-4f29-adb6-41cac1a59044,Darrell Taylor,1
1502131,e8c9310d-750a-4f29-adb6-41cac1a59044,Jamal Adams,1
1502131,e8c9310d-750a-4f29-adb6-41cac1a59044,Rasheem Green,1
1502131,b93477cc-7af0-4b90-b1eb-5a1d7e70bff7,Robert Nkemdiche,1
1502131,b93477cc-7af0-4b90-b1eb-5a1d7e70bff7,Bobby Wagner,1
1502131,73ac2391-83f7-47b9-9c93-0af103bfe9fd,Darrell Taylor,1
1502131,d130fd06-9a68-4caf-87ac-36032bed93c1,Robert Nkemdiche,1
1502132,90a308d6-66f8-44c9-ad0b-321df708038c,Matt Ioannidis,1
1502132,90a308d6-66f8-44c9-ad0b-321df708038c,James Smith-Williams,1
1502132,b272adb0-bc1a-4356-8fea-c4904b91a112,Montez Sweat,1
1502133,e3911c2f-404b-497a-afd2-7eb72b031b46,Shaquil Barrett,1
1502133,a371093f-3483-4d8c-85cf-5b211e11b34e,Shaquil Barrett,1
1502133,a371093f-3483-4d8c-85cf-5b211e11b34e,Vita Vea,1
1502134,b494b5d4-5780-4cc2-942c-cb73467cc284,Randy Gregory,1
1502134,e335bf2c-5565-46d2-aeef-3c8c0ac903bc,Jourdan Lewis,1
1502134,d3a8b146-2d53-489a-b9fb-c70c936620f1,Tarell Basham,1
1502134,d3a8b146-2d53-489a-b9fb-c70c936620f1,Randy Gregory,1
1502134,be1663c3-a05f-4007-9a74-566c03fa7082,Tarell Basham,1
1502134,0da7fe5c-497f-4e05-81f6-cd21af0b4f6e,Randy Gregory,1
1502134,367f16c7-d638-4a64-baa5-81deaac5e08b,Tarell Basham,1
1502134,367f16c7-d638-4a64-baa5-81deaac5e08b,Randy Gregory,1
1502135,f7fb935f-8e53-406c-8130-3a7d96311d61,Leonard Williams,1
1502135,3cfe454e-ff8e-47ac-a3df-5bc08e6eafc3,Willie Gay,1
1502135,3cfe454e-ff8e-47ac-a3df-5bc08e6eafc3,Tershawn Wharton,1
1502135,552e8963-18c1-4d13-bacd-ace900a5fea1,Willie Gay,1
1502135,552e8963-18c1-4d13-bacd-ace900a5fea1,Frank Clark,1
1502135,ef0f548c-edb4-4a8b-b128-4b29d26bd6da,Nick Bolton,1
1502136,30f71e29-0b22-469a-ad8c-62b1f380d87f,Folorunso Fatukasi,1
1502136,c5e74414-0c7c-4d25-8674-656c1f8694d4,Quinnen Williams,1
1502136,c5e74414-0c7c-4d25-8674-656c1f8694d4,Marcus Maye,1
1502136,fe667523-6fe4-429b-8351-895810e3e214,Folorunso Fatukasi,1
1502136,fe667523-6fe4-429b-8351-895810e3e214,Marcus Maye,1
1502136,457e6162-067c-4a59-93e9-6b22881123e5,Isaac Rochell,1
1502136,62bc22b5-477f-47a3-ba18-044bd9edaf90,Shaq Lawson,1
1502136,ba110ccb-fc42-4166-a09d-05d883c8b983,Bobby Okereke,1
1502136,6bedfaac-c188-4df4-ad24-6a22dfe6e4db,Kwity Paye,1
1502136,432a747b-be14-4e97-9a79-b0243702efd4,Kemoko Turay,1
1502136,432a747b-be14-4e97-9a79-b0243702efd4,Dayo Odeyingbo,1
1502136,39eaf2a2-dc14-4f5e-ac56-c7a6944f3ed4,Darius Leonard,1
1502136,af70f54d-9bd9-4f50-8632-dd2dfde40fe5,Kwity Paye,1
1502137,24da9193-64fd-4f58-9bef-bdcefaa8c391,Tanoh Kpassagnon,1
1502137,190aec7f-4eed-4764-90c5-daf0fda4ad01,David Onyemata,1
1502137,190aec7f-4eed-4764-90c5-daf0fda4ad01,Demario Davis,1
1502137,6345cdac-3523-47fb-a4de-d9ea26b474c3,Christian Ringo,1
1502137,974153b7-6d98-4b44-9dff-5ecd25966111,David Onyemata,1
1502137,f9108fc3-0ea3-4d20-a521-798115396dee,Marcus Davenport,1
1502137,ca473953-9435-45d3-896e-22e87930505f,David Onyemata,1
1502137,ca473953-9435-45d3-896e-22e87930505f,Payton Turner,1
1502137,07d657bb-a585-47f0-8040-2b5bfed1bc81,Marlon Davidson,1
1502137,ce2abd8b-4798-46c3-967d-b40f0a701b4f,Kwon Alexander,1
1502137,ce2abd8b-4798-46c3-967d-b40f0a701b4f,Demario Davis,1
1502138,9363c863-dd97-4e65-aa8b-4f0f6b4e51b5,Jonathon Cooper,1
1502138,65c40913-2ab6-4b49-a93e-678043bbb967,Shelby Harris,1
1502138,f0db845f-6091-4034-b751-b6cb696e9f64,Micah Parsons,1
1502138,d9eef7d1-0234-4c63-9ebf-4da55f843f3b,Dre'Mont Jones,1
1502138,f644fb9b-81d5-4e2d-9e85-327fdbd31d00,Stephen Weatherly,1
1502138,a20dd6b7-c45a-43d9-8f09-39bbb67c44c1,Kareem Jackson,1
1502138,a20dd6b7-c45a-43d9-8f09-39bbb67c44c1,Shelby Harris,1
1502138,a20dd6b7-c45a-43d9-8f09-39bbb67c44c1,Shamar Stephen,1
1502139,5e39d26b-f689-45a2-96ad-03aab1728539,Eric Kendricks,1
1502139,cd06ffe2-7daf-4856-8db6-b7c184996124,Anthony Barr,1
1502139,cd06ffe2-7daf-4856-8db6-b7c184996124,Eric Kendricks,1
1502139,6110c4bb-cbea-45a2-9d84-a10348ee6f68,D.J. Wonnum,1
1502139,6110c4bb-cbea-45a2-9d84-a10348ee6f68,Xavier Woods,1
1502139,23994998-30fb-408f-9397-f32bd40154ef,Dalvin Tomlinson,1
1502139,23994998-30fb-408f-9397-f32bd40154ef,Armon Watts,1
1502139,ac4389d0-6ae7-4e6d-bcac-e980de8e06a9,Kenny Willekes,1
1502139,5fbed23f-bcfa-44b9-9425-0ecdabc65c4f,James Lynch,1
1502139,5fbed23f-bcfa-44b9-9425-0ecdabc65c4f,Cameron Dantzler,1
1502139,5fbed23f-bcfa-44b9-9425-0ecdabc65c4f,Sheldon Richardson,1
1502139,1bf2cc74-2035-47b5-88f2-7a242d6bafe7,Everson Griffen,1
1502139,a5c38198-8583-4dcc-8a5d-ed0cee1f21ea,Eric Kendricks,1
1502139,69644012-585e-468a-81fa-930349ab4aa8,Everson Griffen,1
1502139,4093abc5-8b7a-4a0d-98c6-0a9164ac84af,D.J. Wonnum,1
1502139,4093abc5-8b7a-4a0d-98c6-0a9164ac84af,Kris Boyd,1
1502139,4093abc5-8b7a-4a0d-98c6-0a9164ac84af,Camryn Bynum,1
1502139,4093abc5-8b7a-4a0d-98c6-0a9164ac84af,Xavier Woods,1
1502139,997dae11-0860-4817-82b0-8cc9cd12c124,Everson Griffen,1
1502139,997dae11-0860-4817-82b0-8cc9cd12c124,Camryn Bynum,1
1502139,02159eb6-6ad6-4cd7-a206-14166f7de52d,Eric Kendricks,1
1502139,02159eb6-6ad6-4cd7-a206-14166f7de52d,Kenny Willekes,1
1502139,6569c184-7cad-43fd-932d-8d43939fce2e,Eric Kendricks,1
1502139,32afcf8a-223a-4084-9f84-0d4038afec74,Sheldon Richardson,1
1502139,32afcf8a-223a-4084-9f84-0d4038afec74,Nick Vigil,1
1502139,216c6ae1-13ab-4884-ae94-0ff4d1647974,Kenny Willekes,1
1502139,216c6ae1-13ab-4884-ae94-0ff4d1647974,Kris Boyd,1
1502139,05cdc99a-db19-4d78-9d3a-a15036463974,Eric Kendricks,1
1502139,05cdc99a-db19-4d78-9d3a-a15036463974,Kris Boyd,1
1502139,94601ada-0e81-4fe5-8eea-ade154296f9d,Camryn Bynum,1
1502139,94601ada-0e81-4fe5-8eea-ade154296f9d,Xavier Woods,1
1502139,6a36e29f-a50c-48f0-9e36-e22a3a5e69e8,Kenny Willekes,1
1502139,6a36e29f-a50c-48f0-9e36-e22a3a5e69e8,Sheldon Richardson,1
1502139,188ca337-54bb-4454-96b0-a178803468ba,Everson Griffen,1
1502139,188ca337-54bb-4454-96b0-a178803468ba,Armon Watts,1
1502139,188ca337-54bb-4454-96b0-a178803468ba,James Lynch,1
1502140,21b00152-d079-4d4f-a77a-88cb58782cf2,Anthony Walker Jr.,1
1502140,9ab5101f-21da-4069-8c66-b6af6bebf0ea,Myles Garrett,1
1502140,d022e21e-786e-49e7-8244-1a7fad4847e9,Ifeadi Odenigbo,1
1502141,36de60ac-e014-4574-b526-967aae91be9c,Joey Bosa,1
1502141,3ad21deb-6235-400e-b3b3-632ec5ddc91e,Drue Tranquill,1
1502141,696b9a77-d772-412e-8a63-dcdbdc47581a,Nasir Adderley,1
1502141,cf32894e-5d4b-48f3-b484-2ec9fecdf1bc,Derwin James Jr.,1
1502141,f3575e44-a6ae-4d0f-9b82-15e1e888b1db,Kyzir White,1
1502141,3db47588-f762-4266-91d2-edd1493d6e30,Linval Joseph,1
1502141,3db47588-f762-4266-91d2-edd1493d6e30,Uchenna Nwosu,1
1502141,9ad6c65f-3033-4e1d-8bc0-696ec5e1d9bc,Davion Taylor,1
1502141,5fe1f278-21dc-4a37-ad53-5a92f7ca485b,Josh Sweat,1
1502141,a15aa107-5b74-4c43-a98c-abea68721f00,Drue Tranquill,1
1502141,af2f394f-64cb-4c51-b4a3-f4d7d8b2f966,Joey Bosa,1
1502141,ed3f7581-609c-41a1-816a-e3846a04b3b4,Milton Williams,1
1502142,1f561aac-7904-4eb7-ae22-5dee3acdf1d0,Tremaine Edmunds,1
1502142,1f561aac-7904-4eb7-ae22-5dee3acdf1d0,A.J. Epenesa,1
1502142,7d3b5bf5-dbc3-42cb-bcca-42eb09daf929,Roy Robertson-Harris,1
1502142,0bab438f-b556-43fc-9de4-68fab954fccc,Taven Bryan,1
1502142,962bfb35-e3ee-4bcc-8b2b-908f641a0093,Jihad Ward,1
1502142,f82b2d6c-ed63-4f94-bd83-2e69b6559d02,Dawuane Smoot,1
1502142,f82b2d6c-ed63-4f94-bd83-2e69b6559d02,Adam Gotsis,1
1502142,f8b0ce91-b5ea-48ab-ab13-8c1363756034,Adam Gotsis,1
1502142,19e0d800-0970-4454-8ab9-616444218bb6,Josh Allen,1
1502142,69464128-1160-440b-9b97-443b7a424cb8,Josh Allen,1
1502142,82dd58ff-fe44-4eb9-b79d-f2e1bc639897,Myles Jack,1
1502142,f0322789-10a1-4615-b195-eaf4e37573a4,Tremaine Edmunds,1
1502142,cd1aabf0-f8f9-43e9-bd55-665bf0656f52,Ed Oliver,1
1502142,cd1aabf0-f8f9-43e9-bd55-665bf0656f52,Star Lotulelei,1
1502142,b00f1c83-ea67-4033-b1b5-d701ee1b4f4c,Dawuane Smoot,1
1502142,b00f1c83-ea67-4033-b1b5-d701ee1b4f4c,Tommy Sweeney,1
1502142,a9811a05-01ef-4734-9c93-7b7e84ee05d9,Jerry Hughes,1
1502143,99c15484-ca95-4863-aa46-03126a5f1e45,Jonathan Greenard,1
1502143,c924d671-dfa6-4faf-a480-4bbeb2f7560e,Jordan Jenkins,1
1502143,c574d350-c67d-40e2-a0ff-5efde09d2647,Jaleel Johnson,1
1502143,c574d350-c67d-40e2-a0ff-5efde09d2647,Jordan Jenkins,1
1502143,3bb261d1-7672-46e2-8a2e-22313fd8edfb,Emmanuel Ogbah,1
1502143,f2f4ca08-5856-4fd1-b7f4-47fd698b4179,Jacob Martin,1
1502143,fa4714db-efaa-4e79-9d99-c7bb249190f4,Jevon Holland,1
1502143,d6570c04-c3e2-4b33-8b44-bb91896f3c01,Jacob Martin,1
1502143,21d1ac17-f664-407c-baf9-55901b8a3eb6,Zach Cunningham,1
1502143,53fae463-a141-408b-928c-9c864f50dde5,Xavien Howard,1
1502143,2a0b550b-14b2-422f-b613-c77229259769,Jevon Holland,1
1502143,2b4abcdf-8c9c-4185-8b00-9ed2cf218479,Emmanuel Ogbah,1
1502144,444c0981-5811-42b9-99b9-d03a18723c75,Elandon Roberts,1
1502144,444c0981-5811-42b9-99b9-d03a18723c75,Christian Wilkins,1
1502144,7da43b21-7367-4c2a-b6b8-5245dc7bf085,Marlon Humphrey,1
1502144,edc55ea9-482b-4d6b-a427-0fc60f67cc6e,Adam Butler,1
1502144,5b02a712-b483-4018-b1a8-ff70cfcd31d1,Odafe Oweh,1
1502144,5b02a712-b483-4018-b1a8-ff70cfcd31d1,Justin Houston,1
1502144,e6ac0a31-ffc5-4518-bbc8-674e257f402e,Patrick Queen,1
1502144,e6ac0a31-ffc5-4518-bbc8-674e257f402e,Justin Ellis,1
1502144,9033bb5c-623c-4ce3-a2af-8ad6e9bfe272,Brandon Jones,1
1502144,29381267-1cde-415e-9758-e563fdae62ed,Christian Wilkins,1
1502144,29381267-1cde-415e-9758-e563fdae62ed,Andrew Van Ginkel,1
1502144,40c9ad3e-a671-40eb-929c-cc15b1060a50,Jevon Holland,1
1502144,0930ec62-183a-48d2-9c46-008ef984cbc9,Zach Sieler,1
1502144,d8c02ac3-9dc7-4218-a051-8d6a971b2e1c,Josh Bynes,1
1502144,835a3bec-2dda-43d0-80c4-fc321bb3f00e,Jerome Baker,1
1502144,835a3bec-2dda-43d0-80c4-fc321bb3f00e,Duke Riley,1
1502144,05817450-8d82-4d1a-be09-0b95af4e78fa,Brandon Jones,1
1502144,05817450-8d82-4d1a-be09-0b95af4e78fa,Jerome Baker,1
1502144,05817450-8d82-4d1a-be09-0b95af4e78fa,Jaelan Phillips,1
1502144,40de3d7c-29aa-4c2f-b1f5-c62be935c865,Brandon Jones,1
1502144,40de3d7c-29aa-4c2f-b1f5-c62be935c865,Eric Rowe,1
1502146,7eb8e4d2-b4a3-4448-a93c-ecb0655bc82d,Alec Ogletree,1
1502146,7eb8e4d2-b4a3-4448-a93c-ecb0655bc82d,Trevis Gipson,1
1502146,58865f3a-16d1-4aa0-acc2-f8a74953b34e,Marlon Humphrey,1
1502146,084bee68-3f84-4585-ab3f-cd22f8826aae,Chuck Clark,1
1502146,1cf1498b-1dd7-4050-bd58-7905caa56cd9,Josh Bynes,1
1502146,1cf1498b-1dd7-4050-bd58-7905caa56cd9,Tyus Bowser,1
1502146,1cf1498b-1dd7-4050-bd58-7905caa56cd9,Chuck Clark,1
1502146,7dabc847-7c66-4699-b136-de32e51b0fc6,Angelo Blackson,1
1502146,7dabc847-7c66-4699-b136-de32e51b0fc6,Roquan Smith,1
1502146,7dabc847-7c66-4699-b136-de32e51b0fc6,Cassius Marsh Sr.,1
1502146,4ce436e7-312d-4927-9aa5-678526cd95b8,Khyiris Tonga,1
1502146,4ce436e7-312d-4927-9aa5-678526cd95b8,Alec Ogletree,1
1502146,ea2137cd-ce7d-442e-a790-bcdcb620adcf,Tyus Bowser,1
1502146,a2b657ff-c87d-4461-ae1a-04e943f62665,Roquan Smith,1
1502146,a2b657ff-c87d-4461-ae1a-04e943f62665,Trevis Gipson,1
1502146,b0b75b06-f658-4226-90a8-e94ab25ad55c,Tyus Bowser,1
1502146,9ba36b6a-8cce-47b7-90c5-d1946f14e1ff,Angelo Blackson,1
1502146,de1b967b-44a7-480e-af1e-ea06ce445d0e,Deon Bush,1
1502146,2cd72eb4-a7af-4fd0-80b5-d8d81c2d2965,Robert Quinn,1
1502146,2cd72eb4-a7af-4fd0-80b5-d8d81c2d2965,Jaylon Johnson,1
1502146,2cd72eb4-a7af-4fd0-80b5-d8d81c2d2965,Cassius Marsh Sr.,1
1502146,2cd72eb4-a7af-4fd0-80b5-d8d81c2d2965,Alec Ogletree,1
1502146,fe106111-62d1-4e6b-b5ee-a3888091773f,Patrick Queen,1
1502146,62ec7c96-51f2-407f-a494-7553e060f9b0,Marqui Christian,1
1502146,7e313512-5065-4f5a-8ede-4578c1723c0e,Tyus Bowser,1
1502146,362c4010-fece-4bd8-8cef-b098990d3635,Trevis Gipson,1
1502146,1acc4d4c-36e6-4b98-b217-1db90a3697c6,Bilal Nichols,1
1502146,1acc4d4c-36e6-4b98-b217-1db90a3697c6,Roquan Smith,1
1502146,1acc4d4c-36e6-4b98-b217-1db90a3697c6,Angelo Blackson,1
1502146,b46ebcad-42aa-4547-aa7b-114afd28b7ec,Tyus Bowser,1
1502147,407d308c-37d6-4771-a900-379eed6c0e0d,Jeremiah Owusu-Koramoah,1
1502147,407d308c-37d6-4771-a900-379eed6c0e0d,John Johnson III,1
1502147,8789a975-1447-4d57-96f2-af7de3d0890a,Jadeveon Clowney,1
1502147,ac5b4362-2aee-4cbf-9ab2-f962e5e794f6,Sione Takitaki,1
1502147,01dc8706-009c-4fe9-81b3-f5f08d1705f4,Jeremiah Owusu-Koramoah,1
1502147,b8cc06a3-78e5-4194-9503-064e2cb9cf79,Takkarist Mckinley,1
1502147,a651aaf9-d5c5-4cd2-840a-aacc7b85cbc3,Jeremiah Owusu-Koramoah,1
1502147,a651aaf9-d5c5-4cd2-840a-aacc7b85cbc3,John Johnson III,1
1502147,ee9d359c-f71b-4fcf-a54c-9efe9d3343bc,Anthony Walker Jr.,1
1502147,ee9d359c-f71b-4fcf-a54c-9efe9d3343bc,John Johnson III,1
1502147,3c4051e1-0add-45f5-b2c1-1632976dda88,Ronnie Harrison Jr.,1
1502147,0d039966-72c5-4b87-8dd5-f3c0644666d2,Jadeveon Clowney,1
1502147,90ef94eb-8da6-4811-a82c-f23a81e0cc12,Jeremiah Owusu-Koramoah,1
1502147,1545ea62-39f6-4e7e-9cf3-2467a29449b3,Jadeveon Clowney,1
1502147,1545ea62-39f6-4e7e-9cf3-2467a29449b3,Malik Mcdowell,1
1502147,1545ea62-39f6-4e7e-9cf3-2467a29449b3,Myles Garrett,1
1502147,0de0d000-9758-4a62-aa2c-0297b03ae7c4,Justin Houston,1
1502147,a1801c7b-5a11-4cce-b2b8-f7a5ac1cc2e2,Ronnie Harrison Jr.,1
1502147,7e7937f2-183c-4f96-9a68-50dd520699ff,Jeremiah Owusu-Koramoah,1
1502147,7e7937f2-183c-4f96-9a68-50dd520699ff,Ronnie Harrison Jr.,1
1502147,ff61e9af-77f5-4df6-ba7a-56ba4e0419a8,Anthony Walker Jr.,1
1502147,3a1ecd81-2c06-4e60-bf75-594c7e6f5195,Justin Houston,1
1502149,50949d32-9a71-45f4-9fb1-a517d63c7251,John Johnson III,1
1502149,50949d32-9a71-45f4-9fb1-a517d63c7251,Jadeveon Clowney,1
1502149,3b9233ad-abf3-4a5c-8ed5-b1fed9f8ae32,Takkarist Mckinley,1
1502149,690c781f-dbc7-4316-b272-4731088bc8c5,Takkarist Mckinley,1
1502149,690c781f-dbc7-4316-b272-4731088bc8c5,Myles Garrett,1
1502149,690c781f-dbc7-4316-b272-4731088bc8c5,Malcolm Smith,1
1502149,d6c88273-606f-491d-8571-bde15dbd1066,Justin Madubuike,1
1502149,d6c88273-606f-491d-8571-bde15dbd1066,Tyus Bowser,1
1502149,14a8a643-73e3-4ce2-adae-fa3ee06be495,Takkarist Mckinley,1
1502149,b20a2f18-b4de-4f35-9b30-4f1f420b3382,Kevon Seymour,1
1502149,d27b16be-5b16-45e6-8a26-9fef1789e9d7,Justin Ellis,1
1502149,45aa92a0-c74f-44c1-a9e4-9d9b0726337c,Justin Houston,1
1502149,45aa92a0-c74f-44c1-a9e4-9d9b0726337c,Brandon Williams,1
1502149,6a6bc5f1-4c97-4912-a306-5f49f61d602c,Tyus Bowser,1
1502149,565b8334-e668-4156-85b8-e84c6a015f85,Takkarist Mckinley,1
1502150,c8b3f4d4-7f15-4229-9abc-036a65d2c50d,De'Vondre Campbell,1
1502150,c8b3f4d4-7f15-4229-9abc-036a65d2c50d,T.J. Slaton,1
1502150,2dd51d61-4e4a-46c3-b1e3-bfb18c6a5314,De'Vondre Campbell,1
1502150,2dd51d61-4e4a-46c3-b1e3-bfb18c6a5314,Tyler Lancaster,1
1502150,d310efb8-d573-46db-ac88-b2e4efd4ab8f,Krys Barnes,1
1502150,0f94c764-1e96-4020-ac06-b4a9654d93d7,Rashan Gary,1
1502150,0f94c764-1e96-4020-ac06-b4a9654d93d7,Abdullah Anderson,1
1502150,40b1b42d-9f19-40ed-82eb-469236b93d67,De'Vondre Campbell,1
1502151,92c04974-af5a-4f6e-9f31-d977c68edea8,John Johnson III,1
1502151,92c04974-af5a-4f6e-9f31-d977c68edea8,Porter Gustin,1
1502151,64586851-5023-427c-b3bb-e8f190229fb0,Maxx Crosby,1
1502151,64586851-5023-427c-b3bb-e8f190229fb0,Marquel Lee,1
1502151,a660183b-34e6-4a01-b762-8408b6122f25,Johnathan Hankins,1
1502151,a660183b-34e6-4a01-b762-8408b6122f25,Quinton Jefferson,1
1502151,d332f851-12a9-44cc-86e5-a5b616964cec,Anthony Walker Jr.,1
1502151,d332f851-12a9-44cc-86e5-a5b616964cec,Jordan Elliott,1
1502151,d332f851-12a9-44cc-86e5-a5b616964cec,Jeremiah Owusu-Koramoah,1
1502151,afbd8507-7273-4420-a74a-33f506b15075,John Johnson III,1
1502151,afbd8507-7273-4420-a74a-33f506b15075,Jovante Moffatt,1
1502151,71af2db2-dca2-47c0-8fcf-0c4550051249,Tommy Togiai,1
1502151,ae03512b-8397-4a59-a972-b10f38d090a9,Jeremiah Owusu-Koramoah,1
1502151,ae03512b-8397-4a59-a972-b10f38d090a9,M.J. Stewart Jr.,1
1502151,6586c496-bcb6-4285-927e-829a71bd0ab0,Sheldon Day,1
1502151,6586c496-bcb6-4285-927e-829a71bd0ab0,M.J. Stewart Jr.,1
1502151,6586c496-bcb6-4285-927e-829a71bd0ab0,John Johnson III,1
1502151,8d4dc100-acfa-427a-be7e-d962eea1c004,Myles Garrett,1
1502151,8d4dc100-acfa-427a-be7e-d962eea1c004,Jeremiah Owusu-Koramoah,1
1502151,91a88325-0944-4885-8fa5-7a81402576f6,Myles Garrett,1
1502151,91a88325-0944-4885-8fa5-7a81402576f6,Malcolm Smith,1
1502151,602605d2-f4ae-4b93-a7e1-be2e49d28f26,Sheldon Day,1
1502151,602605d2-f4ae-4b93-a7e1-be2e49d28f26,John Johnson III,1
1502151,6f7c2318-2c3f-40ea-b8af-65c3a90107b8,Jordan Elliott,1
1502151,6f7c2318-2c3f-40ea-b8af-65c3a90107b8,Porter Gustin,1
1502151,bfe189e1-0896-4fdb-9b34-f4f40e04802c,Greedy Williams,1
1502151,bfe189e1-0896-4fdb-9b34-f4f40e04802c,Sione Takitaki,1
1502151,fdcf13a4-aaf3-4d7c-9dd5-f06f940d82ac,Jeremiah Owusu-Koramoah,1
1502151,fdcf13a4-aaf3-4d7c-9dd5-f06f940d82ac,John Johnson III,1
1502151,fdcf13a4-aaf3-4d7c-9dd5-f06f940d82ac,Sheldon Day,1
1502151,fdcf13a4-aaf3-4d7c-9dd5-f06f940d82ac,M.J. Stewart Jr.,1
1502151,3796caae-eeda-4273-b77b-7ecb1c0c0276,Jovante Moffatt,1
1502151,1bc9be5e-afa6-4b86-a541-a6a3e34cd603,Takkarist Mckinley,1
1502152,0efbd08f-9770-40af-81eb-31d01ba08703,Broderick Washington,1
1502152,991a4705-48f7-4628-a4ac-0106159e5ee4,Larry Ogunjobi,1
1502152,c2e685ab-b06b-43b3-a35a-1996a6f900e9,Trey Hendrickson,1
1502152,c2e685ab-b06b-43b3-a35a-1996a6f900e9,Sam Hubbard,1
1502152,164c38e4-99f6-45cb-a421-c8800142caaa,B.J. Hill,1
1502152,a35a4dba-a319-416a-b549-501a191f4346,Sam Hubbard,1
1502152,a35a4dba-a319-416a-b549-501a191f4346,Germaine Pratt,1
1502152,a35a4dba-a319-416a-b549-501a191f4346,Vonn Bell,1
1502152,2d865984-1335-4bd4-82ab-b73cef900e27,Tony Jefferson,1
1502152,b12e7a77-78dc-4851-8c50-8aff88e999d2,Sam Hubbard,1
1502152,b12e7a77-78dc-4851-8c50-8aff88e999d2,Markus Bailey,1
1502152,a2660eb8-77bc-4365-bd5c-2e6eefec112e,Broderick Washington,1
1502152,19368cdc-4fee-4033-bb5d-24bc606a2d5a,Isaiah Mack,1
1502152,19368cdc-4fee-4033-bb5d-24bc606a2d5a,Tyus Bowser,1
1502152,19368cdc-4fee-4033-bb5d-24bc606a2d5a,Odafe Oweh,1
1502154,bd187119-1d66-4574-87c2-786e5b5396ae,Jadeveon Clowney,1
1502154,b3fcb410-dbf0-4092-b85c-516bec9e2ca6,Myles Garrett,1
1502154,565100c4-2a61-4252-8fd4-b2fe0f0ef0f9,Tre Norwood,1
1502154,9121fb3a-80f5-4c5a-852f-9317d0913971,Cameron Heyward,1
1502155,d1bd8a5f-7c14-4a06-bc91-e8da237738b1,Austin Calitro,1
1502155,d1bd8a5f-7c14-4a06-bc91-e8da237738b1,Markus Bailey,1
1502155,570cf3ff-eb1f-4456-a08f-f6fe23063e3a,Anthony Walker Jr.,1
1502155,b807fdd5-7331-45c3-bb98-eec3e96e1c83,Markus Bailey,1
1502156,46eeccb5-c2ae-4cf7-9bcb-a08c5ef6c011,"David Long, Jr.",1
1502156,b5b227da-aa8f-4172-b0f0-8317c3ea9ac7,Jeffery Simmons,1
1502156,17c56957-3689-4c67-9bcf-0f22ae357fb7,Aaron Donald,1
1502156,17c56957-3689-4c67-9bcf-0f22ae357fb7,Troy Reeder,1
1502157,e2dfe3a4-65d4-4bb2-8097-a5e33bdeac23,Tershawn Wharton,1
1502157,ee35e8b1-fe42-4f04-9c81-483cd03c0840,Nick Bolton,1
1502157,ee35e8b1-fe42-4f04-9c81-483cd03c0840,Tershawn Wharton,1
1502157,67b30b84-9a61-45fd-8246-156a9e606b92,Chris Jones,1
1502157,67b30b84-9a61-45fd-8246-156a9e606b92,Willie Gay,1
1502157,af83df56-89ca-4cce-b9d6-5565cf4a2c7a,Chris Jones,1
1502157,fb998381-3324-4a8f-9cfe-c217e3f624b0,Frank Clark,1
1502157,cc972fda-c952-4ff9-b43f-26f2b07e8b1a,Derrick Nnadi,1
1502157,cc972fda-c952-4ff9-b43f-26f2b07e8b1a,Frank Clark,1
1502157,a15b4969-eb63-4309-ac77-4606998cc960,T.J. Slaton,1
1502157,a15b4969-eb63-4309-ac77-4606998cc960,Rashan Gary,1
1502158,125373eb-4a7c-4ddc-8afb-50e3e1698089,Fred Warner,1
1502158,125373eb-4a7c-4ddc-8afb-50e3e1698089,Azeez Al-Shaair,1
1502158,0db6843e-36cd-49f9-84f2-007d1076a9c1,Arik Armstead,1
1502158,0db6843e-36cd-49f9-84f2-007d1076a9c1,Jordan Willis,1
1502158,9f4357f6-1a27-4f8b-9f41-f4e501e94369,D.J. Jones,1
1502158,9f4357f6-1a27-4f8b-9f41-f4e501e94369,Azeez Al-Shaair,1
1502158,b03323b7-8a27-4c48-90ce-10bb5d526b5b,Tavon Wilson,1
1502158,ebe65364-fde6-481d-96ba-3a5d2dea4ef9,Azeez Al-Shaair,1
1502158,ebe65364-fde6-481d-96ba-3a5d2dea4ef9,Arik Armstead,1
1502158,b44b6ca6-f506-444e-a036-a7cba24aa15a,Nick Bosa,1
1502158,b44b6ca6-f506-444e-a036-a7cba24aa15a,Fred Warner,1
1502158,c3528fc5-b285-403c-b53f-a6de43871c3f,Chandler Jones,1
1502158,cc33927d-9088-4d3c-833c-d21030dd0d09,Fred Warner,1
1502158,26e042ef-4bc8-4076-9794-5604d4325273,Byron Murphy Jr.,1
1502159,2ff6a20b-6ad6-4b30-83c7-d88b599ab10f,Roy Robertson-Harris,1
1502159,2ff6a20b-6ad6-4b30-83c7-d88b599ab10f,Josh Allen,1
1502159,033bdc69-9bc2-4f82-99ae-f55c04ebe5f8,Al-Quadin Muhammad,1
1502159,ad9b3c67-5b7f-479a-ae13-d53e13ff79cf,Roy Robertson-Harris,1
1502159,ad9b3c67-5b7f-479a-ae13-d53e13ff79cf,Taven Bryan,1
1502159,1ff2d56b-0d00-49e0-b722-869208b79afe,Roy Robertson-Harris,1
1502159,6b09ca05-9b43-46d8-913b-83413306a0eb,Kenny Moore II,1
1502159,826c6587-7caa-40d6-a1eb-dca4e6ebcc0d,Adam Gotsis,1
1502159,826c6587-7caa-40d6-a1eb-dca4e6ebcc0d,Rayshawn Jenkins,1
1502159,451a436d-66a8-438b-95cb-af88052e19ea,Nevin Lawson,1
1502159,85440d91-d0e8-4cc1-b159-fe0f74e1bf28,Deforest Buckner,1
1502159,24b6b864-2961-4874-8efc-73a3c04a0bcc,Deforest Buckner,1
1502159,24b6b864-2961-4874-8efc-73a3c04a0bcc,Al-Quadin Muhammad,1
1502159,24b6b864-2961-4874-8efc-73a3c04a0bcc,T.J. Carrie,1
1502159,762ca229-aa41-46de-815f-3e9109bbe13c,T.J. Carrie,1
1502159,762ca229-aa41-46de-815f-3e9109bbe13c,Bobby Okereke,1
1502159,0ecff48d-fde5-40f5-a83e-bd3f276f7466,Roy Robertson-Harris,1
1502159,0ecff48d-fde5-40f5-a83e-bd3f276f7466,Malcom Brown,1
1502159,c5f7ec28-eb00-480e-8c7a-f6b2b85681a5,Johnathan Ford,1
1502160,82f3dcad-f666-4cff-b81c-8e7d78320c4d,Tracy Walker III,1
1502161,8579e696-e0b1-472d-9cc8-144278edb848,Nathan Shepherd,1
1502161,4c351005-d821-481b-ac3f-5593a887c48d,Aaron James Klein,1
1502161,4c351005-d821-481b-ac3f-5593a887c48d,Vernon Butler,1
1502161,4c351005-d821-481b-ac3f-5593a887c48d,Jordan Poyer,1
1502161,1f099738-e828-4a1a-a351-6f22407ac5aa,Jarrad Davis,1
1502161,8c0e0e6d-afab-43cd-bc7d-b378f9f438de,Greg Rousseau,1
1502161,a360609f-ac97-467e-a225-1dd0c5dc4d38,A.J. Epenesa,1
1502162,963d62ec-ad4a-4f4c-b4dc-155c60944434,William Gholston,1
1502163,76a65bef-782b-43fd-a1ce-31419ef1ca72,Jerry Tillery,1
1502163,8668aaa5-d148-4497-b8e2-1be383e57dd1,Camryn Bynum,1
1502163,8668aaa5-d148-4497-b8e2-1be383e57dd1,Eddie Yarbrough,1
1502163,0885c3ae-3b5f-415f-ad41-b7443a72dcd4,Nick Vigil,1
1502163,92073e9d-5b8b-4ea8-8646-1784f0ab0ad3,Christian Covington,1
1502163,5d415f73-0e86-4eab-a873-2c83c7f0a866,Armon Watts,1
1502164,1f9e000a-e0b8-40fa-9d04-84bfed1db9b9,Zaven Collins,1
1502164,1f9e000a-e0b8-40fa-9d04-84bfed1db9b9,Markus Golden,1
1502164,1f9e000a-e0b8-40fa-9d04-84bfed1db9b9,Isaiah Simmons,1
1502164,737fd070-d117-4ed5-b922-fe9c4bbe95a5,Yetur Gross-Matos,1
1502164,737fd070-d117-4ed5-b922-fe9c4bbe95a5,Jermaine Carter Jr.,1
1502164,a2c511ab-6fd9-4ee7-9141-578d88418404,Corey Peters,1
1502164,1b21645a-e5e7-44e6-af61-3422af4e6b22,Shaq Thompson,1
1502164,d026d5d7-a290-4dc5-aa06-40e1de478d96,Byron Murphy Jr.,1
1502165,f1bed41b-34f0-479f-af64-537af1c4e6f7,Josh Sweat,1
1502165,30bcd0ce-2634-49e4-956f-bb9d9db3d391,Kyle Fuller,1
1502165,840a49fd-d21a-4bc8-aea2-88b6a667c1d9,Jonathon Cooper,1
1502165,840a49fd-d21a-4bc8-aea2-88b6a667c1d9,Kareem Jackson,1
1502165,5f0df5e4-f39c-4d31-ae13-37990606c6e7,Shelby Harris,1
1502165,5f0df5e4-f39c-4d31-ae13-37990606c6e7,Jonathon Cooper,1
1502165,52874d41-f8a7-4eae-98ab-c447b178ecb8,Justin Simmons,1
1502165,50f84639-d400-49c1-a7e7-fada11cc5365,Ronald Darby,1
1502165,50f84639-d400-49c1-a7e7-fada11cc5365,Stephen Weatherly,1
1502165,7b503502-68e8-4f81-b411-fb52fac3ae70,Jonathon Cooper,1
1502165,7b503502-68e8-4f81-b411-fb52fac3ae70,Deshawn Williams,1
1502165,56ade62f-3963-4334-ae5c-211b99e4021e,Derek Barnett,1
1502165,a7c11334-4eb3-46ce-9048-6d2f158f2311,Jonathon Cooper,1
1502165,08b6f5a1-3d5e-4ab4-bcc2-09d33dc3a13e,Malik Reed,1
1502165,ecfa8d0c-ca8c-4b03-b4f3-446f1e2f91ac,Justin Simmons,1
1502165,f0bcec66-1575-42ce-91d8-d6c02ed3d1de,Alex Singleton,1
1502165,0f8eafb3-ed16-46d8-9b2f-78b88592d377,Shamar Stephen,1
1502165,0f8eafb3-ed16-46d8-9b2f-78b88592d377,Shelby Harris,1
1502166,d3688f7f-d2ee-4546-8d94-e8b0f4564d6c,Grady Jarrett,1
1502166,bdbd9c59-12a3-436d-a099-49b93aaa0178,Dante Fowler Jr.,1
1502166,ef9cbb1e-d375-4a9c-b0fd-d4a3a9f6f686,Anthony Rush,1
1502167,39c37d27-25da-4b38-a839-bb136cd58d53,Marcus Davenport,1
1502167,d8e58c29-f8ad-4089-8784-c25f7d0b1b31,Marcus Davenport,1
1502167,e7a7a832-1bf3-4f8e-ac19-3f42d99aa6b6,Josiah Bronson,1
1502167,d095f765-64ac-4393-8bc2-40617f3f17f8,Marcus Williams,1
1502167,7fbd7d2a-7383-4085-90bc-b56a6bbd4a40,Marcus Davenport,1
1502167,3a553f5c-3afa-4e72-83e1-c85b3eda6b31,Bradley Roby,1
1502167,7e6c778f-ed90-4991-8314-4e199aa0aa78,Malcolm Jenkins,1
1502167,bf3320c2-75fd-4b6d-b1cb-23e9b7a51cdb,Cameron Jordan,1
1502167,bf3320c2-75fd-4b6d-b1cb-23e9b7a51cdb,Shy Tuttle,1
1502167,81119120-c821-42d0-9305-26958d8c76cb,Demario Davis,1
1502167,605e7971-66a0-418a-8eb9-6f3f5b7adaed,Josiah Bronson,1
1502167,605e7971-66a0-418a-8eb9-6f3f5b7adaed,Christian Ringo,1
1502167,06fab722-3669-4886-9925-720d347640f7,Bradley Roby,1
1502167,06222528-43ec-406a-83b7-ffcba25f21de,Fletcher Cox,1
1502167,663b2feb-dbc7-4dda-a0a0-5f0675d2fd41,Jalyn Holmes,1
1502167,663b2feb-dbc7-4dda-a0a0-5f0675d2fd41,P.J. Williams,1
1502167,663b2feb-dbc7-4dda-a0a0-5f0675d2fd41,Bradley Roby,1
1502167,540f19da-27d2-462e-b5c3-91f709e8b604,Jalyn Holmes,1
1502167,528a1eb1-abbf-405a-ab25-ea82215415c6,Javon Hargrave,1
1502167,4eebf29f-6eef-4cdf-90fe-c88d06c8696b,Carl Granderson,1
1502167,47c77fa3-6807-4cbf-b92e-cd68e97c8d23,Carl Granderson,1
1502167,47c77fa3-6807-4cbf-b92e-cd68e97c8d23,P.J. Williams,1
1502167,47c77fa3-6807-4cbf-b92e-cd68e97c8d23,Bradley Roby,1
1502168,4eab1a3d-0f96-4c37-a6b2-e6fb9d71836e,Sheldon Rankins,1
1502168,3647a2db-b070-486e-8440-b08a01271125,Jerome Baker,1
1502168,3647a2db-b070-486e-8440-b08a01271125,Emmanuel Ogbah,1
1502168,d181dfc5-a12d-4250-820b-b73f8859464e,John Franklin-Myers,1
1502168,2d5d0bad-db6b-49cb-9b9e-4647a811f2aa,Nathan Shepherd,1
1502168,2d5d0bad-db6b-49cb-9b9e-4647a811f2aa,Sheldon Rankins,1
1502168,7daaaef7-e6c6-4c9c-8e8f-ef8acf81410e,Andrew Van Ginkel,1
1502168,0a022a8f-c5d8-49e6-9f3d-fbc9448dbe77,Christian Wilkins,1
1502168,0a022a8f-c5d8-49e6-9f3d-fbc9448dbe77,Nik Needham,1
1502169,76605d95-37f4-4526-b905-ce7d17b8bcb9,Andrew Sendejo,1
1502169,76605d95-37f4-4526-b905-ce7d17b8bcb9,Kenny Moore II,1
1502169,8b4a683e-aadd-49c6-9b1c-43afeb6522d1,Bobby Okereke,1
1502169,8b4a683e-aadd-49c6-9b1c-43afeb6522d1,Dayo Odeyingbo,1
1502169,8b4a683e-aadd-49c6-9b1c-43afeb6522d1,Grover Stewart,1
1502169,0e4651cf-4b21-4f84-a8bc-ae086dcf1639,Mario Addison,1
1502169,928d2943-9f86-42a8-974f-2fef0de155f7,Ed Oliver,1
1502169,96320c29-36f7-4c75-9da3-cb0f85cf98d8,Al-Quadin Muhammad,1
1502169,b51771f7-10ad-4f7d-bf55-0344a01eeb47,Kenny Moore II,1
1502169,22d87ce4-d843-4722-85e5-a6afbf8f5b84,Damar Hamlin,1
1502170,987f8824-d55b-4228-9c93-538fd3fcaf95,Roy Robertson-Harris,1
1502170,2477f99c-b586-4cb3-b04c-25c9cd6f86d6,Azeez Al-Shaair,1
1502170,1cccbec8-65bd-4d50-94fc-6469b330d59b,Talanoa Hufanga,1
1502170,b4e1aa21-f03c-4c0f-bdeb-34ed1d922cf1,Samson Ebukam,1
1502170,0c965326-7bcd-4593-9054-43cbc7f2320f,Nick Bosa,1
1502170,1455ec8c-e3a8-4718-ad38-48a017f0e8b0,Dontae Johnson,1
1502170,1455ec8c-e3a8-4718-ad38-48a017f0e8b0,Ambry Thomas,1
1502170,b5a3dbc8-6d06-4f28-b3a2-54f696ad55b9,Dawuane Smoot,1
1502170,b5a3dbc8-6d06-4f28-b3a2-54f696ad55b9,Daniel Thomas,1
1502171,6f78380f-f975-4806-94dd-60755a281212,Kristian Fulton,1
1502171,aaaffdc8-ac68-471a-9ea0-b49f5410b8f7,Jeffery Simmons,1
1502171,3c8ebb98-c60d-4a1e-8a49-791edb1d16e6,Ross Blacklock,1
1502171,9592f1d9-f6e0-4a8c-8909-66121d2ec78e,Harold Landry III,1
1502171,9592f1d9-f6e0-4a8c-8909-66121d2ec78e,Denico Autry,1
1502171,9592f1d9-f6e0-4a8c-8909-66121d2ec78e,Amani Hooker,1
1502171,166e6bd5-a453-431d-93e3-db351117e7bf,Amani Hooker,1
1502171,1db307d0-2711-4643-be94-b846448bcbfd,Demarcus Walker,1
1502171,84f6bd01-e85e-4ca9-8109-3b87200d981b,Terrance Mitchell,1
1502171,f82ecc78-5b95-45da-b365-4d90d9c4eacc,Elijah Molden,1
1502172,0e0626f1-9067-4244-8595-645f624e3e33,Sheldon Richardson,1
1502172,932a3f26-22ca-4717-9daa-bc64f1cb7e28,Sheldon Richardson,1
1502172,932a3f26-22ca-4717-9daa-bc64f1cb7e28,Harrison Smith,1
1502173,504792d0-d1c2-488f-960a-1b3a3538103d,Alex Singleton,1
1502173,504792d0-d1c2-488f-960a-1b3a3538103d,Rodney Mcleod,1
1502173,5a0f4683-9e82-4407-a1b0-aad17fe82cd3,Leonard Williams,1
1502173,5a0f4683-9e82-4407-a1b0-aad17fe82cd3,Azeez Ojulari,1
1502173,99dad091-3552-4ff8-8ab0-43dcf515821f,Avonte Maddox,1
1502173,ef098d33-f334-4ef2-8614-a9d59ea7d913,Ryan Kerrigan,1
1502173,ef098d33-f334-4ef2-8614-a9d59ea7d913,Alex Singleton,1
1502173,d7974fcd-e0c8-44ef-80eb-ba24af8c3e1a,Alex Singleton,1
1502173,9da0c75e-a3ba-44c1-8455-4fc580628ee9,Milton Williams,1
1502173,9da0c75e-a3ba-44c1-8455-4fc580628ee9,Alex Singleton,1
1502173,5ea03618-b81d-4964-89aa-023385a70e9c,Javon Hargrave,1
1502173,0988dd3d-1d74-48f7-854f-91b260d47756,Quincy Roche,1
1502173,0988dd3d-1d74-48f7-854f-91b260d47756,Reggie Ragland,1
1502173,b358cc84-86d2-455f-9945-05ffa3c0bce9,J.R. Reed,1
1502173,b358cc84-86d2-455f-9945-05ffa3c0bce9,Darnay Holmes,1
1502173,0312d724-27e1-4f8e-b1c8-63763ad64e50,Azeez Ojulari,1
1502173,0312d724-27e1-4f8e-b1c8-63763ad64e50,Xavier Mckinney,1
1502173,0312d724-27e1-4f8e-b1c8-63763ad64e50,J.R. Reed,1
1502173,84ce10c7-1038-4172-867b-a7b11db7399a,Lorenzo Carter,1
1502173,451dffd3-f415-4d73-954d-fcf1408b00ea,Fletcher Cox,1
1502173,451dffd3-f415-4d73-954d-fcf1408b00ea,T.J. Edwards,1
1502173,befe4a85-1ee4-4803-9ec7-d62b3bbcabe9,Aaron Robinson,1
1502173,11243a09-d038-4dc1-8054-2030df6806cb,Tae Crowder,1
1502173,11243a09-d038-4dc1-8054-2030df6806cb,Benardrick Mckinney,1
1502173,71bf5d2a-54fb-4149-a3b0-4c58cc7a9c8a,Genard Avery,1
1502173,9cb20731-a882-4754-bb80-a0e3458c60f1,Alex Singleton,1
1502173,a29bfa3d-ac15-4c58-8913-849305dc290e,Lorenzo Carter,1
1502174,c577d197-334e-406b-894e-a626df36b2e2,Emmanuel Ogbah,1
1502174,c577d197-334e-406b-894e-a626df36b2e2,Raekwon Davis,1
1502174,ab09dc24-7626-4f34-ab3c-f7c169619e9c,Emmanuel Ogbah,1
1502174,ab09dc24-7626-4f34-ab3c-f7c169619e9c,Elandon Roberts,1
1502174,cfed48a8-05c5-415e-b2db-ef72a3fb508e,Emmanuel Ogbah,1
1502174,cfed48a8-05c5-415e-b2db-ef72a3fb508e,Jevon Holland,1
1502174,235288cc-4b3f-4116-84a6-d4894b5573ee,Jaelan Phillips,1
1502174,235288cc-4b3f-4116-84a6-d4894b5573ee,Emmanuel Ogbah,1
1502174,3b041466-4b36-46a8-b2e5-6c9d6e62a17e,Andrew Van Ginkel,1
1502174,e4f3c1f4-823d-4e56-afb9-0851e60cd45a,Elandon Roberts,1
1502175,fa3b2ec2-0a32-494a-8498-76c98960a344,Davon Godchaux,1
1502175,fa3b2ec2-0a32-494a-8498-76c98960a344,Christian Barmore,1
1502175,58fdb976-5ea5-46a7-8350-8899d4238878,Harold Landry III,1
1502175,37e2255c-15ac-49a5-978d-b945c651c22d,John Simon,1
1502175,0e075520-e157-4c4b-8ab4-65024da34de2,Kevin Byard,1
1502176,d93c7dd0-1471-48fd-a75e-f00c812e77d6,Minkah Fitzpatrick,1
1502176,d93c7dd0-1471-48fd-a75e-f00c812e77d6,Isaiahh Loudermilk,1
1502177,b2cf1e20-099f-4cb0-8f62-f53d111dad01,Malcom Brown,1
1502177,18fe0cc9-ce18-4812-998c-c8ac2dd29357,Mykal Walker,1
1502177,5b1541cd-4dce-4241-b6f7-8c82f6c10ece,Dante Fowler Jr.,1
1502177,6168f8fb-9ed2-4484-8cfb-daf3124f6262,Jaylinn Hawkins,1
1502177,f831bb36-bf17-46de-8689-f98acffcaaf8,Dante Fowler Jr.,1
1502177,f831bb36-bf17-46de-8689-f98acffcaaf8,Foyesade Oluokun,1
1502177,ed3da055-de14-4f2e-b2e3-387aefdf0646,Erik Harris,1
1502177,ed3da055-de14-4f2e-b2e3-387aefdf0646,Emmanuel Ellerbee,1
1502177,a64b2e5e-cec8-4378-bd23-8f31bb2c2689,Dante Fowler Jr.,1
1502178,5e878dc9-4119-4ef5-a58b-e8051b5bdc8a,Joey Bosa,1
1502178,3f641fa5-bf39-44a3-938c-567eed1eff99,Chris Harris Jr.,1
1502178,a30b2dc5-fe07-4332-8b82-84a29984d7a2,Jonathon Cooper,1
1502178,a9432817-de6f-4b2a-bf79-9d76518fbe3f,Derwin James Jr.,1
1502178,425df1d6-33c5-4e4d-a442-115c99b9f56c,Deshawn Williams,1
1502178,425df1d6-33c5-4e4d-a442-115c99b9f56c,Justin Simmons,1
1502178,13b8366d-d6be-4a35-90a9-7b9b0b8125db,Dre'Mont Jones,1
1502178,2c427938-7ee9-487c-a8d3-8b9db7b20d1d,Justin Simmons,1
1502178,d8ec55c1-6ad6-4338-8467-55968a164fda,Bradley Chubb,1
1502178,9beecd76-3968-48e7-8748-b194d5d434c7,Joey Bosa,1
1502178,5cefcd56-f401-44d5-8e75-bed60148a2e6,Baron Browning,1
1502179,d8e016cc-895c-4d3d-8b58-6f63bffebdb6,Greg Gaines,1
1502179,5183b39d-cc7f-4714-9b54-2099ae3c2af8,Greg Gaines,1
1502179,5183b39d-cc7f-4714-9b54-2099ae3c2af8,Ogbonnia Okoronkwo,1
1502179,5183b39d-cc7f-4714-9b54-2099ae3c2af8,Jordan Fuller,1
1502179,bd1fafed-3493-4036-8b62-3b55623f355a,Von Miller,1
1502179,49d04e63-4d80-40ae-86bf-93952d7168cc,Preston Smith,1
1502180,9e29fb88-4366-4988-8b5a-4a6803787304,Ronald Blair,1
1502180,9e29fb88-4366-4988-8b5a-4a6803787304,Kyle Phillips,1
1502180,0cf9f284-cb81-400d-9d2e-b37e40a6d8a8,Terrence Brooks,1
1502180,db6caaec-f93c-4ad5-a358-8593d34a3ef1,Sheldon Rankins,1
1502180,db6caaec-f93c-4ad5-a358-8593d34a3ef1,Elijah Riley,1
1502180,94f18f46-c4b7-4234-be86-2f73cd1fb982,Javelin Guidry,1
1502181,80981844-b9c3-4657-8497-a731117c7055,Anthony Barr,1
1502181,80981844-b9c3-4657-8497-a731117c7055,James Lynch,1
1502181,e8987a04-a5d4-465e-9111-291e647dd189,Armon Watts,1
1502182,0fe7d13c-2cf4-4912-a9aa-cb44e0b532b0,Jamal Adams,1
1502182,4294e274-203a-493f-a970-599456a52111,Landon Collins,1
1502182,4294e274-203a-493f-a970-599456a52111,Kamren Curl,1
1502182,d05268fd-511b-430f-908e-001a64500503,Benson Mayowa,1
1502182,fbf5682b-70c0-4e24-8007-7351f214b17f,Jamin Davis,1
1502182,fbf5682b-70c0-4e24-8007-7351f214b17f,Cole Holcomb,1
1502182,4149e1b9-1cec-493a-87db-913899121148,Daron Payne,1
1502182,4149e1b9-1cec-493a-87db-913899121148,Shaka Toney,1
1502182,f668c2b0-8739-48df-8dbf-9c4214c05336,Matt Ioannidis,1
1502183,9d435738-e83e-462a-8487-220afd51d609,Marcus Williams,1
1502183,c3dfecd6-df5b-4160-8f17-5ce35be42407,Harrison Phillips,1
1502183,c3dfecd6-df5b-4160-8f17-5ce35be42407,Greg Rousseau,1
1502183,aba6236d-e7ec-4a4d-bd5a-6ec131b0ae2a,Ed Oliver,1
1502183,aba6236d-e7ec-4a4d-bd5a-6ec131b0ae2a,Efe Obada,1
1502183,16992525-5daf-4ef1-a85e-aea7daf93748,P.J. Williams,1
1502183,16992525-5daf-4ef1-a85e-aea7daf93748,Bradley Roby,1
1502183,9eac2a12-7f7b-4cc5-83ff-5c3b60eaac04,Demario Davis,1
1502183,9eac2a12-7f7b-4cc5-83ff-5c3b60eaac04,Christian Ringo,1
1502183,9eac2a12-7f7b-4cc5-83ff-5c3b60eaac04,Cameron Jordan,1
1502183,9eac2a12-7f7b-4cc5-83ff-5c3b60eaac04,Kwon Alexander,1
1502183,21860880-5999-40db-a7ae-499d845c340b,Carl Granderson,1
1502183,21860880-5999-40db-a7ae-499d845c340b,Malcolm Jenkins,1
1502184,f62084a9-ec42-4702-bb0e-3f5d67206c4e,Micah Parsons,1
1502184,6605aac9-471e-486c-b37c-97ae22cc5665,Micah Parsons,1
1502184,13932855-6049-49ad-b02d-f3033d54b1bc,Trysten Hill,1
1502184,d1a8eeb3-d01a-45a2-b218-69cd78065a8d,Denzel Perryman,1
1502184,d1a8eeb3-d01a-45a2-b218-69cd78065a8d,Nate Hobbs,1
1502184,d1a8eeb3-d01a-45a2-b218-69cd78065a8d,Cory Littleton,1
1502184,716dbf94-abc4-4e71-9a16-da26acf10315,Damontae Kazee,1
1502185,dab27621-566d-4b0d-a1fd-d53bf546c5ea,Delontae Scott,1
1502185,890e46e7-45be-4a10-a263-dc58cf65214b,Cameron Heyward,1
1502185,1b4f64d6-240d-47b4-a91b-0978d9ede2f9,Terrell Edmunds,1
1502185,1b4f64d6-240d-47b4-a91b-0978d9ede2f9,Cameron Heyward,1
1502186,21c04059-fc9b-44fd-b37f-6b381bddd225,Frank Clark,1
1502186,21c04059-fc9b-44fd-b37f-6b381bddd225,Chris Jones,1
1502186,17df4e15-1ff0-41d5-8245-b61d471ee5d9,Jourdan Lewis,1
1502187,35b99e91-a5fc-4284-907e-74287f3810ef,Zach Allen,1
1502187,35b99e91-a5fc-4284-907e-74287f3810ef,Corey Peters,1
1502187,bb6601e2-6d86-4929-a53c-5bb9d9d12760,Bobby Wagner,1
1502187,a5b65e7b-c422-4bb4-bd6f-6190c12f06ed,Kerry Hyder Jr.,1
1502187,20c95127-2b77-42ab-aacf-427556b4fc9b,Jordyn Brooks,1
1502187,f5d92481-351a-4201-8769-9ecfc2b83275,Darrell Taylor,1
1502187,f5d92481-351a-4201-8769-9ecfc2b83275,Rasheem Green,1
1502187,cf42e650-ac83-4ee3-acb9-333824d3c5f9,Darrell Taylor,1
1502187,9e8f0ce1-d9ff-436e-9d9d-cc1ef03c6261,Quandre Diggs,1
1502187,fb950620-9e1f-40fd-b772-22c15bd215d0,Zach Allen,1
1502188,ae8be3ee-e8d7-4020-bfde-ed9bfe1170b2,Dallin Leavitt,1
1502188,de632681-acf4-48ce-94d0-e3e438192724,B.J. Hill,1
1502188,de632681-acf4-48ce-94d0-e3e438192724,Sam Hubbard,1
1502188,cad56824-0fa2-44e1-8fc4-9c1610d328ef,Larry Ogunjobi,1
1502188,56f3b4a6-c18b-4e55-bfd5-d098955e1f2a,Clelin Ferrell,1
1502188,56f3b4a6-c18b-4e55-bfd5-d098955e1f2a,Nate Hobbs,1
1502188,56f3b4a6-c18b-4e55-bfd5-d098955e1f2a,Cory Littleton,1
1502189,3d20bb68-b38e-4702-97b5-ac879ddffe5b,Logan Ryan,1
1502189,3d20bb68-b38e-4702-97b5-ac879ddffe5b,Leonard Williams,1
1502190,065fedbe-1a14-4cb7-9ac3-c8a6c356058c,Kwity Paye,1
1502190,c1133a07-5536-4d2d-8e12-7072b42dfa91,Darius Leonard,1
1502190,c1133a07-5536-4d2d-8e12-7072b42dfa91,Bobby Okereke,1
1502190,4416cff4-debc-4893-b78c-1e7c2240e54a,Deforest Buckner,1
1502190,d9156273-2bb3-496d-b026-f7a2a5622d3b,Jacob Martin,1
1502190,d9156273-2bb3-496d-b026-f7a2a5622d3b,Maliek Collins,1
1502190,d9156273-2bb3-496d-b026-f7a2a5622d3b,Terrance Mitchell,1
1502190,963f60f8-518a-4730-a623-904ee14b5951,Christian Kirksey,1
1502190,963f60f8-518a-4730-a623-904ee14b5951,Jacob Martin,1
1502190,963f60f8-518a-4730-a623-904ee14b5951,Desmond King II,1
1502190,e83061ea-9815-4a76-8b63-f7d1b69bc361,Jacob Martin,1
1502190,1deaaacb-7e1c-4cc2-949c-6bbd63e5f965,Kemoko Turay,1
1502191,b8525096-556f-4b73-be9d-42589e2e2c06,D.J. Wonnum,1
1502191,b8525096-556f-4b73-be9d-42589e2e2c06,Dalvin Tomlinson,1
1502191,0b2e06ea-b02e-4a5d-969d-d2c779989e70,Nick Vigil,1
1502192,d39f6004-9ff7-4ec6-9b21-dce19666e6bf,Quinnen Williams,1
1502192,6d3f633e-b8f1-461c-b4c4-ff5197442282,Alex Singleton,1
1502192,6d3f633e-b8f1-461c-b4c4-ff5197442282,Ryan Kerrigan,1
1502192,6d3f633e-b8f1-461c-b4c4-ff5197442282,Tarron Jackson,1
1502192,fd259076-e20a-46c8-ac47-0ca0597ecf3d,Fletcher Cox,1
1502192,b78be2c5-7377-4932-812c-39af50ae716b,Quincy Williams,1
1502192,925fa288-c16e-47c5-b508-1c44b947b908,Shaq Lawson,1
1502192,4fee6f1b-0172-42c9-a439-d6943dbc4e6b,Milton Williams,1
1502193,a85a6037-8cb8-48ee-bde4-b6622406cb65,Eddie Jackson,1
1502193,c9aee7b1-ae02-4751-8939-f1abbf250da8,Robert Quinn,1
1502193,cb727eda-b31e-4131-a69c-031c7931d551,Roquan Smith,1
1502193,aec448ab-deb1-4c62-ba8e-90629a9b7987,Artie Burns,1
1502193,d8f6ef91-9769-4890-9dfc-37e008bd20a4,Devon Kennard,1
1502193,0b846c3c-f881-4f81-a084-4f353fd4825d,Jordan Phillips,1
1502193,0b846c3c-f881-4f81-a084-4f353fd4825d,Leki Fotu,1
1502194,32856bc6-677f-460c-85cc-ca7678130143,Trey Hendrickson,1
1502194,a700ba99-2113-4c83-a291-3380f3708ea8,Trey Hendrickson,1
1502194,a700ba99-2113-4c83-a291-3380f3708ea8,Larry Ogunjobi,1
1502195,57b608e0-4075-4dac-8e4f-d9f7efe405cf,Maxx Crosby,1
1502195,6a8e29a0-8229-4e38-a5bd-196afe43de10,Nate Hobbs,1
1502195,a076d28a-5f86-4d20-b2e2-6c9f8f358765,Chris Jones,1
1502195,2b3e0b57-2da8-4d46-aebc-da2463cd85cc,Frank Clark,1
1502196,8de946b5-ab26-476b-85b1-6b3a0060dac3,Elijah Riley,1
1502196,d56b23d3-83bb-43b4-b8ca-34f43c4b2c68,C.J. Mosley,1
1502196,d56b23d3-83bb-43b4-b8ca-34f43c4b2c68,Elijah Riley,1
1502196,ee0f1d91-1370-4723-89c9-04977acfc677,Quincy Williams,1
1502196,3dd79077-5cca-402f-b944-761d32b4d7e3,John Franklin-Myers,1
1502196,3dd79077-5cca-402f-b944-761d32b4d7e3,C.J. Mosley,1
1502196,f4b239b0-40ba-4308-9cd1-c5eb92d48c97,Sheldon Rankins,1
1502196,f0217037-c682-4f9b-93b1-943d09691216,Quinnen Williams,1
1502196,ae09d2bc-99cf-4652-81ed-fe960b46d68b,Elijah Riley,1
1502196,4c4bee12-082f-49d4-b891-78c650b56771,Christian Ringo,1
1502196,d521c2da-6991-45b8-ba31-9947716259f4,Sheldon Rankins,1
1502196,50f59900-7271-47fd-b79e-9d95ecca274e,Sheldon Rankins,1
1502196,bac6a5d8-c285-4b3a-b744-4c07cb79f614,Marcus Williams,1
1502196,bac6a5d8-c285-4b3a-b744-4c07cb79f614,Marshon Lattimore,1
1502198,b3510c93-e14b-4dd7-ba9f-7981dd0993cb,Darious Williams,1
1502198,70812777-1593-4c63-8ef0-3890b574e561,Leonard Floyd,1
1502198,73cb0829-2d71-4928-ab7b-55961d04ff2a,Aaron Donald,1
1502199,de03198e-ea5e-4959-8e01-84b0be2c9352,Denico Autry,1
1502199,1c995046-bd2a-41ae-844e-30c9f3d0d83d,Larrell Murchison,1
1502199,bc43f6d0-a6eb-4eae-be7e-2e15e0e142bb,Poona Ford,1
1502199,e073656b-b788-4cbf-af1b-e02fd7098591,Harold Landry III,1
1502200,ddcde6d7-df0e-4083-a293-ba873f8837d4,Derek Barnett,1
1502200,9d5d1cce-c0d4-4d09-abcd-aaf9b9ce1f7a,Avonte Maddox,1
1502200,c57f4adc-dafc-480f-9307-c4ff8e1934a5,Alex Singleton,1
1502200,c57f4adc-dafc-480f-9307-c4ff8e1934a5,Derek Barnett,1
1502200,360332a7-a811-4874-b475-217b9b3f5040,Tarell Basham,1
1502200,f8936fdc-9317-448b-bd32-a7c84d139747,Micah Parsons,1
1502200,f8936fdc-9317-448b-bd32-a7c84d139747,Randy Gregory,1
1502200,849ec9f3-33a4-4fc0-b099-406e1b1877d0,Javon Hargrave,1
1502200,71e99d93-7fb3-4987-9cd8-37feaf51f957,Micah Parsons,1
1502200,f98a4bce-b428-497e-b2f0-6fa2b1df8a69,Chauncey Golston,1
1502200,e6b0bd00-94e8-4deb-8591-3cf351224965,Alex Singleton,1
1502200,8d006f36-26b2-40f6-b6e8-e510e7451ff2,Leighton Vander Esch,1
1502200,8d006f36-26b2-40f6-b6e8-e510e7451ff2,Chauncey Golston,1
1502200,69383049-d1f3-46a9-9b9c-7c2912c03e74,Osa Odighizuwa,1
1502200,4c354932-aa4e-4686-b743-52674116f5c2,Jaylon Smith,1
1502200,98ed7ddb-5f9f-4a21-998f-432b08ab6c6c,Randy Gregory,1
1502200,98ed7ddb-5f9f-4a21-998f-432b08ab6c6c,Osa Odighizuwa,1
1502200,98ed7ddb-5f9f-4a21-998f-432b08ab6c6c,Micah Parsons,1
1502201,bf0eb414-2ca8-4464-bcd7-b51f8faae4d3,Christian Covington,1
1502201,387bab6b-8a04-46d7-87b1-c9ee223093ab,Joe Gaziano,1
1502202,fd3a0cac-b0bb-48e9-b7c2-eea136be26b7,Chris Wormley,1
1502202,fd3a0cac-b0bb-48e9-b7c2-eea136be26b7,Joe Haden,1
1502202,2067ab2d-2ebb-4a06-82aa-45081d1cb917,T.J. Watt,1
1502202,8a213303-48b4-4443-9dcb-c0beb127b4cd,T.J. Watt,1
1502203,c2038627-6a37-42a6-9081-26df0e7a903d,Tershawn Wharton,1
1502203,c2038627-6a37-42a6-9081-26df0e7a903d,L'Jarius Sneed,1
1502203,05954e29-073e-4f49-890a-0c48434dd8f8,Chase Young,1
1502203,05954e29-073e-4f49-890a-0c48434dd8f8,Khaleke Hudson,1
1502203,a529dca4-abc0-4d09-9460-8b73a8b4bf4c,Jarran Reed,1
1502203,2ecad269-fcc1-4d76-84cb-c9e567c8aaa7,Jamin Davis,1
1502203,4f485a0f-9096-4436-80f7-543470332a1a,Tyrann Mathieu,1
1502203,4f485a0f-9096-4436-80f7-543470332a1a,Frank Clark,1
1502203,4f485a0f-9096-4436-80f7-543470332a1a,Jarran Reed,1
1502204,75287ec7-8669-4631-a795-7bbe13ae7932,Eric Kendricks,1
1502204,aed2ab40-508f-4a7f-8b7c-d7f4744f9667,Danielle Hunter,1
1502204,f2cac483-4b75-4ceb-8d59-4a90c8a16b5d,Everson Griffen,1
1502204,ff403d5b-45bb-484a-955e-a15c8e28154e,Brian Burns,1
1502205,9faf0832-c532-48ca-8628-0a66234a60ea,Danny Trevathan,1
1502205,118a6bf6-02c6-4922-b720-60b1b2afad2d,Kenny Clark,1
1502205,ea67fc95-8a1d-4886-aab8-56cce004cf5e,Dean Lowry,1
1502205,25cf8271-1a1d-4cb7-b3dd-a559b441cf9c,Jonathan Garvin,1
1502205,25cf8271-1a1d-4cb7-b3dd-a559b441cf9c,Rashan Gary,1
1502205,65ef5be6-2518-4315-9cde-9d60d229100a,De'Vondre Campbell,1
1502206,d97f6be2-61a4-45db-9742-de01aedf0967,Matthew Judon,1
1502206,084a5a98-da70-44bf-8f22-cf1dd97b1459,Matthew Judon,1
1502206,4553a043-b5c2-4d66-8842-b2859e81ef70,Jayron Kearse,1
1502207,7b42d813-cc25-44b2-b8e9-df74c929bc28,Darrell Taylor,1
1502208,e8fa1efb-a250-4161-960b-ca33ce4b5f79,Austin Johnson,1
1502208,d504c0fd-3c37-495a-8b0d-d11e8dcdc9c5,Jeremy Chinn,1
1502208,d504c0fd-3c37-495a-8b0d-d11e8dcdc9c5,A.J. Bouye,1
1502208,26bbe18d-5ac6-42bf-841b-a0fef563d14a,Jermaine Carter Jr.,1
1502208,203d1333-be25-48d8-a4ad-b702f0671553,Leonard Williams,1
1502208,203d1333-be25-48d8-a4ad-b702f0671553,Azeez Ojulari,1
1502208,ff187be4-4ef6-48fe-ba1d-a8a6dcc70978,Brian Burns,1
1502208,024ad494-c2ef-4562-9352-ef1908c96070,Bravvion Roy,1
1502208,024ad494-c2ef-4562-9352-ef1908c96070,Sean Chandler,1
1502208,d28aca59-e8a1-4d55-9eeb-a26969bb68cb,Derrick Brown,1
1502208,d28aca59-e8a1-4d55-9eeb-a26969bb68cb,Clay Johnston,1
1502208,6e7db0fc-63cb-4742-9e6e-ed861a392206,Daquan Jones,1
1502208,9bcbdb7f-3caa-4dbf-9c09-27cd8dfcdd8c,Julian Love,1
1502209,ff6a99ad-d706-4164-a206-31d5458a1c55,Troy Reeder,1
1502209,4d11ae1d-1a31-4123-82f3-6726e725fb42,Kenny Young,1
1502209,16abd100-e106-429b-a180-c5d2a80d81ee,Troy Reeder,1
1502209,16abd100-e106-429b-a180-c5d2a80d81ee,Taylor Rapp,1
1502209,9fd623f1-93c2-452e-8436-949a2c9432d6,Darnay Holmes,1
1502209,c4b9c600-3e84-4414-884d-ce43f81a6096,Reggie Ragland,1
1502209,c4b9c600-3e84-4414-884d-ce43f81a6096,Jabrill Peppers,1
1502209,6c99236a-54c1-483a-b5bf-d22606222e6f,Oshane Ximines,1
1502209,6c99236a-54c1-483a-b5bf-d22606222e6f,Dexter Lawrence,1
1502210,5cc605b9-99e4-4f59-9331-9b1a78b3367b,Jalen Reeves-Maybin,1
1502210,70b8a520-5944-4fba-a992-6cc6b71bfd01,Trey Hendrickson,1
1502210,6103f348-38ac-4cd3-a4cf-a0e102055033,Austin Bryant,1
1502211,35a8b64c-15a3-4bb1-ab70-9e73f0d30da3,Joe Tryon-Shoyinka,1
1502211,a1e3959d-e87f-4bdd-a33b-4e2b9c678054,Anthony Nelson,1
1502211,d0b8d9af-2fd3-4c3e-8512-6ba69ef45d8c,Ndamukong Suh,1
1502212,95172df7-c621-41ea-aaf6-114a9b93c6ad,Josh Allen,1
1502212,304c828a-a3b4-4488-84b4-68126c75f659,Malcom Brown,1
1502212,8df7367e-fff6-4038-bed8-64538be62066,Josh Allen,1
1502212,00e06fb8-8192-457b-853e-984822788486,Emmanuel Ogbah,1
1502212,214433c4-0f8b-4952-b0cb-7653ba0ce169,Sam Eguavoen,1
1502212,214433c4-0f8b-4952-b0cb-7653ba0ce169,Brandon Jones,1
1502212,214433c4-0f8b-4952-b0cb-7653ba0ce169,Jevon Holland,1
1502212,20414eba-af44-4b5e-860c-4b3d63561a16,Emmanuel Ogbah,1
1502213,9cfd29f2-0cd3-4ae7-b962-af886f699b13,Jonathan Greenard,1
1502213,9cfd29f2-0cd3-4ae7-b962-af886f699b13,Jacob Martin,1
1502213,86fded6f-cf6a-4ec6-b303-53314a599853,Deforest Buckner,1
1502213,86fded6f-cf6a-4ec6-b303-53314a599853,Tyquan Lewis,1
1502213,dfd592cd-8082-49fa-ae23-2cde4e2059bd,Kwity Paye,1
1502213,7c1c37f8-e9fa-42f4-8be5-a9a6a80bd126,Al-Quadin Muhammad,1
1502213,74748984-0e7b-438c-97d0-1bc9c920730e,Darius Leonard,1
1502214,ee6b0ccc-5a6b-4a61-8e3e-f395887371da,Cory Littleton,1
1502214,ee6b0ccc-5a6b-4a61-8e3e-f395887371da,Denzel Perryman,1
1502214,82dfa17e-fc48-4493-a652-6f9bcee40e94,Johnathan Hankins,1
1502214,82dfa17e-fc48-4493-a652-6f9bcee40e94,Johnathan Abram,1
1502214,1ab9d7ea-dac2-4338-9ff3-eccc7547b16e,Quinton Jefferson,1
1502214,1ab9d7ea-dac2-4338-9ff3-eccc7547b16e,Johnathan Hankins,1
1502214,a02d11ae-c8f8-4d69-ae19-974024bef517,T.J. Edwards,1
1502214,4bc470d1-8ab7-43cf-ab27-0b073d4bdd47,Brandon Facyson,1
1502214,44c55fca-bea0-4a8d-9ea0-a2bce9322783,Solomon Thomas,1
1502214,441cb046-5a33-4d2e-9be9-634e5f942ed6,Maxx Crosby,1
1502214,441cb046-5a33-4d2e-9be9-634e5f942ed6,Johnathan Abram,1
1502214,f86c5b61-0ead-4d0d-ae8b-1e096e357ace,Cory Littleton,1
1502214,f86c5b61-0ead-4d0d-ae8b-1e096e357ace,Solomon Thomas,1
1502214,b0909a51-e401-4f38-a4bf-0bad9ad2e06e,Yannick Ngakoue,1
1502214,eb93ea3c-004e-48f1-8dc8-65890a932af1,Carl Nassib,1
1502215,826f1daa-176f-4b9a-8973-1cab14bdfeeb,Folorunso Fatukasi,1
1502215,17f40483-aeb4-4796-a2d7-1fc0cd265ed6,Deatrich Wise Jr.,1
1502215,e7f34d3a-2875-46a6-a306-9fb83615e94f,Blake Cashman,1
1502215,77e7f0da-91c1-4ebf-8d5c-a96c611b984d,Quinnen Williams,1
1502215,f7f670be-919f-43cc-bab9-b442f3e326df,Michael Carter II,1
1502215,f7f670be-919f-43cc-bab9-b442f3e326df,Del'Shawn Phillips,1
1502216,919ce332-e4b4-4781-9fd9-8641dceffe9d,Leonard Floyd,1
1502216,234f3a30-699c-4913-b1cb-504a369e5217,Jonah Williams,1
1502216,234f3a30-699c-4913-b1cb-504a369e5217,A'Shawn Robinson,1
1502216,c4afc89a-d8a5-4fd9-923e-a61c77c74cf0,Kenny Young,1
1502216,d2b29ec0-cdc6-4dd1-be98-04d201d98995,Trey Flowers,1
1502217,40ba524f-f50b-4ffc-ae0b-981a9476c52f,Preston Smith,1
1502217,07d7ebc3-850e-4406-b4a0-10f45b52eb41,Krys Barnes,1
1502217,07d7ebc3-850e-4406-b4a0-10f45b52eb41,De'Vondre Campbell,1
1502217,e4e15171-212c-4b9c-b38e-2e9ac457a5bc,Adrian Amos,1
1502217,de9711ac-4bc6-4c17-a3c5-a642ba984e58,Markus Golden,1
1502217,1410d29a-dc23-4583-be14-ae263b06f664,Rashan Gary,1
1502217,dc7d880f-56e2-4d48-ad0a-4d4f9a349d21,Darnell Savage,1
1502218,b5e5e3ca-4f2d-4434-8f0a-cffedec4d31f,Kyzir White,1
1502218,966378ee-d92e-4d25-b517-777ca6e4411d,Chris Harris Jr.,1
1502218,966378ee-d92e-4d25-b517-777ca6e4411d,Alohi Gilman,1
1502218,1e6dcdd3-a4c0-4d8f-8f65-b78dd2060bd9,Linval Joseph,1
1502218,1e6dcdd3-a4c0-4d8f-8f65-b78dd2060bd9,Kyzir White,1
1502218,5c93aa3e-a867-4f05-9ed5-862398bf7045,Matthew Judon,1
1502219,452a7217-fb9d-4dd6-a910-ef7f85d834ff,Justin Houston,1
1502219,bab11da1-a3d7-4211-9427-bc7580b79666,Taylor Rapp,1
1502219,309f1f54-934a-4bab-b8f3-97dea71c9cb4,Justin Hollins,1
1502219,80e24fa2-1cb8-4f09-a52e-5ced79823c63,David Long Jr.,1
1502219,80e24fa2-1cb8-4f09-a52e-5ced79823c63,Leonard Floyd,1
1502219,3777d54f-356f-4a40-ac07-c279b2d2689c,A'Shawn Robinson,1
1502219,77ddead7-66ef-4b8a-bf1c-b9a8465a67dc,David Long Jr.,1
1502219,77ddead7-66ef-4b8a-bf1c-b9a8465a67dc,Jordan Fuller,1
1502220,016cc4e1-adad-4e3e-b88a-513f68e8d1af,Terrell Edmunds,1
1502220,5161cb3b-1fbb-4b3a-ada3-35e2a0c6d329,Cameron Heyward,1
1502220,5161cb3b-1fbb-4b3a-ada3-35e2a0c6d329,Terrell Edmunds,1
1502220,30e842b7-80b0-4874-899f-2f297d6ed223,Minkah Fitzpatrick,1
1502220,79f542b4-8882-4b3e-b712-251924f85b21,Joe Schobert,1
1502220,79f542b4-8882-4b3e-b712-251924f85b21,Alex Highsmith,1
1502220,d05a24ae-1ca3-4d82-994f-58d57f519b67,Cameron Sutton,1
1502220,b17d9225-d37e-43b3-bb88-0154f695516b,T.J. Watt,1
1502220,850b5a32-a440-4396-b44e-55d5e3e693a2,Cameron Sutton,1
1502220,f2fdbe68-b7d5-48f1-9a2e-8f5c56d48f7a,Trevis Gipson,1
1502220,f2fdbe68-b7d5-48f1-9a2e-8f5c56d48f7a,Deandre Houston-Carson,1
1502221,f1d0fc73-75db-4be9-8bf1-def8efeb2939,Cory Littleton,1
1502221,0ed96756-7a0b-4109-9752-5b77d892eb78,Solomon Thomas,1
1502221,0f5fbc99-ffc9-4935-aa64-cc5d5ef75ce3,Solomon Thomas,1
1502221,1c459296-5f5c-4959-8908-0d7410f65bf4,Malik Reed,1
1502222,81b171ca-110e-420b-98d7-4d37842f167c,Takkarist Mckinley,1
1502223,f91da1bb-b8f0-479a-99d5-86d74e140a63,Taylor Stallworth,1
1502223,6b927461-1c66-45d5-8808-a8a4efcea69c,Darius Leonard,1
1502223,6b927461-1c66-45d5-8808-a8a4efcea69c,Kenny Moore II,1
1502223,a34abbc9-b39f-4a57-b335-c83ee7dd19a0,Grover Stewart,1
1502223,a34abbc9-b39f-4a57-b335-c83ee7dd19a0,Kenny Moore II,1
1502223,a34abbc9-b39f-4a57-b335-c83ee7dd19a0,Al-Quadin Muhammad,1
1502223,cddf8b3a-8e7a-4cbb-9fd4-94cf6b13596e,Darius Leonard,1
1502223,37a22661-0208-4784-aabc-1229b45be017,Andrew Sendejo,1
1502223,86c4545d-493c-448e-9fc3-1d055971c3a9,Grover Stewart,1
1502223,86c4545d-493c-448e-9fc3-1d055971c3a9,Kenny Moore II,1
1502223,86c4545d-493c-448e-9fc3-1d055971c3a9,Kemoko Turay,1
1502223,86c4545d-493c-448e-9fc3-1d055971c3a9,Darius Leonard,1
1502223,86c4545d-493c-448e-9fc3-1d055971c3a9,Deforest Buckner,1
1502223,86c4545d-493c-448e-9fc3-1d055971c3a9,Bobby Okereke,1
1502223,86c4545d-493c-448e-9fc3-1d055971c3a9,Isaiah Rodgers,1
1502223,c981f665-361c-4fcd-8e85-c5d95adab8bf,Anthony Chesley,1
1502223,a4c37fb8-7dab-4e35-b783-ccce827eaf65,Anthony Chesley,1
1502223,474c78f4-fede-4e55-9739-9f7ca75f8476,Tyquan Lewis,1
1502223,a284bdb0-9abd-48d6-ab6d-0dfedc8d0fdd,Al-Quadin Muhammad,1
1502223,a284bdb0-9abd-48d6-ab6d-0dfedc8d0fdd,Darius Leonard,1
1502223,0a66387e-279b-45c5-8a3b-bfc7783e44db,Calais Campbell,1
1502223,2aa03da9-885b-4b8f-8195-576b03384c11,Deforest Buckner,1
1502223,563a5eea-76a6-43c7-88f0-21acbc68ee05,Darius Leonard,1
1502223,563a5eea-76a6-43c7-88f0-21acbc68ee05,Bobby Okereke,1
1502224,920ab83c-6e98-4a99-baba-f8cf0061e4aa,Foyesade Oluokun,1
1502224,920ab83c-6e98-4a99-baba-f8cf0061e4aa,Deion Jones,1
1502224,be1c010d-3045-4cb9-86c2-d95883fe7206,Mykal Walker,1
1502225,6b0ebf7b-7a95-41e0-a0de-d92e451d1f94,Kristian Fulton,1
1502225,6b0ebf7b-7a95-41e0-a0de-d92e451d1f94,Amani Hooker,1
1502225,52ff277d-a44d-4caa-8460-24719175ac8f,Naquan Jones,1
1502225,fc2a7a70-8617-4a89-9dd6-08b6b2657719,Monty Rice,1
1502225,fc2a7a70-8617-4a89-9dd6-08b6b2657719,Jackrabbit Jenkins,1
1502225,b467bb46-c6f9-4f82-aa50-46bbfae4ad66,David Onyemata,1
1502225,b467bb46-c6f9-4f82-aa50-46bbfae4ad66,Shy Tuttle,1
1502225,5fc224de-49db-459c-b8eb-ceca118c5c6c,Harold Landry III,1
1502226,ff0873ae-ad22-47b5-9427-90ea4b7f2fdc,T.J. Watt,1
1502226,af7d2c17-044b-4397-bf2e-467380df47dc,Cameron Heyward,1
1502226,af7d2c17-044b-4397-bf2e-467380df47dc,Chris Wormley,1
1502226,7820aeb2-e1d9-475f-bbee-00a72b2f7c2e,Minkah Fitzpatrick,1
1502226,6a66138d-3bca-4b56-8fd0-5f3a65b712ed,Ahkello Witherspoon,1
1502226,ff74cc7d-25d9-4d1e-b18a-5f8db122a3e8,Cameron Sutton,1
1502226,ff74cc7d-25d9-4d1e-b18a-5f8db122a3e8,Arthur Maulet,1
1502226,ff74cc7d-25d9-4d1e-b18a-5f8db122a3e8,Minkah Fitzpatrick,1
1502226,695e9274-f850-4e30-a29f-5efdc2dab179,Chris Wormley,1
1502226,313ee62e-b60c-4023-9368-7795a324c903,Montravius Adams,1
1502226,313ee62e-b60c-4023-9368-7795a324c903,Cameron Heyward,1
1502226,4ce5d825-a90d-43a7-a7f2-995d483c3103,Ahkello Witherspoon,1
1502226,4ce5d825-a90d-43a7-a7f2-995d483c3103,Joe Schobert,1
1502226,4ce5d825-a90d-43a7-a7f2-995d483c3103,Minkah Fitzpatrick,1
1502226,d7d17a15-fc12-417d-b66e-668b7d284f2f,Cameron Heyward,1
1502226,d7d17a15-fc12-417d-b66e-668b7d284f2f,T.J. Watt,1
1502226,0237ea01-04c9-4683-9e6e-929913cba4ae,Montravius Adams,1
1502226,0237ea01-04c9-4683-9e6e-929913cba4ae,Joe Schobert,1
1502227,aea8c417-3597-44c2-a94f-b1ef69200777,Joe Schobert,1
1502227,aea8c417-3597-44c2-a94f-b1ef69200777,Cameron Sutton,1
1502227,2a63fa8c-e64e-47db-b97b-aa75fb9d1146,Alex Highsmith,1
1502227,2a63fa8c-e64e-47db-b97b-aa75fb9d1146,Terrell Edmunds,1
1502227,e1575be9-91d0-4b70-ae45-da5deff120b5,Taco Charlton,1
1502227,e1575be9-91d0-4b70-ae45-da5deff120b5,Ahkello Witherspoon,1
1502227,78261817-15fa-46d1-a4fe-64463f16fd67,Chris Wormley,1
1502227,51cafb4a-16b7-4014-92d3-28203e34927a,Minkah Fitzpatrick,1
1502227,482871d4-d0e6-4c5e-a08b-e5a2b3701bc6,T.J. Watt,1
1502227,482871d4-d0e6-4c5e-a08b-e5a2b3701bc6,Arthur Maulet,1
1502227,72fc7b0f-516d-483c-9d82-22d7fcaed2a4,Isaiahh Loudermilk,1
1502227,72fc7b0f-516d-483c-9d82-22d7fcaed2a4,Joe Schobert,1
1502227,3669521c-d401-43d3-a38b-e5bae252cf1e,Alex Highsmith,1
1502227,96ae4383-198b-4bb3-9b2c-569c52994327,Cameron Sutton,1
1502227,96ae4383-198b-4bb3-9b2c-569c52994327,T.J. Watt,1
1502227,c7f151fb-9be3-4cff-ab38-8a345022d0be,Arthur Maulet,1
1502227,c7f151fb-9be3-4cff-ab38-8a345022d0be,Minkah Fitzpatrick,1
1502228,b4b5a8b4-7bc2-4d07-bf6d-23c16b27b592,Nate Hobbs,1
1502228,b85f920a-910a-4ca1-9f0f-fec2db7bbbce,Johnathan Abram,1
1502228,b85f920a-910a-4ca1-9f0f-fec2db7bbbce,Denzel Perryman,1
1502228,800deee4-52dd-41da-88f5-075dd88556de,Azeez Ojulari,1
1502228,04dd7d95-ac28-4242-9929-ab87ea36129e,Quincy Roche,1
1502228,7e9d9654-551b-4307-b4fa-762576344346,James Bradberry,1
1502228,7e9d9654-551b-4307-b4fa-762576344346,Logan Ryan,1
1502228,7e9d9654-551b-4307-b4fa-762576344346,Benardrick Mckinney,1
1502228,eec101e2-91f2-4df6-9b51-039fe61e7385,Maxx Crosby,1
1502228,eec101e2-91f2-4df6-9b51-039fe61e7385,Solomon Thomas,1
1502228,3e6641a6-1146-4bae-b3ec-5c55886b476b,Quinton Jefferson,1
1502228,3e6641a6-1146-4bae-b3ec-5c55886b476b,Johnathan Abram,1
1502228,3e6641a6-1146-4bae-b3ec-5c55886b476b,Solomon Thomas,1
1502228,3e6641a6-1146-4bae-b3ec-5c55886b476b,Tre’Von Moehrig,1
1502229,db2cee0c-b360-4a4e-bf81-cfa81c8dd6a3,Jonathan Allen,1
1502229,db2cee0c-b360-4a4e-bf81-cfa81c8dd6a3,James Smith-Williams,1
1502229,ad89aeea-76b9-4ddd-9256-68aa2bfa88fb,James Smith-Williams,1
1502229,a4e0fa08-db19-4ef1-8599-90d7baca3c55,Jamin Davis,1
1502229,a4e0fa08-db19-4ef1-8599-90d7baca3c55,Landon Collins,1
1502229,c3b1ac5e-6404-4199-ac46-ab0707c334fc,Kamren Curl,1
1502229,ebcbdc4b-745a-484c-a33a-92edf71f7cb9,Kamren Curl,1
1502229,2213619a-9ee6-41de-a5ad-c75f3f319d47,Cole Holcomb,1
1502229,2213619a-9ee6-41de-a5ad-c75f3f319d47,Daron Payne,1
1502229,ecd583ab-87e8-4c0d-8dcc-fb05300f10e8,William Jackson III,1
1502229,184569d7-89af-4c48-8150-4432414abe15,Haason Reddick,1
1502229,184569d7-89af-4c48-8150-4432414abe15,Jermaine Carter Jr.,1
1502229,b8aee4d0-aac5-4db9-abe0-7def54ae2fb9,Marquis Haynes Sr.,1
1502229,ae2d6148-f07f-4485-8e41-cc9e0e586def,Jeremy Chinn,1
1502229,c8441928-f36e-447e-bf5e-5b13f657e2aa,Jonathan Allen,1
1502230,ce024745-cf54-43fd-bc90-afa55e74ffb6,Tarell Basham,1
1502230,ce024745-cf54-43fd-bc90-afa55e74ffb6,Micah Parsons,1
1502230,e5e66eec-4250-4f28-b101-472bbae523f0,Tarell Basham,1
1502230,e5e66eec-4250-4f28-b101-472bbae523f0,Keanu Neal,1
1502230,c10971b1-22d8-40a8-a423-f4061e40d4fc,Leighton Vander Esch,1
1502230,c10971b1-22d8-40a8-a423-f4061e40d4fc,Jayron Kearse,1
1502230,e72c3b4e-1a35-4067-8701-752f90f9d86b,DeMarcus Lawrence,1
1502230,e72c3b4e-1a35-4067-8701-752f90f9d86b,Damontae Kazee,1
1502230,8904084b-3938-4bb1-838d-548bd160c348,Jayron Kearse,1
1502230,8904084b-3938-4bb1-838d-548bd160c348,Malik Hooker,1
1502230,634f6836-58d1-4558-bb06-1279ea275eda,Carlos Watkins,1
1502230,634f6836-58d1-4558-bb06-1279ea275eda,Leighton Vander Esch,1
1502230,01584e15-0582-4be8-a924-88aec743aac4,Keanu Neal,1
1502230,01584e15-0582-4be8-a924-88aec743aac4,Damontae Kazee,1
1502230,01584e15-0582-4be8-a924-88aec743aac4,Jourdan Lewis,1
1502230,01584e15-0582-4be8-a924-88aec743aac4,Carlos Watkins,1
1502230,98d54035-092d-4dd9-876a-aadf653f5eb2,Jourdan Lewis,1
1502230,532c30aa-704b-463f-b12b-317636de206d,Osa Odighizuwa,1
1502230,e64e368e-cc81-46f3-8f8a-b4497c846fb4,Micah Parsons,1
1502230,e64e368e-cc81-46f3-8f8a-b4497c846fb4,Keanu Neal,1
1502230,25c58257-234e-40a7-80e7-04076a0a2617,Dorance Armstrong,1
1502230,25c58257-234e-40a7-80e7-04076a0a2617,DeMarcus Lawrence,1
1502230,25c58257-234e-40a7-80e7-04076a0a2617,Osa Odighizuwa,1
1502231,df3823a9-af0f-47af-a0d6-22b46cc6d5c4,Bryan Mone,1
1502231,3148d763-c38e-4a11-ab00-515cdbceb84e,Terrance Mitchell,1
1502231,c1bcc762-e795-480d-aa11-4edb2b0d3e66,Carlos Dunlap,1
1502231,52473ac6-c6e6-4763-823a-30dca636ea26,Jacob Martin,1
1502231,d832de70-9419-41d2-89b4-6b285f1505dc,Maliek Collins,1
1502232,190cd464-eef5-4f4e-bcf1-d6ef4cf3e48e,Bobby Okereke,1
1502232,d4504b55-7412-4f4b-8353-05cb44ef1839,Kyle Van Noy,1
1502232,d4504b55-7412-4f4b-8353-05cb44ef1839,Lawrence Guy,1
1502232,a6ed876b-560d-4e4e-a164-41feb27f4e0b,Jamie Collins Sr.,1
1502232,a6ed876b-560d-4e4e-a164-41feb27f4e0b,Dont'A Hightower,1
1502232,32731103-a2c1-4a61-8a0f-a201444099f5,Myles Bryant,1
1502232,32731103-a2c1-4a61-8a0f-a201444099f5,Kyle Van Noy,1
1502232,2fefdd9c-77fd-4efe-be01-26e58df60fb8,Dont'A Hightower,1
1502232,2fefdd9c-77fd-4efe-be01-26e58df60fb8,Christian Barmore,1
1502232,9334a387-3165-41ff-9812-d796a1e36c90,Kyle Van Noy,1
1502233,7c11e71a-6591-4e24-9197-de37e07e0f0e,Damien Wilson,1
1502233,d96607ba-2dec-4bec-af8e-bf3e87a69664,Roy Lopez,1
1502233,d96607ba-2dec-4bec-af8e-bf3e87a69664,Eric Wilson,1
1502233,d96607ba-2dec-4bec-af8e-bf3e87a69664,Jonathan Owens,1
1502233,3cbc28e1-a2f4-438f-a4e1-bcc77f6e4ea1,Chris Smith,1
1502233,3cbc28e1-a2f4-438f-a4e1-bcc77f6e4ea1,Neville Hewitt,1
1502233,22dbf16d-07b1-458f-981d-6c3b8d90597b,Dawuane Smoot,1
1502233,f4bec018-febb-4527-891a-547bfb629e86,Chris Smith,1
1502233,f9461ae8-b1fa-4f72-bc25-d192a3be0026,Garret Wallow,1
1502234,46d882a9-491b-4f21-a37c-f2458353db4a,Jordan Poyer,1
1502234,82aabc26-3b22-4252-91bf-7e44feb32825,Vernon Butler,1
1502234,82aabc26-3b22-4252-91bf-7e44feb32825,Jordan Poyer,1
1502234,ba0e10bf-32b1-4b75-a3c1-e234d2ef63ed,Mario Addison,1
1502234,ba0e10bf-32b1-4b75-a3c1-e234d2ef63ed,Tremaine Edmunds,1
1502234,0e8dc3cc-63e0-47ce-a859-dfd18f649926,Efe Obada,1
1502234,0e8dc3cc-63e0-47ce-a859-dfd18f649926,Ed Oliver,1
1502234,b25f15e8-abb5-4578-987f-c046c53f1d36,Ed Oliver,1
1502234,b25f15e8-abb5-4578-987f-c046c53f1d36,Matt Milano,1
1502234,25586be9-d9bc-4959-84c8-eaf3da5c9123,Matt Milano,1
1502234,25586be9-d9bc-4959-84c8-eaf3da5c9123,Dane Jackson,1
1502234,25586be9-d9bc-4959-84c8-eaf3da5c9123,Tremaine Edmunds,1
1502234,d1d85019-0a65-435b-9ec7-21b58adb0516,Harrison Phillips,1
1502234,af254698-9abd-4d97-9719-e577f9e3ab1a,Micah Hyde,1
1502234,af254698-9abd-4d97-9719-e577f9e3ab1a,Taron Johnson,1
1502234,51b52079-ff59-4e93-9955-8d329726e205,Brian Burns,1
1502234,51b52079-ff59-4e93-9955-8d329726e205,Juston Burris,1
1502234,51b52079-ff59-4e93-9955-8d329726e205,Haason Reddick,1
1502234,a524f345-e58f-466a-a76a-1792811e702c,Mario Addison,1
1502234,a524f345-e58f-466a-a76a-1792811e702c,Matt Milano,1
1502234,452839d9-2ef7-4906-abbe-645ae92b310b,Carlos Basham Jr.,1
1502234,1e8ecec9-279b-4888-a556-56438fea36f7,Ed Oliver,1
1502234,1e8ecec9-279b-4888-a556-56438fea36f7,Mario Addison,1
1502234,1e8ecec9-279b-4888-a556-56438fea36f7,Jordan Poyer,1
1502234,de774c5f-ee1e-432f-a79b-40ff33bb0c33,Jordan Poyer,1
1502234,de774c5f-ee1e-432f-a79b-40ff33bb0c33,Micah Hyde,1
1502234,9bdfb040-5ede-4395-b8f4-0cc9a9de3ae6,Tremaine Edmunds,1
1502234,3d88d438-2710-4857-9021-08fa68fdae89,Vernon Butler,1
1502235,c14e99fc-0fdc-48af-a869-7b7f85cac9a9,Anthony Rush,1
1502235,c14e99fc-0fdc-48af-a869-7b7f85cac9a9,Steven Means,1
1502235,42f9ac30-b4f5-4833-91f6-9d0c98d09d0c,Mike Pennel,1
1502235,42f9ac30-b4f5-4833-91f6-9d0c98d09d0c,Brandon Copeland,1
1502235,282d35c2-a77c-4d6c-ae52-deffaea8b93a,Jordan Willis,1
1502235,23ef57b8-db0e-4a7d-bf9d-6cce86ba4cce,K'Waun Williams,1
1502235,c50203c3-85ca-450f-baed-9cd36f61134a,Marcell Harris,1
1502235,c0f4ea01-8d33-45d9-b978-85d0cd6dc2ae,Nick Bosa,1
1502235,c0f4ea01-8d33-45d9-b978-85d0cd6dc2ae,Marcell Harris,1
1502235,c0f4ea01-8d33-45d9-b978-85d0cd6dc2ae,Jaquiski Tartt,1
1502236,e6c3174e-b5b3-40d9-9066-945685c576d9,Devin White,1
1502236,19a285f5-d616-49d9-9c6a-22f581610b90,Marcus Davenport,1
1502236,7ae96fd6-5d4c-4675-972f-99f2b5b9b66c,Andrew Adams,1
1502236,abb3294d-39d8-46b2-83f0-29e0e85c5ed4,David Onyemata,1
1502236,abb3294d-39d8-46b2-83f0-29e0e85c5ed4,Carl Granderson,1
1502236,4546715b-305c-43fd-a3b5-265b4bcef969,William Gholston,1
1502236,1019ab7d-e566-42e3-8e01-8b7ea9410867,Joe Tryon-Shoyinka,1
1502236,47e1099b-81eb-4fc0-8ba6-768597ad3b39,Ndamukong Suh,1
1502236,244b3ba6-ed33-46fc-94d5-4cd0bca1358d,Jordan Whitehead,1
1502240,39fcb9c6-7601-43b8-ba2d-9414db1dee2c,Greg Gaines,1
1502240,39fcb9c6-7601-43b8-ba2d-9414db1dee2c,A'Shawn Robinson,1
1502241,62f7effe-3b37-4b44-9bc6-b225cd580fe7,Ed Oliver,1
1502241,efe19b32-e7f6-4d0d-9a8f-caf4c99d8906,Ja'Whaun Bentley,1
1502241,efe19b32-e7f6-4d0d-9a8f-caf4c99d8906,Devin Mccourty,1
1502241,bb21900c-fa63-4a28-8fef-761fc562d724,Davon Godchaux,1
1502241,bb21900c-fa63-4a28-8fef-761fc562d724,Lawrence Guy,1
1502241,b432c638-6ae4-49c7-9438-f7aadb8eddaa,Harrison Phillips,1
1502241,5f794805-d310-4293-9edb-79243e2296c6,Matthew Judon,1
1502241,5f794805-d310-4293-9edb-79243e2296c6,Devin Mccourty,1
1502241,5f794805-d310-4293-9edb-79243e2296c6,Adrian Phillips,1
1502241,29c3d7bd-890e-4a75-bb66-44faf8dee23d,Christian Barmore,1
1502241,124f1f3b-3e20-45f8-a3e3-e63021eda387,Daniel Ekuale,1
1502241,124f1f3b-3e20-45f8-a3e3-e63021eda387,Kyle Van Noy,1
1502241,74010e78-8bc5-4c32-9657-dea2c3d46e78,Christian Barmore,1
1502241,74010e78-8bc5-4c32-9657-dea2c3d46e78,Matthew Judon,1
1502241,40cf700a-d50a-4874-8f1b-1040e92c52ed,Matthew Judon,1
1502241,40cf700a-d50a-4874-8f1b-1040e92c52ed,Ja'Whaun Bentley,1
1502241,209f9874-4f28-491e-bd4d-bb69efab4058,Matthew Judon,1
1502241,a6691ffa-7508-4939-a855-721110cbae48,Micah Hyde,1
1502241,a6691ffa-7508-4939-a855-721110cbae48,Boogie Basham,1
1502241,a6691ffa-7508-4939-a855-721110cbae48,Tremaine Edmunds,1
1502241,c6ef27f3-e9e3-41e0-b942-73fbc93e8013,Kyle Van Noy,1
1502241,c6ef27f3-e9e3-41e0-b942-73fbc93e8013,Daniel Ekuale,1
1502241,30d1187c-4171-4ff8-9a27-c3776f886460,Dont'A Hightower,1
1502241,30d1187c-4171-4ff8-9a27-c3776f886460,Devin Mccourty,1
1502242,04260f36-aec5-4308-a137-9d08f21b9139,Jayon Brown,1
1502242,9481acca-a076-446e-a38d-695da7128082,Azeez Al-Shaair,1
1502242,9481acca-a076-446e-a38d-695da7128082,Samson Ebukam,1
1502242,4ffa0f23-d07d-4a88-b79d-5850a19f7d2b,Arik Armstead,1
1502243,5fab3323-2d1e-4879-a69f-5d9fce89ba59,Jayron Kearse,1
1502243,04b846b2-ffe1-4a6d-8ff9-f549284d85bd,Randy Gregory,1
1502243,8af18da9-673d-450f-8fd1-8c4fda82e51b,Daniel Wise,1
1502243,12595cb5-7dbe-4ea7-a18f-26466c3b48fc,Darian Thompson,1
1502243,050a8a4e-bb5b-4ddb-a3e1-24c89aa39590,Matt Ioannidis,1
1502243,050a8a4e-bb5b-4ddb-a3e1-24c89aa39590,Cole Holcomb,1
1502243,050a8a4e-bb5b-4ddb-a3e1-24c89aa39590,Will Bradley-King,1
1502243,4cb558bc-6c65-4afe-95b7-b1772d1723de,Tarell Basham,1
1502244,56bea4db-e698-40ad-a898-e082beff64d7,Patrick O'Connor,1
1502244,3e8c74f2-42b3-4e9b-a867-58db7f72e44d,Shaquil Barrett,1
1502244,3e8c74f2-42b3-4e9b-a867-58db7f72e44d,Ndamukong Suh,1
1502244,3e8c74f2-42b3-4e9b-a867-58db7f72e44d,Jason Pierre-Paul,1
1502245,d84980d9-c673-457a-b66f-7c688aa64c8e,Arik Armstead,1
1502245,d84980d9-c673-457a-b66f-7c688aa64c8e,Charles Omenihu,1
1502245,d84980d9-c673-457a-b66f-7c688aa64c8e,Azeez Al-Shaair,1
1502245,d84980d9-c673-457a-b66f-7c688aa64c8e,Jordan Willis,1
1502245,d9395c34-4683-4803-9ecc-839ec51ef951,D.J. Reader,1
1502245,58399c19-9cc2-4e36-8875-4cbff2391c6e,Sam Hubbard,1
1502246,190fa6df-38d4-4a6c-b504-77e66298d86f,Darius Philon,1
1502246,190fa6df-38d4-4a6c-b504-77e66298d86f,Divine Deablo,1
1502246,b401d301-08d0-445b-8a80-abec6882d3b2,Divine Deablo,1
1502246,f29c658d-a1f2-4682-a646-c1fa0a3cb6fd,Deshawn Williams,1
1502246,f29c658d-a1f2-4682-a646-c1fa0a3cb6fd,Jonathon Cooper,1
1502246,fc0dab61-1113-40c6-8fc3-cbacb8334ab8,Keisean Nixon,1
1502247,416e2df6-a46c-4cf5-88ed-3015ae0fed60,Foyesade Oluokun,1
1502247,5c02146b-4cb1-4f08-8245-18777216f507,Duron Harmon,1
1502247,6402022f-a33d-4b5f-aa8e-49bd9e18dfb5,Anthony Rush,1
1502247,6402022f-a33d-4b5f-aa8e-49bd9e18dfb5,Shawn Williams,1
1502247,e2835c74-02b0-4d46-8ba3-8836e7bad1e9,Mike Pennel,1
1502247,e2835c74-02b0-4d46-8ba3-8836e7bad1e9,Dante Fowler Jr.,1
1502247,8aec8233-ab5f-4546-8adf-c1b1f3d9fd78,Kendall Sheffield,1
1502247,3fb8cfe1-eb47-49f8-bb3c-35ab88868f6d,Dante Fowler Jr.,1
1502247,3fb8cfe1-eb47-49f8-bb3c-35ab88868f6d,Duron Harmon,1
1502247,c4ff33a1-fb46-419c-be80-65b75bd6c7bd,Foyesade Oluokun,1
1502247,c4ff33a1-fb46-419c-be80-65b75bd6c7bd,Steven Means,1
1502247,c4ff33a1-fb46-419c-be80-65b75bd6c7bd,Ta'Quon Graham,1
1502247,d462daa6-ea80-413d-9ead-102edddff875,Dante Fowler Jr.,1
1502247,d462daa6-ea80-413d-9ead-102edddff875,Foyesade Oluokun,1
1502247,36b77093-540a-4d23-9a89-1b4334d19f27,Dante Fowler Jr.,1
1502247,36b77093-540a-4d23-9a89-1b4334d19f27,Grady Jarrett,1
1502247,36b77093-540a-4d23-9a89-1b4334d19f27,Foyesade Oluokun,1
1502247,36b77093-540a-4d23-9a89-1b4334d19f27,Duron Harmon,1
1502247,11b33d19-5074-49b3-af95-5b40fd0fbcf2,Greg Rousseau,1
1502247,939692bf-0e7d-4f78-903f-bbba86c0a47f,Grady Jarrett,1
1502248,dc928140-7b36-48e2-a851-41560ae185ac,Jeffery Simmons,1
1502248,32226abe-9516-40b7-90a5-9fae7d018558,Denico Autry,1
1502248,32226abe-9516-40b7-90a5-9fae7d018558,Ola Adeniyi,1
1502248,adca24ca-b8eb-48db-9eff-d227d3ec2047,Dawuane Smoot,1
1502248,f6592a52-a8b0-4030-8fab-cb048ddb49ad,Roy Robertson-Harris,1
1502248,41c50afb-375a-4cb4-acb3-d2922f46d1bd,Malcom Brown,1
1502249,a38c0da1-4d87-4950-9284-a0b1b5c93d64,Pete Werner,1
1502249,a38c0da1-4d87-4950-9284-a0b1b5c93d64,Cameron Jordan,1
1502249,a38c0da1-4d87-4950-9284-a0b1b5c93d64,Zack Baun,1
1502249,7539b9ec-4913-4e63-b884-94bd9156bac5,P.J. Williams,1
1502249,4513f5e0-c99b-4519-b4e7-6783f400ab59,Marcus Davenport,1
1502249,f0f6b052-f994-4852-be8f-5f7ef2466e2b,Emmanuel Ogbah,1
1502249,854a73b1-6222-40f0-af31-2a23f8c52d76,Elandon Roberts,1
1502249,854a73b1-6222-40f0-af31-2a23f8c52d76,Brandon Jones,1
1502249,d0d9c71b-bf7b-4074-a0eb-49513e9cb7fc,Jaelan Phillips,1
1502250,f390f9d4-df66-4822-9c7e-41b4b968d5c1,Robert Quinn,1
1502250,85477d00-f2ce-4f2c-8a45-e481673f888a,Austin Johnson,1
1502250,85477d00-f2ce-4f2c-8a45-e481673f888a,Lorenzo Carter,1
1502250,9c71a56a-f939-4d7c-9528-5bdbc312fa53,Jaylon Smith,1
1502250,a4a47e11-49ed-42b5-a7ea-5123a212ed45,Tae Crowder,1
1502251,e9d1e655-86fe-4e02-a175-5f97f177790b,Bud Dupree,1
1502251,3ef2913c-fc0d-4690-b313-237f804aab73,Raekwon Davis,1
1502251,3ef2913c-fc0d-4690-b313-237f804aab73,Christian Wilkins,1
1502251,5446fc3d-4243-406b-beb5-776b05450da3,Jerome Baker,1
1502252,28e87b74-1d91-4c86-a38d-d65f60f15fe3,Stephen Weatherly,1
1502252,575963bf-b513-4817-9619-3ae3cb0f3fc3,Charles Harris,1
1502253,cc102ad0-69e1-4144-a110-29822a55cbbf,Damien Wilson,1
1502253,834961be-fa6b-4587-ad4d-d8991bcce816,Damien Wilson,1
1502254,c744ef3e-4505-4613-b2be-adc4d51347aa,Charles Harris,1
1502254,39f8d743-7a80-424e-a79c-12ebfb978c90,Isaiah Simmons,1
1502254,59734c67-32d8-436b-97bb-9246f508dd77,Austin Bryant,1
1502254,970eb8b6-f370-4e1b-ab88-78831aba882c,Jalen Reeves-Maybin,1
1502254,970eb8b6-f370-4e1b-ab88-78831aba882c,Jessie Lemonier,1
1502254,68f7abae-9402-4927-b669-1bc60e31fb5a,Charles Harris,1
1502254,b87248df-9613-409b-9dee-3fbcfb10a852,Jalen Reeves-Maybin,1
1502255,b85284b5-2d4e-45c1-8066-536553cfa1a2,Minkah Fitzpatrick,1
1502255,b85284b5-2d4e-45c1-8066-536553cfa1a2,Cameron Heyward,1
1502255,4d562a02-bd1a-4810-9877-088a4e58cc82,Kyle Peko,1
1502255,4d562a02-bd1a-4810-9877-088a4e58cc82,Rashaan Evans,1
1502255,34fd2cef-e9d8-4956-9279-8da1577863dd,Terrell Edmunds,1
1502255,34fd2cef-e9d8-4956-9279-8da1577863dd,Devin Bush,1
1502256,691851b8-1a5f-4d1d-86f0-0e03ca9bb834,DeMarcus Lawrence,1
1502257,b4329e7a-53da-4ee1-9661-0d1493689766,Joe Bachie,1
1502257,b4329e7a-53da-4ee1-9661-0d1493689766,Germaine Pratt,1
1502257,ca589d5f-6ac6-47e5-87ce-2d7f8569e3db,Markus Bailey,1
1502257,ca589d5f-6ac6-47e5-87ce-2d7f8569e3db,Germaine Pratt,1
1502257,ceaae8bd-7c27-4667-aefd-bc9258bbb663,Stephen Weatherly,1
1502257,7cd1c00b-fd5c-49fb-b3a6-c1c17acedd64,Joe Bachie,1
1502257,7cd1c00b-fd5c-49fb-b3a6-c1c17acedd64,Larry Ogunjobi,1
1502257,a8beb3a8-ace1-4b35-b65a-409f972bd909,Larry Ogunjobi,1
1502257,e0e5cde2-a236-40a7-819c-d2af55e6702e,Mctelvin Agim,1
1502257,e0e5cde2-a236-40a7-819c-d2af55e6702e,Jonathon Cooper,1
1502257,ef4e58f6-0767-4c43-883d-b21cb33fb28d,Joe Bachie,1
1502257,ef4e58f6-0767-4c43-883d-b21cb33fb28d,B.J. Hill,1
1502257,b318fe4a-bfef-415e-a4d6-988609ae2341,Khalid Kareem,1
1502257,91d4f574-bfa0-4160-a5ed-61d39d49ac80,Larry Ogunjobi,1
1502259,55bca49b-2d88-40fd-8db4-151c03f1fffb,George Odum,1
1502259,10b2c875-d8bf-45b3-a139-d4ab814082d4,Byron Murphy Jr.,1
1502259,a784d5f2-82d5-4ff5-8b4a-756417edddbd,E.J. Speed,1
1502259,6f84addd-a1f2-4cd5-b2b7-fd516e42f172,Al-Quadin Muhammad,1
1502259,6f84addd-a1f2-4cd5-b2b7-fd516e42f172,Bobby Okereke,1
1502260,e3613130-17a3-46c4-a58d-2a0390f4cbf6,Greg Rousseau,1
1502260,7f2894b4-8b32-4799-b82e-9c155f489398,Anthony Nelson,1
1502260,7f2894b4-8b32-4799-b82e-9c155f489398,Rakeem Nunez-Roches,1
1502260,4246b537-4d28-491d-afa5-ac74bcc8aa8f,Matt Milano,1
1502260,4246b537-4d28-491d-afa5-ac74bcc8aa8f,Tremaine Edmunds,1
1502260,7e9eb642-f7df-40b8-a767-5a98850c6c6c,Shaquil Barrett,1
1502260,98619a81-07a5-4163-9108-ed368811acab,Carlton Davis III,1
1502260,02f9f9ff-bfea-4e9e-85fa-99b04cf77dc5,Sean Murphy-Bunting,1
1502260,98b998fb-a60a-4eac-ae19-d2a55e38fab3,Joe Tryon-Shoyinka,1
1502261,e87c4060-0da9-4090-99fb-97376ae22511,Anthony Nelson,1
1502261,f791f738-db8c-4727-9ace-b6801492ef09,Cam Gill,1
1502261,47b0bf08-48d9-4b20-8386-c124ae97cebf,William Gholston,1
1502261,47b0bf08-48d9-4b20-8386-c124ae97cebf,Rakeem Nunez-Roches,1
1502261,a7b96369-304e-4dc8-901a-6d087af99c9f,Joe Tryon-Shoyinka,1
1502261,a7b96369-304e-4dc8-901a-6d087af99c9f,Antoine Winfield Jr.,1
1502262,b7c3affb-b393-4f53-9be3-b939f422c917,Devin White,1
1502262,b7c3affb-b393-4f53-9be3-b939f422c917,Mike Edwards,1
1502262,b7c3affb-b393-4f53-9be3-b939f422c917,Kevin Minter,1
1502262,3a818af3-1639-46a7-88bb-7c74cc40e6c1,Shaquil Barrett,1
1502262,652a55e8-3b45-4f9c-bb4b-037891b5b734,Shaquil Barrett,1
1502262,c8849368-54b5-454a-b7e3-9b9952d6834a,Shaquil Barrett,1
1502262,c8849368-54b5-454a-b7e3-9b9952d6834a,Vita Vea,1
1502262,8c127023-d2f3-432b-a9b5-db8f9e025373,Kevin Minter,1
1502262,40fe6cbd-6ba2-4277-8f5e-f649450e46b3,Kevin Minter,1
1502262,bf4ee6be-bb45-4f47-acd4-5638e3e722aa,Javon Hargrave,1
1502264,875547f1-ebc2-45ac-a338-09d618805346,Aaron Donald,1
1502264,26ad029a-317a-4bc9-ac49-083a0602d4ea,Greg Gaines,1
1502264,832026b9-6f43-4ec7-8874-4d63941d3354,Terrell Burgess,1
1502265,079ee94d-aaf7-4da8-8a68-bb0ba78ebb7e,Sheldon Richardson,1
1502265,fe222c1f-221e-47d2-9030-a8ae16a00746,Armon Watts,1
1502265,3dd79980-a8ce-4c4b-8200-96add4091dda,Greg Gaines,1
1502265,32140b16-1765-49c1-916f-056b316ccb04,Dalvin Tomlinson,1
1502265,32140b16-1765-49c1-916f-056b316ccb04,Eric Kendricks,1
1502265,32140b16-1765-49c1-916f-056b316ccb04,D.J. Wonnum,1
1502266,dafee2f9-e1bb-496f-a988-663c7422a3bc,Devin White,1
1502266,a50a98bb-8b32-4f8a-857e-2ca253385983,Jordan Whitehead,1
1502266,e478e8dd-9956-4c80-b7b7-eabd11258bbf,Steve Mclendon,1
1502267,5e15aa34-597d-49ee-aa0c-02042de1846d,Chris Harris Jr.,1
1502267,0b630960-6d64-48a1-8bb8-c9535e656e6d,Jarran Reed,1
1502267,13f73c07-70b7-45fb-8e4c-1c588b940ef9,Melvin Ingram,1
1502267,13f73c07-70b7-45fb-8e4c-1c588b940ef9,Daniel Sorensen,1
1502267,b2c9df43-b086-4c27-baa3-6de4c217d0f6,Nick Bolton,1
1502267,bb3c3991-ea71-492b-94d5-6d590bef62f9,Joey Bosa,1
1502267,0f9659b8-c3a2-4402-9ded-da65f60c3653,Joey Bosa,1
1502267,4e382ef1-2b27-47f5-af52-a9390d0c6ace,Joey Bosa,1
1502267,4e382ef1-2b27-47f5-af52-a9390d0c6ace,Justin Jones,1
1502267,80f7e366-c80f-4c65-800a-aa10687a2a78,Nasir Adderley,1
1502268,e9360af9-4b48-4134-89a3-38409f267281,Jaylinn Hawkins,1
1502268,e9360af9-4b48-4134-89a3-38409f267281,Mike Pennel,1
1502268,14584159-d968-46a5-9b70-7f97fbc37121,Deion Jones,1
1502268,14584159-d968-46a5-9b70-7f97fbc37121,Jaylinn Hawkins,1
1502268,599df2c4-9c3b-4542-9186-7155a36a7df5,Brandon Copeland,1
1502268,4d67697e-49c7-49d6-b281-55b8f47908a0,John Cominsky,1
1502268,685cb447-f3ea-4005-97b7-d1db84bcbcaf,Steven Means,1
1502268,27de5fbc-de3e-45c5-9530-07949345579d,Foyesade Oluokun,1
1502268,26beb073-c57d-485a-a54a-368fb4260e69,Fabian Moreau,1
1502268,26beb073-c57d-485a-a54a-368fb4260e69,Deion Jones,1
1502268,26beb073-c57d-485a-a54a-368fb4260e69,John Cominsky,1
1502268,ca573ea9-0c2d-49f1-ae8b-4b57dcdf54d2,Jaylinn Hawkins,1
1502268,ca573ea9-0c2d-49f1-ae8b-4b57dcdf54d2,Deion Jones,1
1502268,ca573ea9-0c2d-49f1-ae8b-4b57dcdf54d2,Foyesade Oluokun,1
1502268,8dd0b9c6-9fa0-45e3-9750-5efd954750e2,Grady Jarrett,1
1502268,8dd0b9c6-9fa0-45e3-9750-5efd954750e2,Foyesade Oluokun,1
1502268,8dd0b9c6-9fa0-45e3-9750-5efd954750e2,Duron Harmon,1
1502268,8dd0b9c6-9fa0-45e3-9750-5efd954750e2,Mike Pennel,1
1502268,835a5f0c-b4db-487d-b88f-bc34cfbd3800,Derrick Brown,1
1502268,b9dba1af-85ab-4688-a1d5-44a5763c06f1,Dante Fowler Jr.,1
1502268,4dfc238b-6219-433a-bf6e-67dc54915397,Foyesade Oluokun,1
1502268,264c5c1e-ec20-40f3-8941-19a0c9e169af,Daquan Jones,1
1502269,4777a1fd-bf16-4b3c-b0e1-7ba0afbb0545,Rashad Fenton,1
1502269,4777a1fd-bf16-4b3c-b0e1-7ba0afbb0545,Frank Clark,1
1502269,5acc3a4b-1a32-460c-a1cc-6591a7ebb312,Markus Bailey,1
1502269,facaf87f-9bf0-4365-9dd0-792746fd8e10,Ben Niemann,1
1502269,6417fa9d-f996-4fb1-828f-701f355a6a37,Alex Okafor,1
1502269,a35d4236-8f5b-4844-abc1-84b86a143b5a,Sam Hubbard,1
1502269,d3b955f3-26fb-4b64-a6ff-956f760c3597,Nick Bolton,1
1502269,1587ee0b-efcb-4b53-af7a-acbd102baff2,Chris Jones,1
1502269,1587ee0b-efcb-4b53-af7a-acbd102baff2,Frank Clark,1
1502269,1587ee0b-efcb-4b53-af7a-acbd102baff2,Melvin Ingram,1
1502269,93ddfd7b-a331-45d1-b16b-9bd601783e47,Jarran Reed,1
1502269,93ddfd7b-a331-45d1-b16b-9bd601783e47,Derrick Nnadi,1
1502269,2be62ea9-dd8b-4361-bfd7-ccc352926b5e,Jarran Reed,1
1502269,2be62ea9-dd8b-4361-bfd7-ccc352926b5e,Tershawn Wharton,1
1502270,1a298c48-6dc6-4199-a626-10ffa6360cf2,Preston Smith,1
1502270,146776e3-76aa-48ec-8be0-bfa287941410,Rashan Gary,1
1502270,7e67e8e1-c259-4817-b7be-083767a2880d,Darnell Savage,1
1502270,7e67e8e1-c259-4817-b7be-083767a2880d,Preston Smith,1
1502270,ffba747b-3143-4976-8b77-175e004a9c27,Preston Smith,1
1502270,288cd184-1f7a-4208-b79e-2cf2397071f3,Rashan Gary,1
