class,term,coef
loss,(Intercept),2.507107191330831
loss,rusher::A.J. Epenesa,-0.0990996521702337
loss,rusher::A.J. Johnson,0.035598687035482565
loss,rusher::A'Shawn Robinson,0.13770711499717245
loss,rusher::Aaron Donald,-0.29968923532989755
loss,rusher::Aaron James Klein,-0.1440980955579176
loss,rusher::Aaron Patrick,0.08759636617281624
loss,rusher::Abdullah Anderson,0.012052430836010878
loss,rusher::Adam Butler,0.24867993249712525
loss,rusher::Adam Gotsis,-0.37186940577016386
loss,rusher::Adetokunbo Ogundeji,0.3618780813561255
loss,rusher::Akeem Davis-Gaither,-0.007822602070149773
loss,rusher::Akeem Spence,0.090506352076972
loss,rusher::Akiem Hicks,-0.13138491799335716
loss,rusher::Al Woods,0.037056199462163084
loss,rusher::Al-Quadin Muhammad,-0.02664927617608907
loss,rusher::Albert Huggins,0.09246019292509335
loss,rusher::Alec Ogletree,-9.313749615156097e-5
loss,rusher::Alex Anzalone,0.20397477081928908
loss,rusher::Alex Highsmith,-0.05914332335665811
loss,rusher::Alex Okafor,0.16602571064724764
loss,rusher::Alex Singleton,-0.3040288545335627
loss,rusher::Alexander Johnson,0.018411189136946872
loss,rusher::Alim Mcneill,-0.05330820670940904
loss,rusher::Alton Robinson,-0.04788628044544805
loss,rusher::Amani Bledsoe,-0.012181182368372763
loss,rusher::Amen Ogbongbemiga,-0.13125227577236123
loss,rusher::Andre Mintze,0.3054909901373333
loss,rusher::Andrew Billings,0.03404771936569109
loss,rusher::Andrew Brown,0.010562806130677511
loss,rusher::Andrew Dowell,-0.0970588995353828
loss,rusher::Andrew Van Ginkel,0.15882539770830373
loss,rusher::Angelo Blackson,-0.02845318626749857
loss,rusher::Anthony Barr,0.033220112747239884
loss,rusher::Anthony Hitchens,-0.08786676147841371
loss,rusher::Anthony Levine Sr.,0.005689254273574215
loss,rusher::Anthony Nelson,0.27559707422976626
loss,rusher::Anthony Pittman,0.060074886890206375
loss,rusher::Anthony Rush,0.16751325851333432
loss,rusher::Anthony Walker Jr.,-0.06748523505431077
loss,rusher::Antwaun Woods,0.056530387511012636
loss,rusher::Arden Key,0.12273439230737115
loss,rusher::Arik Armstead,0.023790905862816913
loss,rusher::Armon Watts,-0.012369641341970935
loss,rusher::Austin Bryant,-0.043044106270363466
loss,rusher::Austin Calitro,-0.04440538931605182
loss,rusher::Austin Faoliu,0.03051155201114582
loss,rusher::Austin Johnson,0.0440679885869342
loss,rusher::Azeez Al-Shaair,-0.041650751433101124
loss,rusher::Azeez Ojulari,-0.00912079089571987
loss,rusher::Azur Kamara,-0.014852641708597557
loss,rusher::B.J. Hill,-0.014647810655624866
loss,rusher::Baron Browning,0.24697452545181214
loss,rusher::Ben Banogu,0.22873874091272237
loss,rusher::Ben Niemann,-0.021708925179116993
loss,rusher::Benardrick Mckinney,-0.02006774114436057
loss,rusher::Benning Potoa'E,-0.07822419525777669
loss,rusher::Benson Mayowa,0.17277036751433028
loss,rusher::Bilal Nichols,0.09697231535351968
loss,rusher::Blake Cashman,0.060822651386511814
loss,rusher::Blake Lynch,0.09930674092779788
loss,rusher::Blake Martinez,0.004660954027237201
loss,rusher::Bobby Brown III,-0.001120054402674659
loss,rusher::Bobby Okereke,0.22917195046362748
loss,rusher::Bobby Wagner,-0.07198043820175246
loss,rusher::Boogie Basham,0.08987662329223171
loss,rusher::Bradlee Anae,-3.6548143608708655e-4
loss,rusher::Bradley Chubb,0.07211776422642455
loss,rusher::Brandin Bryant,0.11702061303585704
loss,rusher::Brandon Copeland,0.059815303305813874
loss,rusher::Brandon Graham,-0.053916952764910805
loss,rusher::Brandon Williams,0.18296776561306224
loss,rusher::Bravvion Roy,0.09281570137240654
loss,rusher::Braxton Hoyett,-0.03011123283282329
loss,rusher::Breiden Fehoko,-0.2034583129247171
loss,rusher::Brennan Scarlett,-0.042533327468779136
loss,rusher::Brent Urban,-0.023030928752951093
loss,rusher::Brian Burns,-0.14382673200037277
loss,rusher::Broderick Washington,0.04733496396631306
loss,rusher::Bruce Hector,-0.021207140989393754
loss,rusher::Bruce Irvin,0.2796779519067917
loss,rusher::Bryan Mone,-0.18089365906554053
loss,rusher::Bryce Huff,-0.01789781624262588
loss,rusher::Bud Dupree,0.0010626026665268538
loss,rusher::Bunmi Rotimi,0.14780354875714008
loss,rusher::C.J. Mosley,0.14460648119519554
loss,rusher::Calais Campbell,0.10159963355239995
loss,rusher::Caleb Johnson,0.040909562495618945
loss,rusher::Calvin Munson,-0.04378157912704855
loss,rusher::Cam Brown,0.05373209603030951
loss,rusher::Cam Sample,0.17718669546084606
loss,rusher::Cameron Heyward,0.0850780294662542
loss,rusher::Cameron Jordan,0.03324260250245626
loss,rusher::Cameron Malveaux,0.07471793501962702
loss,rusher::Caraun Reid,0.137558980121175
loss,rusher::Carl Davis Jr.,0.026943338071461043
loss,rusher::Carl Granderson,0.1570888089076636
loss,rusher::Carl Nassib,0.1858690427321486
loss,rusher::Carlos Basham Jr.,-0.008030046356359165
loss,rusher::Carlos Davis,0.18235319888946913
loss,rusher::Carlos Dunlap,-0.27336682120330125
loss,rusher::Carlos Watkins,0.11265874474610857
loss,rusher::Carter Coughlin,-0.028267364208688892
loss,rusher::Casey Toohill,0.33389769662931557
loss,rusher::Cassius Marsh Sr.,-0.006334002842204212
loss,rusher::Chandler Jones,-0.02604955033279933
loss,rusher::Chapelle Russell,-0.10511747815303156
loss,rusher::Charles Harris,0.029383374654409933
loss,rusher::Charles Omenihu,-0.053969918041207834
loss,rusher::Charles Snowden,0.05621123739815758
loss,rusher::Chase Winovich,0.27363810691874735
loss,rusher::Chase Young,0.015892301721385935
loss,rusher::Chauncey Golston,-0.013394804055096346
loss,rusher::Chauncey Rivers,0.009134651666596707
loss,rusher::Chris Board,0.25902109103063947
loss,rusher::Chris Jones,-0.27145816184258376
loss,rusher::Chris Rumph II,0.033638729692908154
loss,rusher::Chris Smith,0.004659485816703288
loss,rusher::Chris Williams,-0.03615970703732829
loss,rusher::Chris Wormley,-0.017657432785882065
loss,rusher::Christian Barmore,0.00471465173212237
loss,rusher::Christian Covington,0.09913863063997087
loss,rusher::Christian Elliss,-0.024706412462467936
loss,rusher::Christian Jones,0.07593793778611226
loss,rusher::Christian Kirksey,-0.12300638461603577
loss,rusher::Christian Ringo,0.062323855560905965
loss,rusher::Christian Wilkins,-0.08070024097026979
loss,rusher::Clay Johnston,0.016676881391616674
loss,rusher::Clelin Ferrell,-0.03926268598604963
loss,rusher::Cody Barton,-0.2581991892081121
loss,rusher::Cole Holcomb,-0.11027845572812407
loss,rusher::Corey Peters,0.11532844452885944
loss,rusher::Cortez Broughton,0.06636908396195604
loss,rusher::Cory Littleton,0.08283795991817497
loss,rusher::Curtis Robinson,-0.009763276953649366
loss,rusher::Curtis Weaver,0.01342784960806285
loss,rusher::D.J. Jones,-0.07460447021176862
loss,rusher::D.J. Reader,0.0503389550395759
loss,rusher::D.J. Wonnum,0.2587564599296847
loss,rusher::Da'Shawn Hand,0.18518528504176224
loss,rusher::Daelin Hayes,0.01193512865119404
loss,rusher::Dakota Allen,0.21613690833595775
loss,rusher::Dalvin Tomlinson,0.009527476901211161
loss,rusher::Damien Wilson,0.04416785154654537
loss,rusher::Damion Square,-0.04819828749884583
loss,rusher::Daniel Archibong,-0.06780535573750185
loss,rusher::Daniel Ekuale,-0.16940965664998298
loss,rusher::Daniel Wise,0.09411820819824589
loss,rusher::Danielle Hunter,-0.11085147299597684
loss,rusher::Danny Shelton,0.09687641133247668
loss,rusher::Danny Trevathan,0.041044700515206436
loss,rusher::Dante Fowler Jr.,0.014590473339022494
loss,rusher::Daquan Jones,-0.0854343164428672
loss,rusher::Darius Hodges,0.04039914928197596
loss,rusher::Darius Leonard,-0.13086148065155465
loss,rusher::Darius Philon,-0.28508471239332167
loss,rusher::Daron Payne,0.010591971195276367
loss,rusher::Darrell Taylor,-0.2271688622840847
loss,rusher::Darryl Johnson,-0.04065066455692682
loss,"rusher::David Long, Jr.",-0.24077074738259419
loss,rusher::David Mayo,0.08587710404241002
loss,rusher::David Moa,-0.16973931563712338
loss,rusher::David Onyemata,-0.13212470296547424
loss,rusher::Davion Taylor,0.1138022020877998
loss,rusher::Daviyon Nixon,-0.03893878381972246
loss,rusher::Davon Godchaux,-0.07995711750964016
loss,rusher::Davon Hamilton,-0.11125737786686296
loss,rusher::Dawuane Smoot,-0.07786052840935782
loss,rusher::Dayo Odeyingbo,0.10654726510996188
loss,rusher::De'Vondre Campbell,-0.02976004676885274
loss,rusher::Dean Lowry,0.18787967231548577
loss,rusher::DeAngelo Malone,0.017099573238414385
loss,rusher::Deatrich Wise Jr.,0.1307457317411837
loss,rusher::Dee Ford,0.10765657775020007
loss,rusher::Deforest Buckner,-0.2434715255042986
loss,rusher::Deion Jones,-0.0440012697095961
loss,rusher::Del'Shawn Phillips,-0.011049313498493482
loss,rusher::Delontae Scott,0.032849774297884896
loss,rusher::DeMarcus Lawrence,-0.07779883278402731
loss,rusher::Demarcus Walker,-0.06566285235071631
loss,rusher::Demario Davis,7.566693014130591e-4
loss,rusher::Demetrius Flannigan-Fowles,0.1624649893230107
loss,rusher::Demone Harris,0.17854460242988354
loss,rusher::Denico Autry,-0.19510260476328323
loss,rusher::Dennis Gardeck,0.05955865970101529
loss,rusher::Denzel Perryman,-0.013199339926026
loss,rusher::Derek Barnett,-0.020521657135412655
loss,rusher::Derek Rivers,0.18428692659119203
loss,rusher::Derick Roberson,-0.31331585068095535
loss,rusher::Derrek Tuszka,0.0769782627751199
loss,rusher::Derrick Barnes,-0.03319033410476102
loss,rusher::Derrick Brown,-0.11651449046735482
loss,rusher::Derrick Nnadi,0.1257452249222371
loss,rusher::Deshawn Williams,0.14146813134394318
loss,rusher::Devin Bush,0.08290131207265801
loss,rusher::Devin White,0.04377538880410673
loss,rusher::Devon Kennard,0.0704560497619941
loss,rusher::Dexter Lawrence,0.10873584831734481
loss,rusher::Divine Deablo,0.3055274500430383
loss,rusher::Dont'A Hightower,0.21394623412538288
loss,rusher::Dorance Armstrong,0.1711687503247525
loss,rusher::Dorian O'Daniel,-0.04142223718640683
loss,rusher::Doug Costin,0.17743128555517074
loss,rusher::Dre Greenlaw,-0.13422469185639788
loss,rusher::Dre'Mont Jones,-0.0764135134870558
loss,rusher::Drue Tranquill,-0.03570248602147112
loss,rusher::Duke Riley,-0.15823748869258744
loss,rusher::Dylan Cole,-0.0739866359811719
loss,rusher::E.J. Speed,-0.05096911264100164
loss,rusher::Ed Oliver,-0.18798922452400074
loss,rusher::Eddie Goldman,0.040373670449455515
loss,rusher::Eddie Yarbrough,0.0524057981850128
loss,rusher::Efe Obada,-0.16567199416968603
loss,rusher::Elandon Roberts,-0.10956311765770027
loss,rusher::Elerson Smith,0.04893124933974361
loss,rusher::Eli Ankou,-0.11551831801702767
loss,rusher::Elijah Lee,0.13935737159573836
loss,rusher::Emeke Egbule,0.05601381291078981
loss,rusher::Emmanuel Ellerbee,0.0367866211446995
loss,rusher::Emmanuel Ogbah,-0.11634830519023248
loss,rusher::Eric Banks,-0.010845284108309098
loss,rusher::Eric Kendricks,0.07179181692629574
loss,rusher::Eric Wilson,0.008483568661362724
loss,rusher::Ernest Jones,-0.02519750416844177
loss,rusher::Ethan Westbrooks,0.06365405934202682
loss,rusher::Everson Griffen,-0.14134158055719676
loss,rusher::Fletcher Cox,0.001948063149429319
loss,rusher::Folorunso Fatukasi,-0.04743857441939904
loss,rusher::Forrest Merrill,0.01614554368085247
loss,rusher::Foyesade Oluokun,-0.0018122891662175063
loss,rusher::Frank Clark,-0.004464251549051845
loss,rusher::Frank Herron,0.03560250446837058
loss,rusher::Frankie Luvu,-0.11759785719376614
loss,rusher::Fred Warner,-0.015215730134968573
loss,rusher::Freedom Akinmoladun,-0.014507072029749143
loss,rusher::Garret Wallow,-0.19475428617282717
loss,rusher::Genard Avery,-0.11135180153349243
loss,rusher::Gerald McCoy,-0.06435430323133862
loss,rusher::Germaine Pratt,0.01692869420174454
loss,rusher::Grady Jarrett,-0.0559859719424478
loss,rusher::Grant Stuard,0.02066878286463051
loss,rusher::Greg Gaines,-0.03689684912715154
loss,rusher::Greg Rousseau,-0.15376090543432955
loss,rusher::Grover Stewart,0.07782497420673248
loss,rusher::Haason Reddick,-0.14688474428774947
loss,rusher::Hamilcar Rashed Jr.,0.07361821521118962
loss,rusher::Hamsah Nasirildeen,0.1786090296534139
loss,rusher::Hardy Nickerson,-0.04950679315555363
loss,rusher::Harold Landry III,-0.07611190892048349
loss,rusher::Harvey Langi,-0.0153223160889473
loss,rusher::Hassan Ridgeway,-0.08620808853420373
loss,rusher::Henry Anderson,-0.007195992154489645
loss,rusher::Henry Mondeaux,0.2038922764939226
loss,rusher::Ifeadi Odenigbo,0.2789538955295592
loss,rusher::Isaac Rochell,0.10476250773678017
loss,rusher::Isaiah Buggs,0.05489186292950284
loss,rusher::Isaiah Mack,-0.05424441855424423
loss,rusher::Isaiah Simmons,0.01888902591561663
loss,rusher::Isaiahh Loudermilk,0.19395089817467723
loss,rusher::J.J. Watt,-0.37274244925263705
loss,rusher::Ja'Whaun Bentley,0.051512497327081755
loss,rusher::Jabari Zuniga,-0.23700865638575636
loss,rusher::Jabril Cox,0.0176777137761701
loss,rusher::Jack Heflin,0.13712779094516295
loss,rusher::Jacob Martin,-0.22262467939373892
loss,rusher::Jacob Phillips,-0.008195170345098444
loss,rusher::Jacob Tuioti-Mariner,0.1627752577172374
loss,rusher::Jacoby Stevens,-0.045517577080959444
loss,rusher::Jadeveon Clowney,-0.2529654456516987
loss,rusher::Jaelan Phillips,-0.08598036327853176
loss,rusher::Jahlani Tavai,0.07697064579140633
loss,rusher::Jake Zimmer,8.703153636898186e-4
loss,rusher::Jaleel Johnson,0.0011099807171294543
loss,rusher::Jalen Reeves-Maybin,-0.029934354030308044
loss,rusher::Jalyn Holmes,0.1742892000849167
loss,rusher::James Lynch,-0.053972899013080416
loss,rusher::James Smith-Williams,0.16278812511551416
loss,rusher::James Vaughters,0.11349804859552946
loss,rusher::Jamie Collins Sr.,0.016370346047572794
loss,rusher::Jamien Sherwood,0.05434924507284625
loss,rusher::Jamin Davis,-0.007853430315174019
loss,rusher::Jamir Jones,-0.004704145299833149
loss,rusher::Jarrad Davis,0.19362811355666493
loss,rusher::Jarran Reed,-0.08408893184872727
loss,rusher::Jashon Cornell,0.027932338471716833
loss,rusher::Jason Pierre-Paul,0.31625527090009703
loss,rusher::Javon Hargrave,-0.27805930039838744
loss,rusher::Javon Kinlaw,-0.07993566234085489
loss,rusher::Jay Tufele,-0.2699577666901022
loss,rusher::Jaylon Ferguson,0.3546129509219459
loss,rusher::Jaylon Smith,0.22452630367530366
loss,rusher::Jayon Brown,0.14915479019603162
loss,rusher::Jeffery Simmons,-0.1107387141141421
loss,rusher::Jeremiah Attaochu,0.13075551880376377
loss,rusher::Jeremiah Owusu-Koramoah,-0.37360961396489195
loss,rusher::Jermaine Carter Jr.,-0.26494063527568285
loss,rusher::Jermaine Johnson II,-0.051884881148301094
loss,rusher::Jerome Baker,0.08063743609392766
loss,rusher::Jerry Hughes,-0.061796604745843794
loss,rusher::Jerry Tillery,0.07269119498739475
loss,rusher::Jessie Lemonier,0.031776369283203945
loss,rusher::Jihad Ward,-0.0635443673961489
loss,rusher::Joe Bachie,-0.05733849676425871
loss,rusher::Joe Gaziano,0.08445782786850889
loss,rusher::Joe Jackson,0.07030083175492836
loss,rusher::Joe Schobert,0.05458732764529399
loss,rusher::Joe Thomas,-0.13177609934807952
loss,rusher::Joe Tryon-Shoyinka,-0.06269413895374448
loss,rusher::Joe Walker,0.09541777887430591
loss,rusher::Joey Bosa,-0.3479782172626388
loss,rusher::John Cominsky,-0.1554685982327088
loss,rusher::John Franklin-Myers,-0.0936987834108224
loss,rusher::John Jenkins,0.059403383340805346
loss,rusher::John Penisini,0.017035899810290796
loss,rusher::John Simon,0.08394881992333768
loss,rusher::Johnathan Hankins,0.026104205921833684
loss,rusher::Jonas Griffith,0.1119177999356686
loss,rusher::Jonathan Allen,-0.23300782664901365
loss,rusher::Jonathan Bostic,-0.186623265663109
loss,rusher::Jonathan Bullard,0.07795000502190871
loss,rusher::Jonathan Garvin,0.1933628062809801
loss,rusher::Jonathan Greenard,-0.18185808931337547
loss,rusher::Jonathan Harris,0.0851522100362527
loss,rusher::Jonathan Ledbetter,0.03295982851730716
loss,rusher::Jonathan Marshall,-0.15218492372820835
loss,rusher::Jonathon Cooper,0.10115078986538895
loss,rusher::Jordan Elliott,0.17758844790910755
loss,rusher::Jordan Evans,-0.014248540395039918
loss,rusher::Jordan Hicks,-0.006663753815451113
loss,rusher::Jordan Jenkins,-0.20427284559114378
loss,rusher::Jordan Phillips,0.016191524172954542
loss,rusher::Jordan Smith,0.13062355832887332
loss,rusher::Jordan Willis,0.06294043905663255
loss,rusher::Jordyn Brooks,-0.15357261494438268
loss,rusher::Joseph Jones,0.17153376571160206
loss,rusher::Josey Jewell,-0.021653907489002474
loss,rusher::Josh Allen,-0.38945184819705836
loss,rusher::Josh Bynes,-0.14212586287365422
loss,rusher::Josh Mauro,-9.828651702385896e-4
loss,rusher::Josh Sweat,-0.2843344069567548
loss,rusher::Josh Tupou,0.19303037791946825
loss,rusher::Josh Uche,-0.008475033433554711
loss,rusher::Josh Woods,-0.1766395507864107
loss,rusher::Joshua Kaindoh,-0.16253652839349564
loss,rusher::Josiah Bronson,0.1750857954765498
loss,rusher::Julian Okwara,0.06650027103805041
loss,rusher::Julian Stanford,-0.07024551384801903
loss,rusher::Justin Ellis,0.26006430024321814
loss,rusher::Justin Hamilton,0.0939626431280055
loss,rusher::Justin Hollins,-0.10822585447173963
loss,rusher::Justin Houston,-0.09400764539502796
loss,rusher::Justin Jones,0.16418999615567373
loss,rusher::Justin Lawler,-0.010224733460081513
loss,rusher::Justin Madubuike,0.02143125281917484
loss,rusher::Justin Strnad,0.05528129163496477
loss,rusher::Justin Zimmer,0.0139387220652279
loss,rusher::K.J. Wright,0.0639203317363105
loss,rusher::K'Lavon Chaisson,0.07906751805408967
loss,rusher::Kaden Elliss,0.1736289934486592
loss,rusher::Kahlil Mckenzie,0.09587671511896555
loss,rusher::Kamal Martin,0.04302629598127114
loss,rusher::Kamu Grugier-Hill,-0.1654847551208546
loss,rusher::Keandre Jones,0.03663364532488582
loss,rusher::Keanu Neal,0.35834493597661304
loss,rusher::Kemoko Turay,-0.042297560642932955
loss,rusher::Kendal Vickers,0.06513295876562228
loss,rusher::Kenneth Murray Jr.,-0.07362035733600136
loss,rusher::Kenny Clark,-0.11549508767938246
loss,rusher::Kenny Willekes,0.13653718305885867
loss,rusher::Kenny Young,0.06887921619134063
loss,rusher::Kentavius Street,0.04007261629436697
loss,rusher::Kerry Hyder Jr.,0.16790848662960456
loss,rusher::Kevin Givens,-0.005959697058279983
loss,rusher::Kevin Minter,-0.030993695252688292
loss,rusher::Kevin Pierre-Louis,0.027537359507581904
loss,rusher::Kevin Strong,0.07505664639058304
loss,rusher::Khaleke Hudson,-0.07164920527435335
loss,rusher::Khalen Saunders,0.10146587447995013
loss,rusher::Khalid Kareem,0.29156152696991916
loss,rusher::Khalil Davis,0.029570259142051646
loss,rusher::Khalil Mack,-0.41284494237003155
loss,rusher::Khyiris Tonga,-0.0395747058862425
loss,rusher::Kingsley Keke,0.10698653816033923
loss,rusher::Kristian Welch,-0.001531632586971743
loss,rusher::Krys Barnes,0.1633902718392475
loss,rusher::Kwity Paye,0.002538673843946437
loss,rusher::Kwon Alexander,-0.11080547574260588
loss,rusher::Kyle Peko,-0.09584995971514075
loss,rusher::Kyle Phillips,0.10193542327441753
loss,rusher::Kyle Van Noy,-0.03661715943472206
loss,rusher::Kyler Fackrell,0.08506819264968996
loss,rusher::Kylie Fitts,0.10143115064998211
loss,rusher::Kyzir White,0.04926884103459531
loss,rusher::L.J. Collier,0.0038139254640532656
loss,rusher::La'Darius Hamilton,-0.027925803824325662
loss,rusher::Ladarius Hamilton,0.06156141166928589
loss,rusher::Larrell Murchison,-0.04872068770787945
loss,rusher::Larry Ogunjobi,-0.17734006967802418
loss,rusher::Lavonte David,0.05382144644163203
loss,rusher::Lawrence Guy,-0.13574373183443575
loss,rusher::Ledarius Mack,0.04787101314608579
loss,rusher::Leighton Vander Esch,0.0974296913998764
loss,rusher::Leki Fotu,0.12505604033775247
loss,rusher::Leonard Floyd,0.05894095718134899
loss,rusher::Leonard Williams,-0.06890989188948891
loss,rusher::Lerentee Mccray,0.1811386462710895
loss,rusher::Levi Onwuzurike,0.09066413208029445
loss,rusher::Linval Joseph,0.08881538641196905
loss,rusher::Logan Wilson,-0.006517577774934151
loss,rusher::Lorenzo Carter,0.1618529418082884
loss,rusher::Luke Gifford,0.05027260049441012
loss,rusher::Mack Wilson Sr.,0.0532534336193214
loss,rusher::Malcolm Koonce,0.11366294690127318
loss,rusher::Malcolm Roach,9.349714407585859e-4
loss,rusher::Malcolm Smith,-0.03913196327910577
loss,rusher::Malcom Brown,-0.14122115337679375
loss,rusher::Maliek Collins,0.03326214694982359
loss,rusher::Malik Harrison,-0.0640964116258581
loss,rusher::Malik Jackson,0.2528705376571425
loss,rusher::Malik Mcdowell,-0.10331829579515375
loss,rusher::Malik Reed,0.17384949114578535
loss,rusher::Marcell Harris,0.22901659227824517
loss,rusher::Marcus Allen,0.05525823794780665
loss,rusher::Marcus Davenport,-0.28922212275564924
loss,rusher::Margus Hunt,0.09995866156641899
loss,rusher::Mario Addison,-0.24223833612066495
loss,rusher::Mario Edwards Jr.,-0.14613016453088143
loss,rusher::Markus Bailey,0.08712964990963339
loss,rusher::Markus Golden,-0.10397762179112806
loss,rusher::Marlon Davidson,0.18906747036527158
loss,rusher::Marlon Tuipulotu,0.21387285366362283
loss,rusher::Marquel Lee,0.08900211546668016
loss,rusher::Marquis Haynes Sr.,-0.06389201175184109
loss,rusher::Marquise Copeland,0.14618008818665798
loss,rusher::Marquiss Spencer,0.09431606202928784
loss,rusher::Marvin Wilson,0.018458162427254104
loss,rusher::Matt Ioannidis,-0.03006671760979928
loss,rusher::Matt Milano,-0.1305276672099644
loss,rusher::Matthew Judon,-0.16255984431282822
loss,rusher::Maurice Hurst,-0.2513035101960455
loss,rusher::Maxx Crosby,-0.21832871239150525
loss,rusher::Mctelvin Agim,-0.06146110735812696
loss,rusher::Melvin Ingram,0.20726423659662274
loss,rusher::Micah Kiser,-0.17820454219068152
loss,rusher::Micah Parsons,-0.3425092434180167
loss,rusher::Michael Brockers,0.17173222613132036
loss,rusher::Michael Dogbe,0.021170019008206194
loss,rusher::Michael Dwumfour,-0.2160457781513216
loss,rusher::Michael Hoecht,0.09985522408247184
loss,rusher::Michael Pierce,-0.004894713838956901
loss,rusher::Mike Daniels,-0.07419101324628001
loss,rusher::Mike Danna,0.22532853453771448
loss,rusher::Mike Pennel,-0.12788857413871213
loss,rusher::Mike Purcell,0.02727841008751073
loss,rusher::Milton Williams,-0.1846244120508774
loss,rusher::Montez Sweat,-0.135008960395116
loss,rusher::Montravius Adams,-0.019833597946901746
loss,rusher::Monty Rice,-0.07975435951036212
loss,rusher::Morgan Fox,0.06626024282654384
loss,rusher::Mykal Walker,0.13750006156379718
loss,rusher::Myles Adams,-0.06758860760590699
loss,rusher::Myles Garrett,-0.3872887539708268
loss,rusher::Myles Jack,-0.050450368853661345
loss,rusher::Naquan Jones,0.1683195624597495
loss,rusher::Nate Orchard,0.022345634179147332
loss,rusher::Nathan Landman,0.055834897089463
loss,rusher::Nathan Shepherd,-0.03043623754647643
loss,rusher::Ndamukong Suh,-0.05820457749509793
loss,rusher::Neville Gallimore,0.029066757455786855
loss,rusher::Neville Hewitt,0.04948360183613962
loss,rusher::Nick Bolton,-0.15752632716312437
loss,rusher::Nick Bosa,-0.27721398611140047
loss,rusher::Nick Dzubnar,0.08821982292998205
loss,rusher::Nick Kwiatkoski,-0.01938202755055295
loss,rusher::Nick Niemann,0.10038176597346296
loss,rusher::Nick Thurman,0.03821721441090538
loss,rusher::Nick Vigil,0.03948931280722805
loss,rusher::Nick Williams,0.2216665499601711
loss,rusher::Noah Dawkins,-0.05247235231621812
loss,rusher::Noah Spence,-0.0858033309632786
loss,rusher::Odafe Oweh,-0.1268464879592742
loss,rusher::Ogbonnia Okoronkwo,0.09048083220788095
loss,rusher::Ola Adeniyi,0.09955902725291231
loss,rusher::Oren Burks,0.0827696664372893
loss,rusher::Osa Odighizuwa,0.07447393202863437
loss,rusher::Oshane Ximines,0.33492296139226013
loss,rusher::Otito Ogbonnia,0.05616963705882801
loss,rusher::P.J. Williams,-0.10099211339702305
loss,rusher::Patrick Johnson,-0.010968693999500578
loss,rusher::Patrick Jones II,0.0615438920772991
loss,rusher::Patrick O'Connor,-0.15846254929962297
loss,rusher::Patrick Queen,-0.2094443548566252
loss,rusher::Payton Turner,0.11995659258918188
loss,rusher::Pernell Mcphee,0.2574526682339715
loss,rusher::Pete Werner,-0.09945939305885279
loss,rusher::Phil Hoskins,-0.14153941996521485
loss,rusher::Pita Taumoepenu,0.024769299320832206
loss,rusher::Poona Ford,0.06717166540133024
loss,rusher::Porter Gustin,0.1908922530532647
loss,rusher::Preston Smith,-0.18869756057270717
loss,rusher::Quincy Roche,0.1224609761976149
loss,rusher::Quincy Williams,0.1333996427008774
loss,rusher::Quinnen Williams,-0.3063031531403495
loss,rusher::Quinton Bohanna,0.08234831831244793
loss,rusher::Quinton Jefferson,-0.1742249900547459
loss,rusher::Raekwon Davis,0.14955590248502082
loss,rusher::Raequan Williams,-0.038871372333388624
loss,rusher::Rakeem Nunez-Roches,-0.09104374727552494
loss,rusher::Randy Gregory,-0.09961051809355942
loss,rusher::Rashaan Evans,-0.03151948450931251
loss,rusher::Rashad Weaver,-0.003591034110933788
loss,rusher::Rashan Gary,-0.23741214393441706
loss,rusher::Rashard Lawrence,-0.023074094354670175
loss,rusher::Rasheem Green,-0.15416594137286976
loss,rusher::Rashod Berry,0.18010857665310753
loss,rusher::Raymond Johnson III,0.07775864679775057
loss,rusher::Reggie Ragland,-0.09760022781124732
loss,rusher::Reginald Mckenzie,-0.08771679702676474
loss,rusher::Renell Wren,0.1094228688108905
loss,rusher::Robert Nkemdiche,-0.038353676790099225
loss,rusher::Robert Quinn,-0.4931060544450316
loss,rusher::Robert Spillane,0.04373490569207146
loss,rusher::Romeo Okwara,-0.009259088234089653
loss,rusher::Ron'Dell Carter,0.12064718597084936
loss,rusher::Ronald Blair,-0.055203021218067305
loss,rusher::Roquan Smith,-0.03966436453940273
loss,rusher::Ross Blacklock,-0.02599279022284827
loss,rusher::Roy Lopez,0.012545049133729204
loss,rusher::Roy Robertson-Harris,-0.27535249188123556
loss,rusher::Ryan Kerrigan,0.08757388224064391
loss,rusher::Sam Eguavoen,-0.06265413325225468
loss,rusher::Sam Hubbard,-0.014206998076692956
loss,rusher::Sam Kamara,0.025374990898833185
loss,rusher::Samson Ebukam,0.08105718228811919
loss,rusher::Samuel Eguavoen,0.019387368018456006
loss,rusher::Shaka Toney,-0.1383309733188115
loss,rusher::Shamar Stephen,0.20762349359330284
loss,rusher::Shaq Lawson,0.1351512929912752
loss,rusher::Shaq Thompson,-0.012673554329427496
loss,rusher::Shaquil Barrett,0.009417320818036012
loss,rusher::Shaquille Quarterman,0.12127837876386333
loss,rusher::Sharif Finch,-0.1335615104648304
loss,rusher::Shaun Bradley,0.1285423610095369
loss,rusher::Shelby Harris,-0.0851834067462913
loss,rusher::Sheldon Day,-0.20439478852434145
loss,rusher::Sheldon Rankins,-0.3020465616774734
loss,rusher::Sheldon Richardson,0.15516410087531315
loss,rusher::Shy Tuttle,0.1882295859723732
loss,rusher::Sione Takitaki,-0.05204606649559428
loss,rusher::Solomon Thomas,-0.17426978510318808
loss,rusher::Star Lotulelei,-0.1661422245476986
loss,rusher::Stephen Weatherly,0.08589908180215707
loss,rusher::Steve Mclendon,0.03236098158268494
loss,rusher::Steven Means,0.20236394773727606
loss,rusher::T.J. Edwards,-0.059248041134655274
loss,rusher::T.J. Slaton,-0.15248723110956613
loss,rusher::T.J. Watt,-0.4116054529953982
loss,rusher::T.Y. Mcgill,-0.0037223347047744895
loss,rusher::Ta'Quon Graham,0.06677823370067618
loss,rusher::Taco Charlton,0.1639945911737924
loss,rusher::Tae Crowder,-0.27854051906790384
loss,rusher::Takkarist Mckinley,-1.3497865462024333e-4
loss,rusher::Tanner Vallejo,-0.01162669572476345
loss,rusher::Tanoh Kpassagnon,0.021695157568388176
loss,rusher::Tarell Basham,-0.10863084750790793
loss,rusher::Tarron Jackson,-0.025920392085987332
loss,rusher::Tashawn Bower,0.11540451762110192
loss,rusher::Taven Bryan,-0.24928947573272084
loss,rusher::Taylor Stallworth,-0.017659158291313475
loss,rusher::Teair Tart,0.06407833685764268
loss,rusher::Terrell Lewis,0.017567070164688448
loss,rusher::Tershawn Wharton,-0.18864563188793376
loss,rusher::Tim Settle,-0.12426797758219219
loss,rusher::Tim Ward,0.08515681521703397
loss,rusher::Tipa Galeai,0.11815668784103059
loss,rusher::Tommy Togiai,0.06377868623339258
loss,rusher::Travin Howard,0.0042390590381419365
loss,rusher::Tremaine Edmunds,-0.1816906978397776
loss,rusher::Trent Harris,0.17405835133134567
loss,rusher::Trevis Gipson,0.024871261257660544
loss,rusher::Trey Flowers,0.05848987205014579
loss,rusher::Trey Hendrickson,-0.1892572578022832
loss,rusher::Troy Dye,0.20268083295198286
loss,rusher::Troy Reeder,-0.31691836747844143
loss,rusher::Trysten Hill,0.083579894573817
loss,rusher::Ty Summers,-0.02205787000188161
loss,rusher::Tyeler Davison,0.04515056185504075
loss,rusher::Tyler Lancaster,0.06756519880567238
loss,rusher::Tyler Matakevich,0.07940054677172857
loss,rusher::Tyler Shelvin,-0.0036929399385398076
loss,rusher::Tyquan Lewis,-0.06964991653440847
loss,rusher::Tyrel Dodson,-0.20284747914606904
loss,rusher::Tyrell Adams,0.02357274736317329
loss,rusher::Tyson Alualu,-0.04309513248711686
loss,rusher::Tyus Bowser,-0.10374648671970373
loss,rusher::Uchenna Nwosu,0.054913676828011085
loss,rusher::Ulysees Gilbert III,0.015770799068490292
loss,rusher::Vernon Butler,-0.0759601325225209
loss,rusher::Victor Dimukeje,0.10158393141150274
loss,rusher::Vince Biegel,-0.03676902148111889
loss,rusher::Vincent Taylor,-0.045759974972655236
loss,rusher::Vita Vea,-0.23938103500709015
loss,rusher::Von Miller,-0.051783455617002115
loss,rusher::Whitney Mercilus,0.012526600620588312
loss,rusher::Will Bradley-King,-0.08006171276593135
loss,rusher::William Gholston,-0.01412394033008807
loss,rusher::Willie Gay,-0.06863494664627451
loss,rusher::Woodrow Hamilton,-0.019563914274248605
loss,rusher::Wyatt Ray,-0.06567383634856427
loss,rusher::Wyatt Raymond,0.3303323136942384
loss,rusher::Xavier Williams,-0.03151892076337295
loss,rusher::Yannick Ngakoue,-0.10061765026931216
loss,rusher::Yetur Gross-Matos,-0.21166795051455664
loss,rusher::Za'Darius Smith,-0.06548850812471124
loss,rusher::Zach Allen,0.1747429856543502
loss,rusher::Zach Cunningham,-0.111298808839641
loss,rusher::Zach Kerr,-0.14105079565639367
loss,rusher::Zach Sieler,0.03617773955071518
loss,rusher::Zack Baun,-0.11613550624770022
loss,rusher::Zaire Franklin,0.010549595902487618
loss,rusher::Zaven Collins,-0.04931658726284574
loss,blocker::A.J. Cann,0.099719770026675425
loss,blocker::Aaron Banks,-0.05417465022573839
loss,blocker::Aaron Brewer,0.1771726430283866
loss,blocker::Aaron Stinnie,-0.011205312997754605
loss,blocker::Adam Pankey,0.06048427652867819
loss,blocker::Aj Jackson,0.0365644027671318
loss,blocker::Alejandro Villanueva,0.022988753954251945
loss,blocker::Alex Bars,0.09526528568688729
loss,blocker::Alex Barshaba,0.19615733119302683
loss,blocker::Alex Cappa,-0.2114551098301057
loss,blocker::Alex Leatherwood,0.1468298058070431
loss,blocker::Alex Mack,0.06370410460880581
loss,blocker::Ali Marpet,-0.3222673984001152
loss,blocker::Alijah Vera-Tucker,-0.11907192265969745
loss,blocker::Andre Dillard,0.06870932365947456
loss,blocker::Andre James,-0.10698174352286889
loss,blocker::Andre Smith,0.007825864569126019
loss,blocker::Andrew Norwell,-0.09211273589280708
loss,blocker::Andrew Thomas,0.026346628279798973
loss,blocker::Andrew Whitworth,-0.21994366778106583
loss,blocker::Andrew Wylie,0.12370382845523789
loss,blocker::Andrus Peat,0.035088414807878714
loss,blocker::Attauyo Nsekhe,0.07117442900559869
loss,blocker::Austin Blythe,0.05536599074562719
loss,blocker::Austin Corbett,-0.1101850188352286
loss,blocker::Austin Jackson,-0.043809471217336964
loss,blocker::Austin Reiter,0.11170920515410433
loss,blocker::Austin Schlottmann,-0.02732947962368265
loss,blocker::B.J. Finney,-0.36564687060739415
loss,blocker::Ben Bartch,0.0778221502746382
loss,blocker::Ben Braden,0.03084440859036801
loss,blocker::Ben Bredeson,0.056757142197383995
loss,blocker::Ben Cleveland,-0.2456108779404194
loss,blocker::Ben Jones,-0.13080305750410248
loss,blocker::Ben Powers,0.10285066035305954
loss,blocker::Billy Price,-0.011141044443217868
loss,blocker::Billy Turner,0.016192613083109996
loss,blocker::Blake Brandel,0.2028233129292554
loss,blocker::Blake Hance,0.18933213368707788
loss,blocker::Bobby Evans,-0.03972316364696596
loss,blocker::Bobby Hart,0.2625668198886451
loss,blocker::Bobby Massie,0.11793795689242947
loss,blocker::Braden Smith,-0.048405909282222825
loss,blocker::Bradley Bozeman,0.10176687485171963
loss,blocker::Brady Christensen,0.301722653939833
loss,blocker::Brandon Brooks,-0.10724634534769276
loss,blocker::Brandon Knight,0.10239416365397139
loss,blocker::Brandon Linder,-0.3195263654663176
loss,blocker::Brandon Parker,0.028045085649340634
loss,blocker::Brandon Scherff,-0.16302320733577802
loss,blocker::Brandon Shell,0.23825311759652712
loss,blocker::Brett Toth,-0.049006773779980126
loss,blocker::Brian Allen,-0.2112580207920244
loss,blocker::Brian O'Neill,-0.12025722603198719
loss,blocker::Brian Winters,0.08239947255753169
loss,blocker::Bryan Bulaga,0.07752601758689578
loss,blocker::Caleb Benenoch,0.019665333659608278
loss,blocker::Calvin Anderson,0.14676478799062806
loss,blocker::Calvin Throckmorton,-0.1237420707826841
loss,blocker::Cam Robinson,0.14158878087765053
loss,blocker::Cameron Erving,0.23409730296620848
loss,blocker::Cameron Fleming,0.1928010372878983
loss,blocker::Cameron Tom,-0.024482574390504608
loss,blocker::Casey Tucker,0.16180291526850266
loss,blocker::Cedric Ogbuehi,0.0996873253049628
loss,blocker::Cesar Ruiz,0.005116103720387113
loss,blocker::Charles Leno Jr.,-0.01178939465335564
loss,blocker::Charlie Heck,0.25348906358627843
loss,blocker::Chase Roullier,-0.21554489123793405
loss,blocker::Chris Hubbard,0.09399413174941704
loss,blocker::Chris Lindstrom,-0.1143978324094432
loss,blocker::Chris Reed,0.013769129557621098
loss,blocker::Christian Darrisaw,0.15046320443128886
loss,blocker::Chukwuma Okorafor,-0.07731008998727927
loss,blocker::Chuma Edoga,-0.020654496291066526
loss,blocker::Cody Ford,0.013624904811319309
loss,blocker::Cody Whitehair,-3.446056808854034e-4
loss,blocker::Colby Gossett,0.11021846445836657
loss,blocker::Cole Toner,-0.31092433188584906
loss,blocker::Coleman Shelton,-0.051427297868303995
loss,blocker::Colton Mckivitz,0.2380511378258526
loss,blocker::Connor Mcgovern,0.040325591021220256
loss,blocker::Conor Mcdermott,0.29799055868332835
loss,blocker::Corey Levin,0.08881975031277561
loss,blocker::Corey Linsley,-0.23822859365430907
loss,blocker::Cornelius Lucas,-6.636265144674964e-4
loss,blocker::Creed Humphrey,-0.24280530385579818
loss,blocker::D.J. Humphries,0.16927099971723272
loss,blocker::D'Ante Smith,0.07027027595996028
loss,blocker::Dalton Risner,-0.14068534938221838
loss,blocker::Damien Lewis,0.05896271534651501
loss,blocker::Dan Moore Jr.,-0.045919914765551975
loss,blocker::Daniel Brunskill,0.03556199650713279
loss,blocker::Danny Isidora,-0.10288677682148752
loss,blocker::Danny Pinter,-0.10371393501844216
loss,blocker::Daryl Williams,0.17136486414309252
loss,blocker::David Andrews,-0.2479011358361956
loss,blocker::David Bakhtiari,0.041075599738795765
loss,blocker::David Edwards,-0.23202870001309053
loss,blocker::David Quessenberry,-0.012698522379833972
loss,blocker::David Sharpe,0.029403360401371197
loss,blocker::David Steinmetz,-0.025308512473092848
loss,blocker::Dennis Daley,0.3134466299131375
loss,blocker::Dennis Kelly,-0.07744111964613623
loss,blocker::Denzelle Good,-0.002252516928586913
loss,blocker::Deonte Brown,-0.03870393605175003
loss,blocker::Derrick Kelly,-0.0557463750132048
loss,blocker::Dillon Radunz,0.13025094031442136
loss,blocker::Dion Dawkins,0.17450383567304
loss,blocker::Donovan Smith,-0.2565419079392975
loss,blocker::Drew Dalman,-0.07413187434095687
loss,blocker::Duane Brown,0.1616950829053816
loss,blocker::Elgton Jenkins,0.08810923810360768
loss,blocker::Elijah Wilkinson,-0.021934522047317537
loss,blocker::Ereck Flowers Sr.,-0.1262825140972495
loss,blocker::Eric Fisher,0.23017504375395093
loss,blocker::Erik McCoy,-0.3828732323072357
loss,blocker::Ethan Pocic,0.08427405440850028
loss,blocker::Evan Brown,-0.28757776002258956
loss,blocker::Ezra Cleveland,-0.14130425542877798
loss,blocker::Frank Ragnow,-0.2338790745588953
loss,blocker::Fred Johnson,0.15661771001686453
loss,blocker::Gabe Jackson,-0.15949243490224144
loss,blocker::Garett Bolles,-0.06170185557959439
loss,blocker::Garrett Bradbury,-0.0801741377990316
loss,blocker::George Fant,0.10238091231189586
loss,blocker::Germain Ifedi,1.5044524501693545e-4
loss,blocker::Geron Christian Sr.,-0.007602468555573014
loss,blocker::Graham Glasgow,0.01157415587087407
loss,blocker::Greg Mancz,-0.09974480191139241
loss,blocker::Greg Van Roten,0.013132228359901542
loss,blocker::Hakeem Adeniji,0.16350702660382685
loss,blocker::Halapoulivaati Vaitai,-0.26654479980585316
loss,blocker::Ike Boettger,0.14723154470798616
loss,blocker::Iosua Opeta,0.20853353572436553
loss,blocker::Isaac Seumalo,-0.09044519216038106
loss,blocker::Isaiah Prince,0.14017987439367074
loss,blocker::Isaiah Williams,0.12932855792181544
loss,blocker::Isaiah Wynn,0.07180266328434273
loss,blocker::J.C. Hassenauer,-0.10783150106365146
loss,blocker::J.C. Tretter,-0.2775964346371085
loss,blocker::Jack Anderson,0.14680606775634497
loss,blocker::Jack Conklin,-0.08584130619786093
loss,blocker::Jack Driscoll,0.01597556727805035
loss,blocker::Jackson Barton,0.2726647684813499
loss,blocker::Jackson Carman,0.06831888240647706
loss,blocker::Jake Brendel,-0.025027516068884516
loss,blocker::Jake Curhan,0.2013166171385199
loss,blocker::Jake Hanson,-0.059926530457143
loss,blocker::Jake Matthews,0.023774894646292847
loss,blocker::Jalen Mayfield,0.12315582955408491
loss,blocker::Jamarco Jones,-0.0031651689830414094
loss,blocker::James Carpenter,-0.2672440633297151
loss,blocker::James Daniels,-0.11298332563731908
loss,blocker::James Ferentz,0.07904773733664394
loss,blocker::James Hudson III,0.14283787531152428
loss,blocker::Jamil Douglas,-0.04991465574908932
loss,blocker::Jaryd Jones-Smith,-0.03317019466991976
loss,blocker::Jason Kelce,0.03674429358474882
loss,blocker::Jason Peters,0.1899894714357833
loss,blocker::Jason Spriggs,-0.0171541478518705
loss,blocker::Jawaan Taylor,-0.002273597666553638
loss,blocker::Jaylon Moore,-0.008586759046851319
loss,blocker::Jc Tretter,-0.05665185382822204
loss,blocker::Jedrick Wills Jr.,0.09397856063744484
loss,blocker::Jermaine Eluemunor,-0.023523334848441258
loss,blocker::Jesse Davis,0.08325103361501719
loss,blocker::Jimmy Morrissey,-0.08159507968779947
loss,blocker::Joe Haeg,0.06574616035313474
loss,blocker::Joe Noteboom,0.12836236686025737
loss,blocker::Joe Thuney,-0.32443797504467436
loss,blocker::Joel Bitonio,-0.23276194013240253
loss,blocker::John Leglue,-0.04449510400513581
loss,blocker::John Miller,0.13601713033322782
loss,blocker::John Simpson,-0.049856647077947326
loss,blocker::Jon Feliciano,-0.03690767101298115
loss,blocker::Jon Runyan,-0.14519526707032637
loss,blocker::Jon Toth,0.053970623329734395
loss,blocker::Jonah Jackson,-0.18789508460713397
loss,blocker::Jonah Williams,0.08729486201021247
loss,blocker::Jordan Mailata,0.12748692557836067
loss,blocker::Jordan Mills,-0.48820883045518665
loss,blocker::Jordan Simmons,0.12295809358811775
loss,blocker::Joseph Noteboom,-0.03765346340953399
loss,blocker::Josh Jones,-0.03867440047467163
loss,blocker::Josh Myers,0.005127606010743689
loss,blocker::Josh Wells,-0.04098974951696438
loss,blocker::Joshua Miles,0.033194968808181645
loss,blocker::Julie'N Davenport,0.12565693386569507
loss,blocker::Justin Britt,-0.0028868422256738938
loss,blocker::Justin Herron,0.021868501477221695
loss,blocker::Justin Mccray,0.15972799753110506
loss,blocker::Justin Murray,-0.03254236029725325
loss,blocker::Justin Pugh,-0.18905244323039957
loss,blocker::Kaleb McGary,0.20720949061844557
loss,blocker::Kayode Awosika,0.1116693436209126
loss,blocker::Kc Mcdermott,-0.0724415154821759
loss,blocker::Keaton Sutherland,-0.006790151978725004
loss,blocker::Keith Ismael,-0.18228641330657103
loss,blocker::Kelvin Beachum,-0.004162148122921063
loss,blocker::Kendall Lamm,0.03491491173884394
loss,blocker::Kendrick Green,-0.22446029094883257
loss,blocker::Kevin Dotson,-0.2569798735905438
loss,blocker::Kevin Zeitler,0.06928638002923843
loss,blocker::Kolton Miller,0.01878847323509573
loss,blocker::Korey Cunningham,0.3879500851720644
loss,blocker::Kyle Fuller,0.025078410576084516
loss,blocker::Kyle Long,0.0444059152699254
loss,blocker::Kyle Murphy,-0.05873619778460699
loss,blocker::La'El Collins,0.15032254592141325
loss,blocker::Lachavious Simmons,0.04818782726875918
loss,blocker::Laken Tomlinson,0.0744513078926613
loss,blocker::Landon Dickerson,0.035890732280592655
loss,blocker::Landon Young,0.006547988735617197
loss,blocker::Lane Johnson,0.0714194319291788
loss,blocker::Lane Taylor,-0.16437395821289918
loss,blocker::Laremy Tunsil,0.014322320681212803
loss,blocker::Larry Borom,-0.0012679224481616902
loss,blocker::Laurent Duvernay-Tardif,0.04451031648034566
loss,blocker::Le'Raven Clark,0.516577156706188
loss,blocker::Lester Cotton Sr.,-0.02972013454653996
loss,blocker::Liam Eichenberg,0.3409802399873717
loss,blocker::Lloyd Cushenberry III,-0.06914414024718715
loss,blocker::Logan Stenberg,0.019821738162406677
loss,blocker::Lucas Niang,0.025587304857953276
loss,blocker::Lucas Patrick,-0.26417728389559697
loss,blocker::Marcus Cannon,0.26252648454010435
loss,blocker::Marcus Henry,0.05392010941446379
loss,blocker::Mark Glowinski,0.1958364661379704
loss,blocker::Mason Cole,-0.28586231667343726
loss,blocker::Matt Farniok,0.036576399043160165
loss,blocker::Matt Feiler,-0.07469374679335537
loss,blocker::Matt Hennessy,-0.21136613220076267
loss,blocker::Matt Nelson,0.005355967256217162
loss,blocker::Matt Paradis,-0.13052414446460042
loss,blocker::Matt Peart,0.11725226325743326
loss,blocker::Matt Pryor,0.1174406652897598
loss,blocker::Matt Skura,-0.04493698673143624
loss,blocker::Max Garcia,-0.03913739729277192
loss,blocker::Max Scharping,0.01777071793516733
loss,blocker::Mekhi Becton,-0.022750112695268325
loss,blocker::Michael Deiter,-0.040762441241724345
loss,blocker::Michael Dunn,0.07841137180916964
loss,blocker::Michael Jordan,0.16424926545145221
loss,blocker::Michael Schofield III,-0.2782033212501205
loss,blocker::Mike Mcglinchey,0.16251888239804824
loss,blocker::Mike Onwenu,-0.14519657391343674
loss,blocker::Mike Remmers,-0.0974132149081446
loss,blocker::Mitch Morse,-0.14018093030689227
loss,blocker::Morgan Moses,0.20265818323901905
loss,blocker::Myron Cunningham,0.06707603436283896
loss,blocker::Nate Davis,-0.1029877855459882
loss,blocker::Nate Herbig,0.14439391123195758
loss,blocker::Nate Solder,0.03160297600740797
loss,blocker::Netane Muti,0.12197909003231372
loss,blocker::Nick Allegretti,-0.01464876622894028
loss,blocker::Nick Gates,-0.043784415590927106
loss,blocker::Nick Harris,-0.26741683055466975
loss,blocker::Nick Leverett,0.08420345308309912
loss,blocker::Nick Martin,0.14298661100966015
loss,blocker::Oday Aboushi,-0.13404028238340526
loss,blocker::Olisaemeka Udoh,-0.09964661984062045
loss,blocker::Orlando Brown,-0.06076487872382237
loss,blocker::Parker Ehinger,0.12160810621372553
loss,blocker::Pat Elflein,0.05651437306819012
loss,blocker::Patrick Mekari,0.11200395785952655
loss,blocker::Penei Sewell,-0.03390752058916209
loss,blocker::Phil Haynes,0.017393726523719157
loss,blocker::Prince Tega Wanogho,0.0765910117500897
loss,blocker::Quenton Nelson,0.05636985588376073
loss,blocker::Quinn Bailey,-0.024898796742130955
loss,blocker::Quinn Meinerz,0.1003120085016457
loss,blocker::Quinton Spain,-0.07683152326294437
loss,blocker::Rashaad Coward,-0.04026032673514335
loss,blocker::Rashawn Slater,-0.03476337742522812
loss,blocker::Rashod Hill,0.006360867365091593
loss,blocker::Riley Reiff,-0.008848057136287455
loss,blocker::Rob Havenstein,-0.15222440213490576
loss,blocker::Robert Hainsey,0.1621550610604645
loss,blocker::Robert Hunt,-0.12060090161537806
loss,blocker::Robert Jones,0.18682326486126757
loss,blocker::Rodger Saffold,-0.11417364332079978
loss,blocker::Rodney Hudson,-0.1751545044365321
loss,blocker::Ronnie Stanley,0.10442970779960696
loss,blocker::Royce Newman,-0.01373554205153579
loss,blocker::Ryan Bates,0.12909189843037425
loss,blocker::Ryan Jensen,0.17172470821704883
loss,blocker::Ryan Kelly,0.06884337142693159
loss,blocker::Ryan Mccollum,0.13575308780469586
loss,blocker::Ryan Ramczyk,0.028470784198466624
loss,blocker::Saahdiq Charles,-0.10753769107487027
loss,blocker::Sam Cosmi,0.10083188858760044
loss,blocker::Sam Mustipher,-0.07611921012021991
loss,blocker::Sam Tecklenburg,-0.07113286633643721
loss,blocker::Scott Daly,-0.032382168342729174
loss,blocker::Scott Quessenberry,-0.16898847296751748
loss,blocker::Sean Harlow,-0.06756447321621109
loss,blocker::Senio Kelemete,0.016025971560586896
loss,blocker::Shane Lemieux,0.01585873219827433
loss,blocker::Shaq Mason,-0.21512194590319822
loss,blocker::Solomon Kindley,0.14453024765515976
loss,blocker::Spencer Brown,0.2461485529521151
loss,blocker::Stone Forsythe,0.06965740980553008
loss,blocker::Storm Norton,0.13685593083304282
loss,blocker::Taylor Decker,-0.039386585901403814
loss,blocker::Taylor Lewan,0.06747775697679882
loss,blocker::Taylor Moton,0.02170095964862728
loss,blocker::Ted Karras,-0.13388155477983282
loss,blocker::Terence Steele,-0.06895560173946094
loss,blocker::Terron Armstead,0.1528945823165731
loss,blocker::Teven Jenkins,0.13919400511321256
loss,blocker::Tom Compton,0.12777896836610184
loss,blocker::Tommy Doyle,0.23505323112660328
loss,blocker::Tommy Kraemer,-0.16119017646323897
loss,blocker::Trai Turner,-0.09392211231087161
loss,blocker::Tre'Vour Wallace-Simms,-0.01605542615579192
loss,blocker::Trent Brown,-0.05077178798657324
loss,blocker::Trent Scott,0.022477846199127578
loss,blocker::Trent Williams,-0.06057689093948263
loss,blocker::Trey Hill,-0.01657910137082028
loss,blocker::Trey Hopkins,-0.2704697242428029
loss,blocker::Trey Pipkins III,0.13486854484033828
loss,blocker::Trey Smith,-0.18338577817848084
loss,blocker::Tristan Wirfs,-0.16358319232350316
loss,blocker::Trystan Colon,0.07033921529071838
loss,blocker::Ty Nsekhe,-0.05573608470224811
loss,blocker::Ty Sambrailo,0.04191311744894507
loss,blocker::Tyler Biadasz,-0.24037497238429315
loss,blocker::Tyler Larsen,-0.20958368579585698
loss,blocker::Tyler Shatley,-0.05106210412968966
loss,blocker::Tyre Phillips,0.2932537240773085
loss,blocker::Tyron Smith,0.023916594544194526
loss,blocker::Tytus Howard,-0.16456156542676928
loss,blocker::Walker Little,0.10158461414435985
loss,blocker::Wes Martin,-0.08606177054679229
loss,blocker::Wes Schweitzer,-0.1695973464411297
loss,blocker::Will Clapp,-0.21857400080023243
loss,blocker::Will Fries,0.0349739767338876
loss,blocker::Will Hernandez,-0.09963500334741916
loss,blocker::Will Holden,0.15776454975035414
loss,blocker::Will Richardson Jr.,-0.029418025497704406
loss,blocker::Wyatt Teller,-0.18444517456621018
loss,blocker::Xavier Su'A-Filo,-0.12654342585273923
loss,blocker::Yasir Durant,-0.07600067885274761
loss,blocker::Yodny Cajuste,0.2882350170503113
loss,blocker::Yosh Nijman,-0.08637786375187226
loss,blocker::Zach Banner,0.008526791023692961
loss,blocker::Zack Martin,-0.2938317122477522
loss,double_team,0.08159415055618086
win,(Intercept),1.3996715471590506
win,rusher::A.J. Epenesa,-0.12972446298551105
win,rusher::A.J. Johnson,-0.007022621985640097
win,rusher::A'Shawn Robinson,0.08585368695655315
win,rusher::Aaron Donald,0.1966436493886
win,rusher::Aaron James Klein,0.23681379984707324
win,rusher::Aaron Patrick,-0.19249824750568975
win,rusher::Abdullah Anderson,-0.08171157543687778
win,rusher::Adam Butler,0.11810991115709985
win,rusher::Adam Gotsis,0.20351784550348112
win,rusher::Adetokunbo Ogundeji,-0.2488716064213275
win,rusher::Akeem Davis-Gaither,0.03232389175310735
win,rusher::Akeem Spence,-0.08220026228109369
win,rusher::Akiem Hicks,-0.10768938132199965
win,rusher::Al Woods,0.27578870216806517
win,rusher::Al-Quadin Muhammad,-0.08489419997419644
win,rusher::Albert Huggins,0.15143628635136314
win,rusher::Alec Ogletree,0.11285279104711271
win,rusher::Alex Anzalone,-0.11746958933686293
win,rusher::Alex Highsmith,0.15280696224935567
win,rusher::Alex Okafor,-0.3653670454805198
win,rusher::Alex Singleton,0.10339503637341775
win,rusher::Alexander Johnson,0.0010924577274197904
win,rusher::Alim Mcneill,0.13322065054345827
win,rusher::Alton Robinson,0.0719025545933288
win,rusher::Amani Bledsoe,0.10966093712539714
win,rusher::Amen Ogbongbemiga,0.08996915567632388
win,rusher::Andre Mintze,-0.27315189263957457
win,rusher::Andrew Billings,0.06726599049446716
win,rusher::Andrew Brown,0.0039703566596160445
win,rusher::Andrew Dowell,0.10490862634179986
win,rusher::Andrew Van Ginkel,-0.04757814936860679
win,rusher::Angelo Blackson,0.11503747647677166
win,rusher::Anthony Barr,0.1706073616055623
win,rusher::Anthony Hitchens,0.02861266028978314
win,rusher::Anthony Levine Sr.,-3.8801274951872885e-4
win,rusher::Anthony Nelson,-0.23509307396805734
win,rusher::Anthony Pittman,-0.0335093226134757
win,rusher::Anthony Rush,0.06376125401901411
win,rusher::Anthony Walker Jr.,0.1428136084420012
win,rusher::Antwaun Woods,0.04233745380251698
win,rusher::Arden Key,-0.13451131415123982
win,rusher::Arik Armstead,-0.2488676749956016
win,rusher::Armon Watts,0.0029333683503367128
win,rusher::Austin Bryant,-0.06216560167716034
win,rusher::Austin Calitro,-0.02696355998142846
win,rusher::Austin Faoliu,-0.08129077880683973
win,rusher::Austin Johnson,0.16569831644041902
win,rusher::Azeez Al-Shaair,0.22039354410146594
win,rusher::Azeez Ojulari,-0.3083439889253964
win,rusher::Azur Kamara,0.04860750144650267
win,rusher::B.J. Hill,-0.12532427036734323
win,rusher::Baron Browning,-0.12522503149446426
win,rusher::Ben Banogu,-0.16069069513163492
win,rusher::Ben Niemann,-0.03901088040430127
win,rusher::Benardrick Mckinney,0.06461419815999167
win,rusher::Benning Potoa'E,0.08865688731890278
win,rusher::Benson Mayowa,-0.14001329233726623
win,rusher::Bilal Nichols,-0.05461182945942792
win,rusher::Blake Cashman,-0.05412067582903131
win,rusher::Blake Lynch,-0.10670285854373286
win,rusher::Blake Martinez,-0.03818909721838471
win,rusher::Bobby Brown III,0.041308670146216565
win,rusher::Bobby Okereke,-0.07979823321862275
win,rusher::Bobby Wagner,0.1889495872780489
win,rusher::Boogie Basham,-0.23888686088049899
win,rusher::Bradlee Anae,0.03204620334488965
win,rusher::Bradley Chubb,-0.1395630696202232
win,rusher::Brandin Bryant,-0.08448723767106821
win,rusher::Brandon Copeland,-0.0025179677395961264
win,rusher::Brandon Graham,0.04038817786851725
win,rusher::Brandon Williams,0.035221196425360535
win,rusher::Bravvion Roy,0.11242043528626712
win,rusher::Braxton Hoyett,0.049864874012943594
win,rusher::Breiden Fehoko,0.18207366499425354
win,rusher::Brennan Scarlett,0.15591575458265008
win,rusher::Brent Urban,0.14946848564472293
win,rusher::Brian Burns,-0.1498365544480868
win,rusher::Broderick Washington,0.022764857478639915
win,rusher::Bruce Hector,0.0762573395446941
win,rusher::Bruce Irvin,-0.15435090556245795
win,rusher::Bryan Mone,0.16426318472710144
win,rusher::Bryce Huff,0.20419885002130428
win,rusher::Bud Dupree,-0.4434611610202222
win,rusher::Bunmi Rotimi,-0.09873873022832941
win,rusher::C.J. Mosley,0.05467791146338952
win,rusher::Calais Campbell,0.25326838259894396
win,rusher::Caleb Johnson,-0.03886789960472947
win,rusher::Calvin Munson,0.050672578886160655
win,rusher::Cam Brown,-0.04582128864342876
win,rusher::Cam Sample,-0.13046256415816246
win,rusher::Cameron Heyward,-0.21578742283259356
win,rusher::Cameron Jordan,-0.2426291385409768
win,rusher::Cameron Malveaux,-0.06804802650613212
win,rusher::Caraun Reid,-0.11526231286448502
win,rusher::Carl Davis Jr.,0.18394568031117506
win,rusher::Carl Granderson,-0.08457467438089587
win,rusher::Carl Nassib,-0.0574151566592597
win,rusher::Carlos Basham Jr.,0.06530190658585751
win,rusher::Carlos Davis,-0.11760134631500213
win,rusher::Carlos Dunlap,-0.21264736650665292
win,rusher::Carlos Watkins,0.05261301736672293
win,rusher::Carter Coughlin,0.0619101341768715
win,rusher::Casey Toohill,-0.17721187440535224
win,rusher::Cassius Marsh Sr.,-0.005301214513966578
win,rusher::Chandler Jones,-0.09989508344731254
win,rusher::Chapelle Russell,0.13114013059665455
win,rusher::Charles Harris,0.04409529264295732
win,rusher::Charles Omenihu,0.05690758026933053
win,rusher::Charles Snowden,-0.05241166270109284
win,rusher::Chase Winovich,-0.20665620129251835
win,rusher::Chase Young,-0.07353954935088727
win,rusher::Chauncey Golston,-0.11144505557664566
win,rusher::Chauncey Rivers,-0.04766477553745835
win,rusher::Chris Board,-0.171474429471278
win,rusher::Chris Jones,-0.0678147168960333
win,rusher::Chris Rumph II,0.05866575643142691
win,rusher::Chris Smith,-0.22426955273880694
win,rusher::Chris Williams,0.06866754339365647
win,rusher::Chris Wormley,-0.10619696354885279
win,rusher::Christian Barmore,0.006698585039461591
win,rusher::Christian Covington,-0.12119768511799102
win,rusher::Christian Elliss,0.028189701302410754
win,rusher::Christian Jones,-0.05387412725774934
win,rusher::Christian Kirksey,0.36844921628023
win,rusher::Christian Ringo,-0.031175800540379127
win,rusher::Christian Wilkins,0.10422471143768669
win,rusher::Clay Johnston,0.005185275577161768
win,rusher::Clelin Ferrell,0.13646741271925442
win,rusher::Cody Barton,0.3025035199185279
win,rusher::Cole Holcomb,0.12632795300066882
win,rusher::Corey Peters,-0.0015946875135747509
win,rusher::Cortez Broughton,-0.06192930818959268
win,rusher::Cory Littleton,0.03737890119623728
win,rusher::Curtis Robinson,0.05796962371739661
win,rusher::Curtis Weaver,-0.007993938215217851
win,rusher::D.J. Jones,0.34997075884445805
win,rusher::D.J. Reader,0.1689141531760545
win,rusher::D.J. Wonnum,-0.28635914417371355
win,rusher::Da'Shawn Hand,-0.0942990757634963
win,rusher::Daelin Hayes,-0.008069875307595618
win,rusher::Dakota Allen,-0.1995249848190896
win,rusher::Dalvin Tomlinson,-0.0048481448060346995
win,rusher::Damien Wilson,0.20590789422858663
win,rusher::Damion Square,0.12597340036358826
win,rusher::Daniel Archibong,0.08563667387084768
win,rusher::Daniel Ekuale,-0.13899239351057652
win,rusher::Daniel Wise,-0.03547550145157989
win,rusher::Danielle Hunter,0.08640710415764616
win,rusher::Danny Shelton,0.14899061843304087
win,rusher::Danny Trevathan,-0.027955960936688114
win,rusher::Dante Fowler Jr.,-0.26536777993917027
win,rusher::Daquan Jones,0.33673963341573343
win,rusher::Darius Hodges,-0.033318234748566225
win,rusher::Darius Leonard,0.08670284064228886
win,rusher::Darius Philon,0.2403521557829023
win,rusher::Daron Payne,0.043957049677593
win,rusher::Darrell Taylor,-0.04616150220276305
win,rusher::Darryl Johnson,0.05647730429238432
win,"rusher::David Long, Jr.",0.18212326970854747
win,rusher::David Mayo,-0.04266787783770082
win,rusher::David Moa,0.24437770426597322
win,rusher::David Onyemata,-0.25156962141027117
win,rusher::Davion Taylor,-0.06221501161061158
win,rusher::Daviyon Nixon,0.14346760030482972
win,rusher::Davon Godchaux,0.114513166279685
win,rusher::Davon Hamilton,0.36810608870463546
win,rusher::Dawuane Smoot,0.13387051869407307
win,rusher::Dayo Odeyingbo,-0.09321308002307781
win,rusher::De'Vondre Campbell,0.007983674105891823
win,rusher::Dean Lowry,-0.14545407208597566
win,rusher::DeAngelo Malone,-0.0159403753945537
win,rusher::Deatrich Wise Jr.,-0.04851378287508774
win,rusher::Dee Ford,-0.23033365062764494
win,rusher::Deforest Buckner,-0.12646212406654408
win,rusher::Deion Jones,0.15641971277393807
win,rusher::Del'Shawn Phillips,0.062849559652582307
win,rusher::Delontae Scott,-0.02632847131445951
win,rusher::DeMarcus Lawrence,-0.16019858562683295
win,rusher::Demarcus Walker,0.0672237018409022
win,rusher::Demario Davis,0.09382412805777751
win,rusher::Demetrius Flannigan-Fowles,-0.12554230334146677
win,rusher::Demone Harris,-0.19807365230434026
win,rusher::Denico Autry,-0.180155126273006
win,rusher::Dennis Gardeck,0.003729892227163721
win,rusher::Denzel Perryman,0.16061728805788672
win,rusher::Derek Barnett,0.006819392519924372
win,rusher::Derek Rivers,-0.1383517779583503
win,rusher::Derick Roberson,0.24371002126797245
win,rusher::Derrek Tuszka,-0.20940769635853604
win,rusher::Derrick Barnes,0.1461025693693833
win,rusher::Derrick Brown,0.12522829159494858
win,rusher::Derrick Nnadi,-0.036043238100424084
win,rusher::Deshawn Williams,-0.17474666119772256
win,rusher::Devin Bush,0.02287056617046649
win,rusher::Devin White,-0.008145599721690377
win,rusher::Devon Kennard,0.03802098382553655
win,rusher::Dexter Lawrence,0.1038376025254989
win,rusher::Divine Deablo,-0.2496271883125679
win,rusher::Dont'A Hightower,-0.032752515392268394
win,rusher::Dorance Armstrong,-0.3693320334552405
win,rusher::Dorian O'Daniel,0.04905540851529823
win,rusher::Doug Costin,-0.16254520914549347
win,rusher::Dre Greenlaw,0.16117463041475774
win,rusher::Dre'Mont Jones,0.22198326700075308
win,rusher::Drue Tranquill,0.17943911868037898
win,rusher::Duke Riley,0.17407946428168156
win,rusher::Dylan Cole,0.10108202547704503
win,rusher::E.J. Speed,0.09228839185116983
win,rusher::Ed Oliver,-0.006274582108180696
win,rusher::Eddie Goldman,0.2657905633537469
win,rusher::Eddie Yarbrough,-0.048845331509020165
win,rusher::Efe Obada,-0.05675283733585513
win,rusher::Elandon Roberts,0.14473748509393078
win,rusher::Elerson Smith,0.02088739937112158
win,rusher::Eli Ankou,0.24574799449736437
win,rusher::Elijah Lee,-0.11918940569010844
win,rusher::Emeke Egbule,-0.03694523914934813
win,rusher::Emmanuel Ellerbee,-0.03462058927313259
win,rusher::Emmanuel Ogbah,-0.22005805801552888
win,rusher::Eric Banks,0.05112036374563828
win,rusher::Eric Kendricks,0.034435138208198185
win,rusher::Eric Wilson,-0.029635129368266087
win,rusher::Ernest Jones,0.12680171295158996
win,rusher::Ethan Westbrooks,-0.05848489089109871
win,rusher::Everson Griffen,-0.22978376521596594
win,rusher::Fletcher Cox,0.17480176372322773
win,rusher::Folorunso Fatukasi,0.4066773098740127
win,rusher::Forrest Merrill,0.028217994658176704
win,rusher::Foyesade Oluokun,0.00831694919827043
win,rusher::Frank Clark,-0.0978971170875258
win,rusher::Frank Herron,-0.033236692091986625
win,rusher::Frankie Luvu,0.08546056219888654
win,rusher::Fred Warner,0.11939206256404417
win,rusher::Freedom Akinmoladun,0.04537920927969983
win,rusher::Garret Wallow,0.2612222514539786
win,rusher::Genard Avery,0.1800023038882956
win,rusher::Gerald McCoy,0.0928248060767247
win,rusher::Germaine Pratt,0.03225573253660703
win,rusher::Grady Jarrett,0.2541105138617898
win,rusher::Grant Stuard,-0.018211228276628327
win,rusher::Greg Gaines,-0.014312214310269014
win,rusher::Greg Rousseau,0.016077152845486924
win,rusher::Grover Stewart,0.053514828304003996
win,rusher::Haason Reddick,-0.01405517958938426
win,rusher::Hamilcar Rashed Jr.,-0.05019268732235061
win,rusher::Hamsah Nasirildeen,-0.16481652080254205
win,rusher::Hardy Nickerson,0.051104106293181475
win,rusher::Harold Landry III,-0.25679239460077613
win,rusher::Harvey Langi,0.01907795025676914
win,rusher::Hassan Ridgeway,0.0880359641701236
win,rusher::Henry Anderson,0.0518491620340901
win,rusher::Henry Mondeaux,-0.08205935997828681
win,rusher::Ifeadi Odenigbo,-0.1689351085906004
win,rusher::Isaac Rochell,0.04724762142667857
win,rusher::Isaiah Buggs,0.1391563796091324
win,rusher::Isaiah Mack,-0.13301907885082717
win,rusher::Isaiah Simmons,0.17901738883800591
win,rusher::Isaiahh Loudermilk,-0.13959447864742142
win,rusher::J.J. Watt,-0.01466205679839916
win,rusher::Ja'Whaun Bentley,-0.0820804968839569
win,rusher::Jabari Zuniga,0.2136998076651393
win,rusher::Jabril Cox,-0.016341128478502977
win,rusher::Jack Heflin,-0.12393378767431644
win,rusher::Jacob Martin,0.07228125970863336
win,rusher::Jacob Phillips,-0.02856327715758966
win,rusher::Jacob Tuioti-Mariner,-0.2720181467017545
win,rusher::Jacoby Stevens,0.05716452823336544
win,rusher::Jadeveon Clowney,0.03784632724310532
win,rusher::Jaelan Phillips,-0.3881873611800704
win,rusher::Jahlani Tavai,-0.13771218396085821
win,rusher::Jake Zimmer,-0.1836128820258835
win,rusher::Jaleel Johnson,-0.0649355894254836
win,rusher::Jalen Reeves-Maybin,0.22569002072620567
win,rusher::Jalyn Holmes,-0.24234177152506606
win,rusher::James Lynch,0.07827057973710141
win,rusher::James Smith-Williams,-0.059791492311317994
win,rusher::James Vaughters,-0.039782875510921745
win,rusher::Jamie Collins Sr.,-0.08837905576106234
win,rusher::Jamien Sherwood,-0.024544784551335266
win,rusher::Jamin Davis,0.04696684366486842
win,rusher::Jamir Jones,0.08428990749553442
win,rusher::Jarrad Davis,-0.20798719275445712
win,rusher::Jarran Reed,-0.0407519670027033
win,rusher::Jashon Cornell,-0.02253652209061143
win,rusher::Jason Pierre-Paul,-0.27317814987933714
win,rusher::Javon Hargrave,-0.0456273957440325
win,rusher::Javon Kinlaw,0.08984135880387573
win,rusher::Jay Tufele,0.3510724091254151
win,rusher::Jaylon Ferguson,-0.348128033283249
win,rusher::Jaylon Smith,-0.13840068767587738
win,rusher::Jayon Brown,-0.06188794056292858
win,rusher::Jeffery Simmons,-0.1547674122717967
win,rusher::Jeremiah Attaochu,-0.12368550232707287
win,rusher::Jeremiah Owusu-Koramoah,0.42390736604965595
win,rusher::Jermaine Carter Jr.,0.439951438137794
win,rusher::Jermaine Johnson II,0.054116383217576586
win,rusher::Jerome Baker,-0.13878117157040143
win,rusher::Jerry Hughes,0.24807066313268367
win,rusher::Jerry Tillery,0.06654822753666133
win,rusher::Jessie Lemonier,-0.19114338769240455
win,rusher::Jihad Ward,0.037273605956800945
win,rusher::Joe Bachie,0.09081175815111318
win,rusher::Joe Gaziano,0.004298264825906676
win,rusher::Joe Jackson,-0.16253678460180143
win,rusher::Joe Schobert,-0.03000451762024684
win,rusher::Joe Thomas,0.08162882967167627
win,rusher::Joe Tryon-Shoyinka,-0.09725376119984339
win,rusher::Joe Walker,-0.07217177749200815
win,rusher::Joey Bosa,-0.1769948988514441
win,rusher::John Cominsky,0.17369274008680552
win,rusher::John Franklin-Myers,-0.06186876115322141
win,rusher::John Jenkins,0.08746880683970824
win,rusher::John Penisini,-0.027118725212144812
win,rusher::John Simon,-0.1214727672419633
win,rusher::Johnathan Hankins,0.20802093290902304
win,rusher::Jonas Griffith,-0.04098716066313138
win,rusher::Jonathan Allen,0.021801429510488822
win,rusher::Jonathan Bostic,0.25344938354842395
win,rusher::Jonathan Bullard,0.06872200707331053
win,rusher::Jonathan Garvin,-0.1165263604310334
win,rusher::Jonathan Greenard,-0.08272067271541134
win,rusher::Jonathan Harris,-0.08669714301451995
win,rusher::Jonathan Ledbetter,-0.021366073903244933
win,rusher::Jonathan Marshall,0.2735475489957969
win,rusher::Jonathon Cooper,-0.18846178103650355
win,rusher::Jordan Elliott,0.18517867254851095
win,rusher::Jordan Evans,0.02273970389582638
win,rusher::Jordan Hicks,0.2457454266476074
win,rusher::Jordan Jenkins,-0.0010266944269502745
win,rusher::Jordan Phillips,-0.1850711272892891
win,rusher::Jordan Smith,-0.10894689735408226
win,rusher::Jordan Willis,-0.2021806227094716
win,rusher::Jordyn Brooks,0.12079360717944602
win,rusher::Joseph Jones,-0.1478950662748729
win,rusher::Josey Jewell,0.034974805235130496
win,rusher::Josh Allen,0.13194262262311962
win,rusher::Josh Bynes,0.2176193718272946
win,rusher::Josh Mauro,-0.0815965260638656
win,rusher::Josh Sweat,-0.067258236719614
win,rusher::Josh Tupou,0.04737631983862366
win,rusher::Josh Uche,-0.28143370459387984
win,rusher::Josh Woods,0.2189297707728429
win,rusher::Joshua Kaindoh,0.22061998390183135
win,rusher::Josiah Bronson,-0.2665425918175381
win,rusher::Julian Okwara,-0.055824283081945376
win,rusher::Julian Stanford,0.10110921098114044
win,rusher::Justin Ellis,-0.07284398818102922
win,rusher::Justin Hamilton,0.21773022603875986
win,rusher::Justin Hollins,-0.03183663003228575
win,rusher::Justin Houston,-0.09512548275657928
win,rusher::Justin Jones,0.06465401160119472
win,rusher::Justin Lawler,0.019195817764116958
win,rusher::Justin Madubuike,0.1745147688304192
win,rusher::Justin Strnad,0.033317921355695446
win,rusher::Justin Zimmer,0.030417901240817988
win,rusher::K.J. Wright,0.01310983259928852
win,rusher::K'Lavon Chaisson,-0.08142954229289072
win,rusher::Kaden Elliss,-0.1903713740575389
win,rusher::Kahlil Mckenzie,-0.0899422029957299
win,rusher::Kamal Martin,-0.04063815865142379
win,rusher::Kamu Grugier-Hill,0.3554480614479684
win,rusher::Keandre Jones,-0.03401345982626628
win,rusher::Keanu Neal,-0.35309371086328195
win,rusher::Kemoko Turay,-0.3182038119118976
win,rusher::Kendal Vickers,-0.033476481064522515
win,rusher::Kenneth Murray Jr.,0.17991673177180229
win,rusher::Kenny Clark,0.03887641670456017
win,rusher::Kenny Willekes,-0.4334484076823558
win,rusher::Kenny Young,0.07398519916865498
win,rusher::Kentavius Street,0.1795450229762321
win,rusher::Kerry Hyder Jr.,-0.08947074676301084
win,rusher::Kevin Givens,0.23940429116552245
win,rusher::Kevin Minter,0.04185577602944373
win,rusher::Kevin Pierre-Louis,-0.009753396855210344
win,rusher::Kevin Strong,0.02462685471366198
win,rusher::Khaleke Hudson,0.07777407914166168
win,rusher::Khalen Saunders,0.0397272280403208
win,rusher::Khalid Kareem,-0.21057884119570314
win,rusher::Khalil Davis,-0.018582568906971242
win,rusher::Khalil Mack,-0.13589047997764375
win,rusher::Khyiris Tonga,0.18102887033559126
win,rusher::Kingsley Keke,-0.07623244126583653
win,rusher::Kristian Welch,0.011203977882548682
win,rusher::Krys Barnes,-0.05131848518660495
win,rusher::Kwity Paye,-0.03746101795975759
win,rusher::Kwon Alexander,0.03586537445710759
win,rusher::Kyle Peko,0.17260540828317752
win,rusher::Kyle Phillips,-0.10601197589714279
win,rusher::Kyle Van Noy,-0.143048197097571
win,rusher::Kyler Fackrell,-0.0688323864014484
win,rusher::Kylie Fitts,-0.0812845971341164
win,rusher::Kyzir White,-0.10813342455430151
win,rusher::L.J. Collier,0.25282529332704295
win,rusher::La'Darius Hamilton,0.031049835606633235
win,rusher::Ladarius Hamilton,-0.023216264671292834
win,rusher::Larrell Murchison,0.21687377708814093
win,rusher::Larry Ogunjobi,-0.10246548420099616
win,rusher::Lavonte David,-0.04240931047645222
win,rusher::Lawrence Guy,0.0788439325556707
win,rusher::Ledarius Mack,-0.030139414264249906
win,rusher::Leighton Vander Esch,-0.2368997010153181
win,rusher::Leki Fotu,0.11916074690114435
win,rusher::Leonard Floyd,-0.10037111134400281
win,rusher::Leonard Williams,-0.16278594449972464
win,rusher::Lerentee Mccray,-0.1644534632898239
win,rusher::Levi Onwuzurike,0.09155560023052911
win,rusher::Linval Joseph,0.21257236182724304
win,rusher::Logan Wilson,0.07956704745217832
win,rusher::Lorenzo Carter,-0.3321710989496126
win,rusher::Luke Gifford,-0.04103298243584034
win,rusher::Mack Wilson Sr.,-0.00730005535826933
win,rusher::Malcolm Koonce,-0.3029872569454074
win,rusher::Malcolm Roach,0.2555593601850827
win,rusher::Malcolm Smith,0.08921427985777097
win,rusher::Malcom Brown,0.21920864403122664
win,rusher::Maliek Collins,0.33799599538987124
win,rusher::Malik Harrison,0.11677622067330443
win,rusher::Malik Jackson,0.04653097255283986
win,rusher::Malik Mcdowell,0.14081829741986074
win,rusher::Malik Reed,-0.17659211733702007
win,rusher::Marcell Harris,-0.2422188154258162
win,rusher::Marcus Allen,-0.04615425788350406
win,rusher::Marcus Davenport,-0.13465060975322818
win,rusher::Margus Hunt,0.050878887136740714
win,rusher::Mario Addison,-0.013804069016878893
win,rusher::Mario Edwards Jr.,-0.045972966255348136
win,rusher::Markus Bailey,-0.07651147727979463
win,rusher::Markus Golden,-0.21093742789655728
win,rusher::Marlon Davidson,-0.16083301425847812
win,rusher::Marlon Tuipulotu,-0.16250205873874543
win,rusher::Marquel Lee,-0.14945850120181198
win,rusher::Marquis Haynes Sr.,-0.2142883863674564
win,rusher::Marquise Copeland,-0.021910913318689093
win,rusher::Marquiss Spencer,-0.08085287977627754
win,rusher::Marvin Wilson,0.005749060681944664
win,rusher::Matt Ioannidis,0.052782459915285004
win,rusher::Matt Milano,0.30649527250373715
win,rusher::Matthew Judon,-0.3006139650855738
win,rusher::Maurice Hurst,0.32671848303926987
win,rusher::Maxx Crosby,-0.028662610486979365
win,rusher::Mctelvin Agim,-0.09815084424363407
win,rusher::Melvin Ingram,-0.07136517889825911
win,rusher::Micah Kiser,0.21617699055983863
win,rusher::Micah Parsons,-0.043059427647509974
win,rusher::Michael Brockers,0.024253485308072954
win,rusher::Michael Dogbe,0.009902288488117163
win,rusher::Michael Dwumfour,0.25201406342117605
win,rusher::Michael Hoecht,-0.11953859442911696
win,rusher::Michael Pierce,0.11319467853652677
win,rusher::Mike Daniels,0.17521406891471683
win,rusher::Mike Danna,-0.1701728824454122
win,rusher::Mike Pennel,0.06934989149932037
win,rusher::Mike Purcell,0.3251877981049498
win,rusher::Milton Williams,0.15154990564700208
win,rusher::Montez Sweat,-0.45676682274520386
win,rusher::Montravius Adams,0.1642374558014866
win,rusher::Monty Rice,0.14103739784051395
win,rusher::Morgan Fox,0.16464066724568444
win,rusher::Mykal Walker,-0.07244215874988857
win,rusher::Myles Adams,0.11193446819348613
win,rusher::Myles Garrett,0.08888933098337033
win,rusher::Myles Jack,0.045038973624467044
win,rusher::Naquan Jones,0.013614655056773001
win,rusher::Nate Orchard,-0.020735065759692216
win,rusher::Nathan Landman,-0.052063849211261226
win,rusher::Nathan Shepherd,0.35256965308914723
win,rusher::Ndamukong Suh,0.2259771774331159
win,rusher::Neville Gallimore,-0.1149977492245129
win,rusher::Neville Hewitt,0.07083187858607047
win,rusher::Nick Bolton,0.028680283811311606
win,rusher::Nick Bosa,-0.2717297587601889
win,rusher::Nick Dzubnar,-0.07218315472236606
win,rusher::Nick Kwiatkoski,0.022650530006145062
win,rusher::Nick Niemann,-0.08783845487078833
win,rusher::Nick Thurman,-0.01134601251603696
win,rusher::Nick Vigil,0.043802988194699695
win,rusher::Nick Williams,-0.08359959445354237
win,rusher::Noah Dawkins,0.05370216929295544
win,rusher::Noah Spence,0.1300513124354272
win,rusher::Odafe Oweh,0.015872051801584863
win,rusher::Ogbonnia Okoronkwo,0.0711028351962581
win,rusher::Ola Adeniyi,-0.25568045162890707
win,rusher::Oren Burks,-0.041609686074203
win,rusher::Osa Odighizuwa,0.08915318111476672
win,rusher::Oshane Ximines,-0.22191968437599022
win,rusher::Otito Ogbonnia,-0.1151704851713062
win,rusher::P.J. Williams,-0.11126821843192106
win,rusher::Patrick Johnson,-0.04912132057258473
win,rusher::Patrick Jones II,0.02303940228496571
win,rusher::Patrick O'Connor,0.03354397302922891
win,rusher::Patrick Queen,0.3860885901878484
win,rusher::Payton Turner,-0.12526741207670614
win,rusher::Pernell Mcphee,-0.08008026041779379
win,rusher::Pete Werner,0.18856881921979673
win,rusher::Phil Hoskins,0.03095710177331451
win,rusher::Pita Taumoepenu,-0.023174851270150742
win,rusher::Poona Ford,0.2989469799468629
win,rusher::Porter Gustin,-0.15553823536945915
win,rusher::Preston Smith,-0.3164669966415492
win,rusher::Quincy Roche,-0.17011865237868612
win,rusher::Quincy Williams,0.046058002847363354
win,rusher::Quinnen Williams,0.12915913547342542
win,rusher::Quinton Bohanna,0.15120912691023364
win,rusher::Quinton Jefferson,-0.09697300228344531
win,rusher::Raekwon Davis,0.10177938196510619
win,rusher::Raequan Williams,0.006501899751613575
win,rusher::Rakeem Nunez-Roches,0.1855219155083012
win,rusher::Randy Gregory,-0.23145466694221414
win,rusher::Rashaan Evans,0.14578536275296014
win,rusher::Rashad Weaver,0.008635456789200484
win,rusher::Rashan Gary,-0.4184704128582254
win,rusher::Rashard Lawrence,-0.08557054952162743
win,rusher::Rasheem Green,-0.23699495054506658
win,rusher::Rashod Berry,-0.14118035075091917
win,rusher::Raymond Johnson III,-0.012717045160334617
win,rusher::Reggie Ragland,0.15546236475451503
win,rusher::Reginald Mckenzie,0.13511505981335192
win,rusher::Renell Wren,-0.05622457378237179
win,rusher::Robert Nkemdiche,0.056648675727766155
win,rusher::Robert Quinn,-0.14166119108981995
win,rusher::Robert Spillane,-0.022382598710069423
win,rusher::Romeo Okwara,-0.06834491562032924
win,rusher::Ron'Dell Carter,-0.10790145757993178
win,rusher::Ronald Blair,-0.08374164827844123
win,rusher::Roquan Smith,0.25691756740236643
win,rusher::Ross Blacklock,0.011459042606726165
win,rusher::Roy Lopez,0.09980933310356696
win,rusher::Roy Robertson-Harris,0.15552342755972778
win,rusher::Ryan Kerrigan,0.15473654575958024
win,rusher::Sam Eguavoen,0.04435097928516673
win,rusher::Sam Hubbard,-0.2819438754917162
win,rusher::Sam Kamara,0.029867031491568715
win,rusher::Samson Ebukam,-0.06727374230623563
win,rusher::Samuel Eguavoen,-0.01793051212240967
win,rusher::Shaka Toney,-0.06344819053471304
win,rusher::Shamar Stephen,-0.10936558676859283
win,rusher::Shaq Lawson,-0.02131481912290092
win,rusher::Shaq Thompson,0.1517331042096698
win,rusher::Shaquil Barrett,-0.21533012930944306
win,rusher::Shaquille Quarterman,-0.08198340354330702
win,rusher::Sharif Finch,0.16128013252553555
win,rusher::Shaun Bradley,-0.1139952468308108
win,rusher::Shelby Harris,-0.2780446165107046
win,rusher::Sheldon Day,-0.110834642529752
win,rusher::Sheldon Rankins,-0.04810129605614869
win,rusher::Sheldon Richardson,-0.12507736383273094
win,rusher::Shy Tuttle,0.008948019665144476
win,rusher::Sione Takitaki,0.11856692630257003
win,rusher::Solomon Thomas,-0.09607321725296551
win,rusher::Star Lotulelei,0.053376953607548835
win,rusher::Stephen Weatherly,-0.20197938413141378
win,rusher::Steve Mclendon,0.00903834405313086
win,rusher::Steven Means,-0.04800811441838403
win,rusher::T.J. Edwards,0.09645927522655015
win,rusher::T.J. Slaton,0.024619209952975712
win,rusher::T.J. Watt,-0.08206050196142003
win,rusher::T.Y. Mcgill,0.05693908248281426
win,rusher::Ta'Quon Graham,0.02220843898212043
win,rusher::Taco Charlton,-0.15336786835532754
win,rusher::Tae Crowder,0.3390737187472794
win,rusher::Takkarist Mckinley,-0.1064524304000184
win,rusher::Tanner Vallejo,-0.024721632009959787
win,rusher::Tanoh Kpassagnon,-0.2791975215780531
win,rusher::Tarell Basham,-0.18657557400867686
win,rusher::Tarron Jackson,0.11847708095192205
win,rusher::Tashawn Bower,-0.1455377100023293
win,rusher::Taven Bryan,0.28906826637524413
win,rusher::Taylor Stallworth,-0.1065146355399979
win,rusher::Teair Tart,0.13267219048970563
win,rusher::Terrell Lewis,-0.1389293014250923
win,rusher::Tershawn Wharton,0.0618540052091903
win,rusher::Tim Settle,0.2998284442095329
win,rusher::Tim Ward,0.060893764973953324
win,rusher::Tipa Galeai,-0.030936008197649596
win,rusher::Tommy Togiai,-0.04808393635811202
win,rusher::Travin Howard,0.022862866286863452
win,rusher::Tremaine Edmunds,0.20359717742707154
win,rusher::Trent Harris,-0.15082615594375048
win,rusher::Trevis Gipson,-0.01041493451382147
win,rusher::Trey Flowers,-0.24569433079822653
win,rusher::Trey Hendrickson,-0.06393757890804376
win,rusher::Troy Dye,-0.1808121024957196
win,rusher::Troy Reeder,0.44206579507800187
win,rusher::Trysten Hill,0.06026706632292705
win,rusher::Ty Summers,0.03105939105287297
win,rusher::Tyeler Davison,0.13162956297986336
win,rusher::Tyler Lancaster,0.15569025115025473
win,rusher::Tyler Matakevich,-0.06269855921756357
win,rusher::Tyler Shelvin,0.06924447988616547
win,rusher::Tyquan Lewis,-0.0628760594345644
win,rusher::Tyrel Dodson,0.2450647315709203
win,rusher::Tyrell Adams,-0.02200890620626037
win,rusher::Tyson Alualu,-0.14598639141469533
win,rusher::Tyus Bowser,-0.2604063458756905
win,rusher::Uchenna Nwosu,-0.17283496587536679
win,rusher::Ulysees Gilbert III,-0.005347520596222668
win,rusher::Vernon Butler,0.11394130253798174
win,rusher::Victor Dimukeje,-0.06621450310756566
win,rusher::Vince Biegel,0.04053225204480161
win,rusher::Vincent Taylor,0.10340245650670511
win,rusher::Vita Vea,0.28937946179754875
win,rusher::Von Miller,-0.14261372717007498
win,rusher::Whitney Mercilus,-0.21831681428908423
win,rusher::Will Bradley-King,0.0015709292455482673
win,rusher::William Gholston,0.07775894150265544
win,rusher::Willie Gay,-0.003878398282079418
win,rusher::Woodrow Hamilton,0.05774957079434045
win,rusher::Wyatt Ray,0.07315025968448145
win,rusher::Wyatt Raymond,-0.2413228481011646
win,rusher::Xavier Williams,0.0715961438799137
win,rusher::Yannick Ngakoue,-0.1461545315434873
win,rusher::Yetur Gross-Matos,-0.09091097117414662
win,rusher::Za'Darius Smith,0.0925345656602815
win,rusher::Zach Allen,-0.0785371508672741
win,rusher::Zach Cunningham,0.20360389805507473
win,rusher::Zach Kerr,0.2934132488000557
win,rusher::Zach Sieler,0.12869476311257755
win,rusher::Zack Baun,0.19047281852426257
win,rusher::Zaire Franklin,0.044675159364386985
win,rusher::Zaven Collins,0.13463640594114124
win,blocker::A.J. Cann,-0.025544105512675438
win,blocker::Aaron Banks,0.0515614286739441
win,blocker::Aaron Brewer,0.053943524278636565
win,blocker::Aaron Stinnie,0.06497895867251977
win,blocker::Adam Pankey,-0.06209665984740207
win,blocker::Aj Jackson,-0.023347745950119885
win,blocker::Alejandro Villanueva,0.27005336149042414
win,blocker::Alex Bars,0.014402309038501947
win,blocker::Alex Barshaba,-0.21589604332861498
win,blocker::Alex Cappa,-0.020016279060805928
win,blocker::Alex Leatherwood,0.0384426602800626
win,blocker::Alex Mack,-0.06397552657301264
win,blocker::Ali Marpet,0.12147721037081562
win,blocker::Alijah Vera-Tucker,0.0063698684479967125
win,blocker::Andre Dillard,0.27880052931924443
win,blocker::Andre James,0.06291488504881267
win,blocker::Andre Smith,-0.04782653806770525
win,blocker::Andrew Norwell,0.23585225594956374
win,blocker::Andrew Thomas,0.016525585388638495
win,blocker::Andrew Whitworth,-0.04901627340731429
win,blocker::Andrew Wylie,-0.03144785123358047
win,blocker::Andrus Peat,0.14943021574328363
win,blocker::Attauyo Nsekhe,-0.0907464281551896
win,blocker::Austin Blythe,-0.06613777443037246
win,blocker::Austin Corbett,-0.057433135635538174
win,blocker::Austin Jackson,0.005345261145981474
win,blocker::Austin Reiter,0.05969143618248585
win,blocker::Austin Schlottmann,0.030854421174095252
win,blocker::B.J. Finney,0.27734205142886176
win,blocker::Ben Bartch,0.10890778507423038
win,blocker::Ben Braden,-0.03385233034955647
win,blocker::Ben Bredeson,0.10798608990277245
win,blocker::Ben Cleveland,0.30018739940766287
win,blocker::Ben Jones,-0.03367853103746099
win,blocker::Ben Powers,0.5348395036316982
win,blocker::Billy Price,-0.0021061444754016025
win,blocker::Billy Turner,0.07439232945670916
win,blocker::Blake Brandel,-0.29556225769417205
win,blocker::Blake Hance,-0.11142564237845998
win,blocker::Bobby Evans,0.08275003146156476
win,blocker::Bobby Hart,-0.3113972256519363
win,blocker::Bobby Massie,-0.1443721491983026
win,blocker::Braden Smith,-0.13718220511855073
win,blocker::Bradley Bozeman,0.20982916392438927
win,blocker::Brady Christensen,0.32346122590760945
win,blocker::Brandon Brooks,0.14990203232932217
win,blocker::Brandon Knight,-0.10666455281975108
win,blocker::Brandon Linder,0.08869328227255922
win,blocker::Brandon Parker,-0.005284381538537157
win,blocker::Brandon Scherff,-0.051360397826420705
win,blocker::Brandon Shell,-0.04647364318753888
win,blocker::Brett Toth,-0.005973935899806485
win,blocker::Brian Allen,-0.01209883726859582
win,blocker::Brian O'Neill,-0.11952586474291628
win,blocker::Brian Winters,-0.10566868337036867
win,blocker::Bryan Bulaga,-0.14006305298382846
win,blocker::Caleb Benenoch,0.07981694664239683
win,blocker::Calvin Anderson,-0.21482779192088516
win,blocker::Calvin Throckmorton,0.5521829871976554
win,blocker::Cam Robinson,-0.020120789778359956
win,blocker::Cameron Erving,-0.12122270382140403
win,blocker::Cameron Fleming,-0.2587249482903394
win,blocker::Cameron Tom,0.023276485162993837
win,blocker::Casey Tucker,-0.09923807198525458
win,blocker::Cedric Ogbuehi,-0.0012077268552276156
win,blocker::Cesar Ruiz,0.3006820258076228
win,blocker::Charles Leno Jr.,0.01715289098989348
win,blocker::Charlie Heck,-0.0076522330850521125
win,blocker::Chase Roullier,0.3547279236045127
win,blocker::Chris Hubbard,-0.06819963789249785
win,blocker::Chris Lindstrom,-0.10953032543836551
win,blocker::Chris Reed,-0.13309530652769283
win,blocker::Christian Darrisaw,-0.16244876833334698
win,blocker::Chukwuma Okorafor,-0.13096494691965135
win,blocker::Chuma Edoga,0.09438418338349631
win,blocker::Cody Ford,0.09119524540226025
win,blocker::Cody Whitehair,0.10446512394418701
win,blocker::Colby Gossett,-0.12449405430632272
win,blocker::Cole Toner,0.33931542987429947
win,blocker::Coleman Shelton,-0.026895987986359924
win,blocker::Colton Mckivitz,-0.1870721128274127
win,blocker::Connor Mcgovern,-0.0072527853320884066
win,blocker::Conor Mcdermott,-0.16893531841552498
win,blocker::Corey Levin,-0.14666569402453647
win,blocker::Corey Linsley,0.0586264052540887
win,blocker::Cornelius Lucas,-0.05546888345696894
win,blocker::Creed Humphrey,-0.11404730386302009
win,blocker::D.J. Humphries,-0.11455787574425721
win,blocker::D'Ante Smith,-0.06417160435228743
win,blocker::Dalton Risner,0.1667340453008297
win,blocker::Damien Lewis,0.1807395542783714
win,blocker::Dan Moore Jr.,-0.09517740021072044
win,blocker::Daniel Brunskill,0.07243608889714374
win,blocker::Danny Isidora,0.09394209568758273
win,blocker::Danny Pinter,-0.10200196732086311
win,blocker::Daryl Williams,0.09065569168354345
win,blocker::David Andrews,-0.09845520560239235
win,blocker::David Bakhtiari,-0.0724810454523448
win,blocker::David Edwards,-0.03824674978570278
win,blocker::David Quessenberry,-0.11919681252657602
win,blocker::David Sharpe,0.17331158820424253
win,blocker::David Steinmetz,0.023742666623059027
win,blocker::Dennis Daley,0.16500414738316488
win,blocker::Dennis Kelly,-0.06683600649125172
win,blocker::Denzelle Good,-0.0199314534015049
win,blocker::Deonte Brown,0.024329180096481953
win,blocker::Derrick Kelly,0.0402101692194443
win,blocker::Dillon Radunz,-0.14059129783599955
win,blocker::Dion Dawkins,-0.10407911198310944
win,blocker::Donovan Smith,0.15172974765036143
win,blocker::Drew Dalman,0.08518003822920589
win,blocker::Duane Brown,-0.06347082635725065
win,blocker::Elgton Jenkins,-0.02917084794677192
win,blocker::Elijah Wilkinson,0.22812115595810994
win,blocker::Ereck Flowers Sr.,0.2054606466943636
win,blocker::Eric Fisher,-0.07510127317161681
win,blocker::Erik McCoy,0.3854885520781708
win,blocker::Ethan Pocic,0.166782352394696
win,blocker::Evan Brown,-0.05080514655909038
win,blocker::Ezra Cleveland,-0.06794360106448644
win,blocker::Frank Ragnow,0.11391662357992308
win,blocker::Fred Johnson,-0.13114861832202304
win,blocker::Gabe Jackson,0.22243300744231018
win,blocker::Garett Bolles,-0.07190477408467147
win,blocker::Garrett Bradbury,0.04056332085986044
win,blocker::George Fant,-0.16076175437317386
win,blocker::Germain Ifedi,-0.0060470758250487896
win,blocker::Geron Christian Sr.,-0.12014408307053297
win,blocker::Graham Glasgow,0.13758453220575984
win,blocker::Greg Mancz,0.07023048279045424
win,blocker::Greg Van Roten,0.22791991472250073
win,blocker::Hakeem Adeniji,-0.09666100954072043
win,blocker::Halapoulivaati Vaitai,-0.14927656363411726
win,blocker::Ike Boettger,0.21539925354221096
win,blocker::Iosua Opeta,0.002604276115785597
win,blocker::Isaac Seumalo,0.07605456107931927
win,blocker::Isaiah Prince,-0.24626641702293856
win,blocker::Isaiah Williams,-0.1376983336688206
win,blocker::Isaiah Wynn,-0.3211238906188411
win,blocker::J.C. Hassenauer,0.07035434631502162
win,blocker::J.C. Tretter,0.07196578931934136
win,blocker::Jack Anderson,-0.18556823248387205
win,blocker::Jack Conklin,-0.06488142685565852
win,blocker::Jack Driscoll,0.19451830598194633
win,blocker::Jackson Barton,-0.28306807360360214
win,blocker::Jackson Carman,0.09313904048001101
win,blocker::Jake Brendel,0.01922620916681955
win,blocker::Jake Curhan,-0.059160421031793045
win,blocker::Jake Hanson,0.05567877574458903
win,blocker::Jake Matthews,-0.13933935992828764
win,blocker::Jalen Mayfield,0.13010004475770529
win,blocker::Jamarco Jones,-0.10967525364722029
win,blocker::James Carpenter,0.24670924388920853
win,blocker::James Daniels,0.08388173687924358
win,blocker::James Ferentz,-0.13231472798886332
win,blocker::James Hudson III,0.018849590763001065
win,blocker::Jamil Douglas,0.04649786542837644
win,blocker::Jaryd Jones-Smith,0.02974980059498948
win,blocker::Jason Kelce,0.08949975485393186
win,blocker::Jason Peters,0.1680471386512785
win,blocker::Jason Spriggs,-0.009899514694975462
win,blocker::Jawaan Taylor,-0.2031704097338486
win,blocker::Jaylon Moore,-0.1481394442617782
win,blocker::Jc Tretter,-0.013844477576072994
win,blocker::Jedrick Wills Jr.,-0.02196621211483428
win,blocker::Jermaine Eluemunor,-0.013503216870221199
win,blocker::Jesse Davis,0.016195718654593783
win,blocker::Jimmy Morrissey,-0.03554062034655219
win,blocker::Joe Haeg,-0.1113409484824575
win,blocker::Joe Noteboom,-0.1754399849277722
win,blocker::Joe Thuney,0.1100775862117801
win,blocker::Joel Bitonio,0.10680646218973554
win,blocker::John Leglue,-0.07732236060408804
win,blocker::John Miller,0.10545042592769012
win,blocker::John Simpson,0.004504487308807564
win,blocker::Jon Feliciano,0.12649082941255393
win,blocker::Jon Runyan,-0.17293858998910006
win,blocker::Jon Toth,-0.0647201095275142
win,blocker::Jonah Jackson,-0.09324964480294963
win,blocker::Jonah Williams,-0.13626893791520517
win,blocker::Jordan Mailata,-0.013566734650942117
win,blocker::Jordan Mills,0.6134885827970877
win,blocker::Jordan Simmons,-0.013060271958483798
win,blocker::Joseph Noteboom,-0.04984279211761314
win,blocker::Josh Jones,-0.037386296707699516
win,blocker::Josh Myers,0.010459101951552951
win,blocker::Josh Wells,0.032058265724353704
win,blocker::Joshua Miles,-0.052727337663213185
win,blocker::Julie'N Davenport,0.01225631744682659
win,blocker::Justin Britt,-0.08416713422134996
win,blocker::Justin Herron,-0.2591742694981425
win,blocker::Justin Mccray,0.16476287015713478
win,blocker::Justin Murray,0.005455965848326785
win,blocker::Justin Pugh,0.02657008473803143
win,blocker::Kaleb McGary,-0.15650598326723575
win,blocker::Kayode Awosika,0.14479222346594156
win,blocker::Kc Mcdermott,0.09166917007871263
win,blocker::Keaton Sutherland,-0.010954581115995224
win,blocker::Keith Ismael,0.1314219865156356
win,blocker::Kelvin Beachum,-0.05186067639480237
win,blocker::Kendall Lamm,0.009802457617455976
win,blocker::Kendrick Green,-0.06659183669333672
win,blocker::Kevin Dotson,0.05454505587134779
win,blocker::Kevin Zeitler,0.47451394356593907
win,blocker::Kolton Miller,-0.11844574001192204
win,blocker::Korey Cunningham,-0.07032497594727384
win,blocker::Kyle Fuller,-0.008642097902649094
win,blocker::Kyle Long,-0.046575533161482746
win,blocker::Kyle Murphy,0.053887955955214846
win,blocker::La'El Collins,-0.22432063566591567
win,blocker::Lachavious Simmons,-0.05535113909438497
win,blocker::Laken Tomlinson,0.011887049200714884
win,blocker::Landon Dickerson,0.22594155127565824
win,blocker::Landon Young,-0.09537124924493195
win,blocker::Lane Johnson,-0.00710075289292888
win,blocker::Lane Taylor,0.014874808466464072
win,blocker::Laremy Tunsil,-0.04901580562380922
win,blocker::Larry Borom,0.21180366220194416
win,blocker::Laurent Duvernay-Tardif,0.06495209107213788
win,blocker::Le'Raven Clark,-0.3381233833390408
win,blocker::Lester Cotton Sr.,0.02237779614246478
win,blocker::Liam Eichenberg,0.0646481312859486
win,blocker::Lloyd Cushenberry III,0.1989020810354893
win,blocker::Logan Stenberg,-0.023822196670149388
win,blocker::Lucas Niang,-0.061135267702814
win,blocker::Lucas Patrick,-0.037776062436206195
win,blocker::Marcus Cannon,-0.11578289623927839
win,blocker::Marcus Henry,-0.05826696757665406
win,blocker::Mark Glowinski,-0.06670138518035361
win,blocker::Mason Cole,0.1877685278247759
win,blocker::Matt Farniok,-0.04841537277509723
win,blocker::Matt Feiler,0.003508857714151004
win,blocker::Matt Hennessy,0.10283175133727093
win,blocker::Matt Nelson,-0.20692342633128816
win,blocker::Matt Paradis,0.13375895773748367
win,blocker::Matt Peart,-0.23848136372193152
win,blocker::Matt Pryor,-0.06311825938064544
win,blocker::Matt Skura,-0.11337160200152278
win,blocker::Max Garcia,-0.08113065204380128
win,blocker::Max Scharping,0.05212375501907929
win,blocker::Mekhi Becton,0.043319291111126666
win,blocker::Michael Deiter,-0.1532516745349732
win,blocker::Michael Dunn,-0.032196584125119505
win,blocker::Michael Jordan,0.0484313030066756
win,blocker::Michael Schofield III,0.12721615157176205
win,blocker::Mike Mcglinchey,0.013362547285462295
win,blocker::Mike Onwenu,-0.17145218682689456
win,blocker::Mike Remmers,0.06044356149430825
win,blocker::Mitch Morse,0.2324472718757435
win,blocker::Morgan Moses,-0.1435484726668785
win,blocker::Myron Cunningham,-0.08767471143182826
win,blocker::Nate Davis,-0.037873503484061
win,blocker::Nate Herbig,0.10246420488241431
win,blocker::Nate Solder,-0.19082576930372733
win,blocker::Netane Muti,0.02687567113826278
win,blocker::Nick Allegretti,-0.05628444102174358
win,blocker::Nick Gates,0.11066763946431367
win,blocker::Nick Harris,0.20202318039244466
win,blocker::Nick Leverett,-0.10499910567420107
win,blocker::Nick Martin,-0.15603665946099857
win,blocker::Oday Aboushi,0.03378701024080411
win,blocker::Olisaemeka Udoh,-0.042980882221303425
win,blocker::Orlando Brown,-0.1395976551254612
win,blocker::Parker Ehinger,-0.1299643904095354
win,blocker::Pat Elflein,0.02718601201868479
win,blocker::Patrick Mekari,0.26715335291106584
win,blocker::Penei Sewell,-0.2751052188003746
win,blocker::Phil Haynes,-0.1095307351597398
win,blocker::Prince Tega Wanogho,-0.08158732254645361
win,blocker::Quenton Nelson,0.02029021589022264
win,blocker::Quinn Bailey,-0.02338057798808433
win,blocker::Quinn Meinerz,-0.011628448226516893
win,blocker::Quinton Spain,0.07080168906401602
win,blocker::Rashaad Coward,0.03777451212706821
win,blocker::Rashawn Slater,-0.18347818524494747
win,blocker::Rashod Hill,-0.17990772880916536
win,blocker::Riley Reiff,-0.14256307096168866
win,blocker::Rob Havenstein,-0.0809486681918118
win,blocker::Robert Hainsey,-0.17976953831683742
win,blocker::Robert Hunt,0.0567708332022705
win,blocker::Robert Jones,-0.15226069277035054
win,blocker::Rodger Saffold,-0.24661604651624025
win,blocker::Rodney Hudson,0.09695487359667433
win,blocker::Ronnie Stanley,0.027417872698020394
win,blocker::Royce Newman,0.014306563811132333
win,blocker::Ryan Bates,0.11492246830222806
win,blocker::Ryan Jensen,-0.5284882826213586
win,blocker::Ryan Kelly,0.057980016149665005
win,blocker::Ryan Mccollum,-0.10230316579071899
win,blocker::Ryan Ramczyk,0.27262353039904447
win,blocker::Saahdiq Charles,0.30170009209234117
win,blocker::Sam Cosmi,-0.0952233749321661
win,blocker::Sam Mustipher,0.12527229610240126
win,blocker::Sam Tecklenburg,0.13416671778720868
win,blocker::Scott Daly,0.03102139190445834
win,blocker::Scott Quessenberry,0.054351499076868925
win,blocker::Sean Harlow,-0.015542933229329783
win,blocker::Senio Kelemete,0.02167960149479222
win,blocker::Shane Lemieux,-0.04240036444685586
win,blocker::Shaq Mason,-0.13719740345841608
win,blocker::Solomon Kindley,-0.007994659342212568
win,blocker::Spencer Brown,-0.06732287376918954
win,blocker::Stone Forsythe,-0.08866377240934199
win,blocker::Storm Norton,-0.08111947684238194
win,blocker::Taylor Decker,-0.18882151802813849
win,blocker::Taylor Lewan,-0.37108643462762525
win,blocker::Taylor Moton,-0.08721316386821405
win,blocker::Ted Karras,-0.11014137813774436
win,blocker::Terence Steele,-0.16495409068572803
win,blocker::Terron Armstead,0.11483872821179829
win,blocker::Teven Jenkins,-0.033013146390612924
win,blocker::Tom Compton,-0.05475968736296246
win,blocker::Tommy Doyle,-0.20556296701056112
win,blocker::Tommy Kraemer,0.08272928290841533
win,blocker::Trai Turner,0.044987720060646365
win,blocker::Tre'Vour Wallace-Simms,0.07167530317083975
win,blocker::Trent Brown,-0.07915017719912523
win,blocker::Trent Scott,0.08419964832961108
win,blocker::Trent Williams,-0.18657179993090076
win,blocker::Trey Hill,0.02063215905924969
win,blocker::Trey Hopkins,0.3948268841100733
win,blocker::Trey Pipkins III,-0.3153122657583082
win,blocker::Trey Smith,-0.02766313687541572
win,blocker::Tristan Wirfs,0.05684499285985013
win,blocker::Trystan Colon,-0.039647458664059665
win,blocker::Ty Nsekhe,0.092231204693801
win,blocker::Ty Sambrailo,-0.1912346399253727
win,blocker::Tyler Biadasz,0.1663839491038014
win,blocker::Tyler Larsen,0.23398543761049861
win,blocker::Tyler Shatley,0.12103349178068963
win,blocker::Tyre Phillips,0.15823510171743016
win,blocker::Tyron Smith,-0.18674407250347197
win,blocker::Tytus Howard,-0.07776969566898632
win,blocker::Walker Little,0.032720194738107625
win,blocker::Wes Martin,0.09875498637562598
win,blocker::Wes Schweitzer,-0.01614130444988892
win,blocker::Will Clapp,0.5068196031989316
win,blocker::Will Fries,-0.049706476758921134
win,blocker::Will Hernandez,0.20722448037787342
win,blocker::Will Holden,-0.09139547117715201
win,blocker::Will Richardson Jr.,-0.05907071428712357
win,blocker::Wyatt Teller,0.01487019605140271
win,blocker::Xavier Su'A-Filo,0.1939601298525992
win,blocker::Yasir Durant,0.0698760606083971
win,blocker::Yodny Cajuste,-0.30874794875650186
win,blocker::Yosh Nijman,-0.09224802442309529
win,blocker::Zach Banner,-0.01373028326003134
win,blocker::Zack Martin,0.16794244593940577
win,double_team,0.1396319203273043
hit,(Intercept),-1.725787310877366
hit,rusher::A.J. Epenesa,0.1424909637870846
hit,rusher::A.J. Johnson,-0.015459280326511154
hit,rusher::A'Shawn Robinson,-0.16783368438538587
hit,rusher::Aaron Donald,-0.0282627349514247
hit,rusher::Aaron James Klein,-0.05788804683893166
hit,rusher::Aaron Patrick,0.12337882562118183
hit,rusher::Abdullah Anderson,0.09622791379369346
hit,rusher::Adam Butler,-0.22865878796090108
hit,rusher::Adam Gotsis,0.2746922460134718
hit,rusher::Adetokunbo Ogundeji,-0.06849811534113609
hit,rusher::Akeem Davis-Gaither,-0.014869891947864953
hit,rusher::Akeem Spence,-0.006105087900675723
hit,rusher::Akiem Hicks,0.009600126276642222
hit,rusher::Al Woods,-0.20086497988653496
hit,rusher::Al-Quadin Muhammad,-0.017699359615655712
hit,rusher::Albert Huggins,-0.1508017111100716
hit,rusher::Alec Ogletree,-0.03960031289195884
hit,rusher::Alex Anzalone,-0.0016310041588573135
hit,rusher::Alex Highsmith,-0.22314721859118056
hit,rusher::Alex Okafor,0.2743665315309183
hit,rusher::Alex Singleton,0.26200212743652507
hit,rusher::Alexander Johnson,-0.061953142544496964
hit,rusher::Alim Mcneill,-0.2092660741788614
hit,rusher::Alton Robinson,0.0660129128000326
hit,rusher::Amani Bledsoe,-0.06407591408967876
hit,rusher::Amen Ogbongbemiga,-0.023885330944798076
hit,rusher::Andre Mintze,-0.01974832049647369
hit,rusher::Andrew Billings,-0.06362856547408485
hit,rusher::Andrew Brown,-0.007836336752901732
hit,rusher::Andrew Dowell,-0.005128813198113989
hit,rusher::Andrew Van Ginkel,-0.043719980907253375
hit,rusher::Angelo Blackson,-0.03962885096143718
hit,rusher::Anthony Barr,-0.12352116308648634
hit,rusher::Anthony Hitchens,0.11824862372317024
hit,rusher::Anthony Levine Sr.,-0.003080914293406419
hit,rusher::Anthony Nelson,-0.02500473917495564
hit,rusher::Anthony Pittman,-0.016180729678491813
hit,rusher::Anthony Rush,-0.12750193885362698
hit,rusher::Anthony Walker Jr.,-0.08892044107264992
hit,rusher::Antwaun Woods,-0.06346587194782767
hit,rusher::Arden Key,-0.19965247903579766
hit,rusher::Arik Armstead,0.05171088105423163
hit,rusher::Armon Watts,-0.07018047309599666
hit,rusher::Austin Bryant,0.0411993990514844
hit,rusher::Austin Calitro,0.07462523982324938
hit,rusher::Austin Faoliu,0.06058234898771712
hit,rusher::Austin Johnson,-0.08851895778927055
hit,rusher::Azeez Al-Shaair,-0.10951120378241155
hit,rusher::Azeez Ojulari,0.20496105626928734
hit,rusher::Azur Kamara,-0.02186800856903861
hit,rusher::B.J. Hill,-0.16868417829169044
hit,rusher::Baron Browning,-0.07315287827498332
hit,rusher::Ben Banogu,-0.0434530152807544
hit,rusher::Ben Niemann,0.11967169422458168
hit,rusher::Benardrick Mckinney,-0.027970013679801793
hit,rusher::Benning Potoa'E,-0.006571097694559903
hit,rusher::Benson Mayowa,-0.07631901276288032
hit,rusher::Bilal Nichols,-0.03864131361590668
hit,rusher::Blake Cashman,-0.003957255368756407
hit,rusher::Blake Lynch,-0.040091640140482526
hit,rusher::Blake Martinez,0.05064355530064334
hit,rusher::Bobby Brown III,-0.026134055490472635
hit,rusher::Bobby Okereke,-0.06361630981667057
hit,rusher::Bobby Wagner,-0.015878178388243264
hit,rusher::Boogie Basham,0.05698935881162809
hit,rusher::Bradlee Anae,-0.01899672247355668
hit,rusher::Bradley Chubb,0.08229510409971443
hit,rusher::Brandin Bryant,-0.02258234821451879
hit,rusher::Brandon Copeland,0.011844717934763098
hit,rusher::Brandon Graham,0.03914168368702491
hit,rusher::Brandon Williams,-0.034566057210400826
hit,rusher::Bravvion Roy,-0.06301343921553554
hit,rusher::Braxton Hoyett,-0.012499827465094822
hit,rusher::Breiden Fehoko,0.09401329937449784
hit,rusher::Brennan Scarlett,-0.0731484738710901
hit,rusher::Brent Urban,-0.05618062999702843
hit,rusher::Brian Burns,0.24768276284334662
hit,rusher::Broderick Washington,-0.07193691649058047
hit,rusher::Bruce Hector,-0.03427492218468847
hit,rusher::Bruce Irvin,-0.0746113799202149
hit,rusher::Bryan Mone,-0.042477740366918634
hit,rusher::Bryce Huff,-0.1522189692485342
hit,rusher::Bud Dupree,0.1970820927097915
hit,rusher::Bunmi Rotimi,-0.0786816311152799
hit,rusher::C.J. Mosley,-0.10090953122663085
hit,rusher::Calais Campbell,-0.24143852780168978
hit,rusher::Caleb Johnson,-0.001080406148129717
hit,rusher::Calvin Munson,-0.004217993341590551
hit,rusher::Cam Brown,-0.005043517767612912
hit,rusher::Cam Sample,0.048874521685912366
hit,rusher::Cameron Heyward,-0.10017886529538708
hit,rusher::Cameron Jordan,0.02231307219438836
hit,rusher::Cameron Malveaux,0.023382514093062707
hit,rusher::Caraun Reid,-0.015373313898602428
hit,rusher::Carl Davis Jr.,-0.15269945842182708
hit,rusher::Carl Granderson,-0.07798204289252454
hit,rusher::Carl Nassib,-0.12413292929688635
hit,rusher::Carlos Basham Jr.,-0.03622903535726
hit,rusher::Carlos Davis,-0.04131180273002258
hit,rusher::Carlos Dunlap,0.1762773947634538
hit,rusher::Carlos Watkins,-0.13974392693105125
hit,rusher::Carter Coughlin,-0.021326407031147642
hit,rusher::Casey Toohill,-0.06938272246239895
hit,rusher::Cassius Marsh Sr.,-0.04067789204464482
hit,rusher::Chandler Jones,-0.28009884003558094
hit,rusher::Chapelle Russell,-0.015566036761712828
hit,rusher::Charles Harris,-0.030267634369978633
hit,rusher::Charles Omenihu,0.12304237071879978
hit,rusher::Charles Snowden,-0.0022704551604868888
hit,rusher::Chase Winovich,-0.04254836574703947
hit,rusher::Chase Young,0.0665784292912208
hit,rusher::Chauncey Golston,0.1999692847721099
hit,rusher::Chauncey Rivers,0.05294542944345465
hit,rusher::Chris Board,-0.05391693622226249
hit,rusher::Chris Jones,0.10897172002239439
hit,rusher::Chris Rumph II,-0.05599835098379634
hit,rusher::Chris Smith,0.17252248491385755
hit,rusher::Chris Williams,0.002749519325216354
hit,rusher::Chris Wormley,-0.019108319851187213
hit,rusher::Christian Barmore,0.05769012149056666
hit,rusher::Christian Covington,-0.09011434370335777
hit,rusher::Christian Elliss,-0.002120993777057383
hit,rusher::Christian Jones,-0.013993600043879274
hit,rusher::Christian Kirksey,-0.15188226563486243
hit,rusher::Christian Ringo,0.11426841914349167
hit,rusher::Christian Wilkins,0.08153295973112659
hit,rusher::Clay Johnston,-0.012919662226009794
hit,rusher::Clelin Ferrell,-0.07555871839501904
hit,rusher::Cody Barton,-0.02661291772474927
hit,rusher::Cole Holcomb,0.08674452060158683
hit,rusher::Corey Peters,0.04093831720760899
hit,rusher::Cortez Broughton,-0.0026201673933527758
hit,rusher::Cory Littleton,-0.0739917816259323
hit,rusher::Curtis Robinson,-0.03220492983754025
hit,rusher::Curtis Weaver,-0.003273568213378642
hit,rusher::D.J. Jones,-0.21343437422813027
hit,rusher::D.J. Reader,-0.12870573026839907
hit,rusher::D.J. Wonnum,0.03636921257950752
hit,rusher::Da'Shawn Hand,-0.054907329690527355
hit,rusher::Daelin Hayes,-0.0021874507875715853
hit,rusher::Dakota Allen,-0.010546433314519451
hit,rusher::Dalvin Tomlinson,0.02606499075226471
hit,rusher::Damien Wilson,-0.15011005154762677
hit,rusher::Damion Square,-0.1176718467524266
hit,rusher::Daniel Archibong,-0.011081047076296542
hit,rusher::Daniel Ekuale,0.07955050847529384
hit,rusher::Daniel Wise,-0.00729102328222079
hit,rusher::Danielle Hunter,-0.12418852079509449
hit,rusher::Danny Shelton,-0.15505383524696484
hit,rusher::Danny Trevathan,-0.007588063881450315
hit,rusher::Dante Fowler Jr.,0.2606232614928063
hit,rusher::Daquan Jones,-0.19168355839597787
hit,rusher::Darius Hodges,-0.003846366858412002
hit,rusher::Darius Leonard,0.10889429209338886
hit,rusher::Darius Philon,0.12997830549785572
hit,rusher::Daron Payne,0.08650132846566251
hit,rusher::Darrell Taylor,0.24051118772751762
hit,rusher::Darryl Johnson,-0.009582008934332838
hit,"rusher::David Long, Jr.",0.11707252160201176
hit,rusher::David Mayo,-0.028517139939990725
hit,rusher::David Moa,-0.04929810671198405
hit,rusher::David Onyemata,0.1492469604968008
hit,rusher::Davion Taylor,-0.03247221943706125
hit,rusher::Daviyon Nixon,-0.06697092908407742
hit,rusher::Davon Godchaux,0.16532853108903908
hit,rusher::Davon Hamilton,-0.1277882426758671
hit,rusher::Dawuane Smoot,-0.03389575673165875
hit,rusher::Dayo Odeyingbo,0.06846663696686096
hit,rusher::De'Vondre Campbell,0.09220242565995847
hit,rusher::Dean Lowry,-0.1641040486649088
hit,rusher::DeAngelo Malone,-6.768147962630167e-4
hit,rusher::Deatrich Wise Jr.,-0.09922238080239718
hit,rusher::Dee Ford,0.08427145969142227
hit,rusher::Deforest Buckner,0.35742893202827963
hit,rusher::Deion Jones,-0.02252601252023699
hit,rusher::Del'Shawn Phillips,-0.03271603063576729
hit,rusher::Delontae Scott,-0.0040432032340814005
hit,rusher::DeMarcus Lawrence,0.11724557499593535
hit,rusher::Demarcus Walker,-0.008590712001907115
hit,rusher::Demario Davis,-0.12020368801566159
hit,rusher::Demetrius Flannigan-Fowles,-0.021975135476800176
hit,rusher::Demone Harris,0.04079281760717815
hit,rusher::Denico Autry,0.2993424899627471
hit,rusher::Dennis Gardeck,-0.012653656094531455
hit,rusher::Denzel Perryman,-0.08998721439923232
hit,rusher::Derek Barnett,0.019761830491319864
hit,rusher::Derek Rivers,-0.0730541940941825
hit,rusher::Derick Roberson,-0.05123422119159354
hit,rusher::Derrek Tuszka,0.047877964660464234
hit,rusher::Derrick Barnes,-0.04098634098448013
hit,rusher::Derrick Brown,0.00309457754824466
hit,rusher::Derrick Nnadi,-0.15385842505644587
hit,rusher::Deshawn Williams,0.19978539757397035
hit,rusher::Devin Bush,-0.03513725298152511
hit,rusher::Devin White,-0.02305628197339562
hit,rusher::Devon Kennard,-0.035092887311447524
hit,rusher::Dexter Lawrence,-0.07319271044963963
hit,rusher::Divine Deablo,-0.0345548499603243
hit,rusher::Dont'A Hightower,-0.08906931648472372
hit,rusher::Dorance Armstrong,0.05148245388333444
hit,rusher::Dorian O'Daniel,-0.004799673556692139
hit,rusher::Doug Costin,-0.009194017800577695
hit,rusher::Dre Greenlaw,-0.01525205538796682
hit,rusher::Dre'Mont Jones,-0.2460646459580496
hit,rusher::Drue Tranquill,-0.08753898171479108
hit,rusher::Duke Riley,0.014174933515122067
hit,rusher::Dylan Cole,-0.017003078450826048
hit,rusher::E.J. Speed,-0.024909084607036183
hit,rusher::Ed Oliver,0.27541605054336415
hit,rusher::Eddie Goldman,-0.2355319489326782
hit,rusher::Eddie Yarbrough,-0.002153530553006697
hit,rusher::Efe Obada,-0.029865983847664132
hit,rusher::Elandon Roberts,0.029760464819394476
hit,rusher::Elerson Smith,-0.0448466693155071
hit,rusher::Eli Ankou,-0.08434803854826926
hit,rusher::Elijah Lee,-0.0123105762550091
hit,rusher::Emeke Egbule,-0.011222340379021034
hit,rusher::Emmanuel Ellerbee,-0.001353848135584435
hit,rusher::Emmanuel Ogbah,0.2017266684866409
hit,rusher::Eric Banks,-0.024580838297404782
hit,rusher::Eric Kendricks,-0.07866625540297167
hit,rusher::Eric Wilson,0.043250699901588044
hit,rusher::Ernest Jones,-0.06231083091536892
hit,rusher::Ethan Westbrooks,-0.003258631889949783
hit,rusher::Everson Griffen,0.11650305867300798
hit,rusher::Fletcher Cox,-0.12438088104505114
hit,rusher::Folorunso Fatukasi,-0.12676871150281366
hit,rusher::Forrest Merrill,-0.027166074260210435
hit,rusher::Foyesade Oluokun,0.11138322847643492
hit,rusher::Frank Clark,0.18817255821477558
hit,rusher::Frank Herron,-0.001445487626569329
hit,rusher::Frankie Luvu,0.07437835034581627
hit,rusher::Fred Warner,-0.07766034072498817
hit,rusher::Freedom Akinmoladun,-0.020261662531048084
hit,rusher::Garret Wallow,-0.04196435950955354
hit,rusher::Genard Avery,-0.08526566278559743
hit,rusher::Gerald McCoy,-0.021917549470825592
hit,rusher::Germaine Pratt,0.02444197968402028
hit,rusher::Grady Jarrett,0.050620225121274225
hit,rusher::Grant Stuard,-0.001485439621637876
hit,rusher::Greg Gaines,0.09238448512701858
hit,rusher::Greg Rousseau,0.021112165701118762
hit,rusher::Grover Stewart,0.014924042835712425
hit,rusher::Haason Reddick,0.045679341438935005
hit,rusher::Hamilcar Rashed Jr.,-0.01711191760994745
hit,rusher::Hamsah Nasirildeen,-0.008750455102185386
hit,rusher::Hardy Nickerson,-9.397443028127861e-4
hit,rusher::Harold Landry III,-0.005247108539950417
hit,rusher::Harvey Langi,-0.0020477125997310696
hit,rusher::Hassan Ridgeway,-0.03004318260186732
hit,rusher::Henry Anderson,-0.028838274628410196
hit,rusher::Henry Mondeaux,-0.16624005541529838
hit,rusher::Ifeadi Odenigbo,-0.06639058882994849
hit,rusher::Isaac Rochell,-0.09367985584553985
hit,rusher::Isaiah Buggs,-0.09672700643669652
hit,rusher::Isaiah Mack,0.12786411633564929
hit,rusher::Isaiah Simmons,-0.11885024141579094
hit,rusher::Isaiahh Loudermilk,0.06839119600762848
hit,rusher::J.J. Watt,0.4392094639119815
hit,rusher::Ja'Whaun Bentley,0.07625879641556012
hit,rusher::Jabari Zuniga,-0.034297783032649846
hit,rusher::Jabril Cox,-8.551358936083505e-4
hit,rusher::Jack Heflin,-0.007918312190049322
hit,rusher::Jacob Martin,0.1603948698460176
hit,rusher::Jacob Phillips,-0.024176267684543784
hit,rusher::Jacob Tuioti-Mariner,-0.02950713954781316
hit,rusher::Jacoby Stevens,-0.00708498643035842
hit,rusher::Jadeveon Clowney,-0.0846091677657925
hit,rusher::Jaelan Phillips,0.007871613059674465
hit,rusher::Jahlani Tavai,0.06723277730246975
hit,rusher::Jake Zimmer,0.20028415557948653
hit,rusher::Jaleel Johnson,0.21761037467032918
hit,rusher::Jalen Reeves-Maybin,-0.11861282401474467
hit,rusher::Jalyn Holmes,0.12207637603378427
hit,rusher::James Lynch,0.11518800659501455
hit,rusher::James Smith-Williams,-0.08076483692158819
hit,rusher::James Vaughters,-0.0945717820197915
hit,rusher::Jamie Collins Sr.,0.12274815407334351
hit,rusher::Jamien Sherwood,-0.017431893084939636
hit,rusher::Jamin Davis,-0.04390032346735836
hit,rusher::Jamir Jones,-0.04662718610711669
hit,rusher::Jarrad Davis,0.03545362347619806
hit,rusher::Jarran Reed,0.2542785096651402
hit,rusher::Jashon Cornell,-0.003054469195538155
hit,rusher::Jason Pierre-Paul,-0.02817554141539179
hit,rusher::Javon Hargrave,0.1373541701770388
hit,rusher::Javon Kinlaw,-0.07554660987161921
hit,rusher::Jay Tufele,-0.04929346758882937
hit,rusher::Jaylon Ferguson,0.028090443101576053
hit,rusher::Jaylon Smith,-0.054757936249506034
hit,rusher::Jayon Brown,-0.05450797385855517
hit,rusher::Jeffery Simmons,0.053694397874596705
hit,rusher::Jeremiah Attaochu,0.027036720928767004
hit,rusher::Jeremiah Owusu-Koramoah,0.01825683376157057
hit,rusher::Jermaine Carter Jr.,-0.0822720917844482
hit,rusher::Jermaine Johnson II,-0.0013867448734861546
hit,rusher::Jerome Baker,0.04633582465689628
hit,rusher::Jerry Hughes,-0.16704084120691146
hit,rusher::Jerry Tillery,-0.1373633223899947
hit,rusher::Jessie Lemonier,-0.010795252170545432
hit,rusher::Jihad Ward,0.050538535760429715
hit,rusher::Joe Bachie,-0.02038142696529669
hit,rusher::Joe Gaziano,-5.7816359646043195e-5
hit,rusher::Joe Jackson,0.0698762569877107
hit,rusher::Joe Schobert,0.022521657534728675
hit,rusher::Joe Thomas,0.05964366521412079
hit,rusher::Joe Tryon-Shoyinka,0.10636091651475726
hit,rusher::Joe Walker,-0.014475401494020079
hit,rusher::Joey Bosa,0.2713224707751125
hit,rusher::John Cominsky,-0.012939751185696279
hit,rusher::John Franklin-Myers,0.11663438406568585
hit,rusher::John Jenkins,-0.07073458747979222
hit,rusher::John Penisini,0.13994001770971812
hit,rusher::John Simon,0.05209967314545737
hit,rusher::Johnathan Hankins,-0.008069248483062931
hit,rusher::Jonas Griffith,-0.04246383828199119
hit,rusher::Jonathan Allen,-0.14674864819481787
hit,rusher::Jonathan Bostic,-0.04222842638676408
hit,rusher::Jonathan Bullard,-0.06712189861066703
hit,rusher::Jonathan Garvin,-0.03355205920603876
hit,rusher::Jonathan Greenard,0.07944886895747551
hit,rusher::Jonathan Harris,0.029318142631536252
hit,rusher::Jonathan Ledbetter,-0.007239831936444289
hit,rusher::Jonathan Marshall,-0.08111114794349819
hit,rusher::Jonathon Cooper,0.07710281553299912
hit,rusher::Jordan Elliott,-0.1813559468605812
hit,rusher::Jordan Evans,-0.005170557765206726
hit,rusher::Jordan Hicks,-0.11988084130265995
hit,rusher::Jordan Jenkins,0.19123749993672862
hit,rusher::Jordan Phillips,0.030255486647498674
hit,rusher::Jordan Smith,-0.012924025985001131
hit,rusher::Jordan Willis,0.0548413727798739
hit,rusher::Jordyn Brooks,0.05938565036272051
hit,rusher::Joseph Jones,-0.014527602132820897
hit,rusher::Josey Jewell,-0.008021659700426143
hit,rusher::Josh Allen,0.06607817706275174
hit,rusher::Josh Bynes,-0.012870948042412175
hit,rusher::Josh Mauro,-0.044462035356187084
hit,rusher::Josh Sweat,0.1836874578750903
hit,rusher::Josh Tupou,-0.08666700668507055
hit,rusher::Josh Uche,0.08141649195539594
hit,rusher::Josh Woods,-0.026474099429925037
hit,rusher::Joshua Kaindoh,-0.038237388826689644
hit,rusher::Josiah Bronson,0.1727737803987881
hit,rusher::Julian Okwara,0.007368612301019208
hit,rusher::Julian Stanford,-0.020561503887397872
hit,rusher::Justin Ellis,-0.04086942327431657
hit,rusher::Justin Hamilton,-0.201097535265583
hit,rusher::Justin Hollins,0.05056357101791621
hit,rusher::Justin Houston,0.07436443532167777
hit,rusher::Justin Jones,-0.19728130659257892
hit,rusher::Justin Lawler,-0.005317712894249378
hit,rusher::Justin Madubuike,-0.18667612136111225
hit,rusher::Justin Strnad,-0.05603243949209119
hit,rusher::Justin Zimmer,-0.04810685696678378
hit,rusher::K.J. Wright,-0.048094416677819725
hit,rusher::K'Lavon Chaisson,-0.014954762245837847
hit,rusher::Kaden Elliss,0.03907409571982297
hit,rusher::Kahlil Mckenzie,-0.003905303212996472
hit,rusher::Kamal Martin,-0.0013543659154219747
hit,rusher::Kamu Grugier-Hill,-0.08965829280096875
hit,rusher::Keandre Jones,-0.0015509605359585277
hit,rusher::Keanu Neal,0.025639176646837857
hit,rusher::Kemoko Turay,0.17587870072973652
hit,rusher::Kendal Vickers,-0.020622006898256585
hit,rusher::Kenneth Murray Jr.,-0.06339171872676862
hit,rusher::Kenny Clark,0.06616435584150687
hit,rusher::Kenny Willekes,0.22850044244395193
hit,rusher::Kenny Young,-0.08901382174619488
hit,rusher::Kentavius Street,-0.25922141159308393
hit,rusher::Kerry Hyder Jr.,-0.010933883277900997
hit,rusher::Kevin Givens,-0.11617157988716185
hit,rusher::Kevin Minter,-0.007221074084352791
hit,rusher::Kevin Pierre-Louis,-0.011023845942609063
hit,rusher::Kevin Strong,-0.06414563623303787
hit,rusher::Khaleke Hudson,-0.003748895998699486
hit,rusher::Khalen Saunders,-0.07408429429388438
hit,rusher::Khalid Kareem,-0.04683611284079329
hit,rusher::Khalil Davis,-0.007184543351851716
hit,rusher::Khalil Mack,0.10611632179320832
hit,rusher::Khyiris Tonga,-0.04153554976984292
hit,rusher::Kingsley Keke,-0.14375984185672355
hit,rusher::Kristian Welch,-0.005600381149377122
hit,rusher::Krys Barnes,-0.06967897660840507
hit,rusher::Kwity Paye,0.04397959166326105
hit,rusher::Kwon Alexander,-0.01856941402266887
hit,rusher::Kyle Peko,-0.14118375765572014
hit,rusher::Kyle Phillips,0.0027188614374136994
hit,rusher::Kyle Van Noy,0.23194469894030803
hit,rusher::Kyler Fackrell,-0.17478983090014205
hit,rusher::Kylie Fitts,-0.0123877800711413
hit,rusher::Kyzir White,0.1393615333259969
hit,rusher::L.J. Collier,-0.15387492082848422
hit,rusher::La'Darius Hamilton,-0.001778949196416129
hit,rusher::Ladarius Hamilton,-0.02159424358529374
hit,rusher::Larrell Murchison,-0.08145057819782224
hit,rusher::Larry Ogunjobi,0.1347261842348883
hit,rusher::Lavonte David,-0.00732434071308543
hit,rusher::Lawrence Guy,0.1537420285731125
hit,rusher::Ledarius Mack,-0.010996252334927195
hit,rusher::Leighton Vander Esch,0.21984733600939843
hit,rusher::Leki Fotu,-0.10459958316433414
hit,rusher::Leonard Floyd,-0.17986988273806592
hit,rusher::Leonard Williams,0.13869333623991245
hit,rusher::Lerentee Mccray,-0.010289214480446942
hit,rusher::Levi Onwuzurike,-0.14844801232758728
hit,rusher::Linval Joseph,-0.17013521737308274
hit,rusher::Logan Wilson,-0.016193251325716813
hit,rusher::Lorenzo Carter,0.04370887928442329
hit,rusher::Luke Gifford,-0.005556183691641603
hit,rusher::Mack Wilson Sr.,-0.02775664443873764
hit,rusher::Malcolm Koonce,0.0502942899256936
hit,rusher::Malcolm Roach,-0.158962904860453
hit,rusher::Malcolm Smith,-0.001978688580795475
hit,rusher::Malcom Brown,-0.011249085148430534
hit,rusher::Maliek Collins,-0.2410636013145483
hit,rusher::Malik Harrison,-0.03168218798865667
hit,rusher::Malik Jackson,-0.19995706501865093
hit,rusher::Malik Mcdowell,-0.10698989611195174
hit,rusher::Malik Reed,-0.1370721795450269
hit,rusher::Marcell Harris,0.037170641364080555
hit,rusher::Marcus Allen,-0.00550458513215459
hit,rusher::Marcus Davenport,0.24843498290821728
hit,rusher::Margus Hunt,-0.09235861818537183
hit,rusher::Mario Addison,0.10482775803815331
hit,rusher::Mario Edwards Jr.,0.08718723668894127
hit,rusher::Markus Bailey,0.02038550860856242
hit,rusher::Markus Golden,-0.050141094504543855
hit,rusher::Marlon Davidson,0.06837456371129416
hit,rusher::Marlon Tuipulotu,-0.03162093995432543
hit,rusher::Marquel Lee,0.0674514643546114
hit,rusher::Marquis Haynes Sr.,0.04338934030713639
hit,rusher::Marquise Copeland,-0.07806955558341955
hit,rusher::Marquiss Spencer,-0.008161312845221029
hit,rusher::Marvin Wilson,-0.015112680199946469
hit,rusher::Matt Ioannidis,0.028498689992936553
hit,rusher::Matt Milano,-0.15366430434160827
hit,rusher::Matthew Judon,0.3061479424782119
hit,rusher::Maurice Hurst,-0.0482824280136788
hit,rusher::Maxx Crosby,0.18463960340916213
hit,rusher::Mctelvin Agim,0.13511730354221457
hit,rusher::Melvin Ingram,-0.0491212350887745
hit,rusher::Micah Kiser,-0.02288796654092664
hit,rusher::Micah Parsons,0.09417367071192048
hit,rusher::Michael Brockers,-0.03324346397293224
hit,rusher::Michael Dogbe,-0.03298985149446451
hit,rusher::Michael Dwumfour,-0.07005655182586269
hit,rusher::Michael Hoecht,0.06778591760444903
hit,rusher::Michael Pierce,-0.12305666886259155
hit,rusher::Mike Daniels,-0.0658932388116203
hit,rusher::Mike Danna,-0.043541308039042353
hit,rusher::Mike Pennel,0.1711143873040165
hit,rusher::Mike Purcell,-0.200389197316556
hit,rusher::Milton Williams,0.1192651942766194
hit,rusher::Montez Sweat,0.2841179254382799
hit,rusher::Montravius Adams,-0.013841521357126787
hit,rusher::Monty Rice,-0.038730629241198695
hit,rusher::Morgan Fox,-0.11943364273201337
hit,rusher::Mykal Walker,-0.043120973579934704
hit,rusher::Myles Adams,-0.028607074686670744
hit,rusher::Myles Garrett,-0.23200065612406656
hit,rusher::Myles Jack,0.1090513942950771
hit,rusher::Naquan Jones,-0.047199451429222494
hit,rusher::Nate Orchard,-0.0010281738938166497
hit,rusher::Nathan Landman,-0.0022842068715469804
hit,rusher::Nathan Shepherd,-0.12296216020178144
hit,rusher::Ndamukong Suh,-0.1706309659089261
hit,rusher::Neville Gallimore,0.08661724098307887
hit,rusher::Neville Hewitt,-0.07412386243338144
hit,rusher::Nick Bolton,0.20792606291778903
hit,rusher::Nick Bosa,0.11496249213639112
hit,rusher::Nick Dzubnar,-0.009397250067189111
hit,rusher::Nick Kwiatkoski,-0.0021273646011899156
hit,rusher::Nick Niemann,-0.007903573338117652
hit,rusher::Nick Thurman,-0.01968298315074449
hit,rusher::Nick Vigil,-0.021546538384162206
hit,rusher::Nick Williams,0.02534385447076928
hit,rusher::Noah Dawkins,-7.6530740630359e-4
hit,rusher::Noah Spence,-0.02700098368839573
hit,rusher::Odafe Oweh,-4.0898573938537666e-4
hit,rusher::Ogbonnia Okoronkwo,-0.09374216864645912
hit,rusher::Ola Adeniyi,0.15446437202533603
hit,rusher::Oren Burks,-0.02517962269248677
hit,rusher::Osa Odighizuwa,0.00317701313727076
hit,rusher::Oshane Ximines,-0.06903895853293765
hit,rusher::Otito Ogbonnia,0.06541219875429483
hit,rusher::P.J. Williams,0.06387837314358401
hit,rusher::Patrick Johnson,0.0671757884846576
hit,rusher::Patrick Jones II,-0.0500816160423838
hit,rusher::Patrick O'Connor,0.13504210369129538
hit,rusher::Patrick Queen,-0.07672948032129376
hit,rusher::Payton Turner,-0.012444140214774744
hit,rusher::Pernell Mcphee,-0.10941207692576527
hit,rusher::Pete Werner,-0.05474443805093316
hit,rusher::Phil Hoskins,-0.029791569701684142
hit,rusher::Pita Taumoepenu,-9.921514622323933e-4
hit,rusher::Poona Ford,-0.2645110087682151
hit,rusher::Porter Gustin,0.008014642824442813
hit,rusher::Preston Smith,0.29632068695840064
hit,rusher::Quincy Roche,-0.1470118341886888
hit,rusher::Quincy Williams,-0.11441416656081188
hit,rusher::Quinnen Williams,0.18965149391953878
hit,rusher::Quinton Bohanna,-0.1529572696651929
hit,rusher::Quinton Jefferson,0.30211342670483576
hit,rusher::Raekwon Davis,-0.09001767761887924
hit,rusher::Raequan Williams,-0.02858882240757521
hit,rusher::Rakeem Nunez-Roches,-0.01096667399591509
hit,rusher::Randy Gregory,0.14218224342825675
hit,rusher::Rashaan Evans,-0.07089385971057839
hit,rusher::Rashad Weaver,-0.0032416777514269945
hit,rusher::Rashan Gary,0.43901133140374937
hit,rusher::Rashard Lawrence,0.07954969983382598
hit,rusher::Rasheem Green,0.221774619783706
hit,rusher::Rashod Berry,-0.023642288337243245
hit,rusher::Raymond Johnson III,-0.08816490349000232
hit,rusher::Reggie Ragland,-0.00851928892676819
hit,rusher::Reginald Mckenzie,-0.029239760540545508
hit,rusher::Renell Wren,-0.03192672637368352
hit,rusher::Robert Nkemdiche,0.09064642726087874
hit,rusher::Robert Quinn,0.09745508420408916
hit,rusher::Robert Spillane,0.016124073531786923
hit,rusher::Romeo Okwara,0.05314044702425554
hit,rusher::Ron'Dell Carter,-0.00782754626151224
hit,rusher::Ronald Blair,0.2098706236398771
hit,rusher::Roquan Smith,-0.10365462861929234
hit,rusher::Ross Blacklock,-0.032484590841465565
hit,rusher::Roy Lopez,-0.021007441264658346
hit,rusher::Roy Robertson-Harris,0.19808927023204825
hit,rusher::Ryan Kerrigan,-0.14471047673453116
hit,rusher::Sam Eguavoen,-0.010596612103330875
hit,rusher::Sam Hubbard,0.1965255723642074
hit,rusher::Sam Kamara,-0.031827244114835646
hit,rusher::Samson Ebukam,0.046290177662599595
hit,rusher::Samuel Eguavoen,-8.319941052816382e-4
hit,rusher::Shaka Toney,0.16399896359945765
hit,rusher::Shamar Stephen,0.05908044519912672
hit,rusher::Shaq Lawson,-0.10558193030273948
hit,rusher::Shaq Thompson,-0.0593281575366194
hit,rusher::Shaquil Barrett,0.0897495678862078
hit,rusher::Shaquille Quarterman,-0.023118930883639605
hit,rusher::Sharif Finch,-0.01757684242936387
hit,rusher::Shaun Bradley,-0.008758601406360061
hit,rusher::Shelby Harris,0.05569965681959922
hit,rusher::Sheldon Day,0.05629576282907724
hit,rusher::Sheldon Rankins,0.3510191201220869
hit,rusher::Sheldon Richardson,0.1380154769431075
hit,rusher::Shy Tuttle,-0.01112841609925388
hit,rusher::Sione Takitaki,-0.040178665464661034
hit,rusher::Solomon Thomas,0.23096727780352508
hit,rusher::Star Lotulelei,0.13993216666240216
hit,rusher::Stephen Weatherly,0.1592595555502859
hit,rusher::Steve Mclendon,-0.0015154213978186167
hit,rusher::Steven Means,-0.0039371391486468675
hit,rusher::T.J. Edwards,0.03467814212182917
hit,rusher::T.J. Slaton,0.25619566696837776
hit,rusher::T.J. Watt,-0.05714043442796884
hit,rusher::T.Y. Mcgill,-0.033945904312314416
hit,rusher::Ta'Quon Graham,0.035758843178947355
hit,rusher::Taco Charlton,0.0516831636492492
hit,rusher::Tae Crowder,0.03768593418452362
hit,rusher::Takkarist Mckinley,0.1450224789016134
hit,rusher::Tanner Vallejo,0.05175961651970881
hit,rusher::Tanoh Kpassagnon,0.06357832881862553
hit,rusher::Tarell Basham,0.22592838101883808
hit,rusher::Tarron Jackson,-0.068849638942479
hit,rusher::Tashawn Bower,-0.02923310346084388
hit,rusher::Taven Bryan,-0.015550076842834812
hit,rusher::Taylor Stallworth,-0.10514978472495903
hit,rusher::Teair Tart,-0.03177832571153129
hit,rusher::Terrell Lewis,0.005463766669311766
hit,rusher::Tershawn Wharton,0.2378996392434919
hit,rusher::Tim Settle,-0.08772240028757013
hit,rusher::Tim Ward,-0.09350759671344638
hit,rusher::Tipa Galeai,-0.05051658069118929
hit,rusher::Tommy Togiai,0.046094255092085784
hit,rusher::Travin Howard,-0.017302799290914522
hit,rusher::Tremaine Edmunds,0.06869388260255543
hit,rusher::Trent Harris,-0.013306957124081378
hit,rusher::Trevis Gipson,-0.17467476708212262
hit,rusher::Trey Flowers,0.2062790277718981
hit,rusher::Trey Hendrickson,-0.056075672761147104
hit,rusher::Troy Dye,-0.013220358804298957
hit,rusher::Troy Reeder,-0.12194543080530258
hit,rusher::Trysten Hill,-0.13502559834519512
hit,rusher::Ty Summers,-0.005544885334254979
hit,rusher::Tyeler Davison,-0.04551944753430263
hit,rusher::Tyler Lancaster,-0.0939799862278623
hit,rusher::Tyler Matakevich,-0.01044908429699647
hit,rusher::Tyler Shelvin,-0.04177880248217686
hit,rusher::Tyquan Lewis,0.07082857206447765
hit,rusher::Tyrel Dodson,-0.026542707838704598
hit,rusher::Tyrell Adams,-8.801832844922424e-4
hit,rusher::Tyson Alualu,0.22168779680184403
hit,rusher::Tyus Bowser,0.2829469884360714
hit,rusher::Uchenna Nwosu,0.04096495572353953
hit,rusher::Ulysees Gilbert III,-0.0064232714011391795
hit,rusher::Vernon Butler,-0.040320194502570336
hit,rusher::Victor Dimukeje,-0.02168785783722453
hit,rusher::Vince Biegel,-0.0023666896478093144
hit,rusher::Vincent Taylor,-0.03730502554964891
hit,rusher::Vita Vea,-0.005718756108054045
hit,rusher::Von Miller,-0.020265573873286168
hit,rusher::Whitney Mercilus,0.12147304831952102
hit,rusher::Will Bradley-King,0.10545758436167582
hit,rusher::William Gholston,0.009515060218227676
hit,rusher::Willie Gay,0.12949786080903933
hit,rusher::Woodrow Hamilton,-0.024035519871216715
hit,rusher::Wyatt Ray,0.0230254200727068
hit,rusher::Wyatt Raymond,-0.050724162448539195
hit,rusher::Xavier Williams,-0.024816341772628828
hit,rusher::Yannick Ngakoue,-0.035302794166631804
hit,rusher::Yetur Gross-Matos,0.026776425906598986
hit,rusher::Za'Darius Smith,-0.019299150337653188
hit,rusher::Zach Allen,-0.12013621020297138
hit,rusher::Zach Cunningham,-0.025409061417243334
hit,rusher::Zach Kerr,-0.10057080262671873
hit,rusher::Zach Sieler,-0.17925045939598577
hit,rusher::Zack Baun,-0.04726754379930041
hit,rusher::Zaire Franklin,-0.03445713464666282
hit,rusher::Zaven Collins,-0.053758625064009344
hit,blocker::A.J. Cann,-0.09847628335786111
hit,blocker::Aaron Banks,0.0016026106759299249
hit,blocker::Aaron Brewer,0.18409698156385268
hit,blocker::Aaron Stinnie,0.01546675050470288
hit,blocker::Adam Pankey,9.222068777697339e-4
hit,blocker::Aj Jackson,0.03982700054964024
hit,blocker::Alejandro Villanueva,-0.20207230155356384
hit,blocker::Alex Bars,-0.049158399914644366
hit,blocker::Alex Barshaba,0.012546221926307975
hit,blocker::Alex Cappa,0.1148212276861387
hit,blocker::Alex Leatherwood,-0.14556354870964996
hit,blocker::Alex Mack,-0.0026777562860437107
hit,blocker::Ali Marpet,0.1218851432526437
hit,blocker::Alijah Vera-Tucker,0.1752672280009018
hit,blocker::Andre Dillard,-0.34551431692105217
hit,blocker::Andre James,0.057184068510905926
hit,blocker::Andre Smith,0.023292711843191774
hit,blocker::Andrew Norwell,-0.19073922421876022
hit,blocker::Andrew Thomas,0.04413579065211057
hit,blocker::Andrew Whitworth,0.34074499589170393
hit,blocker::Andrew Wylie,-0.02930257962975632
hit,blocker::Andrus Peat,-0.1786444512299977
hit,blocker::Attauyo Nsekhe,0.01222830403040602
hit,blocker::Austin Blythe,0.006732593267441227
hit,blocker::Austin Corbett,0.20534444611839234
hit,blocker::Austin Jackson,-0.0980831251709818
hit,blocker::Austin Reiter,-0.1765227192068055
hit,blocker::Austin Schlottmann,-0.02755020158624294
hit,blocker::B.J. Finney,0.055694181119062026
hit,blocker::Ben Bartch,-0.21845290141168283
hit,blocker::Ben Braden,0.0014353124187051237
hit,blocker::Ben Bredeson,-0.0793192751212771
hit,blocker::Ben Cleveland,-0.11851829874837067
hit,blocker::Ben Jones,0.14115360873637625
hit,blocker::Ben Powers,-0.526420991783561
hit,blocker::Billy Price,0.02922399246980478
hit,blocker::Billy Turner,-0.1375911480858994
hit,blocker::Blake Brandel,0.052367991744176695
hit,blocker::Blake Hance,-0.06159171434882514
hit,blocker::Bobby Evans,0.06870963613861177
hit,blocker::Bobby Hart,0.07691999520116942
hit,blocker::Bobby Massie,0.021237228448172264
hit,blocker::Braden Smith,0.07132195980673907
hit,blocker::Bradley Bozeman,-0.5194790382818737
hit,blocker::Brady Christensen,-0.29384448891129483
hit,blocker::Brandon Brooks,-0.0792377483525158
hit,blocker::Brandon Knight,0.002626960783677474
hit,blocker::Brandon Linder,0.14280349376580026
hit,blocker::Brandon Parker,0.15061928728727023
hit,blocker::Brandon Scherff,0.08333464257311525
hit,blocker::Brandon Shell,-0.11113470232510014
hit,blocker::Brett Toth,0.03437667312506584
hit,blocker::Brian Allen,0.24173784957073668
hit,blocker::Brian O'Neill,0.22633604620266012
hit,blocker::Brian Winters,0.015204315167116535
hit,blocker::Bryan Bulaga,0.039792921107143324
hit,blocker::Caleb Benenoch,0.0354961583409785
hit,blocker::Calvin Anderson,0.05839518117125201
hit,blocker::Calvin Throckmorton,-0.5368993819497183
hit,blocker::Cam Robinson,-0.1725712709084959
hit,blocker::Cameron Erving,-0.09345749289004122
hit,blocker::Cameron Fleming,0.007470624133183322
hit,blocker::Cameron Tom,8.028309533481036e-4
hit,blocker::Casey Tucker,-0.06842030315700906
hit,blocker::Cedric Ogbuehi,-0.04355109824209554
hit,blocker::Cesar Ruiz,-0.30925928015132037
hit,blocker::Charles Leno Jr.,0.0986887056580784
hit,blocker::Charlie Heck,0.0024406428621177863
hit,blocker::Chase Roullier,-0.0937287922572805
hit,blocker::Chris Hubbard,0.03161814050626672
hit,blocker::Chris Lindstrom,0.23584585202678715
hit,blocker::Chris Reed,-0.06606445628082269
hit,blocker::Christian Darrisaw,0.10028564388213405
hit,blocker::Chukwuma Okorafor,0.31811598891541915
hit,blocker::Chuma Edoga,-0.03144259253900019
hit,blocker::Cody Ford,-0.1573505613190555
hit,blocker::Cody Whitehair,-0.21199632845257418
hit,blocker::Colby Gossett,0.0572235804598757
hit,blocker::Cole Toner,0.0305682237762674
hit,blocker::Coleman Shelton,0.0709140982195682
hit,blocker::Colton Mckivitz,0.0571578199894925
hit,blocker::Connor Mcgovern,0.12116097176988466
hit,blocker::Conor Mcdermott,0.09812778049751891
hit,blocker::Corey Levin,0.03752243098834723
hit,blocker::Corey Linsley,-0.0873351994791748
hit,blocker::Cornelius Lucas,0.038260276711083674
hit,blocker::Creed Humphrey,0.19043794224587618
hit,blocker::D.J. Humphries,0.13267793832661767
hit,blocker::D'Ante Smith,0.037131034112174804
hit,blocker::Dalton Risner,-0.01927461567708096
hit,blocker::Damien Lewis,-0.20728537555333404
hit,blocker::Dan Moore Jr.,0.2575254688552439
hit,blocker::Daniel Brunskill,0.018115359412777678
hit,blocker::Danny Isidora,0.00574921794589225
hit,blocker::Danny Pinter,0.1308722395298063
hit,blocker::Daryl Williams,-0.37823454047281424
hit,blocker::David Andrews,0.20419200396683013
hit,blocker::David Bakhtiari,0.01937200699600655
hit,blocker::David Edwards,0.3295232108455618
hit,blocker::David Quessenberry,0.23494891425645584
hit,blocker::David Sharpe,-0.0884063763230177
hit,blocker::David Steinmetz,0.0010325733980181386
hit,blocker::Dennis Daley,-0.2648503132416477
hit,blocker::Dennis Kelly,0.17484817803092614
hit,blocker::Denzelle Good,0.013789857947682319
hit,blocker::Deonte Brown,0.009191106465381998
hit,blocker::Derrick Kelly,0.009599538306822902
hit,blocker::Dillon Radunz,0.024098441542116315
hit,blocker::Dion Dawkins,-0.3702461095050641
hit,blocker::Donovan Smith,0.0636182556304249
hit,blocker::Drew Dalman,-0.034484149413796475
hit,blocker::Duane Brown,0.05177161095332357
hit,blocker::Elgton Jenkins,0.052975755338383015
hit,blocker::Elijah Wilkinson,-0.11614384824375497
hit,blocker::Ereck Flowers Sr.,0.06858848963266236
hit,blocker::Eric Fisher,-0.14047234173963588
hit,blocker::Erik McCoy,-0.05128407662048064
hit,blocker::Ethan Pocic,-0.1143314893869618
hit,blocker::Evan Brown,0.2594582721484078
hit,blocker::Ezra Cleveland,0.16847302878440956
hit,blocker::Frank Ragnow,0.04799866227302857
hit,blocker::Fred Johnson,-0.07214710272785911
hit,blocker::Gabe Jackson,-0.11523922301386569
hit,blocker::Garett Bolles,0.05871717021709484
hit,blocker::Garrett Bradbury,-0.11061643003596192
hit,blocker::George Fant,0.19454307610122343
hit,blocker::Germain Ifedi,0.11402012174728192
hit,blocker::Geron Christian Sr.,0.05850704161566818
hit,blocker::Graham Glasgow,-0.04133611428139878
hit,blocker::Greg Mancz,-0.030662745551165077
hit,blocker::Greg Van Roten,-0.14946759521567712
hit,blocker::Hakeem Adeniji,0.1527924521384669
hit,blocker::Halapoulivaati Vaitai,0.2427272009665531
hit,blocker::Ike Boettger,-0.4133425003743629
hit,blocker::Iosua Opeta,-0.08039587724849384
hit,blocker::Isaac Seumalo,-0.044081486239148614
hit,blocker::Isaiah Prince,0.026931181893990432
hit,blocker::Isaiah Williams,0.005457456286319622
hit,blocker::Isaiah Wynn,0.24891056281582447
hit,blocker::J.C. Hassenauer,0.017784275959482523
hit,blocker::J.C. Tretter,0.1536152117164592
hit,blocker::Jack Anderson,-0.0015256009430255268
hit,blocker::Jack Conklin,0.21245894709741817
hit,blocker::Jack Driscoll,-0.32840548467793307
hit,blocker::Jackson Barton,0.006610837783775544
hit,blocker::Jackson Carman,-0.11155083985860408
hit,blocker::Jake Brendel,0.0038262537946340417
hit,blocker::Jake Curhan,-0.05907981613042494
hit,blocker::Jake Hanson,0.0030292818152020825
hit,blocker::Jake Matthews,0.09037228384774149
hit,blocker::Jalen Mayfield,-0.06386384287884002
hit,blocker::Jamarco Jones,0.040756510746170524
hit,blocker::James Carpenter,0.012467183484175227
hit,blocker::James Daniels,0.10948780478593173
hit,blocker::James Ferentz,0.08058003246021653
hit,blocker::James Hudson III,-0.04498578901297466
hit,blocker::Jamil Douglas,0.0021943662746938975
hit,blocker::Jaryd Jones-Smith,0.0021694534875174552
hit,blocker::Jason Kelce,-0.37514725827541323
hit,blocker::Jason Peters,-0.03118337150191383
hit,blocker::Jason Spriggs,-0.010621055999417199
hit,blocker::Jawaan Taylor,0.024552365917320584
hit,blocker::Jaylon Moore,0.0976216149953243
hit,blocker::Jc Tretter,0.04634314119048947
hit,blocker::Jedrick Wills Jr.,0.1363062652903609
hit,blocker::Jermaine Eluemunor,0.01373407098476857
hit,blocker::Jesse Davis,-0.10328689737484516
hit,blocker::Jimmy Morrissey,0.09347637058552655
hit,blocker::Joe Haeg,0.13181372532074845
hit,blocker::Joe Noteboom,0.030253699530167245
hit,blocker::Joe Thuney,-0.04033388807417626
hit,blocker::Joel Bitonio,0.04663500026368192
hit,blocker::John Leglue,0.042159953747418114
hit,blocker::John Miller,-0.055106979470522344
hit,blocker::John Simpson,0.04925626930605202
hit,blocker::Jon Feliciano,-0.12372960797789921
hit,blocker::Jon Runyan,0.2050814895187577
hit,blocker::Jon Toth,0.006882739392930357
hit,blocker::Jonah Jackson,0.2758237579817928
hit,blocker::Jonah Williams,0.028071281828718243
hit,blocker::Jordan Mailata,-0.11406238989892574
hit,blocker::Jordan Mills,-0.18699243794345782
hit,blocker::Jordan Simmons,-0.04904140306298189
hit,blocker::Joseph Noteboom,0.09654144649717583
hit,blocker::Josh Jones,0.09191012580776944
hit,blocker::Josh Myers,-0.04178866664633021
hit,blocker::Josh Wells,0.005438712445329498
hit,blocker::Joshua Miles,0.011974476207375738
hit,blocker::Julie'N Davenport,-0.06733173904643003
hit,blocker::Justin Britt,0.06232735867840421
hit,blocker::Justin Herron,0.09033287639058449
hit,blocker::Justin Mccray,-0.105692408182788
hit,blocker::Justin Murray,0.06378966047579684
hit,blocker::Justin Pugh,0.10168203900848419
hit,blocker::Kaleb McGary,0.0750743530519997
hit,blocker::Kayode Awosika,-0.11956167643603965
hit,blocker::Kc Mcdermott,-0.03942388743130096
hit,blocker::Keaton Sutherland,0.011281891473889881
hit,blocker::Keith Ismael,0.0035322481596593313
hit,blocker::Kelvin Beachum,-0.11226097435204621
hit,blocker::Kendall Lamm,0.06601892204414411
hit,blocker::Kendrick Green,0.2811745955332127
hit,blocker::Kevin Dotson,0.2467523102017544
hit,blocker::Kevin Zeitler,-0.6341195189680653
hit,blocker::Kolton Miller,-0.02589768203032756
hit,blocker::Korey Cunningham,-0.23916299285790213
hit,blocker::Kyle Fuller,0.07821235172996253
hit,blocker::Kyle Long,0.001421166108192221
hit,blocker::Kyle Murphy,0.0031307874952211964
hit,blocker::La'El Collins,0.006553197194120955
hit,blocker::Lachavious Simmons,0.004328432211243863
hit,blocker::Laken Tomlinson,-0.20786636070348183
hit,blocker::Landon Dickerson,-0.3167144770814732
hit,blocker::Landon Young,0.05514264349115545
hit,blocker::Lane Johnson,-0.1925280011526269
hit,blocker::Lane Taylor,0.04198198867594519
hit,blocker::Laremy Tunsil,-0.0879978022623382
hit,blocker::Larry Borom,-0.06263398776994705
hit,blocker::Laurent Duvernay-Tardif,-0.03615959381912166
hit,blocker::Le'Raven Clark,-0.07138609858594178
hit,blocker::Lester Cotton Sr.,0.004599165708505878
hit,blocker::Liam Eichenberg,-0.2222178033288116
hit,blocker::Lloyd Cushenberry III,-0.11421975815934649
hit,blocker::Logan Stenberg,0.002427330925968384
hit,blocker::Lucas Niang,0.011321042744397374
hit,blocker::Lucas Patrick,0.1941008236673119
hit,blocker::Marcus Cannon,-0.10912858726562363
hit,blocker::Marcus Henry,0.0028150055650481426
hit,blocker::Mark Glowinski,-0.18116768138604955
hit,blocker::Mason Cole,0.0923611004140079
hit,blocker::Matt Farniok,0.007271880952178747
hit,blocker::Matt Feiler,0.1376867156472373
hit,blocker::Matt Hennessy,0.03549254375973066
hit,blocker::Matt Nelson,0.18972157549807503
hit,blocker::Matt Paradis,-0.048727151688161746
hit,blocker::Matt Peart,0.17259818386651582
hit,blocker::Matt Pryor,-0.10059142668551262
hit,blocker::Matt Skura,0.12386845806380962
hit,blocker::Max Garcia,0.0357818011266975
hit,blocker::Max Scharping,-0.05867590284136123
hit,blocker::Mekhi Becton,0.03507653796203097
hit,blocker::Michael Deiter,0.14226032791892157
hit,blocker::Michael Dunn,0.03944090185246378
hit,blocker::Michael Jordan,-0.26317719143201396
hit,blocker::Michael Schofield III,0.09906021306540432
hit,blocker::Mike Mcglinchey,-0.1343780877585509
hit,blocker::Mike Onwenu,0.3089780615998402
hit,blocker::Mike Remmers,0.041444760976323096
hit,blocker::Mitch Morse,-0.16802489606473267
hit,blocker::Morgan Moses,0.028896478303831023
hit,blocker::Myron Cunningham,0.012195016363352053
hit,blocker::Nate Davis,0.02184514814770743
hit,blocker::Nate Herbig,-0.30191670667997456
hit,blocker::Nate Solder,0.21545582575094901
hit,blocker::Netane Muti,0.11215685588132576
hit,blocker::Nick Allegretti,0.04385554474101741
hit,blocker::Nick Gates,-0.023931834518433608
hit,blocker::Nick Harris,0.042888670959012394
hit,blocker::Nick Leverett,0.013875473023524224
hit,blocker::Nick Martin,0.008535550935118453
hit,blocker::Oday Aboushi,-0.005185359850784753
hit,blocker::Olisaemeka Udoh,0.004921772946011185
hit,blocker::Orlando Brown,0.2539022646386454
hit,blocker::Parker Ehinger,0.005283238506030717
hit,blocker::Pat Elflein,-0.20529898051266865
hit,blocker::Patrick Mekari,-0.2705206849121477
hit,blocker::Penei Sewell,0.3537183856113803
hit,blocker::Phil Haynes,0.030295896057587427
hit,blocker::Prince Tega Wanogho,0.002955293901412074
hit,blocker::Quenton Nelson,-0.15754942959523924
hit,blocker::Quinn Bailey,0.02893604514162288
hit,blocker::Quinn Meinerz,-0.2022174337278943
hit,blocker::Quinton Spain,0.17037567906664766
hit,blocker::Rashaad Coward,0.001490015907305166
hit,blocker::Rashawn Slater,0.032572312663484704
hit,blocker::Rashod Hill,0.07988875142649389
hit,blocker::Riley Reiff,0.04404935701191645
hit,blocker::Rob Havenstein,0.16432324427128664
hit,blocker::Robert Hainsey,0.01080341184474393
hit,blocker::Robert Hunt,-0.06926517765048129
hit,blocker::Robert Jones,-0.07473519095575547
hit,blocker::Rodger Saffold,0.23540324550695674
hit,blocker::Rodney Hudson,0.030797446007953463
hit,blocker::Ronnie Stanley,-0.16687671636075274
hit,blocker::Royce Newman,0.07092481632152486
hit,blocker::Ryan Bates,-0.35822131097835386
hit,blocker::Ryan Jensen,0.16828221533151827
hit,blocker::Ryan Kelly,-0.16230900559201525
hit,blocker::Ryan Mccollum,0.07539160787668123
hit,blocker::Ryan Ramczyk,-0.4648237465523673
hit,blocker::Saahdiq Charles,0.07385814163807593
hit,blocker::Sam Cosmi,0.08539871046111194
hit,blocker::Sam Mustipher,-0.2046584448138566
hit,blocker::Sam Tecklenburg,-0.09373202715716324
hit,blocker::Scott Daly,7.943692558878427e-4
hit,blocker::Scott Quessenberry,0.07138464977849429
hit,blocker::Sean Harlow,0.12284072786969623
hit,blocker::Senio Kelemete,-0.0038707472592515624
hit,blocker::Shane Lemieux,0.01582596596017617
hit,blocker::Shaq Mason,0.16946454553453752
hit,blocker::Solomon Kindley,-0.1134692516168803
hit,blocker::Spencer Brown,-0.19486288193466408
hit,blocker::Stone Forsythe,0.010844847424416056
hit,blocker::Storm Norton,0.016756173483099823
hit,blocker::Taylor Decker,0.21919115692734123
hit,blocker::Taylor Lewan,0.2494882945167967
hit,blocker::Taylor Moton,-0.1477505667218217
hit,blocker::Ted Karras,0.0800734528639507
hit,blocker::Terence Steele,0.08663276348336849
hit,blocker::Terron Armstead,-0.31059559085828076
hit,blocker::Teven Jenkins,0.043268094116407876
hit,blocker::Tom Compton,0.055888934369317696
hit,blocker::Tommy Doyle,0.031090922269174967
hit,blocker::Tommy Kraemer,0.06660549350483959
hit,blocker::Trai Turner,0.29674988975153543
hit,blocker::Tre'Vour Wallace-Simms,0.014918833457218403
hit,blocker::Trent Brown,0.0870294773705165
hit,blocker::Trent Scott,-0.14351432443959547
hit,blocker::Trent Williams,0.062438312438066426
hit,blocker::Trey Hill,0.059680132147270595
hit,blocker::Trey Hopkins,0.10869301329569983
hit,blocker::Trey Pipkins III,0.11227502019709724
hit,blocker::Trey Smith,0.17972090397180063
hit,blocker::Tristan Wirfs,0.110507751679576
hit,blocker::Trystan Colon,-0.09830957426693883
hit,blocker::Ty Nsekhe,0.06827508616716012
hit,blocker::Ty Sambrailo,0.09238719579646179
hit,blocker::Tyler Biadasz,0.05872691140831848
hit,blocker::Tyler Larsen,0.07863088554893004
hit,blocker::Tyler Shatley,-0.11549305988091843
hit,blocker::Tyre Phillips,-0.465571815895977
hit,blocker::Tyron Smith,0.16212531734240337
hit,blocker::Tytus Howard,-0.019187465525974303
hit,blocker::Walker Little,-0.09729163641701424
hit,blocker::Wes Martin,-0.06480196766430531
hit,blocker::Wes Schweitzer,0.20240214630406567
hit,blocker::Will Clapp,-0.27006890099062786
hit,blocker::Will Fries,0.009296365770081345
hit,blocker::Will Hernandez,-0.10232102755218463
hit,blocker::Will Holden,0.05370212631028432
hit,blocker::Will Richardson Jr.,0.033673832221035455
hit,blocker::Wyatt Teller,0.1031386527457929
hit,blocker::Xavier Su'A-Filo,0.02195405411138004
hit,blocker::Yasir Durant,0.052347233242332425
hit,blocker::Yodny Cajuste,0.060389282583274924
hit,blocker::Yosh Nijman,0.0921058828421861
hit,blocker::Zach Banner,0.0030019485640523503
hit,blocker::Zack Martin,0.10237139129099303
hit,double_team,-0.0016442924831466571
sack,(Intercept),-2.180991427612516
sack,rusher::A.J. Epenesa,0.08633315136866017
sack,rusher::A.J. Johnson,-0.013116784723331311
sack,rusher::A'Shawn Robinson,-0.05572711756833972
sack,rusher::Aaron Donald,0.13130832089272224
sack,rusher::Aaron James Klein,-0.03482765745022398
sack,rusher::Aaron Patrick,-0.018476944288308324
sack,rusher::Abdullah Anderson,-0.02656876919282656
sack,rusher::Adam Butler,-0.138131055693324
sack,rusher::Adam Gotsis,-0.10634068574678905
sack,rusher::Adetokunbo Ogundeji,-0.044508359593661916
sack,rusher::Akeem Davis-Gaither,-0.009631397735092619
sack,rusher::Akeem Spence,-0.002201001895202599
sack,rusher::Akiem Hicks,0.22947417303871456
sack,rusher::Al Woods,-0.11197992174369326
sack,rusher::Al-Quadin Muhammad,0.1292428357659412
sack,rusher::Albert Huggins,-0.09309476816638486
sack,rusher::Alec Ogletree,-0.0731593406590023
sack,rusher::Alex Anzalone,-0.08487417732356885
sack,rusher::Alex Highsmith,0.12948357969848298
sack,rusher::Alex Okafor,-0.07502519669764615
sack,rusher::Alex Singleton,-0.06136830927638008
sack,rusher::Alexander Johnson,0.0424494956801303
sack,rusher::Alim Mcneill,0.12935363034481218
sack,rusher::Alton Robinson,-0.09002918694791334
sack,rusher::Amani Bledsoe,-0.033403840667345606
sack,rusher::Amen Ogbongbemiga,0.06516845104083543
sack,rusher::Andre Mintze,-0.012590777001285
sack,rusher::Andrew Billings,-0.03768514438607339
sack,rusher::Andrew Brown,-0.0066968260373918235
sack,rusher::Andrew Dowell,-0.0027209136083030613
sack,rusher::Andrew Van Ginkel,-0.06752726743244356
sack,rusher::Angelo Blackson,-0.04695543924783592
sack,rusher::Anthony Barr,-0.08030631126631585
sack,rusher::Anthony Hitchens,-0.05899452253453968
sack,rusher::Anthony Levine Sr.,-0.0022203272306490674
sack,rusher::Anthony Nelson,-0.015499261086753304
sack,rusher::Anthony Pittman,-0.01038483459823886
sack,rusher::Anthony Rush,-0.10377257367872146
sack,rusher::Anthony Walker Jr.,0.013592067684959477
sack,rusher::Antwaun Woods,-0.03540196936570195
sack,rusher::Arden Key,0.2114294008796663
sack,rusher::Arik Armstead,0.17336588807855308
sack,rusher::Armon Watts,0.07961674608763088
sack,rusher::Austin Bryant,0.06401030889603943
sack,rusher::Austin Calitro,-0.003256290525769113
sack,rusher::Austin Faoliu,-0.009803122192023207
sack,rusher::Austin Johnson,-0.12124734723808264
sack,rusher::Azeez Al-Shaair,-0.06923158888595328
sack,rusher::Azeez Ojulari,0.11250372355182889
sack,rusher::Azur Kamara,-0.011886851168866504
sack,rusher::B.J. Hill,0.3086562593146585
sack,rusher::Baron Browning,-0.04859661568236454
sack,rusher::Ben Banogu,-0.02459503050033305
sack,rusher::Ben Niemann,-0.05895188864116341
sack,rusher::Benardrick Mckinney,-0.016576443335829312
sack,rusher::Benning Potoa'E,-0.0038615943665661822
sack,rusher::Benson Mayowa,0.043561937585816266
sack,rusher::Bilal Nichols,-0.0037191722781850676
sack,rusher::Blake Cashman,-0.0027447201887241006
sack,rusher::Blake Lynch,0.04748775775641751
sack,rusher::Blake Martinez,-0.01711541210949584
sack,rusher::Bobby Brown III,-0.014054560253069268
sack,rusher::Bobby Okereke,-0.08575740742833415
sack,rusher::Bobby Wagner,-0.1010909706880532
sack,rusher::Boogie Basham,0.09202087877663916
sack,rusher::Bradlee Anae,-0.012683999435245879
sack,rusher::Bradley Chubb,-0.014849798705915787
sack,rusher::Brandin Bryant,-0.009951027150270042
sack,rusher::Brandon Copeland,-0.06914205350098085
sack,rusher::Brandon Graham,-0.025612908790631363
sack,rusher::Brandon Williams,-0.18362290482802196
sack,rusher::Bravvion Roy,-0.14222269744313815
sack,rusher::Braxton Hoyett,-0.007253813715025482
sack,rusher::Breiden Fehoko,-0.07262865144403426
sack,rusher::Brennan Scarlett,-0.04023395324278084
sack,rusher::Brent Urban,-0.07025692689474342
sack,rusher::Brian Burns,0.04598052360511294
sack,rusher::Broderick Washington,0.0018370950456274905
sack,rusher::Bruce Hector,-0.020775276370611877
sack,rusher::Bruce Irvin,-0.05071566642411881
sack,rusher::Bryan Mone,0.05910821470535775
sack,rusher::Bryce Huff,-0.03408206453014421
sack,rusher::Bud Dupree,0.2453164656439039
sack,rusher::Bunmi Rotimi,0.029616812586469213
sack,rusher::C.J. Mosley,-0.09837486143195417
sack,rusher::Calais Campbell,-0.11342948834965412
sack,rusher::Caleb Johnson,-9.612567427597567e-4
sack,rusher::Calvin Munson,-0.0026730064175215515
sack,rusher::Cam Brown,-0.0028672896192678396
sack,rusher::Cam Sample,-0.09559865298859596
sack,rusher::Cameron Heyward,0.23088825866172646
sack,rusher::Cameron Jordan,0.1870734638441322
sack,rusher::Cameron Malveaux,-0.030052422606557615
sack,rusher::Caraun Reid,-0.006923353358087579
sack,rusher::Carl Davis Jr.,-0.05818955996080898
sack,rusher::Carl Granderson,0.0054679083657568
sack,rusher::Carl Nassib,-0.004320956776002545
sack,rusher::Carlos Basham Jr.,-0.021042824872238346
sack,rusher::Carlos Davis,-0.023440049844444408
sack,rusher::Carlos Dunlap,0.30973679294650036
sack,rusher::Carlos Watkins,-0.025527835181780235
sack,rusher::Carter Coughlin,-0.012316362937034966
sack,rusher::Casey Toohill,-0.0873030997615644
sack,rusher::Cassius Marsh Sr.,0.05231310940081561
sack,rusher::Chandler Jones,0.40604347381569283
sack,rusher::Chapelle Russell,-0.010456615681910166
sack,rusher::Charles Harris,-0.04321103292738863
sack,rusher::Charles Omenihu,-0.1259800329469225
sack,rusher::Charles Snowden,-0.0015291195365778536
sack,rusher::Chase Winovich,-0.0244335398791895
sack,rusher::Chase Young,-0.008931181661719467
sack,rusher::Chauncey Golston,-0.07512942514036791
sack,rusher::Chauncey Rivers,-0.014415305572593014
sack,rusher::Chris Board,-0.033629725337099
sack,rusher::Chris Jones,0.2303011587162227
sack,rusher::Chris Rumph II,-0.03630613514053872
sack,rusher::Chris Smith,0.0470875820082461
sack,rusher::Chris Williams,-0.03525735568154452
sack,rusher::Chris Wormley,0.14296271618592205
sack,rusher::Christian Barmore,-0.06910335826215062
sack,rusher::Christian Covington,0.11217339818137793
sack,rusher::Christian Elliss,-0.0013622950628854361
sack,rusher::Christian Jones,-0.00807021048448365
sack,rusher::Christian Kirksey,-0.09356056602933177
sack,rusher::Christian Ringo,-0.14541647416401854
sack,rusher::Christian Wilkins,-0.1050574301985435
sack,rusher::Clay Johnston,-0.008942494742768647
sack,rusher::Clelin Ferrell,-0.021646008338185738
sack,rusher::Cody Barton,-0.01769141298566658
sack,rusher::Cole Holcomb,-0.10279401787413157
sack,rusher::Corey Peters,-0.1546720742228937
sack,rusher::Cortez Broughton,-0.0018196083790105913
sack,rusher::Cory Littleton,-0.04622507948847994
sack,rusher::Curtis Robinson,-0.01600141692620699
sack,rusher::Curtis Weaver,-0.002160343179466357
sack,rusher::D.J. Jones,-0.061931914404559196
sack,rusher::D.J. Reader,-0.09054737794723129
sack,rusher::D.J. Wonnum,-0.008766528335478727
sack,rusher::Da'Shawn Hand,-0.03597887958773858
sack,rusher::Daelin Hayes,-0.0016778025560268371
sack,rusher::Dakota Allen,-0.0060654902023486845
sack,rusher::Dalvin Tomlinson,-0.03074432284744117
sack,rusher::Damien Wilson,-0.09996569422750526
sack,rusher::Damion Square,0.03989673388768418
sack,rusher::Daniel Archibong,-0.006750271057049304
sack,rusher::Daniel Ekuale,0.2288515416852656
sack,rusher::Daniel Wise,-0.05135168346444521
sack,rusher::Danielle Hunter,0.14863288963342516
sack,rusher::Danny Shelton,-0.09081319451855273
sack,rusher::Danny Trevathan,-0.005500675697068009
sack,rusher::Dante Fowler Jr.,-0.009845954892658566
sack,rusher::Daquan Jones,-0.059621758576888347
sack,rusher::Darius Hodges,-0.0032345476749977365
sack,rusher::Darius Leonard,-0.06473565208412309
sack,rusher::Darius Philon,-0.08524574888743636
sack,rusher::Daron Payne,-0.1410503493385319
sack,rusher::Darrell Taylor,0.03281917675933012
sack,rusher::Darryl Johnson,-0.0062446308011246615
sack,"rusher::David Long, Jr.",-0.05842504392796502
sack,rusher::David Mayo,-0.01469208626471847
sack,rusher::David Moa,-0.025340281916865767
sack,rusher::David Onyemata,0.2344473638789446
sack,rusher::Davion Taylor,-0.019114971040126966
sack,rusher::Daviyon Nixon,-0.037557887401029846
sack,rusher::Davon Godchaux,-0.19988457985908392
sack,rusher::Davon Hamilton,-0.12906046816190545
sack,rusher::Dawuane Smoot,-0.022114233553056507
sack,rusher::Dayo Odeyingbo,-0.08180082205374505
sack,rusher::De'Vondre Campbell,-0.07042605299699756
sack,rusher::Dean Lowry,0.12167844843539867
sack,rusher::DeAngelo Malone,-4.823830475976723e-4
sack,rusher::Deatrich Wise Jr.,0.016990431936301204
sack,rusher::Dee Ford,0.03840561318602259
sack,rusher::Deforest Buckner,0.012504717542563066
sack,rusher::Deion Jones,-0.08989243054410498
sack,rusher::Del'Shawn Phillips,-0.01908421551832153
sack,rusher::Delontae Scott,-0.002478099749343988
sack,rusher::DeMarcus Lawrence,0.1207518434149249
sack,rusher::Demarcus Walker,0.007029862511721228
sack,rusher::Demario Davis,0.02562289065647102
sack,rusher::Demetrius Flannigan-Fowles,-0.01494755050474376
sack,rusher::Demone Harris,-0.021263767732721425
sack,rusher::Denico Autry,0.07591524107354214
sack,rusher::Dennis Gardeck,-0.05063489583364755
sack,rusher::Denzel Perryman,-0.0574307337326284
sack,rusher::Derek Barnett,-0.00605956587583158
sack,rusher::Derek Rivers,0.027119045461340755
sack,rusher::Derick Roberson,0.12084005060457642
sack,rusher::Derrek Tuszka,0.08455146892295189
sack,rusher::Derrick Barnes,-0.07192589428014214
sack,rusher::Derrick Brown,-0.011808378675838435
sack,rusher::Derrick Nnadi,0.06415643823463284
sack,rusher::Deshawn Williams,-0.16650686772019097
sack,rusher::Devin Bush,-0.07063462526159939
sack,rusher::Devin White,-0.012573507109020738
sack,rusher::Devon Kennard,-0.07338414627608313
sack,rusher::Dexter Lawrence,-0.13938074039320408
sack,rusher::Divine Deablo,-0.021345411770146067
sack,rusher::Dont'A Hightower,-0.09212440224839076
sack,rusher::Dorance Armstrong,0.1466808292471536
sack,rusher::Dorian O'Daniel,-0.0028334977721992645
sack,rusher::Doug Costin,-0.005692058609099587
sack,rusher::Dre Greenlaw,-0.011697883170393057
sack,rusher::Dre'Mont Jones,0.10049489244435232
sack,rusher::Drue Tranquill,-0.056197650944116787
sack,rusher::Duke Riley,-0.03001690910421619
sack,rusher::Dylan Cole,-0.01009231104504708
sack,rusher::E.J. Speed,-0.016410194603132
sack,rusher::Ed Oliver,-0.08115224391118273
sack,rusher::Eddie Goldman,-0.07063228487052423
sack,rusher::Eddie Yarbrough,-0.0014069361229859443
sack,rusher::Efe Obada,0.2522908153532053
sack,rusher::Elandon Roberts,-0.06493483225562499
sack,rusher::Elerson Smith,-0.024971979395358078
sack,rusher::Eli Ankou,-0.045881637932067426
sack,rusher::Elijah Lee,-0.007857389650620822
sack,rusher::Emeke Egbule,-0.00784623338242064
sack,rusher::Emmanuel Ellerbee,-8.12183735982471e-4
sack,rusher::Emmanuel Ogbah,0.13467969471912047
sack,rusher::Eric Banks,-0.015694241339924406
sack,rusher::Eric Kendricks,-0.02756069973152226
sack,rusher::Eric Wilson,-0.022099139194684675
sack,rusher::Ernest Jones,-0.039293377867779276
sack,rusher::Ethan Westbrooks,-0.0019105365609783228
sack,rusher::Everson Griffen,0.2546222871001548
sack,rusher::Fletcher Cox,-0.0523689458276059
sack,rusher::Folorunso Fatukasi,-0.23247002395179997
sack,rusher::Forrest Merrill,-0.01719746407881874
sack,rusher::Foyesade Oluokun,-0.11788788850848786
sack,rusher::Frank Clark,-0.08581118957819792
sack,rusher::Frank Herron,-9.203247498146271e-4
sack,rusher::Frankie Luvu,-0.04224105535093668
sack,rusher::Fred Warner,-0.026515991704087437
sack,rusher::Freedom Akinmoladun,-0.010610474718902602
sack,rusher::Garret Wallow,-0.024503605771597898
sack,rusher::Genard Avery,0.01661516043079425
sack,rusher::Gerald McCoy,-0.006552953374560505
sack,rusher::Germaine Pratt,-0.07362640642237184
sack,rusher::Grady Jarrett,-0.24874476704061624
sack,rusher::Grant Stuard,-9.72114966364309e-4
sack,rusher::Greg Gaines,-0.04117542168959802
sack,rusher::Greg Rousseau,0.11657158688772386
sack,rusher::Grover Stewart,-0.14626384534644893
sack,rusher::Haason Reddick,0.11526058243819876
sack,rusher::Hamilcar Rashed Jr.,-0.0063136102788915625
sack,rusher::Hamsah Nasirildeen,-0.00504205374868647
sack,rusher::Hardy Nickerson,-6.575688348150605e-4
sack,rusher::Harold Landry III,0.33815141206121
sack,rusher::Harvey Langi,-0.0017079215680907722
sack,rusher::Hassan Ridgeway,0.028215306965947456
sack,rusher::Henry Anderson,-0.015814895251190265
sack,rusher::Henry Mondeaux,0.0444071388996626
sack,rusher::Ifeadi Odenigbo,-0.04362819810901028
sack,rusher::Isaac Rochell,-0.0583302733179189
sack,rusher::Isaiah Buggs,-0.09732123610193871
sack,rusher::Isaiah Mack,0.05939938106942211
sack,rusher::Isaiah Simmons,-0.0790561733378316
sack,rusher::Isaiahh Loudermilk,-0.12274761553488428
sack,rusher::J.J. Watt,-0.05180495786094533
sack,rusher::Ja'Whaun Bentley,-0.04569079685868496
sack,rusher::Jabari Zuniga,0.057606631753266885
sack,rusher::Jabril Cox,-4.814494040587716e-4
sack,rusher::Jack Heflin,-0.005275691080797192
sack,rusher::Jacob Martin,-0.010051450160912086
sack,rusher::Jacob Phillips,0.06093471518723188
sack,rusher::Jacob Tuioti-Mariner,0.13875002853233032
sack,rusher::Jacoby Stevens,-0.00456196472204758
sack,rusher::Jadeveon Clowney,0.29972828617438585
sack,rusher::Jaelan Phillips,0.4662961113989277
sack,rusher::Jahlani Tavai,-0.006491239133017867
sack,rusher::Jake Zimmer,-0.01754158891729288
sack,rusher::Jaleel Johnson,-0.15378476596197505
sack,rusher::Jalen Reeves-Maybin,-0.07714284268115296
sack,rusher::Jalyn Holmes,-0.054023804593634914
sack,rusher::James Lynch,-0.13948568731903555
sack,rusher::James Smith-Williams,-0.022231795882607965
sack,rusher::James Vaughters,0.02085660893518377
sack,rusher::Jamie Collins Sr.,-0.05073944435985397
sack,rusher::Jamien Sherwood,-0.01237256743657135
sack,rusher::Jamin Davis,0.004786910117663959
sack,rusher::Jamir Jones,-0.03295857608858456
sack,rusher::Jarrad Davis,-0.021094544278405875
sack,rusher::Jarran Reed,-0.12943761081370964
sack,rusher::Jashon Cornell,-0.002341347185567246
sack,rusher::Jason Pierre-Paul,-0.014901579605368146
sack,rusher::Javon Hargrave,0.18633252596538113
sack,rusher::Javon Kinlaw,0.06564091340859837
sack,rusher::Jay Tufele,-0.031821174846483516
sack,rusher::Jaylon Ferguson,-0.03457536074027291
sack,rusher::Jaylon Smith,-0.031367679749920246
sack,rusher::Jayon Brown,-0.03275887577454785
sack,rusher::Jeffery Simmons,0.21181172851134206
sack,rusher::Jeremiah Attaochu,-0.03410673740545788
sack,rusher::Jeremiah Owusu-Koramoah,-0.06855458584633461
sack,rusher::Jermaine Carter Jr.,-0.09273871107766295
sack,rusher::Jermaine Johnson II,-8.447571957893363e-4
sack,rusher::Jerome Baker,0.01180791081957749
sack,rusher::Jerry Hughes,-0.01923321717992841
sack,rusher::Jerry Tillery,-0.0018761001340613695
sack,rusher::Jessie Lemonier,0.17016227057974603
sack,rusher::Jihad Ward,-0.024267774321081768
sack,rusher::Joe Bachie,-0.013091834421557787
sack,rusher::Joe Gaziano,-0.08869827633476952
sack,rusher::Joe Jackson,0.022359695859162372
sack,rusher::Joe Schobert,-0.04710446755977583
sack,rusher::Joe Thomas,-0.009496395537717549
sack,rusher::Joe Tryon-Shoyinka,0.05358698363883059
sack,rusher::Joe Walker,-0.008770599888277693
sack,rusher::Joey Bosa,0.25365064533897047
sack,rusher::John Cominsky,-0.0052843906684004495
sack,rusher::John Franklin-Myers,0.038933160498357954
sack,rusher::John Jenkins,-0.07613760270072135
sack,rusher::John Penisini,-0.1298571923078641
sack,rusher::John Simon,-0.014575725826831748
sack,rusher::Johnathan Hankins,-0.22605589034779378
sack,rusher::Jonas Griffith,-0.02846680099054603
sack,rusher::Jonathan Allen,0.3579550453333427
sack,rusher::Jonathan Bostic,-0.024597691498550893
sack,rusher::Jonathan Bullard,-0.07955011348455221
sack,rusher::Jonathan Garvin,-0.04328438664390794
sack,rusher::Jonathan Greenard,0.18512989307131134
sack,rusher::Jonathan Harris,-0.027773209653269012
sack,rusher::Jonathan Ledbetter,-0.004353922677617936
sack,rusher::Jonathan Marshall,-0.040251477324090394
sack,rusher::Jonathon Cooper,0.01020817563811548
sack,rusher::Jordan Elliott,-0.18141117359703735
sack,rusher::Jordan Evans,-0.003320605735579734
sack,rusher::Jordan Hicks,-0.11920083152949636
sack,rusher::Jordan Jenkins,0.014062040081365402
sack,rusher::Jordan Phillips,0.13862411646883588
sack,rusher::Jordan Smith,-0.008752634989789934
sack,rusher::Jordan Willis,0.08439881087296514
sack,rusher::Jordyn Brooks,-0.026606642597783857
sack,rusher::Joseph Jones,-0.009111097303908293
sack,rusher::Josey Jewell,-0.0052992380457018776
sack,rusher::Josh Allen,0.19143104851118706
sack,rusher::Josh Bynes,-0.0626225609112282
sack,rusher::Josh Mauro,0.12704142659029127
sack,rusher::Josh Sweat,0.16790518580127856
sack,rusher::Josh Tupou,-0.15373969107302135
sack,rusher::Josh Uche,0.20849224607203856
sack,rusher::Josh Woods,-0.015816120556507184
sack,rusher::Joshua Kaindoh,-0.019846066681646048
sack,rusher::Josiah Bronson,-0.08131698405779984
sack,rusher::Julian Okwara,-0.01804460025712424
sack,rusher::Julian Stanford,-0.010302193245723543
sack,rusher::Justin Ellis,-0.14635088878787234
sack,rusher::Justin Hamilton,-0.11059533390118234
sack,rusher::Justin Hollins,0.08949891348610917
sack,rusher::Justin Houston,0.11476869282992944
sack,rusher::Justin Jones,-0.03156270116428951
sack,rusher::Justin Lawler,-0.0036533714097860656
sack,rusher::Justin Madubuike,-0.009269900288481788
sack,rusher::Justin Strnad,-0.03256677349856904
sack,rusher::Justin Zimmer,0.0037502336607378936
sack,rusher::K.J. Wright,-0.028935747657779287
sack,rusher::K'Lavon Chaisson,0.0173167864846389
sack,rusher::Kaden Elliss,-0.02233171511094328
sack,rusher::Kahlil Mckenzie,-0.002029208910239164
sack,rusher::Kamal Martin,-0.001033771414425369
sack,rusher::Kamu Grugier-Hill,-0.10030501352614508
sack,rusher::Keandre Jones,-0.001069224962661004
sack,rusher::Keanu Neal,-0.030890401760168936
sack,rusher::Kemoko Turay,0.18462267182509406
sack,rusher::Kendal Vickers,-0.011034470802843173
sack,rusher::Kenneth Murray Jr.,-0.04290465570903232
sack,rusher::Kenny Clark,0.010454315133315413
sack,rusher::Kenny Willekes,0.06841078217954522
sack,rusher::Kenny Young,-0.05385059361380072
sack,rusher::Kentavius Street,0.039603772322484854
sack,rusher::Kerry Hyder Jr.,-0.0675038565886927
sack,rusher::Kevin Givens,-0.1172730142200806
sack,rusher::Kevin Minter,-0.0036410066924026487
sack,rusher::Kevin Pierre-Louis,-0.006760116709762495
sack,rusher::Kevin Strong,-0.03553786487120716
sack,rusher::Khaleke Hudson,-0.0023759778686088416
sack,rusher::Khalen Saunders,-0.06710880822638654
sack,rusher::Khalid Kareem,-0.034146572933422714
sack,rusher::Khalil Davis,-0.003803146883228688
sack,rusher::Khalil Mack,0.442619100554467
sack,rusher::Khyiris Tonga,-0.09991861467950584
sack,rusher::Kingsley Keke,0.11300574496222085
sack,rusher::Kristian Welch,-0.004071964146199817
sack,rusher::Krys Barnes,-0.04239281004423748
sack,rusher::Kwity Paye,-0.009057247547449887
sack,rusher::Kwon Alexander,0.09350951530816715
sack,rusher::Kyle Peko,0.06442830908768336
sack,rusher::Kyle Phillips,0.0013576911853115446
sack,rusher::Kyle Van Noy,-0.05227934240801496
sack,rusher::Kyler Fackrell,0.1585540246519005
sack,rusher::Kylie Fitts,-0.0077587734447244
sack,rusher::Kyzir White,-0.08049694980629071
sack,rusher::L.J. Collier,-0.10276429796261202
sack,rusher::La'Darius Hamilton,-0.0013450825858914402
sack,rusher::Ladarius Hamilton,-0.016750903412699313
sack,rusher::Larrell Murchison,-0.08670251118243924
sack,rusher::Larry Ogunjobi,0.14507936964413204
sack,rusher::Lavonte David,-0.004087795252094392
sack,rusher::Lawrence Guy,-0.09684222929434746
sack,rusher::Ledarius Mack,-0.006735346546908691
sack,rusher::Leighton Vander Esch,-0.08037732639395674
sack,rusher::Leki Fotu,-0.13961720407456268
sack,rusher::Leonard Floyd,0.22130003690071975
sack,rusher::Leonard Williams,0.0930025001493011
sack,rusher::Lerentee Mccray,-0.006395968500818628
sack,rusher::Levi Onwuzurike,-0.03377171998323628
sack,rusher::Linval Joseph,-0.13125253086612937
sack,rusher::Logan Wilson,-0.05685621835152735
sack,rusher::Lorenzo Carter,0.1266092778569009
sack,rusher::Luke Gifford,-0.0036834343669281755
sack,rusher::Mack Wilson Sr.,-0.018196733822314428
sack,rusher::Malcolm Koonce,0.13903002011844062
sack,rusher::Malcolm Roach,-0.09753142676538827
sack,rusher::Malcolm Smith,-0.048103627997869734
sack,rusher::Malcom Brown,-0.06673840550600238
sack,rusher::Maliek Collins,-0.13019454102514655
sack,rusher::Malik Harrison,-0.02099762105878966
sack,rusher::Malik Jackson,-0.09944444519133144
sack,rusher::Malik Mcdowell,0.06948989448724475
sack,rusher::Malik Reed,0.13981480573626162
sack,rusher::Marcell Harris,-0.023968418216509527
sack,rusher::Marcus Allen,-0.0035993949321480034
sack,rusher::Marcus Davenport,0.17543774960066016
sack,rusher::Margus Hunt,-0.05847893051778787
sack,rusher::Mario Addison,0.15121464709939053
sack,rusher::Mario Edwards Jr.,0.10491589409728831
sack,rusher::Markus Bailey,-0.03100368123840119
sack,rusher::Markus Golden,0.3650561441922292
sack,rusher::Marlon Davidson,-0.09660901981808762
sack,rusher::Marlon Tuipulotu,-0.019749854970551955
sack,rusher::Marquel Lee,-0.006995078619479583
sack,rusher::Marquis Haynes Sr.,0.2347910578121611
sack,rusher::Marquise Copeland,-0.04619961928454933
sack,rusher::Marquiss Spencer,-0.0053018694077892605
sack,rusher::Marvin Wilson,-0.009094542909252299
sack,rusher::Matt Ioannidis,-0.05121443229842227
sack,rusher::Matt Milano,-0.02230330095216452
sack,rusher::Matthew Judon,0.15702586692019005
sack,rusher::Maurice Hurst,-0.02713254482954558
sack,rusher::Maxx Crosby,0.062351719469322484
sack,rusher::Mctelvin Agim,0.024494648059546455
sack,rusher::Melvin Ingram,-0.08677782260958912
sack,rusher::Micah Kiser,-0.015084481828230498
sack,rusher::Micah Parsons,0.2913950003536062
sack,rusher::Michael Brockers,-0.16274224746646107
sack,rusher::Michael Dogbe,0.001917543998141155
sack,rusher::Michael Dwumfour,0.034088266556008245
sack,rusher::Michael Hoecht,-0.048102547257803906
sack,rusher::Michael Pierce,0.01475670416502168
sack,rusher::Mike Daniels,-0.03512981685681653
sack,rusher::Mike Danna,-0.01161434405325993
sack,rusher::Mike Pennel,-0.11257570466462473
sack,rusher::Mike Purcell,-0.15207701087590453
sack,rusher::Milton Williams,-0.08619068787274409
sack,rusher::Montez Sweat,0.3076578577020399
sack,rusher::Montravius Adams,-0.13056233649745808
sack,rusher::Monty Rice,-0.022552409088953132
sack,rusher::Morgan Fox,-0.11146726734021493
sack,rusher::Mykal Walker,-0.021936929233973907
sack,rusher::Myles Adams,-0.015738785900908405
sack,rusher::Myles Garrett,0.530400079111523
sack,rusher::Myles Jack,-0.1036399990658828
sack,rusher::Naquan Jones,-0.13473476608729998
sack,rusher::Nate Orchard,-5.823945256384688e-4
sack,rusher::Nathan Landman,-0.0014868410066547991
sack,rusher::Nathan Shepherd,-0.19917125534088936
sack,rusher::Ndamukong Suh,0.0028583659709081315
sack,rusher::Neville Gallimore,-6.862492143528172e-4
sack,rusher::Neville Hewitt,-0.046191617988828634
sack,rusher::Nick Bolton,-0.07908001956597624
sack,rusher::Nick Bosa,0.4339812527351982
sack,rusher::Nick Dzubnar,-0.006639418140426885
sack,rusher::Nick Kwiatkoski,-0.0011411378544021978
sack,rusher::Nick Niemann,-0.004639737764556973
sack,rusher::Nick Thurman,-0.007188218744123923
sack,rusher::Nick Vigil,-0.06174576261776553
sack,rusher::Nick Williams,-0.16341080997739804
sack,rusher::Noah Dawkins,-4.645095704337278e-4
sack,rusher::Noah Spence,-0.017246997783752854
sack,rusher::Odafe Oweh,0.11138342189707472
sack,rusher::Ogbonnia Okoronkwo,-0.06784149875767989
sack,rusher::Ola Adeniyi,0.0016570523506587655
sack,rusher::Oren Burks,-0.015980357670599528
sack,rusher::Osa Odighizuwa,-0.16680412628067187
sack,rusher::Oshane Ximines,-0.043964318483332245
sack,rusher::Otito Ogbonnia,-0.006411350641816643
sack,rusher::P.J. Williams,0.14838195868536008
sack,rusher::Patrick Johnson,-0.007085773912572299
sack,rusher::Patrick Jones II,-0.034501678319881005
sack,rusher::Patrick O'Connor,-0.010123527420901295
sack,rusher::Patrick Queen,-0.09991475500992945
sack,rusher::Payton Turner,0.017754959702299
sack,rusher::Pernell Mcphee,-0.06796033089041244
sack,rusher::Pete Werner,-0.03436498811001077
sack,rusher::Phil Hoskins,0.14037388789358451
sack,rusher::Pita Taumoepenu,-6.02296588449069e-4
sack,rusher::Poona Ford,-0.10160763657997812
sack,rusher::Porter Gustin,-0.04336866050824836
sack,rusher::Preston Smith,0.2088438702558558
sack,rusher::Quincy Roche,0.19466951036976002
sack,rusher::Quincy Williams,-0.06504347898742888
sack,rusher::Quinnen Williams,-0.01250747625261472
sack,rusher::Quinton Bohanna,-0.08060017555748863
sack,rusher::Quinton Jefferson,-0.030915434366644574
sack,rusher::Raekwon Davis,-0.16131760683124774
sack,rusher::Raequan Williams,0.06095829498935026
sack,rusher::Rakeem Nunez-Roches,-0.08351149423686116
sack,rusher::Randy Gregory,0.18888294160751684
sack,rusher::Rashaan Evans,-0.04337201853306924
sack,rusher::Rashad Weaver,-0.0018027449268397022
sack,rusher::Rashan Gary,0.21687122538889306
sack,rusher::Rashard Lawrence,0.029094944042471614
sack,rusher::Rasheem Green,0.16938627213423038
sack,rusher::Rashod Berry,-0.015285937564945106
sack,rusher::Raymond Johnson III,0.023123301852586375
sack,rusher::Reggie Ragland,-0.049342848016499526
sack,rusher::Reginald Mckenzie,-0.018158502246041684
sack,rusher::Renell Wren,-0.021271568654835194
sack,rusher::Robert Nkemdiche,-0.10894142619854569
sack,rusher::Robert Quinn,0.5373121613307623
sack,rusher::Robert Spillane,-0.03747638051378895
sack,rusher::Romeo Okwara,0.024463556830163352
sack,rusher::Ron'Dell Carter,-0.00491818212940534
sack,rusher::Ronald Blair,-0.07092595414336855
sack,rusher::Roquan Smith,-0.11359857424367134
sack,rusher::Ross Blacklock,0.047018338457587676
sack,rusher::Roy Lopez,-0.09134694097263782
sack,rusher::Roy Robertson-Harris,-0.0782602059105405
sack,rusher::Ryan Kerrigan,-0.09759995126569296
sack,rusher::Sam Eguavoen,0.028899766070418824
sack,rusher::Sam Hubbard,0.09962530120420171
sack,rusher::Sam Kamara,-0.023414778275566258
sack,rusher::Samson Ebukam,-0.06007361764448314
sack,rusher::Samuel Eguavoen,-6.248617907647028e-4
sack,rusher::Shaka Toney,0.03778020025406688
sack,rusher::Shamar Stephen,-0.15733835202383673
sack,rusher::Shaq Lawson,-0.008254543565634823
sack,rusher::Shaq Thompson,-0.0797313923436229
sack,rusher::Shaquil Barrett,0.11616324060519924
sack,rusher::Shaquille Quarterman,-0.01617604433691671
sack,rusher::Sharif Finch,-0.01014177963134131
sack,rusher::Shaun Bradley,-0.005788512772366019
sack,rusher::Shelby Harris,0.30752836643739667
sack,rusher::Sheldon Day,0.2589336682250162
sack,rusher::Sheldon Rankins,-8.712623884648643e-4
sack,rusher::Sheldon Richardson,-0.16810221398568972
sack,rusher::Shy Tuttle,-0.18604918953826377
sack,rusher::Sione Takitaki,-0.02634219434231472
sack,rusher::Solomon Thomas,0.03937572455262856
sack,rusher::Star Lotulelei,-0.0271668957222524
sack,rusher::Stephen Weatherly,-0.04317925322102917
sack,rusher::Steve Mclendon,-0.03988390423799718
sack,rusher::Steven Means,-0.15041869417024514
sack,rusher::T.J. Edwards,-0.07188937621372406
sack,rusher::T.J. Slaton,-0.12832764581178735
sack,rusher::T.J. Watt,0.550806389384787
sack,rusher::T.Y. Mcgill,-0.01927084346572536
sack,rusher::Ta'Quon Graham,-0.12474551586174396
sack,rusher::Taco Charlton,-0.06230988646771406
sack,rusher::Tae Crowder,-0.0982191338638992
sack,rusher::Takkarist Mckinley,-0.038435069846974756
sack,rusher::Tanner Vallejo,-0.01541128878498558
sack,rusher::Tanoh Kpassagnon,0.1939240351910394
sack,rusher::Tarell Basham,0.06927804049774669
sack,rusher::Tarron Jackson,-0.023707049923455716
sack,rusher::Tashawn Bower,0.059366295842071246
sack,rusher::Taven Bryan,-0.024228713799688457
sack,rusher::Taylor Stallworth,0.22932357855627042
sack,rusher::Teair Tart,-0.16497220163581702
sack,rusher::Terrell Lewis,0.1158984645910921
sack,rusher::Tershawn Wharton,-0.11110801256474845
sack,rusher::Tim Settle,-0.08783806633977062
sack,rusher::Tim Ward,-0.052542983477540925
sack,rusher::Tipa Galeai,-0.036704098952191705
sack,rusher::Tommy Togiai,-0.06178900496736635
sack,rusher::Travin Howard,-0.00979912603409087
sack,rusher::Tremaine Edmunds,-0.09060036218984938
sack,rusher::Trent Harris,-0.009925238263513823
sack,rusher::Trevis Gipson,0.16021844033828353
sack,rusher::Trey Flowers,-0.019074569023817343
sack,rusher::Trey Hendrickson,0.3092705094714741
sack,rusher::Troy Dye,-0.008648371651964299
sack,rusher::Troy Reeder,-0.003201996794257863
sack,rusher::Trysten Hill,-0.0088213625515489065
sack,rusher::Ty Summers,-0.0034566357167363777
sack,rusher::Tyeler Davison,-0.13126067730060148
sack,rusher::Tyler Lancaster,-0.12927546372806478
sack,rusher::Tyler Matakevich,-0.006252903257168549
sack,rusher::Tyler Shelvin,-0.0237727374654488
sack,rusher::Tyquan Lewis,0.061697403904495234
sack,rusher::Tyrel Dodson,-0.01567454458614667
sack,rusher::Tyrell Adams,-6.836578724206799e-4
sack,rusher::Tyson Alualu,-0.03260627290003185
sack,rusher::Tyus Bowser,0.08120584415932286
sack,rusher::Uchenna Nwosu,0.07695633332381617
sack,rusher::Ulysees Gilbert III,-0.004000007071128446
sack,rusher::Vernon Butler,0.00233902448710951
sack,rusher::Victor Dimukeje,-0.013681570466712537
sack,rusher::Vince Biegel,-0.0013965409158734113
sack,rusher::Vincent Taylor,-0.020337455984400964
sack,rusher::Vita Vea,-0.044279670682404564
sack,rusher::Von Miller,0.21466275666036327
sack,rusher::Whitney Mercilus,0.08431716534897492
sack,rusher::Will Bradley-King,-0.02696680084129274
sack,rusher::William Gholston,-0.07315006139079507
sack,rusher::Willie Gay,-0.05698451588068539
sack,rusher::Woodrow Hamilton,-0.014150136648875131
sack,rusher::Wyatt Ray,-0.030501843408623976
sack,rusher::Wyatt Raymond,-0.03828530314453458
sack,rusher::Xavier Williams,-0.01526088134391192
sack,rusher::Yannick Ngakoue,0.28207497597943126
sack,rusher::Yetur Gross-Matos,0.27580249578210425
sack,rusher::Za'Darius Smith,-0.007746907197917072
sack,rusher::Zach Allen,0.023930375415895287
sack,rusher::Zach Cunningham,-0.06689602779819041
sack,rusher::Zach Kerr,-0.051791650516943274
sack,rusher::Zach Sieler,0.014377956732693015
sack,rusher::Zack Baun,-0.027069768477261936
sack,rusher::Zaire Franklin,-0.02076762062021178
sack,rusher::Zaven Collins,-0.03156119361428614
sack,blocker::A.J. Cann,0.02430061884386113
sack,blocker::Aaron Banks,0.0010106108758643714
sack,blocker::Aaron Brewer,-0.41521314887087585
sack,blocker::Aaron Stinnie,-0.06924039617946805
sack,blocker::Adam Pankey,6.901764409541507e-4
sack,blocker::Aj Jackson,-0.05304365736665215
sack,blocker::Alejandro Villanueva,-0.09096981389111221
sack,blocker::Alex Bars,-0.06050919481074487
sack,blocker::Alex Barshaba,0.0071924902092801455
sack,blocker::Alex Cappa,0.11665016120477294
sack,blocker::Alex Leatherwood,-0.039708917377455744
sack,blocker::Alex Mack,0.0029491782502505315
sack,blocker::Ali Marpet,0.07890504477665591
sack,blocker::Alijah Vera-Tucker,-0.06256517378920107
sack,blocker::Andre Dillard,-0.0019955360576668587
sack,blocker::Andre James,-0.013117210036849701
sack,blocker::Andre Smith,0.016707961655387467
sack,blocker::Andrew Norwell,0.04699970416200353
sack,blocker::Andrew Thomas,-0.08700800432054803
sack,blocker::Andrew Whitworth,-0.0717850547033238
sack,blocker::Andrew Wylie,-0.06295339759190109
sack,blocker::Andrus Peat,-0.005874179321164651
sack,blocker::Attauyo Nsekhe,0.007343695119184898
sack,blocker::Austin Blythe,0.004039190417304043
sack,blocker::Austin Corbett,-0.03772629164762557
sack,blocker::Austin Jackson,0.1365473352423373
sack,blocker::Austin Reiter,0.005122077870215331
sack,blocker::Austin Schlottmann,0.024025260035830335
sack,blocker::B.J. Finney,0.03261063805947041
sack,blocker::Ben Bartch,0.03172296606281428
sack,blocker::Ben Braden,0.0015726093404833344
sack,blocker::Ben Bredeson,-0.08542395697887933
sack,blocker::Ben Cleveland,0.06394177728112717
sack,blocker::Ben Jones,0.023327979805187256
sack,blocker::Ben Powers,-0.11126917220119657
sack,blocker::Billy Price,-0.015976803551185307
sack,blocker::Billy Turner,0.04700620554608023
sack,blocker::Blake Brandel,0.04037095302073998
sack,blocker::Blake Hance,-0.01631477695979277
sack,blocker::Bobby Evans,-0.11173650395321055
sack,blocker::Bobby Hart,-0.028089589437878284
sack,blocker::Bobby Massie,0.0051969638577008745
sack,blocker::Braden Smith,0.1142661545940345
sack,blocker::Bradley Bozeman,0.20788299950576483
sack,blocker::Brady Christensen,-0.33133939093614756
sack,blocker::Brandon Brooks,0.03658206137088639
sack,blocker::Brandon Knight,0.0016434283821022307
sack,blocker::Brandon Linder,0.08802958942795809
sack,blocker::Brandon Parker,-0.17337999139807372
sack,blocker::Brandon Scherff,0.13104896258908344
sack,blocker::Brandon Shell,-0.08064477208388808
sack,blocker::Brett Toth,0.02060403655472077
sack,blocker::Brian Allen,-0.018380991510116487
sack,blocker::Brian O'Neill,0.013447044572243359
sack,blocker::Brian Winters,0.008064895645720436
sack,blocker::Bryan Bulaga,0.022744114289789362
sack,blocker::Caleb Benenoch,-0.1349784386429836
sack,blocker::Calvin Anderson,0.009667822759005072
sack,blocker::Calvin Throckmorton,0.10845846553474696
sack,blocker::Cam Robinson,0.05110327980920529
sack,blocker::Cameron Erving,-0.019417106254763235
sack,blocker::Cameron Fleming,0.05845328686925777
sack,blocker::Cameron Tom,4.0325827416266635e-4
sack,blocker::Casey Tucker,0.005855459873760991
sack,blocker::Cedric Ogbuehi,-0.05492850020763964
sack,blocker::Cesar Ruiz,0.003461150623310402
sack,blocker::Charles Leno Jr.,-0.10405220199461623
sack,blocker::Charlie Heck,-0.24827747336334408
sack,blocker::Chase Roullier,-0.04545424010929816
sack,blocker::Chris Hubbard,-0.0574126343631859
sack,blocker::Chris Lindstrom,-0.011917694178978437
sack,blocker::Chris Reed,0.1853906332508944
sack,blocker::Christian Darrisaw,-0.08830007998007593
sack,blocker::Chukwuma Okorafor,-0.10984095200848853
sack,blocker::Chuma Edoga,-0.04228709455342959
sack,blocker::Cody Ford,0.05253041110547593
sack,blocker::Cody Whitehair,0.10787581018927257
sack,blocker::Colby Gossett,-0.042947990611919555
sack,blocker::Cole Toner,-0.058959321764717784
sack,blocker::Coleman Shelton,0.007409187635095711
sack,blocker::Colton Mckivitz,-0.1081368449879324
sack,blocker::Connor Mcgovern,-0.1542337774590165
sack,blocker::Conor Mcdermott,-0.22718302076532226
sack,blocker::Corey Levin,0.02032351272341362
sack,blocker::Corey Linsley,0.26693738787939514
sack,blocker::Cornelius Lucas,0.01787223326035276
sack,blocker::Creed Humphrey,0.1664146654729421
sack,blocker::D.J. Humphries,-0.1873910622995932
sack,blocker::D'Ante Smith,-0.04322970571984766
sack,blocker::Dalton Risner,-0.006774080241530341
sack,blocker::Damien Lewis,-0.03241689407155239
sack,blocker::Dan Moore Jr.,-0.11642815387897151
sack,blocker::Daniel Brunskill,-0.1261134448170542
sack,blocker::Danny Isidora,0.0031954631880125265
sack,blocker::Danny Pinter,0.07484366280949897
sack,blocker::Daryl Williams,0.11621398464617824
sack,blocker::David Andrews,0.14216433747175783
sack,blocker::David Bakhtiari,0.012033438717542486
sack,blocker::David Edwards,-0.05924776104676847
sack,blocker::David Quessenberry,-0.10305357935004585
sack,blocker::David Sharpe,-0.11430857228259605
sack,blocker::David Steinmetz,5.332724520156812e-4
sack,blocker::Dennis Daley,-0.21360046405465472
sack,blocker::Dennis Kelly,-0.03057105189353819
sack,blocker::Denzelle Good,0.008394112382409492
sack,blocker::Deonte Brown,0.005183649489886082
sack,blocker::Derrick Kelly,0.005936667486937599
sack,blocker::Dillon Radunz,-0.013758084020538141
sack,blocker::Dion Dawkins,0.29982138581513357
sack,blocker::Donovan Smith,0.04119390465851117
sack,blocker::Drew Dalman,0.02343598552554747
sack,blocker::Duane Brown,-0.14999586750145452
sack,blocker::Elgton Jenkins,-0.1119141454952188
sack,blocker::Elijah Wilkinson,-0.09004278566703744
sack,blocker::Ereck Flowers Sr.,-0.14776662222977643
sack,blocker::Eric Fisher,-0.014601428842698253
sack,blocker::Erik McCoy,0.048668756849545546
sack,blocker::Ethan Pocic,-0.13672491741623446
sack,blocker::Evan Brown,0.07892463443327218
sack,blocker::Ezra Cleveland,0.04077482770885483
sack,blocker::Frank Ragnow,0.07196378870594367
sack,blocker::Fred Johnson,0.046678011033017636
sack,blocker::Gabe Jackson,0.05229865047379696
sack,blocker::Garett Bolles,0.07488945944717101
sack,blocker::Garrett Bradbury,0.1502272469751331
sack,blocker::George Fant,-0.13616223403994546
sack,blocker::Germain Ifedi,-0.10812349116725006
sack,blocker::Geron Christian Sr.,0.06923951001043781
sack,blocker::Graham Glasgow,-0.10782257379523515
sack,blocker::Greg Mancz,0.06017706467210326
sack,blocker::Greg Van Roten,-0.09158454786672515
sack,blocker::Hakeem Adeniji,-0.21963846920157332
sack,blocker::Halapoulivaati Vaitai,0.17309416247341733
sack,blocker::Ike Boettger,0.05071170212416578
sack,blocker::Iosua Opeta,-0.13074193459165728
sack,blocker::Isaac Seumalo,0.05847211732021042
sack,blocker::Isaiah Prince,0.07915536073527737
sack,blocker::Isaiah Williams,0.00291231946068552
sack,blocker::Isaiah Wynn,4.106645186739209e-4
sack,blocker::J.C. Hassenauer,0.01969287878914732
sack,blocker::J.C. Tretter,0.05201543360130793
sack,blocker::Jack Anderson,0.0402877656705526
sack,blocker::Jack Conklin,-0.06173621404389869
sack,blocker::Jack Driscoll,0.1179116114179364
sack,blocker::Jackson Barton,0.003792467338476677
sack,blocker::Jackson Carman,-0.049907083027884006
sack,blocker::Jake Brendel,0.0019750531074309245
sack,blocker::Jake Curhan,-0.0830763799763019
sack,blocker::Jake Hanson,0.00121847289735189
sack,blocker::Jake Matthews,0.0251921814342533
sack,blocker::Jalen Mayfield,-0.18939203143295016
sack,blocker::Jamarco Jones,0.07208391188409119
sack,blocker::James Carpenter,0.008067635956331354
sack,blocker::James Daniels,-0.08038621602785623
sack,blocker::James Ferentz,-0.02731304180799714
sack,blocker::James Hudson III,-0.11670167706155068
sack,blocker::Jamil Douglas,0.0012224240460189805
sack,blocker::Jaryd Jones-Smith,0.0012509405874128218
sack,blocker::Jason Kelce,0.24890320983673256
sack,blocker::Jason Peters,-0.3268532385851479
sack,blocker::Jason Spriggs,0.03767471854626316
sack,blocker::Jawaan Taylor,0.18089164148308165
sack,blocker::Jaylon Moore,0.05910458831330521
sack,blocker::Jc Tretter,0.02415319021380556
sack,blocker::Jedrick Wills Jr.,-0.20831861381297148
sack,blocker::Jermaine Eluemunor,0.023292480733893887
sack,blocker::Jesse Davis,0.0038401451052342004
sack,blocker::Jimmy Morrissey,0.02365932944882513
sack,blocker::Joe Haeg,-0.08621893719142569
sack,blocker::Joe Noteboom,0.0168239185373476
sack,blocker::Joe Thuney,0.2546942769070705
sack,blocker::Joel Bitonio,0.07932047767898506
sack,blocker::John Leglue,0.07965751086180575
sack,blocker::John Miller,-0.18636057679039558
sack,blocker::John Simpson,-0.003904109536912269
sack,blocker::Jon Feliciano,0.03414644957832641
sack,blocker::Jon Runyan,0.11305236754066873
sack,blocker::Jon Toth,0.0038667468048494383
sack,blocker::Jonah Jackson,0.0053209714282907855
sack,blocker::Jonah Williams,0.020902794076274458
sack,blocker::Jordan Mailata,1.4219897150719938e-4
sack,blocker::Jordan Mills,0.06171268560155676
sack,blocker::Jordan Simmons,-0.06085641856665207
sack,blocker::Joseph Noteboom,-0.009045190970028705
sack,blocker::Josh Jones,-0.0158494286253983
sack,blocker::Josh Myers,0.02620195868403357
sack,blocker::Josh Wells,0.0034927713472811817
sack,blocker::Joshua Miles,0.007557892647655796
sack,blocker::Julie'N Davenport,-0.07058151226609163
sack,blocker::Justin Britt,0.024726617768619643
sack,blocker::Justin Herron,0.14697289163033633
sack,blocker::Justin Mccray,-0.2187984595054518
sack,blocker::Justin Murray,-0.036703266026870386
sack,blocker::Justin Pugh,0.06080031948388396
sack,blocker::Kaleb McGary,-0.12577786040320948
sack,blocker::Kayode Awosika,-0.13689989065081454
sack,blocker::Kc Mcdermott,0.02019623283476423
sack,blocker::Keaton Sutherland,0.006462841620830345
sack,blocker::Keith Ismael,0.047332178631276076
sack,blocker::Kelvin Beachum,0.16828379886976966
sack,blocker::Kendall Lamm,-0.11073629140044404
sack,blocker::Kendrick Green,0.00987753210895658
sack,blocker::Kevin Dotson,-0.044317492482558396
sack,blocker::Kevin Zeitler,0.09031919537288782
sack,blocker::Kolton Miller,0.12555494880715387
sack,blocker::Korey Cunningham,-0.07846211636688845
sack,blocker::Kyle Fuller,-0.09464866440339796
sack,blocker::Kyle Long,7.484517833651206e-4
sack,blocker::Kyle Murphy,0.0017174543341709515
sack,blocker::La'El Collins,0.06744489255038146
sack,blocker::Lachavious Simmons,0.00283487961438193
sack,blocker::Laken Tomlinson,0.12152800361010563
sack,blocker::Landon Dickerson,0.05488219352522236
sack,blocker::Landon Young,0.03368061701815932
sack,blocker::Lane Johnson,0.12820932211637695
sack,blocker::Lane Taylor,0.10751716107048993
sack,blocker::Laremy Tunsil,0.12269128720493463
sack,blocker::Larry Borom,-0.14790175198383543
sack,blocker::Laurent Duvernay-Tardif,-0.0733028137333619
sack,blocker::Le'Raven Clark,-0.10706767478120538
sack,blocker::Lester Cotton Sr.,0.002743172695569305
sack,blocker::Liam Eichenberg,-0.18341056794450872
sack,blocker::Lloyd Cushenberry III,-0.015538182628955632
sack,blocker::Logan Stenberg,0.0015731275817743283
sack,blocker::Lucas Niang,0.024226920100463345
sack,blocker::Lucas Patrick,0.10785252266449122
sack,blocker::Marcus Cannon,-0.03761500103520234
sack,blocker::Marcus Henry,0.001531852597142126
sack,blocker::Mark Glowinski,0.052032600428432774
sack,blocker::Mason Cole,0.005732688434653441
sack,blocker::Matt Farniok,0.004567092779758316
sack,blocker::Matt Feiler,-0.06650182656803295
sack,blocker::Matt Hennessy,0.07304183710376105
sack,blocker::Matt Nelson,0.011845883576995965
sack,blocker::Matt Paradis,0.04549233841527848
sack,blocker::Matt Peart,-0.05136908340201758
sack,blocker::Matt Pryor,0.04626902077639827
sack,blocker::Matt Skura,0.034440130669149395
sack,blocker::Max Garcia,0.08448624820987571
sack,blocker::Max Scharping,-0.011218570112885382
sack,blocker::Mekhi Becton,-0.055645716377889315
sack,blocker::Michael Deiter,0.05175378785777598
sack,blocker::Michael Dunn,-0.08565568953651392
sack,blocker::Michael Jordan,0.05049662297388616
sack,blocker::Michael Schofield III,0.05192695661295413
sack,blocker::Mike Mcglinchey,-0.041503341924959664
sack,blocker::Mike Onwenu,0.0076706991404910975
sack,blocker::Mike Remmers,-0.00447510756248674
sack,blocker::Mitch Morse,0.07575855449588148
sack,blocker::Morgan Moses,-0.08800618887597159
sack,blocker::Myron Cunningham,0.008403660705637233
sack,blocker::Nate Davis,0.11901614088234176
sack,blocker::Nate Herbig,0.055058590565602646
sack,blocker::Nate Solder,-0.05623303245462967
sack,blocker::Netane Muti,-0.26101161705190223
sack,blocker::Nick Allegretti,0.027077662509666457
sack,blocker::Nick Gates,-0.04295138935495296
sack,blocker::Nick Harris,0.022504979203212677
sack,blocker::Nick Leverett,0.006920179567577717
sack,blocker::Nick Martin,0.00451449751621999
sack,blocker::Oday Aboushi,0.1054386319933859
sack,blocker::Olisaemeka Udoh,0.1377057291159127
sack,blocker::Orlando Brown,-0.05353973078936182
sack,blocker::Parker Ehinger,0.003073045689779152
sack,blocker::Pat Elflein,0.12159859542579374
sack,blocker::Patrick Mekari,-0.10863662585844466
sack,blocker::Penei Sewell,-0.044705646221843684
sack,blocker::Phil Haynes,0.061841112578433215
sack,blocker::Prince Tega Wanogho,0.0020410168949518415
sack,blocker::Quenton Nelson,0.08088935782125586
sack,blocker::Quinn Bailey,0.019343329588592396
sack,blocker::Quinn Meinerz,0.11353387345276549
sack,blocker::Quinton Spain,-0.1643458448677193
sack,blocker::Rashaad Coward,9.957987007699642e-4
sack,blocker::Rashawn Slater,0.18566925000669088
sack,blocker::Rashod Hill,0.09365811001757987
sack,blocker::Riley Reiff,0.10736177108605967
sack,blocker::Rob Havenstein,0.06884982605543093
sack,blocker::Robert Hainsey,0.006811065411629001
sack,blocker::Robert Hunt,0.13309524606358888
sack,blocker::Robert Jones,0.040172618864838444
sack,blocker::Rodger Saffold,0.12538644433008328
sack,blocker::Rodney Hudson,0.04740218483190431
sack,blocker::Ronnie Stanley,0.035029135863125394
sack,blocker::Royce Newman,-0.0714958380811214
sack,blocker::Ryan Bates,0.11420694424575156
sack,blocker::Ryan Jensen,0.1884813590727915
sack,blocker::Ryan Kelly,0.03548561801541867
sack,blocker::Ryan Mccollum,-0.1088415298906581
sack,blocker::Ryan Ramczyk,0.16372943195485617
sack,blocker::Saahdiq Charles,-0.26802054265554687
sack,blocker::Sam Cosmi,-0.09100722411654628
sack,blocker::Sam Mustipher,0.1555053588316752
sack,blocker::Sam Tecklenburg,0.030698175706391773
sack,blocker::Scott Daly,5.664071823829885e-4
sack,blocker::Scott Quessenberry,0.04325232411215429
sack,blocker::Sean Harlow,-0.03973332142415534
sack,blocker::Senio Kelemete,-0.03383482579612756
sack,blocker::Shane Lemieux,0.010715666288405363
sack,blocker::Shaq Mason,0.18285480382707675
sack,blocker::Solomon Kindley,-0.023066336696066895
sack,blocker::Spencer Brown,0.016037202751738498
sack,blocker::Stone Forsythe,0.008161515179395874
sack,blocker::Storm Norton,-0.07249262747376069
sack,blocker::Taylor Decker,0.009016947002201075
sack,blocker::Taylor Lewan,0.05412038313402971
sack,blocker::Taylor Moton,0.2132627709414085
sack,blocker::Ted Karras,0.16394948005362647
sack,blocker::Terence Steele,0.14727692894182048
sack,blocker::Terron Armstead,0.04286228032990933
sack,blocker::Teven Jenkins,-0.1494489528390075
sack,blocker::Tom Compton,-0.12890821537245706
sack,blocker::Tommy Doyle,-0.06058118638521711
sack,blocker::Tommy Kraemer,0.011855400049984062
sack,blocker::Trai Turner,-0.2478154975013102
sack,blocker::Tre'Vour Wallace-Simms,-0.07053871047226623
sack,blocker::Trent Brown,0.04289248781518197
sack,blocker::Trent Scott,0.036836829910856815
sack,blocker::Trent Williams,0.18471037843231694
sack,blocker::Trey Hill,-0.0637331898357
sack,blocker::Trey Hopkins,-0.23305017316297022
sack,blocker::Trey Pipkins III,0.06816870072087262
sack,blocker::Trey Smith,0.031328011082095916
sack,blocker::Tristan Wirfs,-0.003769552215922965
sack,blocker::Trystan Colon,0.06761781764028013
sack,blocker::Ty Nsekhe,-0.104770206158713
sack,blocker::Ty Sambrailo,0.05693432667996585
sack,blocker::Tyler Biadasz,0.015264111872173294
sack,blocker::Tyler Larsen,-0.10303263736357166
sack,blocker::Tyler Shatley,0.045521672229918445
sack,blocker::Tyre Phillips,0.014082990101238368
sack,blocker::Tyron Smith,7.021606168740703e-4
sack,blocker::Tytus Howard,0.2615187266217299
sack,blocker::Walker Little,-0.03701317246545325
sack,blocker::Wes Martin,0.05210875183547162
sack,blocker::Wes Schweitzer,-0.016663495413047038
sack,blocker::Will Clapp,-0.018176701408071313
sack,blocker::Will Fries,0.0054361342549521935
sack,blocker::Will Hernandez,-0.0052684494782696345
sack,blocker::Will Holden,-0.12007120488348647
sack,blocker::Will Richardson Jr.,0.054814907563792536
sack,blocker::Wyatt Teller,0.06643632576901459
sack,blocker::Xavier Su'A-Filo,-0.08937075811124003
sack,blocker::Yasir Durant,-0.0462226149979819
sack,blocker::Yodny Cajuste,-0.03987635087708432
sack,blocker::Yosh Nijman,0.08652000533278145
sack,blocker::Zach Banner,0.0022015436722860283
sack,blocker::Zack Martin,0.023517875017353376
sack,double_team,-0.2195817784003385
