player_name,role,mean_score,sd_score,q025,q25,q50,q75,q975,mean_elo_like,sd_elo_like,n_boot,fixed_lambda,bootstrap_scope
T.J. Watt,Rusher,0.5409508305275248,0.1813556652438556,0.1236040305103285,0.42937926899122986,0.5497220008334887,0.6696941019025668,0.8491023621955155,1093.9967909229158,31.50459253841193,400,6.533201459593776e-5,train_fit_end_to_end
Robert Quinn,Rusher,0.5400937003081352,0.1575759676089093,0.20902252976002814,0.44173678848474723,0.5462405626879161,0.6563687483845383,0.804495015711155,1093.8478921530946,27.37440240714607,400,6.533201459593776e-5,train_fit_end_to_end
Khalil Mack,Rusher,0.5141746149125551,0.2258811338419632,0.1255639419336113,0.3402239310352324,0.5152859484379335,0.6890732623113655,0.9284211441351735,1089.3452858477826,39.23951726981689,400,6.533201459593776e-5,train_fit_end_to_end
Nick Bosa,Rusher,0.5124644198256477,0.1474930099209385,0.21099467160930888,0.41390292322103306,0.5219677878840158,0.6105798903091575,0.8014831666880432,1089.048194532094,25.622232911098063,400,6.533201459593776e-5,train_fit_end_to_end
Myles Garrett,Rusher,0.46375987198485413,0.16564118636252229,0.14501504128094828,0.34747181326301124,0.47024160392232117,0.5894057261960869,0.7719348993349535,1080.587347983754,28.774595121868572,400,6.533201459593776e-5,train_fit_end_to_end
Rashan Gary,Rusher,0.4196579672274611,0.1695876928611774,0.05631608858637903,0.3081743009209994,0.4239480027589677,0.5402124607880927,0.7360929907887485,1072.9260624327305,29.460492115235407,400,6.533201459593776e-5,train_fit_end_to_end
Jaelan Phillips,Rusher,0.3974495653428608,0.2968341169772855,-0.17180378478620145,0.1616587410822179,0.3980417194023018,0.6140470264260022,0.9659997855940469,1069.0680678765818,51.565045506671495,400,6.533201459593776e-5,train_fit_end_to_end
Carlos Dunlap,Rusher,0.36248576717296643,0.21018713870545283,-0.037386807666264205,0.2173284480969122,0.3365277732875938,0.48583384331948665,0.8068836830860694,1062.9942340319562,36.51279495565293,400,6.533201459593776e-5,train_fit_end_to_end
Markus Golden,Rusher,0.36084534053004474,0.22412560234308038,-0.02356143309898985,0.18350057427160577,0.3542094830837928,0.532193652897712,0.7830376458547053,1062.709262736361,38.933983627663544,400,6.533201459593776e-5,train_fit_end_to_end
B.J. Hill,Rusher,0.35482470739100974,0.18082861052451732,-0.01982183928104448,0.22796699997487513,0.361403648582422,0.4836380050517669,0.6936902574486614,1061.6633716364224,31.413641517674055,400,6.533201459593776e-5,train_fit_end_to_end
Joey Bosa,Rusher,0.3501936836884601,0.11483895641762656,0.12681699564857093,0.27095037010138145,0.35102294138075296,0.4257257925705518,0.5575300587525525,1060.8588804205901,19.950073094799592,400,6.533201459593776e-5,train_fit_end_to_end
Trey Hendrickson,Rusher,0.33835530448719325,0.12376643152629555,0.08720985454238758,0.24946777383268676,0.34150607809112987,0.4333844977099067,0.5600478282078842,1058.8023433158749,21.5004276461596,400,6.533201459593776e-5,train_fit_end_to_end
Jonathan Allen,Rusher,0.32462122462886367,0.17103367542850603,-0.017753913341931823,0.21984512139270712,0.3350841584623243,0.4348295287409615,0.6286389670978589,1056.4164892772783,29.711775547595597,400,6.533201459593776e-5,train_fit_end_to_end
Micah Parsons,Rusher,0.3242201155682938,0.1448344626578611,0.05737460629315672,0.22289147012985278,0.32335511103182907,0.42911095090631424,0.5949251795991141,1056.3468094966197,25.161128594731593,400,6.533201459593776e-5,train_fit_end_to_end
Chandler Jones,Rusher,0.318804468585304,0.2612354707190237,-0.17791169141646726,0.12161296294559876,0.319752687843945,0.5216092874793169,0.7805757644194701,1055.4060152563602,45.38113347714152,400,6.533201459593776e-5,train_fit_end_to_end
Montez Sweat,Rusher,0.31001594673908445,0.15754970071660956,0.018856332271840758,0.19939106265355178,0.2977312246213797,0.4226460554396497,0.6161611556097227,1053.8792926396004,27.36970003339859,400,6.533201459593776e-5,train_fit_end_to_end
Harold Landry III,Rusher,0.304607353199355,0.14877867103487138,-0.025895746277994687,0.20920573574422247,0.3163216261920957,0.40286384255253166,0.5716730577557295,1052.9397237079356,25.84465605577667,400,6.533201459593776e-5,train_fit_end_to_end
Aaron Donald,Rusher,0.302658025918665,0.1361169365747153,0.02769248187737128,0.22131487348744192,0.30283407753485425,0.3946426781897618,0.5488865951115226,1052.601090875365,23.64532966861503,400,6.533201459593776e-5,train_fit_end_to_end
Jadeveon Clowney,Rusher,0.29618201205296196,0.19538221017912008,-0.06667034249917814,0.15599068296885002,0.29191547097301446,0.4207614508171326,0.6843230987850737,1051.4760920407234,33.94118288163289,400,6.533201459593776e-5,train_fit_end_to_end
Javon Hargrave,Rusher,0.29438449156572044,0.1884374844779504,-0.06650007217137992,0.16718591005611355,0.3007705054523001,0.4309269456460594,0.6392318451073896,1051.1638307492365,32.73535914588929,400,6.533201459593776e-5,train_fit_end_to_end
Bud Dupree,Rusher,0.2848665569165231,0.18989988386881668,-0.06909986552707112,0.1545040304836378,0.2771012794757617,0.41226016456960146,0.6619798789985722,1049.5103961503316,32.98906471635302,400,6.533201459593776e-5,train_fit_end_to_end
Daniel Ekuale,Rusher,0.2710342676169827,0.19988052449173932,-0.05333884281638326,0.12848733615764618,0.24780183183676188,0.4091729842869519,0.694858932866491,1047.1074813843798,34.722905239751896,400,6.533201459593776e-5,train_fit_end_to_end
Everson Griffen,Rusher,0.2709275300047195,0.16661692796926592,-0.0598449823962661,0.16148367810449704,0.2757895409569836,0.3748803151183595,0.597560504051999,1047.0889391619728,28.945430327257434,400,6.533201459593776e-5,train_fit_end_to_end
Shelby Harris,Rusher,0.26716228193481883,0.17196755777469577,-0.10362797152326073,0.1712464951948971,0.2756271251329102,0.3839699151298894,0.5841705205493831,1046.4348485780708,29.8742328473622,400,6.533201459593776e-5,train_fit_end_to_end
David Onyemata,Rusher,0.26645070625668577,0.18957018814531443,-0.07972049468907742,0.14740339141609632,0.25780319593497436,0.394161289059586,0.6589224692551388,1046.311235221883,32.93038293685444,400,6.533201459593776e-5,train_fit_end_to_end
Sheldon Day,Rusher,0.2610321352811305,0.20235450045797437,-0.15215765370723475,0.1118967410351836,0.268009139452957,0.4181545117932717,0.6265239124219728,1045.369933032089,35.15325676102649,400,6.533201459593776e-5,train_fit_end_to_end
Corey Linsley,Blocker,0.25817774143882216,0.061779271602018626,0.12388215903942668,0.2183007356306125,0.26012739158672077,0.3009060393133842,0.36998053040573003,1044.8740740341318,10.732712934427663,400,6.533201459593776e-5,train_fit_end_to_end
Marcus Davenport,Rusher,0.2567944552900112,0.16884537153166815,-0.04540358281401927,0.13615980843642134,0.24919040145249785,0.37714117245124257,0.5863063568351745,1044.633772617603,29.33169596899194,400,6.533201459593776e-5,train_fit_end_to_end
Von Miller,Rusher,0.2533925696050213,0.13099463195565814,-0.011123753494882895,0.16931025230919522,0.25224108213000646,0.34532445673682755,0.5143088662782282,1044.0428045451804,22.75628138182965,400,6.533201459593776e-5,train_fit_end_to_end
Halapoulivaati Vaitai,Blocker,0.25250864723942745,0.07401901308755102,0.08789523932395081,0.208889801705874,0.2591478389905708,0.3039379294172467,0.38608075305055817,1043.889251502857,12.858533950713804,400,6.533201459593776e-5,train_fit_end_to_end
Yetur Gross-Matos,Rusher,0.25229675889826275,0.30254530933374646,-0.12156618037355917,-0.021050501660732218,0.26132763947621707,0.4239745029694411,0.8879966840936335,1043.852442727918,52.55743511379559,400,6.533201459593776e-5,train_fit_end_to_end
Tytus Howard,Blocker,0.25192902351727614,0.05361207068171511,0.14989568694995947,0.2157871299662125,0.25480989546971516,0.289000451695844,0.36250432266296007,1043.788560549213,9.312609748986661,400,6.533201459593776e-5,train_fit_end_to_end
Josh Allen,Rusher,0.24768288591541882,0.1833541666692625,-0.12374187821470024,0.12202582416718029,0.24255196641654986,0.36482718550384213,0.6006572805590574,1043.0509308972573,31.850802952626562,400,6.533201459593776e-5,train_fit_end_to_end
Yannick Ngakoue,Rusher,0.24552086601709389,0.14447023975969983,-0.02925110655040128,0.14782823618154128,0.2448617259113976,0.3515360010186893,0.5206470380611202,1042.6753495726143,25.096611083193746,400,6.533201459593776e-5,train_fit_end_to_end
Preston Smith,Rusher,0.2423949610550671,0.15972274550293006,-0.07285484723697509,0.13898129963223133,0.24544323659414846,0.34576669333858634,0.5509164352882487,1042.1323242622295,27.74680062366282,400,6.533201459593776e-5,train_fit_end_to_end
Efe Obada,Rusher,0.23933225065191593,0.21399678829326652,-0.10880726755944496,0.09573370190959253,0.2181310632975641,0.3767653181098686,0.6739369626386235,1041.600276971127,37.174719582554204,400,6.533201459593776e-5,train_fit_end_to_end
Trent Williams,Blocker,0.2377167786973832,0.0800282191132977,0.08416759078818042,0.1885746395701515,0.24281532673604764,0.2912017544104945,0.3825778870429521,1041.319640748918,13.902758062338778,400,6.533201459593776e-5,train_fit_end_to_end
Jonathan Greenard,Rusher,0.23144489910932306,0.14028131074171385,-0.020453470208202002,0.1290598387897642,0.2241573651063122,0.3298527868614177,0.5102327530824736,1040.2301036704152,24.368179910244137,400,6.533201459593776e-5,train_fit_end_to_end
Joe Thuney,Blocker,0.22807249298942678,0.0796558442654046,0.0644180555429836,0.17450472552180826,0.2221705002584392,0.28521669647738707,0.3784253319435612,1039.6442567229722,13.837660648556861,400,6.533201459593776e-5,train_fit_end_to_end
Akiem Hicks,Rusher,0.2264072587409651,0.2504783241619824,-0.17034689714997983,0.027940213769691667,0.20928942452891047,0.4020067297311649,0.7340718928523285,1039.354975904899,43.51213284728199,400,6.533201459593776e-5,train_fit_end_to_end
Randy Gregory,Rusher,0.22492913657431962,0.17605674294939566,-0.09939478831973098,0.09398512226738769,0.22645140707099198,0.34479932380983475,0.5749804019616472,1039.0981997846777,30.58508285501891,400,6.533201459593776e-5,train_fit_end_to_end
Josh Sweat,Rusher,0.22289932698517295,0.17251684341400247,-0.08293177837536321,0.10063744970085986,0.2244551259098393,0.3467768546146416,0.5691984699363256,1038.7455857431255,29.96881215960101,400,6.533201459593776e-5,train_fit_end_to_end
David Andrews,Blocker,0.21483716385849602,0.07309833742926654,0.08012958753195377,0.16232060252575026,0.2192954143829901,0.2668098975317765,0.35325770217600583,1037.3450445598776,12.698738770231225,400,6.533201459593776e-5,train_fit_end_to_end
Jeffery Simmons,Rusher,0.21428905127858874,0.1901270697868592,-0.17539129765376632,0.09584279711756107,0.21543695396393361,0.333439954369706,0.5896473819186046,1037.2498276523115,33.02917325646729,400,6.533201459593776e-5,train_fit_end_to_end
Chris Jones,Rusher,0.21083244884218602,0.15445514416973719,-0.05980157030843584,0.0925004869866469,0.21938956338238397,0.3122224659458579,0.5159460836172003,1036.6493543066063,26.83173270697135,400,6.533201459593776e-5,train_fit_end_to_end
Denico Autry,Rusher,0.20807910406004546,0.16294690231251502,-0.12631970511993285,0.09914651488162933,0.20951310701362147,0.31540094523867207,0.5079021529684473,1036.171049328342,28.30682063033315,400,6.533201459593776e-5,train_fit_end_to_end
Ted Karras,Blocker,0.20752308212874504,0.06585602704563527,0.08485176781864989,0.15869682206657038,0.2104014768516988,0.2505244063060359,0.34290175055277605,1036.0744584257095,11.440218069464509,400,6.533201459593776e-5,train_fit_end_to_end
Marquis Haynes Sr.,Rusher,0.2055436003342973,0.17480939592683267,-0.07805541368782251,0.07877923041029422,0.17791708557960115,0.3244530762195932,0.5842640215770656,1035.7305872175668,30.36700132660157,400,6.533201459593776e-5,train_fit_end_to_end
Kemoko Turay,Rusher,0.2044536089487854,0.1892143478392655,-0.0941364855208745,0.09739674713072563,0.18323299581700744,0.3291932669858062,0.5822983193714671,1035.5412363199468,32.87033438895469,400,6.533201459593776e-5,train_fit_end_to_end
Arik Armstead,Rusher,0.20369289522259676,0.16047273387896507,-0.10946254163941317,0.09923567434715408,0.20413661382135767,0.3050028274163171,0.5066100805043069,1035.4090868105102,27.875938263879352,400,6.533201459593776e-5,train_fit_end_to_end
Rasheem Green,Rusher,0.20250937929406282,0.15540896709608665,-0.09447866980501853,0.09708308854096041,0.2018509324875265,0.31343477746496795,0.4820692902996852,1035.2034890357074,26.99718716916304,400,6.533201459593776e-5,train_fit_end_to_end
Ryan Jensen,Blocker,0.19741951353192635,0.05700259543807858,0.08264563243336753,0.1645325483029132,0.19879974407999584,0.23877843674849367,0.3009139565809237,1034.3192887900577,9.901788763241196,400,6.533201459593776e-5,train_fit_end_to_end
Emmanuel Ogbah,Rusher,0.19723398765819525,0.13350248866484996,-0.07254662613113,0.10674260469183532,0.1998029962254262,0.29247267493655715,0.4409884024480647,1034.287059644773,23.191606268700884,400,6.533201459593776e-5,train_fit_end_to_end
Justin Herron,Blocker,0.19595247763436643,0.06704664622609963,0.06387867879080956,0.14955398003095477,0.20012201980936298,0.24639133823874904,0.32067709252513094,1034.064438552032,11.647714230136375,400,6.533201459593776e-5,train_fit_end_to_end
Shaq Mason,Blocker,0.1957397299128003,0.09428937998527255,0.016168143857177696,0.1290299330398691,0.19618278708067444,0.2695319710946142,0.35761767371970266,1034.0274804874266,16.379956488677305,400,6.533201459593776e-5,train_fit_end_to_end
Jon Runyan,Blocker,0.19386803764607682,0.09580184717661547,0.0059434534924248964,0.12836510142200197,0.18905564020310786,0.2610818848193842,0.3749607088693929,1033.702334238123,16.64240595867653,400,6.533201459593776e-5,train_fit_end_to_end
Matthew Judon,Rusher,0.1926318908800485,0.12652521070363568,-0.06973351325093308,0.11065957449063027,0.18695672506608302,0.27948776006665854,0.4316461919119626,1033.4875935503997,21.978981614590456,400,6.533201459593776e-5,train_fit_end_to_end
Taylor Stallworth,Rusher,0.19092787996191635,0.23124851195342563,-0.20289838168383661,0.021058312747378554,0.18527083264618105,0.34257919948794224,0.6737632178832524,1033.1915765348606,40.1713582192747,400,6.533201459593776e-5,train_fit_end_to_end
Brandon Linder,Blocker,0.18598586537655207,0.07720884884937192,0.032747932344872506,0.13057040871425163,0.19069518258972618,0.23692232507258304,0.3230203293687326,1032.3330606692969,13.41138456869562,400,6.533201459593776e-5,train_fit_end_to_end
Kyle Peko,Rusher,0.18559749706925857,0.16203341712401992,-0.09390195247342666,0.07565192138086257,0.18055501173352484,0.2896709726457969,0.5297396033536543,1032.2655941841754,28.14743018486888,400,6.533201459593776e-5,train_fit_end_to_end
Sam Hubbard,Rusher,0.18541700835717764,0.1380767935545162,-0.08917130640518467,0.08861780279672538,0.19164343624168917,0.2787222397804731,0.44282510786814616,1032.2342400834943,23.986938752542805,400,6.533201459593776e-5,train_fit_end_to_end
Rodger Saffold,Blocker,0.18197404150628158,0.08147190632819205,0.008280915597376877,0.12582858976105787,0.188145205139383,0.23634509927137923,0.3337501194797475,1031.6361354816063,14.152523485021536,400,6.533201459593776e-5,train_fit_end_to_end
Alex Cappa,Blocker,0.17903489372411988,0.04203337218003406,0.09072484888041923,0.15047091245172783,0.1800752439690051,0.20757022696152766,0.25762474314395634,1031.12555321629,7.300960506234937,400,6.533201459593776e-5,train_fit_end_to_end
Chris Reed,Blocker,0.17857449798813513,0.06698011482907547,0.04504685736393202,0.1352398017639431,0.18090895552956826,0.22325676494988858,0.2985130630384489,1031.045574285238,11.635272029608377,400,6.533201459593776e-5,train_fit_end_to_end
Larry Ogunjobi,Rusher,0.1745700775184984,0.1398422127390115,-0.09524261222140679,0.08137567559332817,0.18073487760561663,0.2769723384645694,0.41675237193651543,1030.3499351999644,24.293990511540787,400,6.533201459593776e-5,train_fit_end_to_end
Josh Uche,Rusher,0.17407396664753144,0.19960635339314242,-0.1013715921311863,0.007665487483134317,0.17155019572797914,0.28258918198877814,0.6266034072541319,1030.2637519144953,34.67527595574748,400,6.533201459593776e-5,train_fit_end_to_end
Evan Brown,Blocker,0.17385641094495974,0.08309066870742834,0.0023915270793400116,0.12555428676183275,0.1758013717433808,0.221249898487509,0.3264128282716177,1030.2259586180419,14.434470432715038,400,6.533201459593776e-5,train_fit_end_to_end
Rashawn Slater,Blocker,0.1686933112962002,0.11129372629642979,-0.06101440764159458,0.09768816605548108,0.1689918686494577,0.24624878656739002,0.37688547086073865,1029.3290363432527,19.334598479936563,400,6.533201459593776e-5,train_fit_end_to_end
P.J. Williams,Rusher,0.16865090380884568,0.1590554573280916,-0.04102454422531839,0.015195149507474564,0.1428869475860549,0.2568095779811769,0.5235144646098402,1029.321669408153,27.630309461644618,400,6.533201459593776e-5,train_fit_end_to_end
Derick Roberson,Rusher,0.1626886679261937,0.09197174740836422,-0.003382767920481395,0.10692582093463138,0.14820184336465075,0.21380087435082296,0.35301981649839964,1028.2859229506964,15.976526144163262,400,6.533201459593776e-5,train_fit_end_to_end
Brandon Scherff,Blocker,0.16150636553203174,0.06915390806875392,0.03251339335300599,0.10935567646212986,0.16075208257719323,0.21164785070747444,0.28639462488361317,1028.0805359884062,12.013175830218925,400,6.533201459593776e-5,train_fit_end_to_end
Tyus Bowser,Rusher,0.16053427546564156,0.14456587395879036,-0.0896268628782003,0.05570369477411595,0.1512881792059838,0.25632149253336567,0.445683995443454,1027.9116666477078,25.114159498759392,400,6.533201459593776e-5,train_fit_end_to_end
Mario Addison,Rusher,0.15971385988660633,0.1336003147438883,-0.09080138420677986,0.06705554304877044,0.15588494470144165,0.24637412796442468,0.4076424875449128,1027.7691458641707,23.2083831524167,400,6.533201459593776e-5,train_fit_end_to_end
Cameron Heyward,Rusher,0.15686040957055486,0.1591921340945033,-0.16198038798932243,0.04640080074657625,0.1634351954734081,0.2606555091140951,0.46283421848172845,1027.2734507735122,27.65490575336746,400,6.533201459593776e-5,train_fit_end_to_end
Lucas Patrick,Blocker,0.15667602333703481,0.08250071449324074,0.005959853337018669,0.1029632681166438,0.1571311503077538,0.21106619966668758,0.30908805095780845,1027.2414196040095,14.332214504189425,400,6.533201459593776e-5,train_fit_end_to_end
Terence Steele,Blocker,0.15637922489809555,0.1254691553702476,-0.12541030634375513,0.0681660218531163,0.16985918138156492,0.26196973747080343,0.35244566357824625,1027.189860434302,21.7973192743132,400,6.533201459593776e-5,train_fit_end_to_end
Leonard Floyd,Rusher,0.15629973461688873,0.15811174703791392,-0.11746098593634935,0.037570319628302824,0.15697401692810103,0.2621508135809368,0.4588653887151452,1027.1760515581047,27.46659569250839,400,6.533201459593776e-5,train_fit_end_to_end
Mario Edwards Jr.,Rusher,0.15494665847301586,0.1701695063974218,-0.11886198800874138,0.031208492229577257,0.1336836921028705,0.26735214731007795,0.5058287884155521,1026.9409981569531,29.561513353223106,400,6.533201459593776e-5,train_fit_end_to_end
Cameron Jordan,Rusher,0.15241318182444916,0.1350919364966287,-0.13319085232482641,0.06703700946755575,0.1455058749546737,0.23976342957618582,0.4261543567269226,1026.500888185552,23.467326886257073,400,6.533201459593776e-5,train_fit_end_to_end
Olisaemeka Udoh,Blocker,0.1516130467776271,0.12305784216861787,-0.1161127250812132,0.08071239747569206,0.1566579118828703,0.2453401267022914,0.36386031360501553,1026.3618904913071,21.377641600980038,400,6.533201459593776e-5,train_fit_end_to_end
Jawaan Taylor,Blocker,0.15134833305268028,0.09197618026435517,-0.030652017872080196,0.09158760997269506,0.15456391042142786,0.2127607834386246,0.31619483934815634,1026.3159050072957,15.977358089737244,400,6.533201459593776e-5,train_fit_end_to_end
Jessie Lemonier,Rusher,0.15100441225911718,0.15975883308060826,-0.0893493310983275,0.021268564872509933,0.13942826675979364,0.25861517224053304,0.47008332404783365,1026.2561598461532,27.753760308346468,400,6.533201459593776e-5,train_fit_end_to_end
Nate Davis,Blocker,0.15067480344161846,0.09849343913124539,-0.0692057544272931,0.08393696103394455,0.15229092711668205,0.21774045638132006,0.33067560699887405,1026.1989009299025,17.110970542021324,400,6.533201459593776e-5,train_fit_end_to_end
Dion Dawkins,Blocker,0.1504626227736978,0.09340967014971564,-0.05173638689845655,0.09247017677895489,0.15708533961431392,0.21490355759974064,0.3120742246339638,1026.1620413726048,16.226285773203635,400,6.533201459593776e-5,train_fit_end_to_end
Lane Taylor,Blocker,0.15020979745393914,0.06455540343973494,0.006370396894959061,0.10970571733450837,0.15050716816990206,0.19748835986038057,0.261894343656944,1026.1181211161022,11.213296068840174,400,6.533201459593776e-5,train_fit_end_to_end
Danielle Hunter,Rusher,0.1492334101789137,0.1806616581083138,-0.13658370406086423,-5.500983617071327e-4,0.14111335087791071,0.2705629486102042,0.5367545226301993,1025.9485052738046,31.384178347036634,400,6.533201459593776e-5,train_fit_end_to_end
Justin Houston,Rusher,0.1490346180454131,0.11413091813020118,-0.07913982381950037,0.07636610137184019,0.1483128150937042,0.22630389347018498,0.3728800326571655,1025.9139715431545,19.82583723409778,400,6.533201459593776e-5,train_fit_end_to_end
Azeez Ojulari,Rusher,0.1477132687691401,0.1352904812785423,-0.10112614956348392,0.04840656289476028,0.13516145790205686,0.24467202074457695,0.41573566541012963,1025.6844296634135,23.502800321618718,400,6.533201459593776e-5,train_fit_end_to_end
Maxx Crosby,Rusher,0.14612423108137934,0.1474710612089452,-0.10519748632747668,0.044450435919661406,0.14222997869472231,0.2437293972988682,0.4911792117495623,1025.4083855436813,25.618607415621444,400,6.533201459593776e-5,train_fit_end_to_end
Phil Hoskins,Rusher,0.1434546785613658,0.19384414134835581,-0.0669621064324863,-0.027364412809206436,0.17153250033908107,0.23321479838967157,0.5882725212338755,1024.9446367722442,33.6736716072635,400,6.533201459593776e-5,train_fit_end_to_end
DeMarcus Lawrence,Rusher,0.14213924109403056,0.12927601401981548,-0.04920205795489598,0.04113193842861126,0.12839603572557973,0.23291257154907033,0.4367331454252524,1024.716121878903,22.4579477301958,400,6.533201459593776e-5,train_fit_end_to_end
Rob Havenstein,Blocker,0.14195156491168606,0.08877757485033184,-0.03409474478157604,0.08943267414003955,0.13738358011992552,0.1957925408269835,0.3156321217387894,1024.6835191867524,15.42144888156371,400,6.533201459593776e-5,train_fit_end_to_end
Haason Reddick,Rusher,0.14072202343808884,0.13097651589064435,-0.1073266467073177,0.04505594044078171,0.14653055021744193,0.23380752432788432,0.39587137419823254,1024.4699259558506,22.752524716830376,400,6.533201459593776e-5,train_fit_end_to_end
Tarell Basham,Rusher,0.140321058485526,0.13857546550832772,-0.11899299363036635,0.04691743566960954,0.13172034567613328,0.24276911922356173,0.407330888327265,1024.4002712093168,24.07315256514338,400,6.533201459593776e-5,train_fit_end_to_end
Sam Mustipher,Blocker,0.140055096225919,0.10467174776893289,-0.07788346897675112,0.07398277111243803,0.14987031019970293,0.21449338685503747,0.3130011895772911,1024.35406883262,18.18390149017078,400,6.533201459593776e-5,train_fit_end_to_end
Kendrick Green,Blocker,0.13909985278519715,0.1325765569663514,-0.11250989178985316,0.04785654855876589,0.1413257490469762,0.23052283056981313,0.3842503698562969,1024.1881260505481,23.030825748992292,400,6.533201459593776e-5,train_fit_end_to_end
Darrell Taylor,Rusher,0.1382988712448212,0.10932847326397606,-0.054406309266401956,0.0686216121994937,0.13001701164300355,0.20170835774698992,0.3764050512221081,1024.0489813053114,18.992608921580796,400,6.533201459593776e-5,train_fit_end_to_end
Justin Pugh,Blocker,0.13599705848433963,0.1117099562032996,-0.10144553272660568,0.06336614768737017,0.14167917164434446,0.21427378139100645,0.3289909027289712,1023.6491154732108,19.406402748411306,400,6.533201459593776e-5,train_fit_end_to_end
Kelvin Beachum,Blocker,0.13576912939249203,0.08500319108512988,-0.027414381151790873,0.07581285079337394,0.13790536084001243,0.19270297504175227,0.3008942219578606,1023.609520134469,14.76621496653038,400,6.533201459593776e-5,train_fit_end_to_end
Garrett Bradbury,Blocker,0.1348901359134605,0.07495962296677963,-0.011492616926933402,0.08129228378591924,0.13702658968342946,0.18217630705423943,0.27803920116344233,1023.45682332744,13.022058402389469,400,6.533201459593776e-5,train_fit_end_to_end
Tanoh Kpassagnon,Rusher,0.13360910630455322,0.1425063297327198,-0.09676587101992266,0.023958257449874412,0.12287643652167418,0.22694379133576226,0.43525080939887933,1023.2342856913187,24.756846523456126,400,6.533201459593776e-5,train_fit_end_to_end
Creed Humphrey,Blocker,0.13321343044721262,0.09679968759955479,-0.053342314416562946,0.06667911086308703,0.13162626532443503,0.20492342089771648,0.3050097622590076,1023.1655497547326,16.81634803202899,400,6.533201459593776e-5,train_fit_end_to_end
Taylor Moton,Blocker,0.1321846220594139,0.08906752157828482,-0.02763887556946839,0.06592754255781647,0.13584974873653075,0.1953636794354567,0.29920494686125076,1022.9868274324299,15.472440256188442,400,6.533201459593776e-5,train_fit_end_to_end
A.J. Epenesa,Rusher,0.13005348219381055,0.1411613862485781,-0.09071113463827413,0.018459277239124793,0.11521010766250003,0.2241387394898304,0.43486139415629643,1022.6166105189117,24.52202826775136,400,6.533201459593776e-5,train_fit_end_to_end
Odafe Oweh,Rusher,0.12965542396891755,0.11109807051320152,-0.06752951051990905,0.053175531623300826,0.12162625318821871,0.20472233382993055,0.35210801556602306,1022.5474607226928,19.299847877027254,400,6.533201459593776e-5,train_fit_end_to_end
Joel Bitonio,Blocker,0.1295942804740733,0.1277731154336273,-0.1045859715838176,0.04121855147224977,0.13188170024790466,0.21509165569218783,0.36844132009227565,1022.5368390097267,22.196685398030336,400,6.533201459593776e-5,train_fit_end_to_end
Yosh Nijman,Blocker,0.12927623802801155,0.10133899563700968,-0.10770938177673192,0.06175636539254663,0.1390729919030949,0.20085435136747073,0.3065760977429515,1022.4815893779925,17.604224218452046,400,6.533201459593776e-5,train_fit_end_to_end
Josh Mauro,Rusher,0.1285264105260322,0.16053181456605137,-0.0674031836757378,-0.018177515314259346,0.13545809137914694,0.18211229668937937,0.5154001058873298,1022.351330999397,27.88708829222832,400,6.533201459593776e-5,train_fit_end_to_end
Braden Smith,Blocker,0.12814984282661845,0.08691516528540677,-0.04174147134985851,0.06372818912190986,0.1300637511441121,0.1882142855427714,0.2960610185454618,1022.2859144898296,15.098321567767405,400,6.533201459593776e-5,train_fit_end_to_end
Riley Reiff,Blocker,0.12602661112932895,0.10147341881331248,-0.07487263630750299,0.052287991168321904,0.12709742252172396,0.19581750271108483,0.31661213933085264,1021.9170713658556,17.62712778654951,400,6.533201459593776e-5,train_fit_end_to_end
Leonard Williams,Rusher,0.12506362324744683,0.1298416968291353,-0.11130258762025123,0.032647138533952305,0.126409496675649,0.21868325166141933,0.3867241936646614,1021.7497832365592,22.556498957640926,400,6.533201459593776e-5,train_fit_end_to_end
Michael Schofield III,Blocker,0.12500132107005263,0.08393497303708197,-0.03490550663107579,0.07095253831840259,0.1232146610982688,0.18393503502132258,0.2896417527908003,1021.738960239818,14.580905684836582,400,6.533201459593776e-5,train_fit_end_to_end
Deforest Buckner,Rusher,0.12484476519230593,0.15526922914684424,-0.15996755906422885,0.008862734269438007,0.1251153362941851,0.22767767694264224,0.448583221389856,1021.7117636982921,26.973074970154148,400,6.533201459593776e-5,train_fit_end_to_end
Kolton Miller,Blocker,0.12359541826193651,0.09088105358024874,-0.04083385944069722,0.0631639014303935,0.12052443469082055,0.1891223136931933,0.299178996164701,1021.4947299071551,15.788252736174883,400,6.533201459593776e-5,train_fit_end_to_end
Chris Wormley,Rusher,0.12299657695773118,0.15387975875958626,-0.16776727333738217,0.012649548719147972,0.12349141530275806,0.23743201429124372,0.4120064914753587,1021.3907005175744,26.731379548750844,400,6.533201459593776e-5,train_fit_end_to_end
Brian Allen,Blocker,0.12225397688988399,0.0982162444042682,-0.05837866980222343,0.05016837667707402,0.12398285202353719,0.18529513515676466,0.32361267646484815,1021.2616976728835,17.06098991930692,400,6.533201459593776e-5,train_fit_end_to_end
J.C. Tretter,Blocker,0.12207336789224013,0.12729726479939824,-0.14063217767885464,0.040977973346899454,0.13121093263180408,0.22230211766382177,0.32640619860995956,1021.23032267646,22.114292740392223,400,6.533201459593776e-5,train_fit_end_to_end
John Leglue,Blocker,0.1215581514435236,0.0849359119123783,-0.049847213557179665,0.057053631110672416,0.1260856738190016,0.1801393496671152,0.27777165261964776,1021.1408204121947,14.755144747251357,400,6.533201459593776e-5,train_fit_end_to_end
Sheldon Rankins,Rusher,0.12033292903572387,0.1424855576131881,-0.1195902185054266,0.017687589041676444,0.11130868767856204,0.20865871852687784,0.42048936187190067,1020.92797747987,24.753497839551546,400,6.533201459593776e-5,train_fit_end_to_end
Robert Hunt,Blocker,0.12028795182589706,0.08743572335503418,-0.05502814936539823,0.060128692543515036,0.1271954561519426,0.182391802291177,0.2795182153405405,1020.9201641382543,15.189472662926375,400,6.533201459593776e-5,train_fit_end_to_end
Wyatt Teller,Blocker,0.12020695654882156,0.09285266770165175,-0.057853426843325985,0.06000286640963909,0.11701837241649568,0.18153468051810384,0.30051723060084073,1020.9060938174966,16.13069476747864,400,6.533201459593776e-5,train_fit_end_to_end
Frank Ragnow,Blocker,0.11786924571256763,0.05290506175896689,0,0.08289204466366805,0.11630345157976504,0.1507939180193021,0.21463593925691848,1020.4999918509085,9.190753095784059,400,6.533201459593776e-5,train_fit_end_to_end
Quincy Roche,Rusher,0.11638182241939965,0.13649996753173596,-0.10982015284209158,0.014206875312499614,0.11609315928247044,0.2020732777113063,0.4068005582445606,1020.2415999595175,23.711823420509745,400,6.533201459593776e-5,train_fit_end_to_end
Oday Aboushi,Blocker,0.11604305978411462,0.05989757794403696,0,0.07747322949151307,0.11793515930116988,0.15296171879389261,0.23853247875298988,1020.1827508622458,10.405203153937407,400,6.533201459593776e-5,train_fit_end_to_end
Boogie Basham,Rusher,0.11496289435179417,0.10392077376454686,-0.08097872324297006,0.038485748620883886,0.11587086689768711,0.19191300483454354,0.3209191365712449,1019.9951069075261,18.052574507415365,400,6.533201459593776e-5,train_fit_end_to_end
B.J. Finney,Blocker,0.11487863264181297,0.056119100415742494,0,0.0837501672884505,0.1204160122297387,0.15326121075952137,0.2147812041120633,1019.9804691492538,9.749034773297197,400,6.533201459593776e-5,train_fit_end_to_end
J.J. Watt,Rusher,0.11306803166349125,0.1134072576101412,-0.07614699683520638,0.023143067391618304,0.10584296101962841,0.19259261092434377,0.3318319551308795,1019.6659355437283,19.70095286704069,400,6.533201459593776e-5,train_fit_end_to_end
Matt Hennessy,Blocker,0.1129600912975094,0.108382230804853,-0.11089364348433155,0.03999223606633255,0.11669306186734088,0.1887532168881165,0.30936538347904113,1019.6471843816001,18.827476723150674,400,6.533201459593776e-5,train_fit_end_to_end
Mitch Morse,Blocker,0.11284537505754749,0.09395127949456049,-0.08917221955569138,0.048673715554847896,0.11511959988542722,0.17509175227234253,0.29006009500426694,1019.6272561296001,16.32149783867948,400,6.533201459593776e-5,train_fit_end_to_end
Kwon Alexander,Rusher,0.11265200771468495,0.16026306313758895,-0.08742336645853581,-0.02089224713752515,0.10663495484484123,0.1865250489192563,0.49033290606032637,1019.5936647816059,27.84057205227769,400,6.533201459593776e-5,train_fit_end_to_end
Danny Pinter,Blocker,0.11237449144470475,0.050353114896288687,0.0102103923363779,0.07933270696602344,0.1130518667493998,0.1431294650263279,0.21339951800526175,1019.5454552677296,8.747464965970796,400,6.533201459593776e-5,train_fit_end_to_end
Jason Kelce,Blocker,0.11026716817439003,0.07158089298668473,-0.050540187102135196,0.06467496698515166,0.11383803424227412,0.1601415058703809,0.2311897563833559,1019.179375720576,12.43542104711871,400,6.533201459593776e-5,train_fit_end_to_end
Alex Highsmith,Rusher,0.10984629182584933,0.1283622480933415,-0.12313492413263522,0.02060835748871961,0.1050364170157027,0.20071984153454336,0.3855554967453792,1019.1062620102821,22.299458506532634,400,6.533201459593776e-5,train_fit_end_to_end
Terrell Lewis,Rusher,0.10945230707307668,0.11985610347712204,-0.09813961274966265,0.017210461400356244,0.10304750215822754,0.19775178510973063,0.35853338872163565,1019.0378198486488,20.82086219109223,400,6.533201459593776e-5,train_fit_end_to_end
Malcolm Koonce,Rusher,0.1087844975683198,0.1297820040162586,-0.09092962977841984,0.01207833806694687,0.09226014332860641,0.19823677583160365,0.3693208068569651,1018.9218094554974,22.545932014280943,400,6.533201459593776e-5,train_fit_end_to_end
Arden Key,Rusher,0.10841245938743618,0.1540975993752108,-0.17075430469597247,-0.007316594449649862,0.09809443522238867,0.21392148431470676,0.40407378365146207,1018.8571798038914,26.76843496101326,400,6.533201459593776e-5,train_fit_end_to_end
Al-Quadin Muhammad,Rusher,0.10790196081040077,0.1298175920241953,-0.13642543326869896,0.005784395960503927,0.0996345619983017,0.2033638828195849,0.3691837783395923,1018.768497117881,22.550759343230215,400,6.533201459593776e-5,train_fit_end_to_end
Shaka Toney,Rusher,0.10746254853370589,0.09475658674505472,-0.045753427791855886,0.039067503886338874,0.10253652449787629,0.1639321275642654,0.3080036645420244,1018.6921633870613,16.46036217236391,400,6.533201459593776e-5,train_fit_end_to_end
Erik McCoy,Blocker,0.10556990594082065,0.0812753490426429,-0.0608845834713276,0.05070967064267278,0.11029118781188249,0.16194033669671778,0.24691454417372274,1018.3633776933393,14.118062262420446,400,6.533201459593776e-5,train_fit_end_to_end
Tyquan Lewis,Rusher,0.1051174737756876,0.11585372882306587,-0.10737491991730876,0.018359614989594267,0.10114766035765277,0.18263992364451812,0.3338996583462603,1018.2847821762382,20.125994540593222,400,6.533201459593776e-5,train_fit_end_to_end
Brian Burns,Rusher,0.10400376925820173,0.13177083135038573,-0.12694799685202543,0.008756174179706111,0.09446269747342102,0.1852333097554375,0.39273207338946137,1018.0913118856722,22.890471751496033,400,6.533201459593776e-5,train_fit_end_to_end
Garett Bolles,Blocker,0.10398249785247188,0.11034047221592896,-0.13281912872433413,0.025585519942520885,0.11554733952732779,0.18350275045972858,0.2951513047546796,1018.08761666402,19.168561245816214,400,6.533201459593776e-5,train_fit_end_to_end
Jordan Jenkins,Rusher,0.1036737136452042,0.1489857943715387,-0.10898525787543364,-0.029279399174122676,0.10677686638045802,0.1946722580434393,0.4140583656573598,1018.0339753530939,25.88235359404244,400,6.533201459593776e-5,train_fit_end_to_end
Alim Mcneill,Rusher,0.10307514891336844,0.16334862630499644,-0.1921694670220138,-0.017293870869003868,0.10017220090103841,0.22254618887032754,0.38725770313301433,1017.9299940090546,28.375911629667446,400,6.533201459593776e-5,train_fit_end_to_end
Taylor Lewan,Blocker,0.102335278374636,0.14896387993062588,-0.21311188319467325,-0.009857625936444014,0.11627294858771783,0.21745118877231792,0.35305966242122694,1017.8014653321368,25.87701859336672,400,6.533201459593776e-5,train_fit_end_to_end
Dorance Armstrong,Rusher,0.09999411024933658,0.11815015829478816,-0.11492562659389279,0.009278227900560005,0.10599951009702269,0.1763444652651709,0.3202119774771238,1017.3947627729267,20.525268717995505,400,6.533201459593776e-5,train_fit_end_to_end
Jordan Phillips,Rusher,0.09963329785705574,0.15555084671422495,-0.16523853971730468,-0.021221459270101516,0.08693540344631767,0.2069912461987203,0.41183808756415957,1017.3320832405387,27.0232157468076,400,6.533201459593776e-5,train_fit_end_to_end
Mike Onwenu,Blocker,0.0988835322066346,0.107485513023131,-0.10333413173941984,0.023139461220585824,0.09748335143059783,0.177448519125106,0.3002843989847108,1017.2018356066593,18.671646063603617,400,6.533201459593776e-5,train_fit_end_to_end
Lorenzo Carter,Rusher,0.09822330637666206,0.1592518152682968,-0.17093678662700532,-0.01802323872423494,0.0980001790092485,0.20776517556477941,0.42994926336358186,1017.0871426327525,27.664353746591317,400,6.533201459593776e-5,train_fit_end_to_end
Austin Corbett,Blocker,0.09606522053235343,0.10815586652711638,-0.12344019559681649,0.01908535502732,0.0911456463360785,0.17201185795589563,0.3063470756220129,1016.7122447232898,18.787081192117043,400,6.533201459593776e-5,train_fit_end_to_end
Trevis Gipson,Rusher,0.09572506759549147,0.1529957437139062,-0.14443190671709452,-0.018658683315828737,0.0731080114762025,0.19529963328623418,0.4164431729224643,1016.6531541058969,26.578628667473772,400,6.533201459593776e-5,train_fit_end_to_end
Kyler Fackrell,Rusher,0.09463833686283293,0.15389480984067122,-0.16172604215303937,-0.0206118798945385,0.07231204833988875,0.18878652262810955,0.4166828025209121,1016.4643696416936,26.735428410160853,400,6.533201459593776e-5,train_fit_end_to_end
Rashod Hill,Blocker,0.09423866242609509,0.08456277597768279,-0.07988680209603498,0.0354567687712354,0.09603500839058243,0.1546790346175475,0.25035680924762105,1016.3949390807204,14.690947213839515,400,6.533201459593776e-5,train_fit_end_to_end
Isaiah Mack,Rusher,0.0933876357874443,0.11968998702745608,-0.06543185182231721,0,0.11389878445748475,0.15282029848941145,0.3556585243541996,1016.2471006114729,20.79113570681823,400,6.533201459593776e-5,train_fit_end_to_end
Ed Oliver,Rusher,0.0931662180527868,0.1561925173058934,-0.17907528500226247,-0.031083144735759675,0.09242184037019235,0.2093208120235116,0.4048254902285621,1016.20863641133,27.133166774968295,400,6.533201459593776e-5,train_fit_end_to_end
Ezra Cleveland,Blocker,0.092877947009893,0.09039810113504933,-0.08055066648831957,0.03223603441766027,0.09425913438283573,0.15298598680683995,0.26336222385786123,1016.1585586020415,15.704848503379257,400,6.533201459593776e-5,train_fit_end_to_end
Jordan Mills,Blocker,0.09224433514429334,0.06664308293149583,-0.012830446735966007,0.041127832227875374,0.08462627137998407,0.13984094557880863,0.24084254577483086,1016.0484889472821,11.576499684893301,400,6.533201459593776e-5,train_fit_end_to_end
Austin Jackson,Blocker,0.09209611470669055,0.09958427843205848,-0.12544856624795034,0.029776310379544958,0.09186093353265504,0.1594696301506483,0.2766177002183764,1016.0227404200197,17.299687615109626,400,6.533201459593776e-5,train_fit_end_to_end
Jabari Zuniga,Rusher,0.0902176841614287,0.10026482642603782,-0.04176694374794695,0,0.1049062650476158,0.14152574928541703,0.31319524066756227,1015.6964236118414,17.418998327499096,400,6.533201459593776e-5,train_fit_end_to_end
Quinton Jefferson,Rusher,0.0898053113153965,0.11584173128384702,-0.11089575320454498,-0.00145753630189466,0.08586746489351414,0.1793556528314833,0.2883661460655389,1015.6247871112339,20.12441659843983,400,6.533201459593776e-5,train_fit_end_to_end
Ben Cleveland,Blocker,0.0887700581271596,0.06773809114694984,-0.061896372407015024,0.045791991176909186,0.09829764166195759,0.13972805424422866,0.1956220901501405,1015.4449452124243,11.766261889516246,400,6.533201459593776e-5,train_fit_end_to_end
Chris Smith,Rusher,0.08821693414811997,0.14643463988992245,-0.09987265991187969,-0.04384557515632721,0.09909974924238016,0.17344080843321683,0.40389748063144826,1015.3488577356622,25.43832596104744,400,6.533201459593776e-5,train_fit_end_to_end
Solomon Thomas,Rusher,0.08748874893742063,0.1683360926444153,-0.19663531051664154,-0.04354443387905439,0.07854063553077906,0.21227261770919148,0.42152000166156284,1015.2223590081381,29.24292324038595,400,6.533201459593776e-5,train_fit_end_to_end
Star Lotulelei,Rusher,0.08741853638325155,0.13324106921825968,-0.1317818154033083,-0.006972521965026689,0.0720516603128451,0.16688485279199528,0.362395918823821,1015.2101618382037,23.14591587327462,400,6.533201459593776e-5,train_fit_end_to_end
Justin Hollins,Rusher,0.08739406009810508,0.11756311599325574,-0.053907647070495994,-0.021548520555601733,0.09399548401292354,0.1423793689439278,0.3515703024172217,1015.2059098719731,20.422787388984027,400,6.533201459593776e-5,train_fit_end_to_end
Ben Jones,Blocker,0.08728556586202951,0.09568457119760096,-0.09164583692059369,0.024601673226694876,0.08461805637954146,0.152999057861138,0.2671194946340846,1015.1870624927548,16.621828781937946,400,6.533201459593776e-5,train_fit_end_to_end
Jacob Tuioti-Mariner,Rusher,0.08722696559216114,0.11076326047557059,-0.07864968618991439,0.012018538612949613,0.06659320989331334,0.15365325924224144,0.31396536206862297,1015.176882583218,19.240203951712665,400,6.533201459593776e-5,train_fit_end_to_end
Josh Myers,Blocker,0.08570011302830254,0.06657910281180526,-0.047230287192715305,0.04293214416809503,0.08936251456946562,0.13159375553740812,0.20695335256883307,1014.9116411259525,11.56573062025687,400,6.533201459593776e-5,train_fit_end_to_end
Shaquil Barrett,Rusher,0.08513515594053513,0.12553832518016866,-0.11251639683026161,-0.005352522810103696,0.07148839044841193,0.16666455776626207,0.36213876404210865,1014.8134980276607,21.807148867124873,400,6.533201459593776e-5,train_fit_end_to_end
Amen Ogbongbemiga,Rusher,0.08496838320870889,0.10866580327252431,-0.04509276790775227,-0.006170911168369016,0.0717162069608488,0.1323584538163525,0.3417365504490176,1014.784526636795,18.876883481782425,400,6.533201459593776e-5,train_fit_end_to_end
Jonah Jackson,Blocker,0.08419564597224971,0.1093310092203315,-0.12294079877900857,0.007508905518008736,0.08329922567000173,0.16236990040204474,0.28728679694523634,1014.6502884296929,18.993211475540765,400,6.533201459593776e-5,train_fit_end_to_end
Joe Tryon-Shoyinka,Rusher,0.08372584345038737,0.10035352205551021,-0.07254434285350689,0.004166475567153601,0.07623196219506134,0.14575213799196998,0.3140105911940772,1014.5686753725613,17.43295181890444,400,6.533201459593776e-5,train_fit_end_to_end
Greg Rousseau,Rusher,0.08346675537648145,0.14747790293404717,-0.17747290397368254,-0.022584871573346918,0.06918050624476463,0.18296176867273223,0.35769967557962723,1014.5236671642316,25.61919537480338,400,6.533201459593776e-5,train_fit_end_to_end
Mason Cole,Blocker,0.08327345464935883,0.14790071107329456,-0.23063323976287808,-0.014223028012803242,0.08402075765350564,0.209342384930161,0.29904269881183176,1014.4900873885767,25.692751211175764,400,6.533201459593776e-5,train_fit_end_to_end
Quinnen Williams,Rusher,0.08317142055534925,0.1246108332695552,-0.15252041717634507,-0.0022407425200600822,0.07640028740741103,0.16599391601819505,0.3383664484404347,1014.4723622509789,21.648009086395692,400,6.533201459593776e-5,train_fit_end_to_end
Donovan Smith,Blocker,0.08294947598179414,0.033160652747930196,0.019258822934462436,0.05963901861114937,0.08337447298457046,0.10653372389219533,0.14749547187167375,1014.4338065295456,5.759816935451633,400,6.533201459593776e-5,train_fit_end_to_end
Geron Christian Sr.,Blocker,0.0819099951300658,0.08611527926591635,-0.08855903696213163,0.026568890183103197,0.08529737756552638,0.1474600845441289,0.22991124457977508,1014.2532302103657,14.960276974381218,400,6.533201459593776e-5,train_fit_end_to_end
Austin Bryant,Rusher,0.08169134141365428,0.11610811908251545,-0.12422201161852307,-0.009314877843817682,0.08015615929778126,0.1514008239078674,0.34440706621109124,1014.2152461693717,20.169754305628054,400,6.533201459593776e-5,train_fit_end_to_end
Keith Ismael,Blocker,0.08057504859780303,0.08758572673633766,-0.0925895797691525,0.022991074957596662,0.09519261023666988,0.1453791428339558,0.22197063196287664,1014.0213262453267,15.215742280375336,400,6.533201459593776e-5,train_fit_end_to_end
Scott Quessenberry,Blocker,0.07953052663093352,0.05373796871145626,-0.013823631908583536,0.0581789679281867,0.06920361982464027,0.10995853933443483,0.17937647810301224,1013.8398741947515,9.333921606748135,400,6.533201459593776e-5,train_fit_end_to_end
Gabe Jackson,Blocker,0.07948231784140578,0.13063028483794573,-0.22123727722737538,0.0020535993736988467,0.0902410829290177,0.17672020497075386,0.2925971103915974,1013.831499470243,22.69340727867669,400,6.533201459593776e-5,train_fit_end_to_end
Uchenna Nwosu,Rusher,0.07897554194718379,0.1377688418369103,-0.1397950311059391,-0.027588049891082392,0.06695549456324137,0.16490430459014177,0.39024110539803225,1013.7434634804741,23.933087901381565,400,6.533201459593776e-5,train_fit_end_to_end
Jacob Martin,Rusher,0.07886272370545871,0.09160925488364152,-0.1024933217128217,0.012636857556784897,0.0771747602396074,0.14214331765565608,0.24359183243139282,1013.7238649445384,15.914759721103861,400,6.533201459593776e-5,train_fit_end_to_end
Laremy Tunsil,Blocker,0.0775509052491108,0.050551585338988,-0.0076100223814173935,0.03857747122245776,0.07283858038333751,0.1140610230510675,0.18122384074097495,1013.495978737798,8.78099252275606,400,6.533201459593776e-5,train_fit_end_to_end
Brian O'Neill,Blocker,0.07733346498213549,0.11221950607306105,-0.13998997672037666,0.010177357868778318,0.08880446863115411,0.15481753023721326,0.2775552062277832,1013.4582054945618,19.494910312022125,400,6.533201459593776e-5,train_fit_end_to_end
John Franklin-Myers,Rusher,0.07603109279038879,0.1242352637759932,-0.1471698584310968,-0.014190736830195536,0.06510059850757585,0.16537854771410826,0.33208304462024313,1013.2319602720578,21.5814058512881,400,6.533201459593776e-5,train_fit_end_to_end
J.C. Hassenauer,Blocker,0.0743384879979938,0.06486449518186706,-0.030733964892210388,0.023615132545242307,0.07127921115482672,0.11582756187740968,0.2057397056565806,1012.9379247035057,11.26783441069589,400,6.533201459593776e-5,train_fit_end_to_end
Armon Watts,Rusher,0.07382959635569969,0.1574231297380792,-0.19554059742735977,-0.05511675922669151,0.0716094127298396,0.18239609797070455,0.39118194906448284,1012.8495211706518,27.3470478340953,400,6.533201459593776e-5,train_fit_end_to_end
Jaylon Moore,Blocker,0.07349613848674913,0.04426479842817307,-0.0037762590840470863,0.04344973427972971,0.07292118543835294,0.10363131070599198,0.1697664174734601,1012.7915936056787,7.6884329034754115,400,6.533201459593776e-5,train_fit_end_to_end
Malik Mcdowell,Rusher,0.07343483449826232,0.15443103881422612,-0.22596344281263156,-0.03179717122420529,0.0641789876755978,0.19121751623359062,0.36069249312177,1012.7809440121114,26.82795807027958,400,6.533201459593776e-5,train_fit_end_to_end
Kenny Willekes,Rusher,0.07240826847071996,0.15717510368154172,-0.1616723971582321,-0.05668930573452675,0.06195779406258746,0.17673662177730348,0.3964488813812222,1012.6026112276829,27.304335641800215,400,6.533201459593776e-5,train_fit_end_to_end
Tommy Kraemer,Blocker,0.0706600426475507,0.06443568711056036,-0.055303128040942465,0.024896927879226143,0.07558318438342877,0.11278006515120544,0.19122092348054043,1012.2989132964337,11.193349309201393,400,6.533201459593776e-5,train_fit_end_to_end
Derrek Tuszka,Rusher,0.07002290949844714,0.1136205407596529,-0.12413076028894822,-0.010469622718864847,0.06373249796087184,0.14388507077480955,0.33086529390772046,1012.1882319320764,19.737278210963762,400,6.533201459593776e-5,train_fit_end_to_end
Jamarco Jones,Blocker,0.06999935951847815,0.04090084080324229,-0.011613779864327635,0.043817722541172145,0.06991322935236984,0.09505102249345027,0.14856234097573365,1012.1841408815366,7.106056550125357,400,6.533201459593776e-5,train_fit_end_to_end
Jimmy Morrissey,Blocker,0.0699560014080614,0.07922580820679452,-0.09356526858729529,0.015476158959608405,0.07551325711163726,0.12608536298344386,0.2136405558659269,1012.1766088062967,13.762672932233045,400,6.533201459593776e-5,train_fit_end_to_end
Alex Singleton,Rusher,0.06900545754653677,0.06197199921341416,-0.038008111213147476,0.023407254948279527,0.06778432450915264,0.11227697785514441,0.18966399007659673,1012.0114824247498,10.765810724936083,400,6.533201459593776e-5,train_fit_end_to_end
Zack Martin,Blocker,0.06870910468372489,0.09851633958341893,-0.11603774794623607,-3.3580031976399374e-4,0.06303603082897513,0.13565881441729566,0.26058836375272626,1011.9600006595437,17.114646139568425,400,6.533201459593776e-5,train_fit_end_to_end
La'El Collins,Blocker,0.06860730118276438,0.08144425676832785,-0.09289022143273748,0.012744860101653752,0.0710688281850024,0.1264565695160262,0.2226385738226816,1011.9423155800614,14.147848228835528,400,6.533201459593776e-5,train_fit_end_to_end
Cody Whitehair,Blocker,0.06816084906739035,0.0934828521610134,-0.09936812590089111,0.002385808843639009,0.06687797264585064,0.1373460458043001,0.24678212808576985,1011.864758904005,16.2396690976844,400,6.533201459593776e-5,train_fit_end_to_end
Trey Pipkins III,Blocker,0.06767037633412276,0.04604239679290706,5.827092124150876e-4,0.031364740560192984,0.06281581121142069,0.09574702503170876,0.164916810279324,1011.7795550633722,7.998509257380646,400,6.533201459593776e-5,train_fit_end_to_end
Matt Skura,Blocker,0.06623452419138935,0.11298975500368756,-0.14195050586606014,-0.007335005722828107,0.0665008891859487,0.1490888544079099,0.2737276662940072,1011.530121998405,19.628961222466014,400,6.533201459593776e-5,train_fit_end_to_end
Nick Harris,Blocker,0.06590314289880639,0.06235635054541347,0,0,0.0900286003285367,0.10972631467258252,0.17570595483480447,1011.472555171695,10.832429322966792,400,6.533201459593776e-5,train_fit_end_to_end
Christian Covington,Rusher,0.06575216756229264,0.18794025700743117,-0.24129146943964072,-0.08246805663646753,0.05932756540982909,0.2030803189024336,0.4244055040808105,1011.4463280694745,32.64867399372062,400,6.533201459593776e-5,train_fit_end_to_end
Trey Smith,Blocker,0.06541548218378551,0.12047764300917614,-0.15550794857123945,-0.01805911190612408,0.060324505343412715,0.1451872933742897,0.31180264080536424,1011.3878398286652,20.929849958090944,400,6.533201459593776e-5,train_fit_end_to_end
Michael Deiter,Blocker,0.06461443122265634,0.0719477541405569,-0.07287883846533667,0.015450654692054384,0.06640593021392399,0.11671412193711875,0.2029626571795906,1011.2486830238086,12.498510371811683,400,6.533201459593776e-5,train_fit_end_to_end
Greg Mancz,Blocker,0.06293220824283915,0.034105487271644315,0,0.042703147199084815,0.061493789586248765,0.08499548207258865,0.13520893335628137,1010.9564509608224,5.924435523971917,400,6.533201459593776e-5,train_fit_end_to_end
Javon Kinlaw,Rusher,0.0626761160982792,0.15105690342231004,-0.14046608963686805,-0.0664358881010135,0.04011807390170634,0.15521831736515462,0.40072675967729493,1010.9119631987259,26.240946367242465,400,6.533201459593776e-5,train_fit_end_to_end
Kevin Dotson,Blocker,0.0625934022515106,0.08738367644813447,-0.11597627726004923,0.004286074308839163,0.06284707718089297,0.12500292279140884,0.22354238590807976,1010.8975943318345,15.179986695487436,400,6.533201459593776e-5,train_fit_end_to_end
Dante Fowler Jr.,Rusher,0.06257126221125321,0.10519666704833974,-0.12619171519004713,-0.016497768287470172,0.0569296409872557,0.1409730747532498,0.2654302527777557,1010.8937482129093,18.275102104668544,400,6.533201459593776e-5,train_fit_end_to_end
Patrick O'Connor,Rusher,0.062027252462453664,0.058760326285214506,-0.02589906823281653,0.020102328088995817,0.0508597887449082,0.10299106819738242,0.19232722711381814,1010.7992440401072,10.206775144986864,400,6.533201459593776e-5,train_fit_end_to_end
Dre'Mont Jones,Rusher,0.06161866229125605,0.18914076195614524,-0.2634979787506344,-0.0788440736033551,0.05774526981653479,0.19020337523427366,0.4478175830431538,1010.7282646574228,32.856722958129374,400,6.533201459593776e-5,train_fit_end_to_end
Ty Sambrailo,Blocker,0.061403947370559216,0.04878520187285178,0,0.022883624043176714,0.05175152337435174,0.09069365366334872,0.1768024815344589,1010.6909648553265,8.47583162069456,400,6.533201459593776e-5,train_fit_end_to_end
Raequan Williams,Rusher,0.061092901672466074,0.06147827240623318,0,0,0.07283411756923464,0.08646135235107429,0.2008435411675985,1010.6369306832058,10.680417059732425,400,6.533201459593776e-5,train_fit_end_to_end
Rashard Lawrence,Rusher,0.061052339998797174,0.12470292504383983,-0.12535316117102158,-0.0433946398562987,0.05770306634683248,0.1346918452281519,0.33052573026796944,1010.6298843987853,21.663253790062182,400,6.533201459593776e-5,train_fit_end_to_end
Za'Darius Smith,Rusher,0.06092204929891303,0.06535890083205315,-0.016153591888129853,0,0.07425653509167932,0.08182246065610918,0.22124222254802303,1010.6072505859842,11.353775641266123,400,6.533201459593776e-5,train_fit_end_to_end
Lane Johnson,Blocker,0.060627882131490674,0.08205453499838893,-0.09805893317026099,0.005166060882167101,0.06483646222946443,0.11660207254520498,0.21462967115102757,1010.5561485149567,14.253935082806484,400,6.533201459593776e-5,train_fit_end_to_end
Phil Haynes,Blocker,0.060130090169730574,0.039882031988377156,0,0.029780304146603896,0.05297106233998275,0.08450882932987178,0.14701427389016278,1010.4696731941053,6.928548676786678,400,6.533201459593776e-5,train_fit_end_to_end
Bryan Mone,Rusher,0.059779244879470984,0.2415003483049388,-0.2625091055054192,-0.1420227918192181,0.05561083780830494,0.18733633150825119,0.6174361420214463,1010.4087251246808,41.9521525264905,400,6.533201459593776e-5,train_fit_end_to_end
Matt Paradis,Blocker,0.05938776015203612,0.09629434190995105,-0.1353210648956202,-4.103216922993116e-5,0.06229262026833533,0.13101964676941152,0.23842276476991167,1010.3407172619311,16.727769161082467,400,6.533201459593776e-5,train_fit_end_to_end
Will Richardson Jr.,Blocker,0.05935589962746158,0.06485605314270321,-0.07235254279911124,0.021095757432614416,0.06369663450729642,0.10414062560077661,0.17975724833855206,1010.3351825219257,11.266235662795506,400,6.533201459593776e-5,train_fit_end_to_end
Malik Reed,Rusher,0.059330597645667206,0.12965606188169415,-0.18803270795613078,-0.027309563790613403,0.05430175808814438,0.14041913018403024,0.32992726919666016,1010.3307871174959,22.523626376563996,400,6.533201459593776e-5,train_fit_end_to_end
James Carpenter,Blocker,0.058043853829548485,0.04065491736683105,0,0.0370445278159003,0.057931669706211456,0.08899906504904191,0.13143830567383932,1010.1072568219105,7.061874100091794,400,6.533201459593776e-5,train_fit_end_to_end
Matt Nelson,Blocker,0.057594178976889766,0.11044143987072888,-0.1779770214884769,-0.0071872491334974515,0.06745697261302133,0.1370913036119344,0.2411416270567162,1010.0291402990464,19.185824676578246,400,6.533201459593776e-5,train_fit_end_to_end
Bradley Bozeman,Blocker,0.0575278635894855,0.09753371806730717,-0.15199407750250934,-0.00274599286522223,0.06083098702091004,0.1220922794149598,0.2317337722713989,1010.0176201363204,16.94260133249723,400,6.533201459593776e-5,train_fit_end_to_end
Quinn Meinerz,Blocker,0.05736523496637626,0.12187739330058721,-0.22007727018975926,-0.020446388076650834,0.07254065014880196,0.14829202097276767,0.24470499603037743,1009.9893686508741,21.17174505009678,400,6.533201459593776e-5,train_fit_end_to_end
Taylor Decker,Blocker,0.05708468632039154,0.07913292863168132,-0.09689114812854084,0.00254403164070827,0.05260320765083966,0.1158932103903336,0.2111886653498783,1009.9406323593314,13.747545467388335,400,6.533201459593776e-5,train_fit_end_to_end
Michael Dwumfour,Rusher,0.0546121526910176,0.07292677946944205,-0.04776837450113463,-0.00171436689092028,0.044677326155766,0.1079057335243153,0.2074008969823916,1009.5111092747085,12.667640711194556,400,6.533201459593776e-5,train_fit_end_to_end
Wes Schweitzer,Blocker,0.05412746230374985,0.07623055586546744,-0.08448524799225007,-0.0024329613040537656,0.05524629967807339,0.11072420924732868,0.19771328209035516,1009.4269099304597,13.243264710846322,400,6.533201459593776e-5,train_fit_end_to_end
Isaac Seumalo,Blocker,0.05338906711562328,0.04324530691461323,-0.013249496129660398,0.021046236583493194,0.045900930858275256,0.08442446822605318,0.14858040656853122,1009.2986375481928,7.511908354092075,400,6.533201459593776e-5,train_fit_end_to_end
Jordan Willis,Rusher,0.053345153667057284,0.11517575708123597,-0.1415987680051405,-0.028039300648490428,0.043054336953077865,0.12810060987988145,0.28874502766482835,1009.2910090008354,20.00847524936273,400,6.533201459593776e-5,train_fit_end_to_end
Sam Eguavoen,Rusher,0.05298300477780526,0.0678360029321718,-0.033900258281977236,-0.00509991833341886,0.050874795958072,0.08711764038717215,0.2145660943544716,1009.2280972951436,11.78441999585187,400,6.533201459593776e-5,train_fit_end_to_end
David Edwards,Blocker,0.05179920276418651,0.10345490150113022,-0.14707578740201377,-0.01582544206159049,0.05461504923384189,0.12178824852860752,0.25530327852391327,1009.0224498222714,17.971356010924865,400,6.533201459593776e-5,train_fit_end_to_end
Tristan Wirfs,Blocker,0.05158600321781346,0.0778991382180412,-0.1303510218499806,0.0022485576521859754,0.06143755417532599,0.11440246142016683,0.16453230225820561,1008.9854132676577,13.531892763435112,400,6.533201459593776e-5,train_fit_end_to_end
Adam Gotsis,Rusher,0.05035539732710915,0.10939169719431388,-0.14772493607473933,-0.029342017042348498,0.0408461252741564,0.1322173922784563,0.2540463104872094,1008.7716351285655,19.002433589563783,400,6.533201459593776e-5,train_fit_end_to_end
Chris Lindstrom,Blocker,0.04995916333276054,0.1091507238937822,-0.15574742211077786,-0.020976918926731272,0.049389382697406475,0.12700748686130175,0.2752003253271355,1008.7028022336502,18.96127758243237,400,6.533201459593776e-5,train_fit_end_to_end
Max Garcia,Blocker,0.04926788481019127,0.10935722798157668,-0.15776760513519394,-0.030036936384276416,0.05223536519195067,0.11597878969957912,0.27354303787124723,1008.5827148545262,18.99859425152506,400,6.533201459593776e-5,train_fit_end_to_end
Whitney Mercilus,Rusher,0.04840690914701508,0.12632698829919609,-0.1704432701604787,-0.04399290037943084,0.04822702837154,0.13211259024782973,0.2946451284917815,1008.433148062698,21.94535385900248,400,6.533201459593776e-5,train_fit_end_to_end
Jacob Phillips,Rusher,0.0482001376149302,0.08046220222487471,-0.07365909897196313,-0.01596341442639341,0.04642312312107588,0.09873213997423069,0.22472719823311244,1008.3972281685384,13.978272262558914,400,6.533201459593776e-5,train_fit_end_to_end
Laken Tomlinson,Blocker,0.046753846277571155,0.10972921843910619,-0.15555164037106745,-0.02379048313716415,0.04064257245679776,0.12956847150243725,0.2544696304035855,1008.1459816297227,19.062019948860602,400,6.533201459593776e-5,train_fit_end_to_end
Romeo Okwara,Rusher,0.04661506154455209,0.09301643754761832,-0.1023746007233056,-0.015840572557119306,0.0419144200286064,0.10103126535356541,0.24823043760859093,1008.1218722522336,16.15800209372657,400,6.533201459593776e-5,train_fit_end_to_end
Pat Elflein,Blocker,0.04650090342066811,0.09749787722688141,-0.14821225612530714,-0.01850227466618434,0.06150052396347726,0.11822667566348924,0.20742527750123108,1008.1020409549267,16.936702125507242,400,6.533201459593776e-5,train_fit_end_to_end
Wes Martin,Blocker,0.04586140722326589,0.023158532031739194,-0.003973722372658857,0.03048261231488556,0.04753551772143059,0.05970624055431076,0.09192382242444605,1007.9909490870348,4.02379459984051,400,6.533201459593776e-5,train_fit_end_to_end
Ross Blacklock,Rusher,0.04486813464789814,0.16896291198153215,-0.22551706363531934,-0.08813518285118571,0.04040942410654886,0.15269689564925698,0.40278803759866605,1007.8183999676315,29.352004628483087,400,6.533201459593776e-5,train_fit_end_to_end
Penei Sewell,Blocker,0.044422429229720846,0.11656159375093565,-0.1710349968523156,-0.034299598471659615,0.03865897452828612,0.12316970168401974,0.28349454410786934,1007.740973006164,20.24892581285162,400,6.533201459593776e-5,train_fit_end_to_end
Tyler Shatley,Blocker,0.043490181992518584,0.13212450278250573,-0.22900435050301657,-0.044786373485779074,0.06152575260703144,0.1523073467537336,0.23818889776484134,1007.5790250738094,22.95202646386504,400,6.533201459593776e-5,train_fit_end_to_end
Cassius Marsh Sr.,Rusher,0.04184661395211295,0.08019203057238367,-0.07121831896343592,-0.025961653814758817,0.02313802371385098,0.09031507419539306,0.220481974798154,1007.2935080615771,13.930732602823024,400,6.533201459593776e-5,train_fit_end_to_end
Andrew Whitworth,Blocker,0.04146157158511725,0.10995656843994596,-0.17672369495083842,-0.03386980455091951,0.04599729223051925,0.11914193422421182,0.2410440666623619,1007.226619351463,19.10167937633579,400,6.533201459593776e-5,train_fit_end_to_end
Mctelvin Agim,Rusher,0.04068454417474679,0.07302491984815823,-0.08499210900428812,-0.014953951795703168,0.03743149018042273,0.09072418890596617,0.17777168318114991,1007.0916358648185,12.686036705296406,400,6.533201459593776e-5,train_fit_end_to_end
Carlos Basham Jr.,Rusher,0.04056803009268175,0.07678896999373036,-0.09476050002129077,-0.016924162514064464,0.0376791078833372,0.09382525061585462,0.18821033260479028,1007.0713952956565,13.339604239867414,400,6.533201459593776e-5,train_fit_end_to_end
Kingsley Keke,Rusher,0.0400318210513304,0.18274808101909706,-0.23362295743529976,-0.12327996782949632,0.030741662900521896,0.1682431624976979,0.39578171465347045,1006.9782462445343,31.74719025864561,400,6.533201459593776e-5,train_fit_end_to_end
Quenton Nelson,Blocker,0.03973633461060914,0.11911361020455685,-0.2127597603666867,-0.04677877939828626,0.049769388786037816,0.12932140541372625,0.2452577055374661,1006.9269149922613,20.6934247555156,400,6.533201459593776e-5,train_fit_end_to_end
Josh Wells,Blocker,0.03891704455519232,0.022944356643454518,0,0.019698980895188036,0.04038895541717001,0.05445530008922457,0.08476007236252389,1006.784589732203,3.9856943276590213,400,6.533201459593776e-5,train_fit_end_to_end
Jake Matthews,Blocker,0.037742411824881396,0.08482313691006999,-0.12040259765737778,-0.024832045484443704,0.03833367533378348,0.09946461941717084,0.1939142852971276,1006.5805351269883,14.734308848260342,400,6.533201459593776e-5,train_fit_end_to_end
Brett Toth,Blocker,0.037681938793917374,0.03652809197239956,-0.023291125265133508,0.004956877286805989,0.03920754014513009,0.06498984150821488,0.1067210578931857,1006.5700298855276,6.3462247548723845,400,6.533201459593776e-5,train_fit_end_to_end
Dee Ford,Rusher,0.03718434015064381,0.08526831419903799,-0.08246328448832041,-0.02935917985741052,0.027882929087571118,0.0888317856037163,0.24408170852345076,1006.483588147537,14.812008100433035,400,6.533201459593776e-5,train_fit_end_to_end
Nick Allegretti,Blocker,0.03602550420911994,0.037346601547267474,-0.028084713923864215,0.004460491503774512,0.0375632819474907,0.05941447578012798,0.11325670674769923,1006.2822777256031,6.487909398213009,400,6.533201459593776e-5,train_fit_end_to_end
Josh Jones,Blocker,0.034494171782048645,0.09735066891024628,-0.149597960775499,-0.028881572102064042,0.036237733652395104,0.1050251680064579,0.2291312839050223,1006.0162580363884,16.911892148977554,400,6.533201459593776e-5,train_fit_end_to_end
Hassan Ridgeway,Rusher,0.034396520965966786,0.11928113314223601,-0.16602730110394306,-0.05670616881536254,0.030617075322878894,0.10929982501477614,0.30481851949687766,1005.9992943521573,20.72123592233067,400,6.533201459593776e-5,train_fit_end_to_end
Tyson Alualu,Rusher,0.03386547575240716,0.038610159812932414,-0.02017141274650051,0,0.044259047438470533,0.06302726491484748,0.09886734929200168,1005.9070423498014,6.707350202927554,400,6.533201459593776e-5,train_fit_end_to_end
Jc Tretter,Blocker,0.0336318209322473,0.03866993983074883,0,0,0.020504174976454778,0.054333575786212986,0.1213917446891244,1005.8664523501751,6.717415138276384,400,6.533201459593776e-5,train_fit_end_to_end
Alex Mack,Blocker,0.03310421125242691,0.13491191487470336,-0.2274101174271375,-0.05580866146572967,0.029391351577635977,0.1314887296846164,0.2763115974027016,1005.7747971611573,23.435110946288585,400,6.533201459593776e-5,train_fit_end_to_end
Taven Bryan,Rusher,0.03289920212894326,0.14455192326122626,-0.15736549546528744,-0.08381552760809097,0.007620465060998893,0.12388395225926285,0.3650113043500033,1005.7391834287297,25.111630435514307,400,6.533201459593776e-5,train_fit_end_to_end
John Simpson,Blocker,0.03289045187900674,0.14087659028047722,-0.24243232343090418,-0.055763936719586446,0.03157783656468055,0.13250199092169243,0.3042292201966192,1005.7376633546246,24.472556912271763,400,6.533201459593776e-5,train_fit_end_to_end
Isaiah Wynn,Blocker,0.03250820351480235,0.10207997277788655,-0.2003116863563134,-0.03467583107045565,0.03511662849229302,0.09802455605163772,0.22120466286796875,1005.6712600125085,17.731607294502485,400,6.533201459593776e-5,train_fit_end_to_end
Joe Thomas,Rusher,0.0323305635407978,0.03436389878576277,-0.016648008024667527,0.0032585312828437153,0.035141997792049975,0.0518908870432357,0.10222530807423104,1005.6404007883182,5.9692015668733935,400,6.533201459593776e-5,train_fit_end_to_end
Landon Young,Blocker,0.031566194003583986,0.0528143946815547,-0.05169194931692773,0,0.04131851146106115,0.06090539029973699,0.1403074703954472,1005.5076161994594,9.173467893139835,400,6.533201459593776e-5,train_fit_end_to_end
Cody Barton,Rusher,0.03138914054165766,0.0130035028246371,0,0.023041005086712908,0.03150582888332668,0.040481552592261785,0.05563925526487923,1005.4768588628529,2.259355942664822,400,6.533201459593776e-5,train_fit_end_to_end
Tashawn Bower,Rusher,0.031146385836714818,0.10103894152788384,-0.10092891802281945,-0.055342643119769434,0.020952431315357137,0.09679664342795186,0.25228800768104837,1005.4346880513277,17.5524557514924,400,6.533201459593776e-5,train_fit_end_to_end
Cornelius Lucas,Blocker,0.03060423392746742,0.06454759402732271,-0.09643942056455994,-0.012061300897299437,0.0284215021031764,0.07434579398857645,0.1513837905940446,1005.3405066183119,11.213384945235626,400,6.533201459593776e-5,train_fit_end_to_end
Quinn Bailey,Blocker,0.029964687422357215,0.024981420998699315,0,0.008177911577758865,0.029977427228368096,0.041906835428470526,0.08879241758448896,1005.229406011076,4.339689695449307,400,6.533201459593776e-5,train_fit_end_to_end
Kenny Clark,Rusher,0.029761183911055776,0.16688657674801702,-0.23608908924827746,-0.10159689369832169,0.006320173477034372,0.14631098032266354,0.3804063613749486,1005.1940538302736,28.990831622279366,400,6.533201459593776e-5,train_fit_end_to_end
"David Long, Jr.",Rusher,0.028781103685051913,0.038008134627564055,-0.040776989364006457,0.003330116985071319,0.027072286649292357,0.052800968301060236,0.1116322575264198,1005.0237964566832,6.6021704691571905,400,6.533201459593776e-5,train_fit_end_to_end
Brandon Brooks,Blocker,0.028204494324910998,0.023189855282401528,0,0.005619656581710106,0.03221021326125461,0.04403660856641576,0.08090435779847918,1004.923629151354,4.028013465031231,400,6.533201459593776e-5,train_fit_end_to_end
Neville Gallimore,Rusher,0.028073566779363953,0.07474867664408519,-0.0981127824871122,-0.028245368984457724,0.02131583485971448,0.07836833164059824,0.1774092509155477,1004.9008847071299,12.984808776589606,400,6.533201459593776e-5,train_fit_end_to_end
Rodney Hudson,Blocker,0.027358627982624634,0.11850396505588871,-0.2128353823529817,-0.05902885515709514,0.03235094309231847,0.10863719683378661,0.26322094777103755,1004.7766871174009,20.587497691524835,400,6.533201459593776e-5,train_fit_end_to_end
Andrew Norwell,Blocker,0.026982396690088048,0.12167736970685816,-0.2316673220852472,-0.05352257619432346,0.028243251443387952,0.11987501993781187,0.23524089487435282,1004.7113290476938,21.137221747956406,400,6.533201459593776e-5,train_fit_end_to_end
Jack Driscoll,Blocker,0.02651911498602793,0.05459082942941637,-0.0868589568630657,-0.007147766788258507,0.027438825746651727,0.06137156843534813,0.1257316755897873,1004.6308487726377,9.482880510444843,400,6.533201459593776e-5,train_fit_end_to_end
Jason Spriggs,Blocker,0.026234739439245557,0.030812338046902938,-0.031402762847716634,0.003616624212457117,0.030903990134770347,0.045676213180259176,0.08727962710626172,1004.5814476803354,5.352713568356063,400,6.533201459593776e-5,train_fit_end_to_end
Lucas Niang,Blocker,0.026153719400151213,0.07459300631611994,-0.11944950607657213,-0.029604772345350944,0.031012498457966126,0.07721016185173066,0.15588730132895218,1004.5673730579745,12.959259103069773,400,6.533201459593776e-5,train_fit_end_to_end
Ryan Ramczyk,Blocker,0.025737928627472106,0.06108311905205252,-0.102544626952095,-0.013029397106859453,0.025611872285954643,0.06817265682813625,0.14303904460419659,1004.4951428026942,10.61009247701003,400,6.533201459593776e-5,train_fit_end_to_end
Coleman Shelton,Blocker,0.025496639817453783,0.07200536287502865,-0.13174947400447723,-0.018126540202513898,0.029562906458236202,0.07871661315423949,0.15361129772289978,1004.4532266431997,12.507303045669515,400,6.533201459593776e-5,train_fit_end_to_end
Danny Isidora,Blocker,0.025282843305560257,0.01649184361692123,0,0.012280493690057664,0.02471347845859101,0.03599619975864577,0.05980755206042506,1004.4160863850535,2.8645037534914235,400,6.533201459593776e-5,train_fit_end_to_end
John Cominsky,Rusher,0.024966036903371232,0.03080314027676958,-0.02956770947126845,0,0.021963098120814747,0.045361771265034476,0.08663388846848233,1004.3610514761326,5.351679628434438,400,6.533201459593776e-5,train_fit_end_to_end
Drew Dalman,Blocker,0.02490734228723871,0.019651376277889113,-0.004230891389710911,0.00968392548301629,0.02251186449824963,0.037184247424843365,0.06845586147081369,1004.3508551769711,3.414172138663927,400,6.533201459593776e-5,train_fit_end_to_end
Derrick Brown,Rusher,0.024497979684340934,0.12409236067484969,-0.18258623389209172,-0.07262940755946883,0.01882843574038065,0.1058847605826216,0.291819374598476,1004.2797416091566,21.55708440582939,400,6.533201459593776e-5,train_fit_end_to_end
Justin Britt,Blocker,0.0243043175094634,0.10688272349324766,-0.18875921848096033,-0.046371506971567236,0.024482893365996693,0.11714210653998995,0.21031467248023655,1004.2460990435956,18.567926800892227,400,6.533201459593776e-5,train_fit_end_to_end
Joe Jackson,Rusher,0.023910071674853574,0.08476477065891433,-0.10438569449554318,-0.04671734308892357,0.019944823790041408,0.07749345337884433,0.2072732228859927,1004.1776115274018,14.72480180429736,400,6.533201459593776e-5,train_fit_end_to_end
Austin Calitro,Rusher,0.023657929873623834,0.026250950300602666,0,0,0.03028621580468959,0.03356294187270305,0.08892007224893715,1004.1338100102294,4.5608835116771616,400,6.533201459593776e-5,train_fit_end_to_end
Cody Ford,Blocker,0.023380107474707656,0.1011919105377732,-0.17786717960694506,-0.04782279694230057,0.03653707944204605,0.09400848102580214,0.20526755083251808,1004.08554731631,17.579162953340127,400,6.533201459593776e-5,train_fit_end_to_end
Michael Dogbe,Rusher,0.023269438723318686,0.15642344566635644,-0.19353814532673003,-0.1095975265300114,0.015189879507232135,0.122315609757877,0.35219370515240334,1004.066322185091,27.173479276786267,400,6.533201459593776e-5,train_fit_end_to_end
Jordyn Brooks,Rusher,0.02310463207896911,0.08153056110404051,-0.10779176454265972,-0.03956896784815485,0.0199871633242905,0.069881185006379,0.20570433487310044,1004.0376923386023,14.162514332756485,400,6.533201459593776e-5,train_fit_end_to_end
Dean Lowry,Rusher,0.022847783008740047,0.16100105912745,-0.27268620494254386,-0.09776339468139732,0.01944146743902272,0.1271148171292631,0.34219861611155744,1003.9930730850492,27.969189989881876,400,6.533201459593776e-5,train_fit_end_to_end
Micah Kiser,Rusher,0.02235368730705985,0.02990848492614995,-0.01922179750415283,-1.5894174500125612e-4,0.015992337780453947,0.04207332347464831,0.08789819791981655,1003.9072398703405,5.1963007889437405,400,6.533201459593776e-5,train_fit_end_to_end
Kc Mcdermott,Blocker,0.02202197350735071,0.019908124408787524,-0.0013950331867611226,0.006131259177088268,0.018936785221848697,0.03394886638953347,0.06690807099076922,1003.8496152812266,3.4584157472834405,400,6.533201459593776e-5,train_fit_end_to_end
Roy Robertson-Harris,Rusher,0.021847120586255566,0.10317577554678717,-0.15469248236767813,-0.04688893772256291,0.0160231243508061,0.08946705714066236,0.23679816033573747,1003.8192402177161,17.923658657565436,400,6.533201459593776e-5,train_fit_end_to_end
Joe Noteboom,Blocker,0.02128481938387708,0.030853563685576627,-0.03783868473343257,0,0.021226874428827668,0.04118718676735829,0.0811910063493168,1003.7215584939719,5.359747719193755,400,6.533201459593776e-5,train_fit_end_to_end
Jarran Reed,Rusher,0.02116670076201103,0.14701098731107345,-0.2415866029186787,-0.08484982891194305,0.012699824708752775,0.11828728511033795,0.33295767088978967,1003.7010391876973,25.53850651099172,400,6.533201459593776e-5,train_fit_end_to_end
Genard Avery,Rusher,0.020959049281149493,0.07674979064052667,-0.0894683326126664,-0.039691860478511434,0.014060543258274667,0.06769664948426225,0.20236198391109092,1003.6649664307785,13.332367123846248,400,6.533201459593776e-5,train_fit_end_to_end
Alexander Johnson,Rusher,0.020676045401343494,0.08866184851967211,-0.10790769686393248,-0.05580079070770038,0.00923436472414791,0.07987338589531884,0.21145294693038394,1003.6158036214356,15.402417460120786,400,6.533201459593776e-5,train_fit_end_to_end
Andre Smith,Blocker,0.02054540753792324,0.02235708539617329,0,0,0.020030003062750518,0.029974732776283174,0.07630936132309814,1003.5931095001512,3.883511624630872,400,6.533201459593776e-5,train_fit_end_to_end
Ola Adeniyi,Rusher,0.020331374273672657,0.0701582976540516,-0.10648562776914482,-0.029970615358232994,0.019010007756184978,0.06876890897893351,0.15989443882940654,1003.5559281139081,12.18758821081419,400,6.533201459593776e-5,train_fit_end_to_end
Mike Remmers,Blocker,0.020062280719602286,0.08352008709916116,-0.1255286645269387,-0.05795147465128776,0.012461873613215886,0.0965519678322578,0.17202027584418217,1003.5091817756487,14.508530970723815,400,6.533201459593776e-5,train_fit_end_to_end
Jeremiah Owusu-Koramoah,Rusher,0.01980954493675576,0.034689827500532434,-0.04610125106794124,-0.0024811925801015954,0.019607883934329336,0.04261184684549257,0.08786481916281244,1003.4652770733009,6.026242767790314,400,6.533201459593776e-5,train_fit_end_to_end
Jermaine Eluemunor,Blocker,0.017689341667392302,0.08337539401876556,-0.14722806185343934,-0.04016276003212616,0.016895732445698686,0.07926563403599488,0.167329545368702,1003.0969600411418,14.483347671105031,400,6.533201459593776e-5,train_fit_end_to_end
Bryan Bulaga,Blocker,0.017544756534877432,0.02282558857294101,0,0,0.011541165125051827,0.022183229535757354,0.07647157857897825,1003.0718430310551,3.9646773892413196,400,6.533201459593776e-5,train_fit_end_to_end
Will Bradley-King,Rusher,0.017224014563792567,0.04712039962178809,-0.07311176064371255,-0.01382528863086156,0.01852232101581107,0.051271100117732976,0.10028388376694743,1003.0161244437924,8.18562995079155,400,6.533201459593776e-5,train_fit_end_to_end
Troy Reeder,Rusher,0.016835104539603078,0.07293025942148279,-0.09042347429061587,-0.037267379206887545,0.008802923685422681,0.059260386689659675,0.1958873180465359,1002.9485638528074,12.669108499588127,400,6.533201459593776e-5,train_fit_end_to_end
Derrick Kelly,Blocker,0.016525712711284408,0.017125236819504886,0,0,0.020389628716870414,0.026796167729987903,0.052508045519117266,1002.8948169872936,2.9751073519079343,400,6.533201459593776e-5,train_fit_end_to_end
Joseph Noteboom,Blocker,0.016482396844223896,0.0627918955425411,-0.10158143973142292,-0.023666747862691347,0.009595332293153368,0.06368901719598709,0.13509313641180323,1002.8872922504762,10.906553830709631,400,6.533201459593776e-5,train_fit_end_to_end
Andrew Dowell,Rusher,0.015428532706473203,0.015788232311571924,-0.0019488002023167262,0,0.01824333917633084,0.024859646000290468,0.049051502740793264,1002.7042172985958,2.7429944465744986,400,6.533201459593776e-5,train_fit_end_to_end
Tyron Smith,Blocker,0.015210633149733687,0.08520870980106389,-0.13808166027951382,-0.04714801495268521,0.01111901798853416,0.07413743258316238,0.19252279511010573,1002.6663642685554,14.802741579775299,400,6.533201459593776e-5,train_fit_end_to_end
Sean Harlow,Blocker,0.015000752379216775,0.08142469172867134,-0.14478380504350066,-0.03442344313850343,0.013465049233342625,0.07703930626248956,0.16425899192128368,1002.6299042443582,14.145208557588665,400,6.533201459593776e-5,train_fit_end_to_end
Fred Johnson,Blocker,0.014798126742498014,0.0329006280588922,-0.037822020893043866,-0.008596721973391674,0.01226837251734992,0.03897226290178968,0.08072450319921652,1002.5947045659906,5.7158270292400575,400,6.533201459593776e-5,train_fit_end_to_end
Sam Tecklenburg,Blocker,0.0145927489201822,0.015485149970298517,-0.011819133814960896,0.0018014755514972162,0.013140983395450348,0.024169036010833738,0.05089920840890649,1002.5590267840157,2.689785086170983,400,6.533201459593776e-5,train_fit_end_to_end
Jake Hanson,Blocker,0.014576296503753545,0.016729561211614268,0,0,0.017318245485309944,0.021248266063783657,0.0520416974827738,1002.5561687065481,2.9065196151288055,400,6.533201459593776e-5,train_fit_end_to_end
Khaleke Hudson,Rusher,0.014501363806012253,0.009464359886394666,0,0.009073681442353996,0.01568037657001805,0.021065773066638243,0.03281510597490247,1002.5431515636909,1.6437566225515317,400,6.533201459593776e-5,train_fit_end_to_end
Blake Lynch,Rusher,0.014430758258078456,0.08436258776295393,-0.11322944619082874,-0.05639763837950964,0.013338626624583304,0.05493412354594478,0.21350207423615408,1002.5308861237471,14.65501304360133,400,6.533201459593776e-5,train_fit_end_to_end
Aaron Banks,Blocker,0.014296294254059146,0.014593132914809235,0,0,0.016878360711687638,0.01853158739792294,0.04764544780048045,1002.507527333763,2.534589323878661,400,6.533201459593776e-5,train_fit_end_to_end
Demario Davis,Rusher,0.014255030575529886,0.14694568717460646,-0.1902580184846823,-0.09943137886589382,-0.0028123508025643708,0.08516359200340026,0.3560196688384319,1002.5003590986078,25.5272641806958,400,6.533201459593776e-5,train_fit_end_to_end
Kyle Murphy,Blocker,0.013728009250615321,0.015208188702879322,0,0,0.017524946187951765,0.020928963195564525,0.04935185791985927,1002.4088061173054,2.642182429256945,400,6.533201459593776e-5,train_fit_end_to_end
Jack Conklin,Blocker,0.013346392343131671,0.07594642534522522,-0.1343193821300406,-0.04340235684960103,0.012679742436367925,0.06421174635607066,0.16503498917276835,1002.342512470457,13.193887450761697,400,6.533201459593776e-5,train_fit_end_to_end
Tyler Biadasz,Blocker,0.013330117887074045,0.16633006035495437,-0.3176424217386815,-0.11015677427940748,0.014048469532464164,0.1335151359965125,0.332927582636383,1002.3396853078723,28.895566868066602,400,6.533201459593776e-5,train_fit_end_to_end
Tyrel Dodson,Rusher,0.013020558464242925,0.03291945948164411,-0.043348122506597926,-0.015568438678534424,0.01162900263153841,0.0418265606805325,0.06698342846833065,1002.2859093282095,5.719638405657656,400,6.533201459593776e-5,train_fit_end_to_end
Jon Feliciano,Blocker,0.012706303861072599,0.09897610049625727,-0.18238300774824334,-0.05948857643251081,0.022353076187378904,0.09441779512520956,0.18025213260256298,1002.2313177121817,17.19347512498473,400,6.533201459593776e-5,train_fit_end_to_end
Trystan Colon,Blocker,0.012563969025347827,0.05258016821614584,-0.07296130492829479,-0.030961059498509646,0.013434794581363409,0.05130888037237578,0.10993062187761779,1002.2065916186866,9.134451480674903,400,6.533201459593776e-5,train_fit_end_to_end
Josh Woods,Rusher,0.01232037039385421,0.02050261200959475,-0.021871954951537646,-6.579611460668443e-4,0.010330096501782196,0.026515730706785912,0.05787478478755745,1002.1642742021038,3.5615038436071402,400,6.533201459593776e-5,train_fit_end_to_end
Noah Dawkins,Rusher,0.012314177205747515,0.01270322210722966,0,0,0.014782300810418515,0.015673971470725925,0.04110656126996253,1002.1631983351358,2.2064056583416756,400,6.533201459593776e-5,train_fit_end_to_end
Austin Schlottmann,Blocker,0.012246903123072887,0.019662560862560102,-0.018889648903062963,0,0.017874822104079917,0.025421940926582766,0.049155816950378704,1002.1515116299835,3.4158093317108094,400,6.533201459593776e-5,train_fit_end_to_end
Patrick Johnson,Rusher,0.011928581577979505,0.03239418064877156,-0.02711244659895607,-0.014149349317681054,0.0017888623357418597,0.029335670127477665,0.08976479814483543,1002.0962135137815,5.628048956385538,400,6.533201459593776e-5,train_fit_end_to_end
Jermaine Johnson II,Rusher,0.011817855836295174,0.011972874355676313,0,0,0.013622087570399418,0.014842005073616812,0.038506172861013314,1002.0769784823343,2.0798784762030134,400,6.533201459593776e-5,train_fit_end_to_end
Takkarist Mckinley,Rusher,0.011791986090073207,0.08254870040851599,-0.12595112309871032,-0.048106715574032344,0.008535629336175153,0.06434422484587789,0.17825828558524048,1002.0724844471213,14.34039473679699,400,6.533201459593776e-5,train_fit_end_to_end
Jack Anderson,Blocker,0.01166356326886869,0.03487251055816774,-0.04159697837844489,0,0.009776520844388917,0.024372669306368316,0.09401202569777385,1002.0501751180815,6.058216338124471,400,6.533201459593776e-5,train_fit_end_to_end
Jamil Douglas,Blocker,0.011140743426769415,0.012470267650781793,0,0,0.01448630357854223,0.01699785220608122,0.03926346508293468,1001.9593520091001,2.1650289616048113,400,6.533201459593776e-5,train_fit_end_to_end
Garret Wallow,Rusher,0.01110727980108852,0.015290086201947578,-0.019542788103147725,0,0.011850666496513541,0.023164018697441613,0.036592319257353956,1001.9535387819091,2.6559344862633014,400,6.533201459593776e-5,train_fit_end_to_end
Kyle Van Noy,Rusher,0.010907253417025314,0.09148102210517398,-0.13445631360817165,-0.0608680241531431,0.0029699170616839486,0.07130434654041316,0.20205281670208788,1001.9187906399756,15.892550054136406,400,6.533201459593776e-5,train_fit_end_to_end
Deonte Brown,Blocker,0.010890867166874043,0.029341539131121943,-0.04453480848214675,-0.015870129771305006,0.0050632052585865145,0.031607633082736245,0.06801853055311977,1001.9159440567677,5.0967057912111535,400,6.533201459593776e-5,train_fit_end_to_end
Cameron Fleming,Blocker,0.010742097793512317,0.06428155741347695,-0.11242564673590612,-0.03260302367925748,0.014590358380887817,0.05406919945122711,0.12723372584079728,1001.8901001695968,11.166563502278159,400,6.533201459593776e-5,train_fit_end_to_end
Rashaad Coward,Blocker,0.01039712044812571,0.011473384512441103,0,0,0.01236995925902031,0.01422203477065326,0.037880054259993294,1001.8301714666036,1.9927003552014835,400,6.533201459593776e-5,train_fit_end_to_end
Denzelle Good,Blocker,0.009986641218964124,0.01216837938168469,0,0,0.007760586360750179,0.015971030556671203,0.039563190034394694,1001.7588639209392,2.1138462993268132,400,6.533201459593776e-5,train_fit_end_to_end
Lester Cotton Sr.,Blocker,0.009854911841841573,0.01139406134097488,0,0,0.011059625748162775,0.014017436086790642,0.037034354200248545,1001.7359801843037,1.980152639688082,400,6.533201459593776e-5,train_fit_end_to_end
Hardy Nickerson,Rusher,0.009803057167246013,0.010144695189986494,0,0,0.01219100588762951,0.014110785833905803,0.032753608023202166,1001.7269721046886,1.7617145552166624,400,6.533201459593776e-5,train_fit_end_to_end
Shane Lemieux,Blocker,0.0096993043059773,0.011857314161543198,0,0,0.007746466558453004,0.01487623351617695,0.038009077918987104,1001.7089483866364,2.0602562196203507,400,6.533201459593776e-5,train_fit_end_to_end
Trey Flowers,Rusher,0.009393722790490243,0.08382052495133518,-0.14157632025678085,-0.048126283649510895,0.004436478078838169,0.06566147821536042,0.17323008727913236,1001.6558634402573,14.561299789789956,400,6.533201459593776e-5,train_fit_end_to_end
Keaton Sutherland,Blocker,0.008886312774011534,0.010411119409250089,0,0,0.0077304632060889635,0.014288673163032322,0.0357354242854474,1001.5677172921696,1.8092856099863095,400,6.533201459593776e-5,train_fit_end_to_end
Jaryd Jones-Smith,Blocker,0.008812176277351107,0.00905574497973645,0,0,0.010922567667510551,0.012401971446092376,0.029641497238833255,1001.5548384636068,1.5720763429046498,400,6.533201459593776e-5,train_fit_end_to_end
Tershawn Wharton,Rusher,0.00874073710096645,0.11070212953360872,-0.2111098807767823,-0.0598698496626383,0.009327685915660336,0.08098060258712017,0.22901814799584402,1001.5424282075685,19.23184349603683,400,6.533201459593776e-5,train_fit_end_to_end
Benning Potoa'E,Rusher,0.008691544597564944,0.00888892646357253,0,0,0.009876705117195107,0.01611568979068353,0.025656584142902804,1001.5338825944572,1.5430194101569341,400,6.533201459593776e-5,train_fit_end_to_end
Chapelle Russell,Rusher,0.008413750656574345,0.015591257928184658,-0.02045160394681879,-0.002598176876485182,0.008913826657107403,0.01795273819046496,0.04196077822907916,1001.4856248441858,2.708243557223498,400,6.533201459593776e-5,train_fit_end_to_end
Jake Brendel,Blocker,0.008247871355143679,0.006530202358408373,0,0.0036916318076770857,0.007306685013904805,0.01235414321785017,0.02352971502411545,1001.4568086580765,1.1337431648831044,400,6.533201459593776e-5,train_fit_end_to_end
David Bakhtiari,Blocker,0.00802437796293485,0.011581766790181762,0,0,0.002962399376733359,0.011102014919686355,0.03843822507685131,1001.4179838792853,2.012252937776994,400,6.533201459593776e-5,train_fit_end_to_end
Jay Tufele,Rusher,0.007913759168449884,0.025563561843397763,-0.045141250749805836,-0.008645240902796412,0.007855272652788715,0.02894397703648631,0.04972150109292154,1001.3987674264695,4.442007066429204,400,6.533201459593776e-5,train_fit_end_to_end
Maurice Hurst,Rusher,0.00788005766333698,0.01854275806472548,-0.03407941577776655,-8.979389520795793e-4,0.010965085735450592,0.02142615305256358,0.03568960424138428,1001.3929128753884,3.2218497914069175,400,6.533201459593776e-5,train_fit_end_to_end
Blake Brandel,Blocker,0.0072252018706586586,0.03256293413027509,-0.05461167396420625,-0.014383180158592879,0.005323882041453628,0.030431702611951657,0.07322659454663437,1001.2791527725075,5.657202489767185,400,6.533201459593776e-5,train_fit_end_to_end
Scott Daly,Blocker,0.007057058584761966,0.007608209779164538,0,0,0.008919300580829872,0.01074149578464875,0.021617427006506932,1001.2499432920139,1.3213833392316556,400,6.533201459593776e-5,train_fit_end_to_end
Chase Young,Rusher,0.007031136473623468,0.08578487593964416,-0.1402776423294011,-0.049977094220438466,0.0040797070108036185,0.06435511814210046,0.16829808670620924,1001.2454401600831,14.902459168482187,400,6.533201459593776e-5,train_fit_end_to_end
Vita Vea,Rusher,0.006886076702521217,0.06905089546494167,-0.12364504032969371,-0.042982459320271935,0.00665924932761186,0.05111273658883432,0.14663725759106436,1001.2202406968288,11.996451300624694,400,6.533201459593776e-5,train_fit_end_to_end
Jonathan Bostic,Rusher,0.006593328387831089,0.013960986932167276,-0.024986650384082598,-8.612085412376888e-4,0.008157522389645611,0.015881620700564057,0.029738843291279723,1001.1693851057662,2.425308548872575,400,6.533201459593776e-5,train_fit_end_to_end
Calvin Munson,Rusher,0.006435769982500336,0.005629010942907216,0,0.002499104326564845,0.005473045884457398,0.00904161309369198,0.01915611363731686,1001.1420144073612,0.9775584883685114,400,6.533201459593776e-5,train_fit_end_to_end
David Steinmetz,Blocker,0.006294342859421695,0.006716904369714979,0,0,0.007662236101269405,0.008751080669449171,0.02293470695979623,1001.1174459997034,1.167554562892887,400,6.533201459593776e-5,train_fit_end_to_end
Dalton Risner,Blocker,0.006093652957424656,0.10922777366193587,-0.21058830034894466,-0.06404428330305251,0.014512475159746881,0.08694033794579163,0.2009401257695271,1001.082582592899,18.974796019770515,400,6.533201459593776e-5,train_fit_end_to_end
Cameron Tom,Blocker,0.0060719886319329005,0.006749367871042697,0,0,0.0071937847074602405,0.00850086684979977,0.022734326460902565,1001.0788191140929,1.1720304382128734,400,6.533201459593776e-5,train_fit_end_to_end
Sharif Finch,Rusher,0.006050788385791799,0.019165948369487016,-0.027213237577782195,-0.00463570561140378,0.00310734090681186,0.02252456987327281,0.03468806424854469,1001.0751362541273,3.330007074892654,400,6.533201459593776e-5,train_fit_end_to_end
Vince Biegel,Rusher,0.0059008860518554515,0.017029652191536338,-0.022933297597896925,-0.007454206049861543,0,0.017447990728157173,0.03884802289566404,1001.0490955515461,2.9588599437460985,400,6.533201459593776e-5,train_fit_end_to_end
Dawuane Smoot,Rusher,0.005768941967078647,0.09621157604319362,-0.15649656095657555,-0.06615584536084645,-0.0017931363603475997,0.07625174704798429,0.18503152483777197,1001.0261745163707,16.71337751144065,400,6.533201459593776e-5,train_fit_end_to_end
Joshua Miles,Blocker,0.005029158356906849,0.01920459790307569,-0.03418168293228559,-0.007530040367345584,0.004825594344570763,0.014174256214209119,0.041160470972310376,1000.8976609404907,3.3361588139631406,400,6.533201459593776e-5,train_fit_end_to_end
Dorian O'Daniel,Rusher,0.004863147715804641,0.00632196225879102,-0.005465229611527124,0,0.005386823494035338,0.008730196925477579,0.01771929323564523,1000.8688219383436,1.0978645614611187,400,6.533201459593776e-5,train_fit_end_to_end
Damion Square,Rusher,0.004653557038128069,0.10235058268197518,-0.16842388119742463,-0.07438376079365469,0.00128083947210237,0.07355717737746956,0.2265649406136438,1000.8324123084342,17.779898172299376,400,6.533201459593776e-5,train_fit_end_to_end
Calvin Throckmorton,Blocker,0.004650796101492842,0.08359014951145748,-0.1585820751532186,-0.05135317989031992,0.003599405113116995,0.060868011025227736,0.1508450815923138,1000.831932684616,14.52045728459784,400,6.533201459593776e-5,train_fit_end_to_end
Christian Elliss,Rusher,0.0042704726187703075,0.004600571694239205,0,0,0.004486304888574431,0.006672347407682954,0.01407952303495753,1000.7658637286621,0.7998163922381915,400,6.533201459593776e-5,train_fit_end_to_end
Daniel Archibong,Rusher,0.0039047869787773803,0.009460115429154278,-0.011937318097305862,-0.0036301805292884943,0.0013848117169429188,0.01247910040739851,0.020384449046794834,1000.7023376264381,1.6436799412707077,400,6.533201459593776e-5,train_fit_end_to_end
La'Darius Hamilton,Rusher,0.0038982524360846,0.003940371521044578,0,0,0.00404015763662032,0.006873464391505598,0.011758520473584163,1000.7012024601048,0.684832544431882,400,6.533201459593776e-5,train_fit_end_to_end
Aaron Patrick,Rusher,0.0031340647037416177,0.025416862865708805,-0.03675321041495693,-0.014028707892081457,-1.3898377732605126e-4,0.015733408142359726,0.06444336285185819,1000.5684494539869,4.415009426401884,400,6.533201459593776e-5,train_fit_end_to_end
K'Lavon Chaisson,Rusher,0.0030221852000381242,0.08454800847710683,-0.11670408122511647,-0.06686582956996935,-0.011756444154844743,0.054430497481592385,0.18339871531748303,1000.5490139935483,14.687207346768307,400,6.533201459593776e-5,train_fit_end_to_end
Austin Faoliu,Rusher,0.0029709387986752225,0.0068395508999623475,-0.006579547740462766,0,0,0.004928166400378074,0.021682492152419366,1000.5401115818165,1.1885500085248002,400,6.533201459593776e-5,train_fit_end_to_end
Nick Kwiatkoski,Rusher,0.002768738282660014,0.009389580112856668,-0.013460107757397448,-0.005628103681854636,8.402488060545131e-4,0.01053566186291376,0.020241829708367343,1000.5049857544792,1.6311127510978625,400,6.533201459593776e-5,train_fit_end_to_end
Anthony Walker Jr.,Rusher,0.0027639776384059335,0.07501817872482346,-0.09979491045231012,-0.05921925127769563,-0.0054877767678326635,0.04720023611865378,0.16784500580735562,1000.5041587458672,13.032574938417522,400,6.533201459593776e-5,train_fit_end_to_end
Jacoby Stevens,Rusher,0.0027372655741635327,0.0035990028913361538,-0.002167913886996859,0,8.465448493840616e-4,0.006124856510115762,0.00915964387068063,1000.4995183850269,0.6257370368707039,400,6.533201459593776e-5,train_fit_end_to_end
Corey Levin,Blocker,0.0025019851560734293,0.03219567246001154,-0.07148056881998655,-0.014519919993975111,0.005670821383803944,0.024560452783060772,0.05406303501871372,1000.4586459901165,5.591963716329941,400,6.533201459593776e-5,train_fit_end_to_end
Chauncey Rivers,Rusher,0.0023532536540479695,0.023490323302138315,-0.040016970247985055,-0.01695549712881836,0.003809239357769989,0.017369682894047802,0.052082756060682224,1000.4328086818705,4.08059615562429,400,6.533201459593776e-5,train_fit_end_to_end
Vernon Butler,Rusher,0.0022510719723892285,0.11712739129131147,-0.1850834685063578,-0.08963687205132304,-0.0029252173085967045,0.07565440241117224,0.24707350390818492,1000.415057905672,20.346861211703395,400,6.533201459593776e-5,train_fit_end_to_end
Billy Turner,Blocker,0.0022142871349987185,0.09435262337497667,-0.16493407791348122,-0.07071626534704162,0.004721023761735924,0.07427735889097067,0.18940337267706833,1000.4086677249135,16.39099158322019,400,6.533201459593776e-5,train_fit_end_to_end
Jordan Evans,Rusher,0.0019628443955820897,0.01836521352256885,-0.031469467579679805,-0.012180679574603013,2.3167756507594135e-4,0.01597411161517755,0.039730297822608035,1000.3649876472163,3.1896518854130296,400,6.533201459593776e-5,train_fit_end_to_end
Matt Pryor,Blocker,0.00194187825482112,0.09299569311321454,-0.18461950101310812,-0.060913983239803564,3.0920388889563166e-5,0.06908892472965075,0.18508293843764806,1000.3613454555204,16.15520339115581,400,6.533201459593776e-5,train_fit_end_to_end
Kevin Minter,Rusher,0.0018787782776034721,0.01963081871841471,-0.03569219119921031,-0.011536878553387961,0.0011074309041373613,0.01392102574735788,0.041666461046510485,1000.350383866755,3.410340880585428,400,6.533201459593776e-5,train_fit_end_to_end
Zach Banner,Blocker,0.0017537718774673487,0.01664263136983194,-0.033088943110766836,-0.007572244106400449,0.0015592190421432732,0.014424416309871756,0.03253412435483303,1000.3286680308423,2.8915829630855874,400,6.533201459593776e-5,train_fit_end_to_end
Darryl Johnson,Rusher,0.0017066737261244467,0.020371081094713583,-0.04464401687587775,-0.011221254726138101,0.003566901138741021,0.017603337533323514,0.03315601679369944,1000.3204862439478,3.5390141502905115,400,6.533201459593776e-5,train_fit_end_to_end
Abdullah Anderson,Rusher,0.0016713526841072586,0.024558218094742536,-0.0496260419391252,-0.013407602580873897,0.0019761886496048146,0.019041018843299,0.04466514884903752,1000.3143503504906,4.266833096018538,400,6.533201459593776e-5,train_fit_end_to_end
Joshua Kaindoh,Rusher,0.0016043970087827192,0.018766544437496337,-0.03152127490987834,-0.010275836026279385,0,0.013610042741481199,0.03974542556192898,1000.3027189583604,3.2591285597584374,400,6.533201459593776e-5,train_fit_end_to_end
Harvey Langi,Rusher,0.0014812229818939786,0.0017434038482223144,0,0,0.0010283517624173405,0.002513861069488731,0.0057699135251942394,1000.2813214382837,0.3027899070623668,400,6.533201459593776e-5,train_fit_end_to_end
Dylan Cole,Rusher,0.0013556414764691344,0.03906177415974655,-0.0726744012115825,-0.026259819511807312,0.0015975545397654712,0.029669538624304263,0.07387179825235062,1000.2595056963497,6.7856736094325,400,6.533201459593776e-5,train_fit_end_to_end
Julian Stanford,Rusher,0.001130665449963113,0.01673456640715636,-0.032156202215404044,-0.011623002243230238,0.001241773157311529,0.014464999794379773,0.03037462246859068,1000.2204233576009,2.9075168357242274,400,6.533201459593776e-5,train_fit_end_to_end
Montravius Adams,Rusher,0.001084867512037014,0.14306387487739333,-0.20659213476142452,-0.1109933032606409,-0.020544704901832106,0.09288241112806322,0.33233772336933526,1000.2124674409113,24.852318699282673,400,6.533201459593776e-5,train_fit_end_to_end
Nate Solder,Blocker,9.712510884462887e-4,0.10195746095922754,-0.19899052954837237,-0.06533953433575623,-0.0013242078864194144,0.0750626366997604,0.19411473203730648,1000.1927302465837,17.711315468267983,400,6.533201459593776e-5,train_fit_end_to_end
Jerry Hughes,Rusher,8.235217396639219e-4,0.11428348734077724,-0.20775410354902302,-0.07898651058397443,-0.00860451822420584,0.07047284918082743,0.26257053639139993,1000.1670670301871,19.85300309209422,400,6.533201459593776e-5,train_fit_end_to_end
Will Hernandez,Blocker,7.902977133272608e-4,0.095170077747381,-0.18005029603772355,-0.06016202296926551,-0.003912851242989509,0.061085023385229864,0.18215623425371724,1000.1612954256653,16.533091533945115,400,6.533201459593776e-5,train_fit_end_to_end
Breiden Fehoko,Rusher,7.824493556736498e-4,0.04955115155427271,-0.08758608573784366,-0.03424685664940963,-0.0031287263103227624,0.03307741046388733,0.10606426233299873,1000.1599320262969,8.607049415233156,400,6.533201459593776e-5,train_fit_end_to_end
Ty Summers,Rusher,7.334829787115903e-4,0.008845490333564125,-0.015291361423961581,-0.005913621323306894,0,0.007831869756913351,0.017149693189091396,1000.1514256953716,1.5372440008122692,400,6.533201459593776e-5,train_fit_end_to_end
Darius Leonard,Rusher,6.729068313724605e-4,0.042214941808050625,-0.07049272695835175,-0.033054541886311066,-6.034526129683471e-5,0.028942522678799085,0.08173084819356229,1000.1409025407618,7.332438638408381,400,6.533201459593776e-5,train_fit_end_to_end
Will Fries,Blocker,6.165877525298045e-4,0.005239092007806019,-0.006549828077745607,-0.0027724186298956764,0,0.002074573575265164,0.0158053221802735,1000.131118914695,0.910624157309866,400,6.533201459593776e-5,train_fit_end_to_end
Demarcus Walker,Rusher,4.477276024624704e-4,0.1266228647556443,-0.2068845256008857,-0.09608140226232538,-0.014662600138975178,0.08206381314075832,0.2989180453242053,1000.1017849021399,21.996881459043554,400,6.533201459593776e-5,train_fit_end_to_end
Nick Leverett,Blocker,2.0227682748969912e-4,0.007717098966499863,-0.01356307489885741,-0.005202176204349566,0,0.005967499428667141,0.01616390656686423,1000.05914573528,1.340223927582162,400,6.533201459593776e-5,train_fit_end_to_end
Gerald McCoy,Rusher,8.14254806376328e-5,0.00561101096280024,-0.013451797356523309,0,0,0.002603089609421982,0.008528384674757536,1000.0381517060526,0.974714660952633,400,6.533201459593776e-5,train_fit_end_to_end
Josey Jewell,Rusher,-3.876538877285201e-4,0.00838167933114487,-0.01695139280051886,-0.006088759869545805,0,0.006150888511127033,0.01678704082322153,999.9566642735502,1.4550377029597812,400,6.533201459593776e-5,train_fit_end_to_end
Stone Forsythe,Blocker,-6.52516052978577e-4,0.005356275925362435,-0.009823874047843118,-0.0028046160127491036,0,0,0.01624792554474107,999.9106530028171,0.930083828492426,400,6.533201459593776e-5,train_fit_end_to_end
Rashad Weaver,Rusher,-0.0018684711556764225,0.0027866661160572213,-0.008478351033838216,-0.0028736237838537094,-6.142517105088118e-4,0,4.2324384527705626e-5,999.6994199662795,0.48443542669004436,400,6.533201459593776e-5,train_fit_end_to_end
Justin Lawler,Rusher,-0.001896243622937137,0.02251410830663225,-0.04124170727169504,-0.01824778790254487,-9.91082316601688e-4,0.014663553641314955,0.04444928647476323,999.6945953945675,3.9110993605723072,400,6.533201459593776e-5,train_fit_end_to_end
Matt Farniok,Blocker,-0.0022016128888610316,0.014009275761003146,-0.033203183566047186,-0.01199984266750687,-2.2537659630954884e-5,0.008557089830336363,0.020571973828915822,999.641547319714,2.433068757029194,400,6.533201459593776e-5,train_fit_end_to_end
Kwity Paye,Rusher,-0.002266782631295303,0.13003010810722557,-0.22525130361241438,-0.09819622703706052,-0.012505689769560499,0.08245058190914646,0.2620988093223778,999.6302261759035,22.588312381605917,400,6.533201459593776e-5,train_fit_end_to_end
Attauyo Nsekhe,Blocker,-0.0022877448836496617,0.0050879450860375165,-0.012635490417374008,-0.00532830508382537,0,0,0.007308131648767317,999.6265846596932,0.8832834931368068,400,6.533201459593776e-5,train_fit_end_to_end
Ronald Blair,Rusher,-0.0023370092690225635,0.044282622378503105,-0.07997307153116934,-0.035291605084113206,-0.002531585228757946,0.026156465413972374,0.08417544219240529,999.6180265594045,7.692670435563734,400,6.533201459593776e-5,train_fit_end_to_end
Myron Cunningham,Blocker,-0.00238659234426385,0.005266603601186728,-0.012486518079294085,-0.005480050929442624,-0.0015330211143901049,0,0.00955661379460653,999.6094130970152,0.9145359443858738,400,6.533201459593776e-5,train_fit_end_to_end
Blake Martinez,Rusher,-0.00265778693121749,0.03522249270808268,-0.0632007338403533,-0.03281622246090942,0,0.030233757070482446,0.06494014796270783,999.5623017719608,6.11850774911772,400,6.533201459593776e-5,train_fit_end_to_end
Brandon Graham,Rusher,-0.002895761194424191,0.00902897992884284,-0.02241839383899496,-0.008053932324395361,-0.0010762200307811928,0.0010396822834152428,0.014163109703072307,999.5209614082225,1.568704013457386,400,6.533201459593776e-5,train_fit_end_to_end
Logan Stenberg,Blocker,-0.0030346098264960137,0.009523423837457691,-0.02099262547961241,-0.009755809600964444,-0.0023069196928604597,0.005514719889938243,0.014538281422180572,999.4968409303311,1.654857051977222,400,6.533201459593776e-5,train_fit_end_to_end
Andre James,Blocker,-0.0031610354997799552,0.1096713639170723,-0.23312222528412063,-0.06873211432990967,2.1089417211215059e-4,0.06408188170777415,0.21209265213404194,999.4748785414199,19.051797593121467,400,6.533201459593776e-5,train_fit_end_to_end
Ronnie Stanley,Blocker,-0.0033731631300901363,0.011985605735735358,-0.023219297206796757,-0.012604202618110452,0,0.005285204019043525,0.017472563228916646,999.4380281976987,2.081954036505327,400,6.533201459593776e-5,train_fit_end_to_end
Curtis Weaver,Rusher,-0.003968067835276361,0.004395909759222909,-0.013033973386799532,-0.0066997506792391545,-0.004060654401216309,0,0,999.3346826654105,0.7629365395728791,400,6.533201459593776e-5,train_fit_end_to_end
Raymond Johnson III,Rusher,-0.004118165181956418,0.10223422821229226,-0.14200662727858954,-0.08412308017919062,-0.012952925324198067,0.0494351757496842,0.2463955250458451,999.3086080856459,17.759536396929985,400,6.533201459593776e-5,train_fit_end_to_end
Braxton Hoyett,Rusher,-0.004367328423114731,0.006857536063980574,-0.02431104126974026,-0.006665927386137659,0,0,4.07955956152199e-4,999.2653239973546,1.1912143838788838,400,6.533201459593776e-5,train_fit_end_to_end
Anthony Levine Sr.,Rusher,-0.004508996989088333,0.006918223952926769,-0.018588955190684323,-0.009078078079177123,-0.0034103908800905405,0,0.005590645544223524,999.24071364677,1.202631074483442,400,6.533201459593776e-5,train_fit_end_to_end
DeAngelo Malone,Rusher,-0.004509477794228952,0.005126271931405197,-0.016887827008470767,-0.006577255311650155,-0.004825043221042605,0,0,999.2406301223623,0.8902925651207401,400,6.533201459593776e-5,train_fit_end_to_end
Jabril Cox,Rusher,-0.004579444312070035,0.004564389756525493,-0.014795570970452235,-0.006983919800181252,-0.0052162987387059465,0,0,999.2284756933157,0.7925900052213832,400,6.533201459593776e-5,train_fit_end_to_end
David Moa,Rusher,-0.0047006397064351295,0.030192118205474155,-0.05493556124594183,-0.029871790317546117,-0.00214543045624567,0.01374686893499915,0.0630815470167137,999.2074218969137,5.245372092722459,400,6.533201459593776e-5,train_fit_end_to_end
Andre Smith,Rusher,-0.004701870343791964,0.004884277540768034,-0.016501056349699544,-0.00632798901588915,-0.005781386203584406,0,0,999.2072081133084,0.8487295242389701,400,6.533201459593776e-5,train_fit_end_to_end
Samuel Eguavoen,Rusher,-0.004846771809401727,0.005572832992837321,-0.01942289410689481,-0.00683352168868708,-0.006360441159651191,0,0,999.1820361505348,0.9678335199217145,400,6.533201459593776e-5,train_fit_end_to_end
Jamin Davis,Rusher,-0.004927697309646483,0.08334421264748341,-0.123944378039351,-0.06798231606856792,-0.011134100118087893,0.03769060223289151,0.18862755834490294,999.1679779512542,14.477925081356213,400,6.533201459593776e-5,train_fit_end_to_end
Cole Toner,Blocker,-0.005035828843827344,0.021512056656219383,-0.0739399643124311,0,0,0.005502310763337785,0.014643459122277767,999.1491935798084,3.7380646787392364,400,6.533201459593776e-5,train_fit_end_to_end
Noah Spence,Rusher,-0.005070624826201959,0.01098701615464222,-0.03625962372088666,-0.009420243371865634,-6.682575925743735e-4,2.3768482698930055e-4,0.008901206536040223,999.1431488985534,1.9090258404428346,400,6.533201459593776e-5,train_fit_end_to_end
Daelin Hayes,Rusher,-0.005094390004943448,0.005374966798803079,-0.01788465223378272,-0.007392648909806004,-0.005215735652746031,0,0,999.1390204641577,0.9341393392745868,400,6.533201459593776e-5,train_fit_end_to_end
Ben Braden,Blocker,-0.005248102545309076,0.0054710553607812094,-0.016655540876702027,-0.007761520914921091,-0.006237470613202793,0,0,999.1123178609257,0.9503542082858918,400,6.533201459593776e-5,train_fit_end_to_end
Trent Scott,Blocker,-0.005250457172935831,0.07158222574976303,-0.15109972832229238,-0.048615437445792324,-0.0014525858639349055,0.04468996699324575,0.1159532284042147,999.1119088202116,12.43487367499827,400,6.533201459593776e-5,train_fit_end_to_end
Jon Toth,Blocker,-0.005263303170730033,0.005324752797576138,-0.015287403457403577,-0.009518840787124462,-0.0059388403759564785,0,0,999.109677241829,0.9254540378024837,400,6.533201459593776e-5,train_fit_end_to_end
Austin Blythe,Blocker,-0.005374785775994686,0.01816492889225772,-0.04210829738880548,-0.01667829444620073,-0.006062936868537523,0.006718028896656134,0.029087270971408445,999.0903107297112,3.1549198846731867,400,6.533201459593776e-5,train_fit_end_to_end
Tyrell Adams,Rusher,-0.005397585297529505,0.0063351029912113695,-0.02070621392226078,-0.008183389505687822,-0.00654124430080199,0,0,999.0863500471542,1.1008229666439275,400,6.533201459593776e-5,train_fit_end_to_end
Brian Winters,Blocker,-0.005439048938508479,0.009645775466359257,-0.025370816177888243,-0.011479914077716646,-0.005035787587306198,0,0.01576106551861631,999.0791470749634,1.6755723687372348,400,6.533201459593776e-5,train_fit_end_to_end
Pita Taumoepenu,Rusher,-0.005495304096586273,0.006200446742948884,-0.01718150694129656,-0.008579539169767867,-0.007156478250906243,0,0,999.0693745530707,1.0771335053243525,400,6.533201459593776e-5,train_fit_end_to_end
Kristian Welch,Rusher,-0.005593851046832502,0.025650064794799286,-0.049178625500716625,-0.02551641931621905,-0.009027331744872755,0.012506238530281693,0.050619155852463626,999.0522551943906,4.45635578234315,400,6.533201459593776e-5,train_fit_end_to_end
James Daniels,Blocker,-0.005708109514032806,0.19103441425807663,-0.4125688957740096,-0.1264245913970189,0.019080510888734806,0.14172551540127598,0.2984143107308624,999.0324064656643,33.186395524969406,400,6.533201459593776e-5,train_fit_end_to_end
Nate Orchard,Rusher,-0.005761032274191387,0.006185152503594985,-0.020300569990990957,-0.007982054854843018,-0.006956767436499734,0,0,999.0232128405827,1.0738833326382196,400,6.533201459593776e-5,train_fit_end_to_end
Marcus Allen,Rusher,-0.006316185882407518,0.01616631190556405,-0.03431173185234601,-0.018262134924039324,-0.009341728568783578,0.005538784417600638,0.027784560216918452,998.9267727811199,2.80830318308435,400,6.533201459593776e-5,train_fit_end_to_end
Reginald Mckenzie,Rusher,-0.006412692528389617,0.017348935396323897,-0.04260057747912466,-0.017701264322986104,-0.006990379860052953,0.002598906671509124,0.02704922887004635,998.9100078595931,3.0138660393159102,400,6.533201459593776e-5,train_fit_end_to_end
Chukwuma Okorafor,Blocker,-0.006490878314375585,0.12034436110008619,-0.239824086958232,-0.08969677587721794,-0.00306674708238823,0.07734079935455922,0.21211793550891245,998.8964255974263,20.906088356109837,400,6.533201459593776e-5,train_fit_end_to_end
Tanner Vallejo,Rusher,-0.006700317974097894,0.03632140431049972,-0.06948911604804457,-0.03361237940492729,-0.009203235904927647,0.015708523148817204,0.07276938984484724,998.8600422020227,6.309872319343256,400,6.533201459593776e-5,train_fit_end_to_end
Zack Baun,Rusher,-0.007377868619645744,0.028978031332070532,-0.05867800615917385,-0.025030767363675502,-0.010582341316799953,0.009441401602929726,0.053909642075507865,998.7423395993941,5.034473539641161,400,6.533201459593776e-5,train_fit_end_to_end
Darious Williams,Rusher,-0.007390120759711021,0.00803206772380575,-0.0257699095446476,-0.01026255639948774,-0.008967436570654533,0,0,998.7402111846653,1.3954848229683108,400,6.533201459593776e-5,train_fit_end_to_end
Jahlani Tavai,Rusher,-0.007582307049294144,0.034503977929059154,-0.058278368862824975,-0.03231814685981747,-0.012297755491830795,0.00983871743884986,0.08682759482111539,998.70682500664,5.994951730246156,400,6.533201459593776e-5,train_fit_end_to_end
Jashon Cornell,Rusher,-0.007832594787396025,0.00829259751137989,-0.02401923332478666,-0.013123889358707085,-0.009438406216270723,0,0,998.6633455732217,1.4410127445763479,400,6.533201459593776e-5,train_fit_end_to_end
Marcus Henry,Blocker,-0.007957357646694462,0.008832593976712435,-0.02546730975315387,-0.013697418997886072,-0.004173937922464927,0,0,998.6416720446858,1.534583923728777,400,6.533201459593776e-5,train_fit_end_to_end
Mike Danna,Rusher,-0.008193318545262087,0.09567691532762412,-0.1918831422977253,-0.07679618437595234,0.0012587940080893215,0.06265357824938955,0.15188915508923606,998.6006814382087,16.621075218060323,400,6.533201459593776e-5,train_fit_end_to_end
A.J. Cann,Blocker,-0.00827120801897385,0.03708992827637966,-0.07548810345602862,-0.03614238089027065,-0.003977919159007826,0.01842848379966797,0.06063563284217508,998.5871506507561,6.442371372408412,400,6.533201459593776e-5,train_fit_end_to_end
Benson Mayowa,Rusher,-0.008297617641774162,0.09832734896086957,-0.17113706974461926,-0.07322349286101024,-0.01887983164378455,0.05944121610260984,0.20064418064955683,998.5825628293755,17.08177675610918,400,6.533201459593776e-5,train_fit_end_to_end
Ali Marpet,Blocker,-0.008415297400991032,0.14049461085442722,-0.28581997903571893,-0.10194320535383875,0.0023872188997832236,0.11153960054124169,0.20529037347185114,998.5621197613517,24.405742972737208,400,6.533201459593776e-5,train_fit_end_to_end
Marquel Lee,Rusher,-0.008457677825822293,0.020761333788748004,-0.04691820796460065,-0.021851236898162277,-0.007706333869635295,0.0038911269441982083,0.037101658584195216,998.5547575274937,3.6062930704218195,400,6.533201459593776e-5,train_fit_end_to_end
Christian Rozeboom,Rusher,-0.008619804681637241,0.01019346834543125,-0.03275885725116598,-0.012063061392920795,-0.010024768711024132,0,0,998.5265932079543,1.7712324618245097,400,6.533201459593776e-5,train_fit_end_to_end
Emmanuel Ellerbee,Rusher,-0.008638398097632189,0.009399897205516119,-0.030754443000373777,-0.012222045560588595,-0.011361522761991856,0,0,998.5233632007677,1.6333579169467987,400,6.533201459593776e-5,train_fit_end_to_end
Frank Herron,Rusher,-0.008682390268649807,0.009665493658015556,-0.030688287174841063,-0.012118083021997107,-0.010773514117205032,0,0,998.5157209779197,1.6793432103806976,400,6.533201459593776e-5,train_fit_end_to_end
Kyle Phillips,Rusher,-0.008801372668685463,0.08037995766517143,-0.12591674391381813,-0.06831075193792081,-0.021269744513962453,0.040760657433559104,0.16181276266496206,998.4950516180081,13.963540428794044,400,6.533201459593776e-5,train_fit_end_to_end
Joe Bachie,Rusher,-0.008816301780797862,0.013574150379448296,-0.03706313914399535,-0.01753757686637026,-0.0064183423573825685,3.8436628326076047e-4,0.011399811594398242,998.492458165604,2.3574150228636923,400,6.533201459593776e-5,train_fit_end_to_end
Kyle Long,Blocker,-0.008830041030230135,0.009710823543242852,-0.0325840276604372,-0.012429527880458126,-0.01147745629794029,0,0,998.4900714135185,1.6870714783545593,400,6.533201459593776e-5,train_fit_end_to_end
Keandre Jones,Rusher,-0.008918476909270329,0.00975119658318028,-0.031406475613568054,-0.012947335522885982,-0.011436289901069778,0,0,998.4747085278108,1.6933487844105382,400,6.533201459593776e-5,train_fit_end_to_end
Eric Wilson,Rusher,-0.009018585814776558,0.04361009999055216,-0.08395624896206168,-0.03804873051437284,-0.013320425152468701,0.019584475520600948,0.08042038136556691,998.4573178297104,7.5762174377354725,400,6.533201459593776e-5,train_fit_end_to_end
Lachavious Simmons,Blocker,-0.009187641953057329,0.013130434722889378,-0.03951894551944947,-0.01700971078590051,-0.00790545194746341,5.719797739119826e-4,0.010676872873142599,998.4279497705155,2.2802786237075265,400,6.533201459593776e-5,train_fit_end_to_end
Carter Coughlin,Rusher,-0.009465531538181547,0.023227903613564627,-0.052888323517948914,-0.027795918080900543,-0.007457030408362885,0.007514850055532441,0.030033810750845935,998.3796754051564,4.0349740388018045,400,6.533201459593776e-5,train_fit_end_to_end
Ben Bartch,Blocker,-0.009955409174402385,0.09677739907308175,-0.1812108066407643,-0.07379604939592446,-0.011882958776718276,0.05426576901318106,0.17219451784052225,998.294574943469,16.812351905356795,400,6.533201459593776e-5,train_fit_end_to_end
Delontae Scott,Rusher,-0.009979343035057068,0.01030307065783924,-0.033116540219644615,-0.014776832038638433,-0.01167327800324831,0,0,998.2904172060238,1.7890368939680943,400,6.533201459593776e-5,train_fit_end_to_end
Payton Turner,Rusher,-0.010057556602735366,0.08824066518469298,-0.1417760177545332,-0.08242419512630045,-0.021237001873207734,0.05033726417139421,0.18819405776285078,998.2768301176827,15.327962220906954,400,6.533201459593776e-5,train_fit_end_to_end
Akeem Davis-Gaither,Rusher,-0.010103794548024255,0.01750166699057646,-0.044736570449698476,-0.021100380078722066,-0.00789968146727989,0.0022753428964113957,0.0189494883320868,998.2687977638853,3.041377233910752,400,6.533201459593776e-5,train_fit_end_to_end
Duke Riley,Rusher,-0.010477829281778917,0.03542804844092476,-0.07269643045135624,-0.035213132366294156,-0.013174473044166421,0.017032501764164622,0.05436822773276689,998.2038212755215,6.154500138885899,400,6.533201459593776e-5,train_fit_end_to_end
Caleb Johnson,Rusher,-0.010627151997781897,0.010534226686713609,-0.0352195760006806,-0.013867715127789377,-0.013006319369213912,0,0,998.1778812628883,1.8298788592882915,400,6.533201459593776e-5,train_fit_end_to_end
Andrew Brown,Rusher,-0.010707632761996221,0.008615713372597214,-0.030632218118769528,-0.016310074842201965,-0.010416113719302142,-0.003466526289127178,0,998.1639003221692,1.4976332429176742,400,6.533201459593776e-5,train_fit_end_to_end
Grant Stuard,Rusher,-0.010720539064509291,0.008190736593920316,-0.02825588449221814,-0.015121448921169262,-0.008318286689482174,-0.0066387083886425315,0,998.161658267784,1.423396259017287,400,6.533201459593776e-5,train_fit_end_to_end
Kamal Martin,Rusher,-0.010856515860556429,0.010578266316261535,-0.03501982840030555,-0.014588723855541944,-0.013409636512550354,0,0,998.1380366789078,1.8375352039797952,400,6.533201459593776e-5,train_fit_end_to_end
Khalil Davis,Rusher,-0.011128063201518223,0.011172788773539236,-0.03493962309063894,-0.01695095942256928,-0.012622715382425837,0,0,998.0908640742058,1.9417560487909775,400,6.533201459593776e-5,train_fit_end_to_end
Jonathan Ledbetter,Rusher,-0.011448138757312586,0.011265060946473539,-0.037557323415019536,-0.016409691456349844,-0.013349520729286905,0,0,998.0352612551363,1.9571015153363818,400,6.533201459593776e-5,train_fit_end_to_end
Monty Rice,Rusher,-0.011663637072436561,0.02397038268019108,-0.05864122030190712,-0.02748274604639222,-0.01197348381495293,0.006277304380912485,0.03273745530610889,997.9978253634893,4.164179096927453,400,6.533201459593776e-5,train_fit_end_to_end
E.J. Speed,Rusher,-0.011759834583890474,0.028155227464360305,-0.06599550983393546,-0.03145675693063685,-0.011453918451553736,0.006946693452500606,0.045188568617013515,997.9811141441303,4.890267668858219,400,6.533201459593776e-5,train_fit_end_to_end
Adam Pankey,Blocker,-0.011901251177011248,0.013255084063995637,-0.04391532258667667,-0.01742626136870035,-0.016012426812115014,0,0,997.9565475657135,2.3024229227499546,400,6.533201459593776e-5,train_fit_end_to_end
Freedom Akinmoladun,Rusher,-0.01231353854720604,0.013609901447485402,-0.04601487366530136,-0.0186801118944045,-0.010409769180506493,0,0,997.88492591378,2.3640820207769258,400,6.533201459593776e-5,train_fit_end_to_end
Myles Adams,Rusher,-0.012360911203401402,0.02723021862781331,-0.06486276999771605,-0.033390980392874824,-0.008406584173216426,0,0.028820057800296565,997.8766964405085,4.7308739897466,400,6.533201459593776e-5,train_fit_end_to_end
David Quessenberry,Blocker,-0.01236183719503261,0.10112791696833066,-0.20837849972741448,-0.07630697514530305,-0.015279078392791356,0.052578076039595856,0.1806092921997253,997.8765355792862,17.568599758337665,400,6.533201459593776e-5,train_fit_end_to_end
Woodrow Hamilton,Rusher,-0.012461318365785623,0.012926509723865583,-0.03494056565709813,-0.021721739971912936,-0.012713610745075151,-0.0026833448453713843,0.010289954695721821,997.8592539298817,2.246067845260586,400,6.533201459593776e-5,train_fit_end_to_end
Ryan Kelly,Blocker,-0.0126662208692666,0.10084605447961632,-0.21902858409826906,-0.07844452862955625,-0.002232386834005489,0.05649223112992245,0.16338563435509929,997.8236587192457,17.519503961659677,400,6.533201459593776e-5,train_fit_end_to_end
Azur Kamara,Rusher,-0.012882077786595005,0.02235377253170699,-0.05327606082825067,-0.02984004805505005,-0.012421424510294652,0.0019283972149082241,0.02835172443498682,997.7861605320152,3.8838775587372227,400,6.533201459593776e-5,train_fit_end_to_end
Xavier Williams,Rusher,-0.012957363694091046,0.015199858065698032,-0.05349097904231291,-0.019491519926907196,-0.010909026100550301,0,0,997.7730820303389,2.6419032580169453,400,6.533201459593776e-5,train_fit_end_to_end
Darius Hodges,Rusher,-0.013024909760544748,0.009376512407808114,-0.03192280604585324,-0.019155255894660356,-0.012423067408976828,-0.006428952279744794,0,997.7613480767649,1.6282900350562972,400,6.533201459593776e-5,train_fit_end_to_end
Nathan Landman,Rusher,-0.013026092762659992,0.013944390783860547,-0.04419650544018703,-0.01971833176767114,-0.015354019314728516,0,0,997.7611425682486,2.422182258222798,400,6.533201459593776e-5,train_fit_end_to_end
Ben Niemann,Rusher,-0.01305471412018893,0.05851514455044808,-0.11091021304808216,-0.05463451222121071,-0.017262430169678517,0.025137244009696958,0.11628707921207546,997.7561705291928,10.164422737314647,400,6.533201459593776e-5,train_fit_end_to_end
Cam Brown,Rusher,-0.013227594082627747,0.015558574018332777,-0.04406439257452197,-0.02243286970831403,-0.015799906814277054,7.917046183170096e-5,0.004043358828121783,997.7261382037053,2.7032953780129936,400,6.533201459593776e-5,train_fit_end_to_end
Charles Snowden,Rusher,-0.013315515771150706,0.014346475329399375,-0.04691050636097925,-0.0203861237359493,-0.01718837899416043,0,0,997.7108646420393,2.4919961738155827,400,6.533201459593776e-5,train_fit_end_to_end
John Simon,Rusher,-0.0134089816307469,0.02670652923522658,-0.06110088094666381,-0.03079811176424852,-0.014819258030400706,0.0013095236681930108,0.04169969762116071,997.6946279592116,4.639028571758506,400,6.533201459593776e-5,train_fit_end_to_end
Travin Howard,Rusher,-0.013747868661185398,0.029886850386029448,-0.06646912090596588,-0.03614391450764809,-0.011893972459481095,0.005500371379446407,0.04197002186682996,997.6357572522884,5.192487436874048,400,6.533201459593776e-5,train_fit_end_to_end
Eddie Yarbrough,Rusher,-0.013801847724544111,0.01097841343621991,-0.03754919221847256,-0.02094668325778138,-0.01188097325096767,-0.006195736437850623,0,997.6263801285464,1.907022648773222,400,6.533201459593776e-5,train_fit_end_to_end
Bunmi Rotimi,Rusher,-0.013859489850789804,0.0955888065687544,-0.13900366500753975,-0.08984757892361797,-0.03355862156360957,0.0448946770855775,0.19520432700296464,997.6163666656049,16.60643589802625,400,6.533201459593776e-5,train_fit_end_to_end
Jonathon Cooper,Rusher,-0.014016040731060638,0.1317366375292209,-0.18786789505031107,-0.1289251934118142,-0.01961911683949498,0.07042159413585275,0.2610248550054888,997.5891709922295,22.885257062826508,400,6.533201459593776e-5,train_fit_end_to_end
Jerome Baker,Rusher,-0.014120356560317246,0.13935088634232,-0.1996482035416739,-0.13684508154190003,-0.02970678363111373,0.07339197226013887,0.2943774566308297,997.5710494766209,24.207891905559013,400,6.533201459593776e-5,train_fit_end_to_end
Derek Barnett,Rusher,-0.014336377512532809,0.0978755469621517,-0.19850801350904626,-0.08518088774978502,-0.01869605472708673,0.05485632381047888,0.18094895194786906,997.5335227936118,17.002602289590257,400,6.533201459593776e-5,train_fit_end_to_end
Marvin Wilson,Rusher,-0.014500448520207947,0.01584268042578681,-0.054141105290630584,-0.021661467274187166,-0.014081356801106826,0,0,997.5050207403024,2.751714200314767,400,6.533201459593776e-5,train_fit_end_to_end
Benardrick Mckinney,Rusher,-0.014542329198488486,0.033716654446843186,-0.07394627615906064,-0.03779627893605718,-0.014854641159073092,0.008870726340316125,0.05417353522627228,997.4977453213122,5.857655079480701,400,6.533201459593776e-5,train_fit_end_to_end
Alijah Vera-Tucker,Blocker,-0.014793425012316501,0.09188541309228043,-0.17769145606756603,-0.08166751588138162,-0.01936123899477736,0.05043908870302419,0.17086611387770534,997.4541255107623,15.962587835012334,400,6.533201459593776e-5,train_fit_end_to_end
Malik Harrison,Rusher,-0.014820332831508543,0.017347136034089838,-0.0515398166021639,-0.02680169989362479,-0.014470078871925182,-0.002712500547524307,0.018418490816157138,997.4494511438043,3.013535925282751,400,6.533201459593776e-5,train_fit_end_to_end
Luke Gifford,Rusher,-0.0148430478644481,0.01347506030974687,-0.04995909580524974,-0.02045279731338548,-0.01748999818947228,-0.0020190143974536928,0,997.4455051384195,2.3404243613601508,400,6.533201459593776e-5,train_fit_end_to_end
Prince Tega Wanogho,Blocker,-0.014902427842714205,0.011902385936734212,-0.041410977003580644,-0.02037536510110039,-0.015305598218601578,-0.004966751986223648,0,997.435189779661,2.0666398257337755,400,6.533201459593776e-5,train_fit_end_to_end
Ethan Westbrooks,Rusher,-0.014925435946305025,0.016496644798333734,-0.05423050527475665,-0.02218980560832453,-0.020057644293542065,0,0,997.4311928626895,2.865483674578239,400,6.533201459593776e-5,train_fit_end_to_end
Blake Cashman,Rusher,-0.015341655954781513,0.014593188308693905,-0.045072217027167794,-0.022821449732362893,-0.019079308378443828,0,0,997.3588880415139,2.5354465495273812,400,6.533201459593776e-5,train_fit_end_to_end
Justin Murray,Blocker,-0.015430927561258566,0.055202872318786726,-0.13365069218982875,-0.0472148866902403,-0.0099583375130354,0.02969865483089762,0.08288400222899586,997.3433799750804,9.589390461777956,400,6.533201459593776e-5,train_fit_end_to_end
Kevin Pierre-Louis,Rusher,-0.015526034637024821,0.01556690254317472,-0.046878506922202016,-0.02695963048657901,-0.01401751515737076,0,0.006368271192229291,997.3268581838023,2.7051808160485016,400,6.533201459593776e-5,train_fit_end_to_end
Danny Trevathan,Rusher,-0.015564602091754991,0.01358851893644572,-0.04627613370846176,-0.023686069729493088,-0.014658240506327583,-0.004144473748907635,0.002682539277813624,997.3201583306942,2.3605736980912346,400,6.533201459593776e-5,train_fit_end_to_end
Bradlee Anae,Rusher,-0.01594626918691631,0.013337106486732912,-0.04538561942981725,-0.023679761128072543,-0.014509456559718279,-0.003174278283010452,0,997.2538559653532,2.3159686544667117,400,6.533201459593776e-5,train_fit_end_to_end
Bradley Chubb,Rusher,-0.015949474392873704,0.08981066115739167,-0.15828231317097646,-0.08500602981574783,-0.027555525753989285,0.04277378010597426,0.16859635835094622,997.2532991640489,15.601644205610818,400,6.533201459593776e-5,train_fit_end_to_end
Aaron James Klein,Rusher,-0.016065034015288124,0.02395016835473349,-0.06643370895898848,-0.030328151548122954,-0.015283243227704598,0.0018876531890614353,0.02604521039823058,997.2332244015107,4.160706138515958,400,6.533201459593776e-5,train_fit_end_to_end
Del'Shawn Phillips,Rusher,-0.01651128315869831,0.039973341301116516,-0.09045855978975373,-0.04531592496206143,-0.0169660930390783,0.013979775423307505,0.056135982235490454,997.1557029852959,6.944612159833664,400,6.533201459593776e-5,train_fit_end_to_end
Nick Thurman,Rusher,-0.016669716691925397,0.017103398360285585,-0.057005807294798073,-0.02484589933566995,-0.01921153666324482,0,0,997.1281802616043,2.9719791908968167,400,6.533201459593776e-5,train_fit_end_to_end
Darius Philon,Rusher,-0.016768198186054326,0.07369177362681457,-0.16056608151567175,-0.06649661710848356,-0.018311194242223407,0.03359999912689022,0.14096058441740417,997.1110722738164,12.801740973938667,400,6.533201459593776e-5,train_fit_end_to_end
Eric Banks,Rusher,-0.017287281348650534,0.017913865524908586,-0.05236351721036721,-0.029771003810137527,-0.017903147375927075,-0.0024573738855023204,0.013610806137642461,997.0208982925507,3.1101684775933807,400,6.533201459593776e-5,train_fit_end_to_end
Ryan Bates,Blocker,-0.017567744224166557,0.0583221772074603,-0.13511662484424655,-0.05247817167859238,-0.020284004591893244,0.02542970610617843,0.09263853298605938,996.9721769008645,10.131714545966561,400,6.533201459593776e-5,train_fit_end_to_end
Cortez Broughton,Rusher,-0.01768526267280282,0.01743977079019013,-0.05595486958597854,-0.022977446099767734,-0.021395395862330184,0,0,996.9517618553587,3.029417685851619,400,6.533201459593776e-5,train_fit_end_to_end
Emeke Egbule,Rusher,-0.0177004662220863,0.01756432465341944,-0.053218988437103654,-0.02825338304118742,-0.021680857623729736,0,0,996.9491207283351,3.052915796863604,400,6.533201459593776e-5,train_fit_end_to_end
Billy Price,Blocker,-0.01778616982608177,0.1019406284135484,-0.20908519943827775,-0.08798216447310389,-0.02049320052773884,0.05232876946298902,0.1980829384034692,996.9342324874173,17.709230634836427,400,6.533201459593776e-5,train_fit_end_to_end
Parker Ehinger,Blocker,-0.01780909046462439,0.01730084879114452,-0.04636705096749057,-0.029586023060669646,-0.02676256541216919,0,0,996.930250764681,3.0051501892329338,400,6.533201459593776e-5,train_fit_end_to_end
Michael Pierce,Rusher,-0.017884658152768473,0.13176232227105444,-0.20539333923023906,-0.12716086005889138,-0.04093997343819547,0.07668843039389328,0.2686808914703929,996.9171233126924,22.889665119297238,400,6.533201459593776e-5,train_fit_end_to_end
Derek Rivers,Rusher,-0.018022411889478448,0.07316761092292212,-0.12665387807260656,-0.07558178855451497,-0.023513896135265402,0.028477529209012864,0.13119996203684325,996.8931930376066,12.710739361675609,400,6.533201459593776e-5,train_fit_end_to_end
Ledarius Mack,Rusher,-0.018251845581162034,0.01682293973243502,-0.05140353141440379,-0.02965944793881423,-0.017297575302765603,-0.006100131623627137,0.009586481508121136,996.8533363231022,2.9220168263529667,400,6.533201459593776e-5,train_fit_end_to_end
Brandon Knight,Blocker,-0.018363884363994512,0.021250346444939918,-0.06703897655107796,-0.02826799362972817,0,0,0,996.833873193045,3.691050228678907,400,6.533201459593776e-5,train_fit_end_to_end
Henry Anderson,Rusher,-0.018596971821928626,0.023111682807435346,-0.07066507406791946,-0.031329559212645706,-0.020495569847304183,0,0.013538982766539535,996.7933817543322,4.014851560353735,400,6.533201459593776e-5,train_fit_end_to_end
Clay Johnston,Rusher,-0.01865623550898006,0.022159620914835122,-0.06774664014016325,-0.0337261042743518,-0.017391790638602335,-9.368051846401666e-4,0.018549159222859997,996.7830865974267,3.8501114666916925,400,6.533201459593776e-5,train_fit_end_to_end
Chase Roullier,Blocker,-0.01877589396257904,0.0806641342790557,-0.1778257759517709,-0.07553421063819005,-0.01517768508897819,0.04396764416800756,0.12104940569716166,996.7622997949824,14.013938816814708,400,6.533201459593776e-5,train_fit_end_to_end
Yasir Durant,Blocker,-0.01889565282964166,0.06458100579535696,-0.18136833187223805,-0.04867420914262384,-0.013463530744971773,0.03340743725674642,0.07280964057187786,996.7414955489327,11.21869905636452,400,6.533201459593776e-5,train_fit_end_to_end
A.J. Johnson,Rusher,-0.01891100885498262,0.020412810185453083,-0.060618876905571634,-0.030708870100440065,-0.0199774379502173,0,0,996.7388279341048,3.546345037616826,400,6.533201459593776e-5,train_fit_end_to_end
Vincent Taylor,Rusher,-0.019101611760142686,0.03025626496401823,-0.0739448957034057,-0.044978153385106204,-0.018476790575094208,0,0.027353446042767342,996.7057168181265,5.255783528992933,400,6.533201459593776e-5,train_fit_end_to_end
Bobby Massie,Blocker,-0.019457375754883353,0.11024572551925627,-0.22041553502367214,-0.10037109077634829,-0.025715849248512872,0.0529340733697233,0.19984523913611368,996.6439142822162,19.15118179961141,400,6.533201459593776e-5,train_fit_end_to_end
Charles Omenihu,Rusher,-0.019488054186472217,0.06332799572558452,-0.12784761851268725,-0.06643352484390735,-0.025498890610716026,0.02320872536803884,0.11382347439433482,996.6385848927953,11.001246905364834,400,6.533201459593776e-5,train_fit_end_to_end
Robert Jones,Blocker,-0.019558833493013,0.033928604492813944,-0.0695714161547745,-0.04449768881220706,-0.026804243988112826,-4.040377826305709e-4,0.06660434889351757,996.6262892678898,5.8942603943075875,400,6.533201459593776e-5,train_fit_end_to_end
Frankie Luvu,Rusher,-0.01964897860297429,0.029283383593567743,-0.07343779724125356,-0.03986294531235171,-0.020340163181191546,-3.557450866093024e-5,0.03915628675551456,996.6106294583591,5.087256729088288,400,6.533201459593776e-5,train_fit_end_to_end
Daryl Williams,Blocker,-0.019670486693942956,0.08278742595906663,-0.1848816615745321,-0.07392275566922632,-0.020790001850004576,0.03795090177550089,0.13495613194021303,996.6068931202695,14.380519570749343,400,6.533201459593776e-5,train_fit_end_to_end
Jihad Ward,Rusher,-0.019730402077904916,0.0914760469791081,-0.17286336479514028,-0.08649695610364648,-0.03206860743081605,0.0429507014730826,0.18409507143077142,996.5964847520152,15.891777245541432,400,6.533201459593776e-5,train_fit_end_to_end
Curtis Robinson,Rusher,-0.019752892730273655,0.01923008460863558,-0.06527816266185003,-0.02956329861242698,-0.018351395409254814,-7.450407575648405e-4,0,996.5925777255279,3.3410001235794233,400,6.533201459593776e-5,train_fit_end_to_end
Anthony Hitchens,Rusher,-0.019785649544350626,0.04215652977119929,-0.09496275711232643,-0.05092883564490685,-0.019900847041162073,0.006193005964361269,0.0701952682261886,996.5868872840886,7.32290382269669,400,6.533201459593776e-5,train_fit_end_to_end
Tae Crowder,Rusher,-0.020104304428442053,0.06104110065449375,-0.12622672525764345,-0.06442958719892175,-0.027106549832079482,0.018426503196281058,0.10407994062618219,996.5315312609716,10.603373444610403,400,6.533201459593776e-5,train_fit_end_to_end
Pete Werner,Rusher,-0.0206792042001494,0.02653000875493711,-0.07143917767205418,-0.03849435514681793,-0.02246572433309466,-0.0026686471618640973,0.031585714461164455,996.4316609415716,4.60869242080414,400,6.533201459593776e-5,train_fit_end_to_end
Matt Feiler,Blocker,-0.02120252256543805,0.08897678914781766,-0.18798521456052059,-0.08403142150401208,-0.024754860063199137,0.04312962540243023,0.1680658329896418,996.3407512302422,15.457375353844883,400,6.533201459593776e-5,train_fit_end_to_end
Chris Williams,Rusher,-0.02133970404253248,0.029374425362668474,-0.0806997786314506,-0.041871808153698085,-0.021942085546740375,0.0013841319988105102,0.03388439083051094,996.3169203668336,5.101950168813547,400,6.533201459593776e-5,train_fit_end_to_end
Marquiss Spencer,Rusher,-0.021374010238746424,0.021096663628392777,-0.06352558429830628,-0.035477708023871075,-0.025018901844392556,0,0,996.3109607701493,3.665114873918935,400,6.533201459593776e-5,train_fit_end_to_end
Bruce Hector,Rusher,-0.021503552592109516,0.01672869442373917,-0.05856435423253606,-0.03218746574312767,-0.020137114484289245,-0.006677964571023647,0.001089291414629627,996.2884569584539,2.90586267465547,400,6.533201459593776e-5,train_fit_end_to_end
Ulysees Gilbert III,Rusher,-0.021528641890710964,0.01903317077669567,-0.06355435445500673,-0.03405210369876962,-0.020735357966981484,-0.0071049279690343905,0.010403603784416408,996.284098500879,3.306033939216422,400,6.533201459593776e-5,train_fit_end_to_end
Malcom Brown,Rusher,-0.021581758826716015,0.13893198716087013,-0.2508935576896607,-0.13273771775464535,-0.03713187131354434,0.08209403303284264,0.24483632640707284,996.274871143998,24.134961657866462,400,6.533201459593776e-5,train_fit_end_to_end
Kahlil Mckenzie,Rusher,-0.021638617388785624,0.02229026230250806,-0.0720250803389995,-0.032083803265609064,-0.028113769533226102,0,0,996.2649938000957,3.872297608702565,400,6.533201459593776e-5,train_fit_end_to_end
Bilal Nichols,Rusher,-0.02174849934739205,0.12005462231708251,-0.23466466008475814,-0.10910309525274961,-0.024888056535153323,0.05068934847890436,0.2425870970879915,996.2459053487822,20.855467113609073,400,6.533201459593776e-5,train_fit_end_to_end
Lavonte David,Rusher,-0.02179836198047087,0.020684559852337806,-0.05697159671827376,-0.03635997273696759,-0.02172259826386331,-0.00771746532821653,0.0214583789650845,996.2372433222225,3.5938548103992543,400,6.533201459593776e-5,train_fit_end_to_end
Anthony Pittman,Rusher,-0.021951430979033796,0.03390379949862426,-0.08995417926209653,-0.045603799317524174,-0.021951757323866658,0.00758129638236797,0.03067993157057031,996.210652513652,5.888868616990799,400,6.533201459593776e-5,train_fit_end_to_end
Nick Martin,Blocker,-0.02197339465115642,0.028645669318003896,-0.07340590833502736,-0.04147661244201879,-0.030363709482966038,0.0057728990192016235,0.019149822719207614,996.20683703301,4.976034927284006,400,6.533201459593776e-5,train_fit_end_to_end
Dre Greenlaw,Rusher,-0.022027032299598442,0.021671125515270732,-0.06345371261942963,-0.03674069406451608,-0.02093414216494882,-0.008778011903688897,0.017366997673161407,996.1975192191137,3.765476500019195,400,6.533201459593776e-5,train_fit_end_to_end
Akeem Spence,Rusher,-0.02238466913814147,0.02290587441570297,-0.07535187354230961,-0.032090832263788956,-0.028557274091722304,0,0,996.1353913369119,3.9785300087553774,400,6.533201459593776e-5,train_fit_end_to_end
Sione Takitaki,Rusher,-0.02254516944794828,0.022555909281579058,-0.061516494893375434,-0.03862844864956054,-0.022988048531679524,-0.00788653997426569,0.023302320413738083,996.1075095773547,3.917481494434202,400,6.533201459593776e-5,train_fit_end_to_end
Mike Pennel,Rusher,-0.022563557583865374,0.056242574539880894,-0.12760649272067628,-0.061187728624159325,-0.023664949403059105,0.015942973884389065,0.08580166957367345,996.1043152309702,9.771142780503798,400,6.533201459593776e-5,train_fit_end_to_end
Isaiah Williams,Blocker,-0.0225970290083931,0.01978206503677603,-0.058055804264327486,-0.03266550596988711,-0.030387183731277665,0,0,996.0985006489807,3.4365070196295777,400,6.533201459593776e-5,train_fit_end_to_end
Calvin Anderson,Blocker,-0.022732665810605873,0.0921539451429855,-0.18840143177435553,-0.09871548316017881,-0.021365992667930805,0.056893643581724065,0.15109623829042407,996.074938123083,16.009172787360207,400,6.533201459593776e-5,train_fit_end_to_end
Kevin Givens,Rusher,-0.02273308804842232,0.11258195786209983,-0.19032111380862332,-0.11581746001349424,-0.030332277035439663,0.04606741843957033,0.23244082465325197,996.0748647728616,19.557079407181764,400,6.533201459593776e-5,train_fit_end_to_end
T.Y. Mcgill,Rusher,-0.02301858375862224,0.02101845132950279,-0.06843272608085699,-0.036545447978632344,-0.024284418078360355,-5.958125591845409e-4,1.2553709534544752e-5,996.0252690882428,3.65103403553905,400,6.533201459593776e-5,train_fit_end_to_end
Lloyd Cushenberry III,Blocker,-0.023112881648156086,0.11347712939933219,-0.2532157913807954,-0.1019988883481922,-0.019265705199419184,0.061858088642192575,0.17687708730715546,996.0088878670109,19.71249810695739,400,6.533201459593776e-5,train_fit_end_to_end
Justin Zimmer,Rusher,-0.023183749048325233,0.050074590776918705,-0.1183872893032181,-0.05290682965437867,-0.02364043085489,0.0053592651916707715,0.09055882323630551,995.9965769386748,8.69931473133545,400,6.533201459593776e-5,train_fit_end_to_end
James Ferentz,Blocker,-0.02369536908062412,0.06380035623126552,-0.15340441864612503,-0.06815742548400636,0,0.0228008723703315,0.07437727525565363,995.9076994359314,11.085172623004196,400,6.533201459593776e-5,train_fit_end_to_end
Jonathan Marshall,Rusher,-0.023843176517782547,0.034509823207510074,-0.10560676101653675,-0.043018581217140445,-0.020785581971782964,0,0.03307091685138172,995.8820226541945,5.995926246991567,400,6.533201459593776e-5,train_fit_end_to_end
Frank Clark,Rusher,-0.023856829997272025,0.10207240249443401,-0.20141530361271323,-0.09415171318102791,-0.03051747565168069,0.043151911195470793,0.18783171954603756,995.8796508018742,17.73214297707555,400,6.533201459593776e-5,train_fit_end_to_end
Hamilcar Rashed Jr.,Rusher,-0.0238654774414329,0.02232086735848216,-0.06886558665020473,-0.035491727337630674,-0.028992900043749197,0,0,995.8781485869615,3.8779848902926117,400,6.533201459593776e-5,train_fit_end_to_end
Forrest Merrill,Rusher,-0.02387841298818696,0.022292766428849357,-0.06464763496573317,-0.039759473503746146,-0.024861291201955123,-0.00812834181245999,0.016792931345135653,995.8759014523312,3.8739975727181872,400,6.533201459593776e-5,train_fit_end_to_end
Dalvin Tomlinson,Rusher,-0.024266141619105328,0.11071615074683427,-0.20492718554971728,-0.10867381938298848,-0.02620220105272917,0.046179560720216145,0.2035961738931884,995.8085460903777,19.232776169618692,400,6.533201459593776e-5,train_fit_end_to_end
Robert Hainsey,Blocker,-0.025031533944322535,0.022895184698925576,-0.07077111225059762,-0.04159871008603261,-0.024658209333165593,-0.008139122467411334,0.01413760123240587,995.6755838250446,3.97745024224947,400,6.533201459593776e-5,train_fit_end_to_end
Reggie Ragland,Rusher,-0.025079677641464078,0.03308618852231859,-0.08227664205151854,-0.04765617847933175,-0.02719688361483168,-0.004501721572663223,0.042923807891975516,995.6672204082417,5.747229615242137,400,6.533201459593776e-5,train_fit_end_to_end
Broderick Washington,Rusher,-0.025153540477246016,0.0920328661079255,-0.18493091424383432,-0.0932439520909777,-0.03204857014844112,0.03674476865611148,0.1654501953503818,995.6543891194426,15.986674851222352,400,6.533201459593776e-5,train_fit_end_to_end
Clelin Ferrell,Rusher,-0.025189079796189406,0.08868694853146399,-0.1509141075257188,-0.09580182611547125,-0.03708200676380151,0.026151886256473494,0.18464795161596187,995.6482153073995,15.407286263873326,400,6.533201459593776e-5,train_fit_end_to_end
Christian Jones,Rusher,-0.02524034572012603,0.018061409373688105,-0.061393237680988276,-0.03785570569987991,-0.024895210139579474,-0.01272755374158742,0.010431905833377506,995.6393095042494,3.136946092512736,400,6.533201459593776e-5,train_fit_end_to_end
Zaire Franklin,Rusher,-0.02543271873824188,0.027489438547582366,-0.07680169849193645,-0.043144960883268704,-0.024905302590860844,-0.006511259902584901,0.02877508183019256,995.6058908881555,4.776540656222444,400,6.533201459593776e-5,train_fit_end_to_end
Alex Barshaba,Blocker,-0.025596158287620234,0.02253216653165117,-0.05565625179431612,-0.04408697386518269,-0.03766457983181273,0,0,995.5774985303875,3.913933499605856,400,6.533201459593776e-5,train_fit_end_to_end
Kendal Vickers,Rusher,-0.025829703090035298,0.024711538790357833,-0.07673150750215911,-0.03807648104084005,-0.02963230329230769,0,0,995.5369276428011,4.2924322759103495,400,6.533201459593776e-5,train_fit_end_to_end
Carl Granderson,Rusher,-0.02616818999733626,0.09226534547807488,-0.16818789982140395,-0.09662312778149901,-0.03543947985132504,0.03443749079509913,0.17086495834981807,995.4781264443862,16.02805510856633,400,6.533201459593776e-5,train_fit_end_to_end
Chauncey Golston,Rusher,-0.026186956922249403,0.08115968136556441,-0.16909327520144388,-0.08434242951556545,-0.028572841896916026,0.024344188205486842,0.13745326522773205,995.4748662956134,14.098156660990648,400,6.533201459593776e-5,train_fit_end_to_end
James Vaughters,Rusher,-0.026529881858463316,0.07501050477344158,-0.13005555374409689,-0.08973715938421092,-0.03320615593601552,0.019931781907274168,0.12661788994807763,995.4152941326115,13.03063838466452,400,6.533201459593776e-5,train_fit_end_to_end
Tarron Jackson,Rusher,-0.026596324322667963,0.07377244829325405,-0.15593066583903506,-0.07790024579348853,-0.03155447379029615,0.01839855671982732,0.13383786653940916,995.4037518943842,12.815061201784257,400,6.533201459593776e-5,train_fit_end_to_end
Tyler Matakevich,Rusher,-0.026707692760748632,0.03174213274871149,-0.07998189083761269,-0.052436312820320005,-0.03057080733412354,-0.006424404757643406,0.038430781451049306,995.3844052151376,5.513893171998597,400,6.533201459593776e-5,train_fit_end_to_end
Jamien Sherwood,Rusher,-0.026741462179092287,0.018277810259751108,-0.06555759951496312,-0.03846411025215308,-0.025849377622845945,-0.012596623708053024,5.691226155797358e-4,995.3785388663201,3.1766207338962364,400,6.533201459593776e-5,train_fit_end_to_end
Stephen Weatherly,Rusher,-0.026820686221433434,0.06979716400467799,-0.13806692045376856,-0.08045499543358248,-0.03704591287182592,0.01777795155329457,0.1188387226961338,995.364776240551,12.124526502619606,400,6.533201459593776e-5,train_fit_end_to_end
Andrew Wylie,Blocker,-0.02710591249994405,0.12290732021827633,-0.2787553371824072,-0.10651192885689514,-0.019523470168069462,0.05171127863085292,0.20453280608530292,995.3152273610106,21.351355732543688,400,6.533201459593776e-5,train_fit_end_to_end
Marquise Copeland,Rusher,-0.027400778890637717,0.09513270446388379,-0.15563570514500139,-0.10952725469819834,-0.043879287631151676,0.049083494052136446,0.17009195425769771,995.2640038224598,16.5256521159505,400,6.533201459593776e-5,train_fit_end_to_end
Ron'Dell Carter,Rusher,-0.027443399671434592,0.02629017732253935,-0.08326962770392018,-0.041806803708928086,-0.037889959397859795,0,0,995.256599834494,4.568708862981694,400,6.533201459593776e-5,train_fit_end_to_end
Trey Hill,Blocker,-0.027539627621866753,0.1281793668541458,-0.3192955889601406,-0.10945238886532231,-0.009377394769225554,0.08139118498592735,0.15055494328908106,995.2398833273429,22.267266524228386,400,6.533201459593776e-5,train_fit_end_to_end
Nick Niemann,Rusher,-0.02767680199557036,0.016244686185148845,-0.06393950234536372,-0.039178722893231425,-0.02671637928440847,-0.015063510954032248,-9.474416866267294e-4,995.2160536979197,2.8220154435463995,400,6.533201459593776e-5,train_fit_end_to_end
Landon Dickerson,Blocker,-0.02767783906737379,0.09322725023387513,-0.20155417666219558,-0.09351451462609843,-0.026205999847174997,0.03620934018845455,0.16228361713653588,995.2158735400951,16.195348501820323,400,6.533201459593776e-5,train_fit_end_to_end
Bobby Brown III,Rusher,-0.027833665958175262,0.023570053973030886,-0.06947442726390567,-0.04454529473425302,-0.029655370871505386,-0.010129372899871206,0.019791898311751654,995.1888036365723,4.095377459066658,400,6.533201459593776e-5,train_fit_end_to_end
Mike Daniels,Rusher,-0.028121008415390118,0.031562586812306365,-0.09891046638675675,-0.04695989782168118,-0.02180899567210144,-0.005168466393438458,0.0166551482751927,995.1388871391383,5.482968942765816,400,6.533201459593776e-5,train_fit_end_to_end
Otito Ogbonnia,Rusher,-0.02824483569073659,0.02744251314350608,-0.0818780771717451,-0.04395438099723468,-0.03765010863363551,0,0,995.1173761381814,4.767508632301176,400,6.533201459593776e-5,train_fit_end_to_end
Elandon Roberts,Rusher,-0.02832383285328397,0.0380572671613196,-0.0935195963289977,-0.0568093820562217,-0.03021705125710763,-0.004162961968170214,0.05352543431269382,995.1036529254693,6.611087418545319,400,6.533201459593776e-5,train_fit_end_to_end
Josh Bynes,Rusher,-0.028941498708534234,0.03304578461818224,-0.09128079430081963,-0.0513673045640392,-0.03175793769374686,-0.00833575181137568,0.043441107618565615,994.9963533764312,5.741286115406157,400,6.533201459593776e-5,train_fit_end_to_end
Kentavius Street,Rusher,-0.029134916552006347,0.09883681431329652,-0.20881333373983382,-0.09827415892892136,-0.03710332063672236,0.038933880131451076,0.16754235017898494,994.9627532555826,17.170447856887904,400,6.533201459593776e-5,train_fit_end_to_end
Sam Kamara,Rusher,-0.029719783146976618,0.023310730145040117,-0.07434819793332553,-0.04525207668842458,-0.030546148882571497,-0.010725137740571052,0.00870173353628065,994.8611515216445,4.049290063914204,400,6.533201459593776e-5,train_fit_end_to_end
Nick Bolton,Rusher,-0.030627286976821124,0.039945495365845365,-0.11135826271177413,-0.05662567666710884,-0.029646343907603175,-0.004196869831422489,0.0449287084646739,994.7035019594015,6.938721815346412,400,6.533201459593776e-5,train_fit_end_to_end
Matt Ioannidis,Rusher,-0.03080337500573357,0.12237917552179711,-0.23905170053391128,-0.12067971565475404,-0.045894043504879634,0.053574711068147166,0.23016983755339673,994.6729123356871,21.2589252835485,400,6.533201459593776e-5,train_fit_end_to_end
Caraun Reid,Rusher,-0.03088373357587581,0.030165322181815783,-0.08296306471130709,-0.0488330463691103,-0.04355518859830666,0,0,994.6589526222526,5.241033581875043,400,6.533201459593776e-5,train_fit_end_to_end
Melvin Ingram,Rusher,-0.03128277493889741,0.0931734796704989,-0.2042600645451777,-0.09540069437291826,-0.03362914603175576,0.03565950484749999,0.1430344565231877,994.589632037448,16.18578271475544,400,6.533201459593776e-5,train_fit_end_to_end
Jonathan Harris,Rusher,-0.03137342810969374,0.019831424700129177,-0.07153439662722406,-0.04267977572003688,-0.03149040324764839,-0.016879402068967476,0,994.5738839687104,3.4452776976668678,400,6.533201459593776e-5,train_fit_end_to_end
Dennis Gardeck,Rusher,-0.03148985729619194,0.039312024370705766,-0.1044616905717305,-0.05898652366204098,-0.03309294722339377,-0.008888212526013642,0.057960065781531164,994.553658147419,6.829275309729933,400,6.533201459593776e-5,train_fit_end_to_end
Mark Glowinski,Blocker,-0.03149589751799606,0.09431013577834142,-0.22748463734222277,-0.09369783737472735,-0.026797757104315898,0.03571819276898303,0.12212145198612834,994.5526088534194,16.384293798094852,400,6.533201459593776e-5,train_fit_end_to_end
Joe Walker,Rusher,-0.03168525604712976,0.014725798234010079,-0.061177149640804826,-0.04193796568829891,-0.03125329140596153,-0.020740325828829828,-0.005772905227593034,994.5197139076978,2.5578290783174378,400,6.533201459593776e-5,train_fit_end_to_end
Matt Milano,Rusher,-0.03208349235426479,0.077730409039748,-0.15007686877217674,-0.0922746337066197,-0.04220671441964174,0.014488221308708488,0.13422701682490024,994.4505331754249,13.502877317641016,400,6.533201459593776e-5,train_fit_end_to_end
Cam Robinson,Blocker,-0.03226172378987076,0.09682100836852653,-0.21944991989964177,-0.09492902203696144,-0.03570931845495004,0.026558623592769743,0.1593791613786596,994.4195712038307,16.818976920830465,400,6.533201459593776e-5,train_fit_end_to_end
Kylie Fitts,Rusher,-0.03233634470526925,0.014433475615245177,-0.05879460903694901,-0.04190117045400619,-0.03308356556863372,-0.023141822236352836,0,994.4066082231138,2.5072744652184085,400,6.533201459593776e-5,train_fit_end_to_end
Zaven Collins,Rusher,-0.03234163530106024,0.02212959678678935,-0.07861726005598992,-0.04616848262873002,-0.03172050826219458,-0.01800263300878989,0.012613754835995026,994.4056891524906,3.8443223202621333,400,6.533201459593776e-5,train_fit_end_to_end
Ladarius Hamilton,Rusher,-0.032542633650509994,0.02392234232105563,-0.08337780216791948,-0.04374882978722576,-0.03449784804129796,-0.011450059112972942,0,994.3707721628756,4.155503418261961,400,6.533201459593776e-5,train_fit_end_to_end
Shaun Bradley,Rusher,-0.03282064521788081,0.019299384301844958,-0.06985031230427637,-0.04612595938237253,-0.029994199773335475,-0.021943890769178402,0,994.3224766070298,3.352200774972299,400,6.533201459593776e-5,train_fit_end_to_end
Mack Wilson Sr.,Rusher,-0.03283926777622302,0.01940160487458178,-0.0760738166182086,-0.045025376639580075,-0.03219671158791741,-0.01918768842001843,0.0031870650040711364,994.319241537299,3.36967420892017,400,6.533201459593776e-5,train_fit_end_to_end
Damien Lewis,Blocker,-0.03303270759849534,0.09259868493180588,-0.20041994393381804,-0.09420672780094301,-0.039926758625128136,0.025974605216625465,0.1504258426491999,994.2856375983417,16.08550098946661,400,6.533201459593776e-5,train_fit_end_to_end
Chuma Edoga,Blocker,-0.033057493594114244,0.07160079638611165,-0.18275511511692716,-0.07323213070671329,-0.046452267535609104,0.032190761751102186,0.06784959213539013,994.2813318298914,12.436941537013642,400,6.533201459593776e-5,train_fit_end_to_end
Eli Ankou,Rusher,-0.03350211844188429,0.036779661574600754,-0.09543830098546648,-0.06048199836149287,-0.03340444664037116,-0.011056662367810229,0.0436623550474981,994.20409258273,6.390724088724412,400,6.533201459593776e-5,train_fit_end_to_end
Nick Dzubnar,Rusher,-0.03398855585462295,0.02740293315974332,-0.09367534966841809,-0.05235058534428467,-0.033082762170572995,-0.012073477597473473,0.010553220440589824,994.1195897490725,4.760593594975299,400,6.533201459593776e-5,train_fit_end_to_end
Terron Armstead,Blocker,-0.034049040684326785,0.07690995730110757,-0.15752641771495965,-0.08762761071192396,-0.04101168066535602,0.011541094557913155,0.1313836362948096,994.1090824579608,13.361712142417044,400,6.533201459593776e-5,train_fit_end_to_end
Jordan Smith,Rusher,-0.03423066606536477,0.029651435869118316,-0.08821999760167566,-0.05469597469910525,-0.04239712743819757,-0.0028003360543891894,0.00563517293564377,994.0775308976574,5.151403842443349,400,6.533201459593776e-5,train_fit_end_to_end
Oren Burks,Rusher,-0.03430267386997148,0.02906610752372003,-0.08764073009608277,-0.055670676654953274,-0.03604943206957665,-0.014048696738077324,0.022980667424181565,994.0650218607797,5.048657584138717,400,6.533201459593776e-5,train_fit_end_to_end
Markus Bailey,Rusher,-0.0343185717321216,0.027978303257561087,-0.08997019267822844,-0.05308105613078387,-0.03383097353876223,-0.013962158566049624,0.015430875102584422,994.0622601192573,4.8590529876073845,400,6.533201459593776e-5,train_fit_end_to_end
Joseph Jones,Rusher,-0.03444248057898151,0.052868062061163366,-0.12382627939579845,-0.07572129559492251,-0.04032105696237044,0.012101422230259624,0.05463046772692477,994.0407349478771,9.184760368828005,400,6.533201459593776e-5,train_fit_end_to_end
Andrus Peat,Blocker,-0.03469173254844026,0.087203316868056,-0.20553910778438353,-0.09897989365651072,-0.03298489923973508,0.02552478331583169,0.1245458539039807,993.9974354459014,15.148480422944875,400,6.533201459593776e-5,train_fit_end_to_end
Kenneth Murray Jr.,Rusher,-0.03494890290029464,0.031969542501454624,-0.09227572208865853,-0.0591697331820254,-0.03732387046129293,-0.011010936994439589,0.022609835660842854,993.9527603800136,5.555104651602331,400,6.533201459593776e-5,train_fit_end_to_end
Ndamukong Suh,Rusher,-0.03495283209645332,0.09254627191424873,-0.18808415481732668,-0.09979784160927135,-0.04323706415899574,0.023274592018909898,0.15873038236250914,993.9520778087295,16.077411462964733,400,6.533201459593776e-5,train_fit_end_to_end
Wyatt Ray,Rusher,-0.03505843770428393,0.03324519587752847,-0.09700405497267382,-0.05919631402687367,-0.03207383249051905,-0.011959662957162703,0.025559406085923227,993.933732235634,5.77476612835293,400,6.533201459593776e-5,train_fit_end_to_end
Malcolm Smith,Rusher,-0.03528327622649188,0.030470560179222363,-0.08907840708594009,-0.056405266201849456,-0.03890066279192501,-0.016153013806000125,0.02582872306965992,993.8946737838284,5.292897945012935,400,6.533201459593776e-5,train_fit_end_to_end
Devin White,Rusher,-0.03547872251117356,0.02584734280134713,-0.083286479574956,-0.053080739229613504,-0.03644482200100825,-0.01783291808762894,0.013112770938183816,993.86072128665,4.489772209272297,400,6.533201459593776e-5,train_fit_end_to_end
Orlando Brown,Blocker,-0.0355126567821857,0.1229483186550614,-0.2785632118831895,-0.12497287061317507,-0.03520086336041139,0.05005078820175494,0.2165920101581931,993.8548262999909,21.358614276464706,400,6.533201459593776e-5,train_fit_end_to_end
Jack Heflin,Rusher,-0.03572055696349629,0.020738838040033385,-0.07990650097142407,-0.047017780190308764,-0.03719926762226952,-0.023462671802028615,0,993.8187103393789,3.602455777284148,400,6.533201459593776e-5,train_fit_end_to_end
Derrick Nnadi,Rusher,-0.035781132407760534,0.13405736954449352,-0.2595144474484317,-0.13293189247140053,-0.044583972766816984,0.062318960246036594,0.22697815983150654,993.8081873069058,23.288131326854415,400,6.533201459593776e-5,train_fit_end_to_end
Max Scharping,Blocker,-0.03589996850230752,0.10299258011486896,-0.258650196489801,-0.09918241485972382,-0.03890038559154786,0.03499057102456364,0.16248064421796252,993.7875433628607,17.891550146311772,400,6.533201459593776e-5,train_fit_end_to_end
Brandin Bryant,Rusher,-0.03597097017990639,0.02721605566769232,-0.08432298606587117,-0.05765576483079661,-0.03671972875812161,0,0,993.7752091081459,4.729068935607658,400,6.533201459593776e-5,train_fit_end_to_end
Zach Allen,Rusher,-0.035992194332321474,0.13889819959571578,-0.259926334402567,-0.1426036701196696,-0.049648027337878944,0.06859528518369874,0.2271213474329082,993.7715220952351,24.12999313958328,400,6.533201459593776e-5,train_fit_end_to_end
Elijah Lee,Rusher,-0.03648167957454558,0.02333510258980186,-0.08356301078611438,-0.051937255273441923,-0.03600709390870531,-0.01873571296018768,0.00813460052523372,993.6864897993668,4.053450933640418,400,6.533201459593776e-5,train_fit_end_to_end
Henry Mondeaux,Rusher,-0.036837672035555005,0.09707139503777595,-0.1987574274760562,-0.11004237227006106,-0.04422075935380357,0.02407587455970811,0.17166165566620067,993.6246475748005,16.862714185769896,400,6.533201459593776e-5,train_fit_end_to_end
D'Ante Smith,Blocker,-0.03747239836959057,0.04244073831017417,-0.12843836100259917,-0.0638268007885649,-0.03667827847593723,0,0.019709764396294505,993.5143843170443,7.372219123612921,400,6.533201459593776e-5,train_fit_end_to_end
Justin Madubuike,Rusher,-0.03752618126364446,0.09908073038806715,-0.21870678637395938,-0.1033533820549798,-0.05119423264457404,0.023810219294092258,0.16030142715016885,993.505041271401,17.211775117016753,400,6.533201459593776e-5,train_fit_end_to_end
Amani Bledsoe,Rusher,-0.03772358147352675,0.03161785768249098,-0.09996014417187124,-0.060522717201528464,-0.03844950403273181,-0.012691987194091012,0.018080225941149563,993.4707493426496,5.493085625817124,400,6.533201459593776e-5,train_fit_end_to_end
Daviyon Nixon,Rusher,-0.03785306049439386,0.030629842711666903,-0.0971898434430692,-0.05831019520057654,-0.038591011412200005,-0.016929263067550986,0.023648763009825803,993.4482565329357,5.321210748388273,400,6.533201459593776e-5,train_fit_end_to_end
Renell Wren,Rusher,-0.03820865079929339,0.039324362054681,-0.11643274384182714,-0.06300857026644782,-0.049453387472275914,0,0,993.3864841700413,6.830736156704041,400,6.533201459593776e-5,train_fit_end_to_end
Samson Ebukam,Rusher,-0.03831617270607883,0.09726251252213017,-0.21932674960901857,-0.11098885562418281,-0.03789199271663552,0.02374399222740868,0.15962166917587486,993.367805701721,16.896774976884366,400,6.533201459593776e-5,train_fit_end_to_end
Will Clapp,Blocker,-0.03839804552576951,0.05479554813558556,-0.14677832168756705,-0.07766384381614108,-0.03622908161941986,-0.0018297846867937695,0.060921438409078044,993.3535829361972,9.520080307391163,400,6.533201459593776e-5,train_fit_end_to_end
Victor Dimukeje,Rusher,-0.038431906816802114,0.02543058908689049,-0.08476705037603749,-0.057348919844086424,-0.04042435826634174,-0.022630392431886054,0.003006712835701194,993.347700627459,4.417282365665488,400,6.533201459593776e-5,train_fit_end_to_end
Doug Costin,Rusher,-0.03859167149976554,0.03455411384868653,-0.10076269194176636,-0.05632247123349101,-0.05304355441206095,0,0,993.3199466593734,6.0030781101270465,400,6.533201459593776e-5,train_fit_end_to_end
Dillon Radunz,Blocker,-0.0388644837690507,0.05238390547620929,-0.14798938201636727,-0.07142588720646564,-0.03682605727554646,-0.0019943861672233817,0.04949412724548294,993.2725543141149,9.0993506257521,400,6.533201459593776e-5,train_fit_end_to_end
Milton Williams,Rusher,-0.039166501452805605,0.07345502199191399,-0.16181157826743003,-0.09431363147387203,-0.043752266299307584,0.008910993906019118,0.11444898091746933,993.2200884687181,12.760489914714675,400,6.533201459593776e-5,train_fit_end_to_end
David Mayo,Rusher,-0.0391725492408297,0.024387704090381143,-0.08314755628738427,-0.05734791800963423,-0.03980396484872742,-0.02275295593893943,0.009142299561957584,993.2190378603315,4.236882106295071,400,6.533201459593776e-5,train_fit_end_to_end
Casey Tucker,Blocker,-0.03918856129444559,0.03710543526335254,-0.10592158735947199,-0.061233679586802384,-0.05038062324197361,0,0,993.2162562817198,6.445251934502494,400,6.533201459593776e-5,train_fit_end_to_end
Fred Warner,Rusher,-0.03926875785297405,0.0696606108199252,-0.14375688596864578,-0.09560706459063381,-0.04446535637373121,0.003170265215407987,0.10928123134325729,993.2023247125852,12.10149613754351,400,6.533201459593776e-5,train_fit_end_to_end
Trent Brown,Blocker,-0.039366655070292376,0.1436976109589663,-0.31549253581692127,-0.1347139278194581,-0.03492208793917392,0.05568465274589519,0.21890722680963823,993.1853182240751,24.96302654871836,400,6.533201459593776e-5,train_fit_end_to_end
Elerson Smith,Rusher,-0.03967312255507805,0.021900930413516866,-0.08501005800564318,-0.053541107647156125,-0.038508750673088135,-0.024002493699482205,0,993.1320793690651,3.8040003818792636,400,6.533201459593776e-5,train_fit_end_to_end
Nick Gates,Blocker,-0.040343080342366694,0.07037327407917357,-0.21820450061340813,-0.08361903944645677,-0.029897829850216315,0.019928038405721986,0.04773651078135403,993.0156957810141,12.22507434483739,400,6.533201459593776e-5,train_fit_end_to_end
Ike Boettger,Blocker,-0.04058359113301539,0.10769388970143835,-0.263356358531272,-0.11075264663751086,-0.03846631603611852,0.03407737328103573,0.15391261032471462,992.9739147773273,18.708247131681187,400,6.533201459593776e-5,train_fit_end_to_end
Kyle Fuller,Blocker,-0.04087760288663849,0.10244022759623465,-0.22103724377210504,-0.11221867773208866,-0.038064202386220124,0.032105637453996264,0.16106393505530253,992.922839704442,17.79632284485927,400,6.533201459593776e-5,train_fit_end_to_end
Joe Schobert,Rusher,-0.04089723990651037,0.07690650372052013,-0.16473826462320007,-0.09977306043099092,-0.045061060412308215,0.008596561482194362,0.12688937864964137,992.9194284046935,13.359902022328336,400,6.533201459593776e-5,train_fit_end_to_end
Michael Hoecht,Rusher,-0.04091680067773663,0.05739425212409906,-0.144323274928537,-0.08021911725445102,-0.043887860193953826,-0.004645561039037273,0.07498657076554989,992.9160303506912,9.97080722857528,400,6.533201459593776e-5,train_fit_end_to_end
Jamir Jones,Rusher,-0.040971917950678796,0.027056370625788775,-0.09451211343634822,-0.059128643387864874,-0.040379239483569904,-0.024418236851418976,0.01712064110117175,992.9064554996928,4.699890851123704,400,6.533201459593776e-5,train_fit_end_to_end
Angelo Blackson,Rusher,-0.04098325890093271,0.12827854458313492,-0.23471554230025726,-0.12286671067878827,-0.061422230273711145,0.04167565561501599,0.28432486630593246,992.9044853748468,22.284422835092876,400,6.533201459593776e-5,train_fit_end_to_end
Jake Zimmer,Rusher,-0.041077925478893586,0.042852718616224375,-0.13014481629573643,-0.0683843086354272,-0.057166021589550906,0,0,992.8880401058752,7.44525810157573,400,6.533201459593776e-5,train_fit_end_to_end
Matt Peart,Blocker,-0.04133777163167105,0.09814885963071499,-0.24588980968176052,-0.10516592239554554,-0.037148985483310915,0.030095671354254172,0.12980748649924786,992.8429002057572,17.050342641589204,400,6.533201459593776e-5,train_fit_end_to_end
Steve Mclendon,Rusher,-0.04162216838719044,0.031143303317543548,-0.0978788872539835,-0.0644575778780033,-0.04120406447948911,-0.019603988690197843,0.020838648346980848,992.7934954291198,5.410814190244944,400,6.533201459593776e-5,train_fit_end_to_end
Jesse Davis,Blocker,-0.04171160371986548,0.1092202294399582,-0.22958545456644297,-0.11468902644839571,-0.04396393516617982,0.025086811175712632,0.19416023954772027,992.7779589205327,18.97205378226456,400,6.533201459593776e-5,train_fit_end_to_end
Hamsah Nasirildeen,Rusher,-0.04198556102822423,0.03039747482549622,-0.10142825880921971,-0.06679019269815754,-0.04093502124699071,-0.022039527139034967,0,992.7303676616139,5.28100862899155,400,6.533201459593776e-5,train_fit_end_to_end
Brennan Scarlett,Rusher,-0.04218088470999738,0.021532210685905207,-0.09247627493266843,-0.05615060872192376,-0.040997872703745025,-0.02787171077625939,-0.00205140215843514,992.6964364627422,3.7410734356094104,400,6.533201459593776e-5,train_fit_end_to_end
A'Shawn Robinson,Rusher,-0.0429565603127787,0.12809089730222126,-0.26156040411545345,-0.13373291857649874,-0.05364735640754377,0.036083863121996934,0.2186395598633085,992.5616878091282,22.25168503974576,400,6.533201459593776e-5,train_fit_end_to_end
Julian Okwara,Rusher,-0.04369504321097917,0.07540722196062909,-0.1638941985437004,-0.0992563874189357,-0.053202307665750626,0.006818661504941037,0.12216871371053946,992.4334001900609,13.098860802808376,400,6.533201459593776e-5,train_fit_end_to_end
Shaquille Quarterman,Rusher,-0.043721373209571236,0.032426832307715564,-0.10808084510848148,-0.06707848823747088,-0.04384499561060835,-0.022332367102930455,0.015733047424990765,992.4288262008221,5.634421270610594,400,6.533201459593776e-5,train_fit_end_to_end
Jermaine Carter Jr.,Rusher,-0.044291153752035316,0.03787595625977349,-0.1120664953066723,-0.06994193224269718,-0.04458570155359745,-0.023156877097729695,0.038180422459264174,992.3298451826269,6.580381294712585,400,6.533201459593776e-5,train_fit_end_to_end
Davion Taylor,Rusher,-0.044420215552395365,0.025185281553255754,-0.09279638289873197,-0.06114592242304824,-0.04468494770087639,-0.026047570629111116,0.0073611081554347466,992.3074248515385,4.375636803046073,400,6.533201459593776e-5,train_fit_end_to_end
Cole Holcomb,Rusher,-0.0447314587420571,0.053032839200505076,-0.13273174018996003,-0.08223080254741381,-0.04950508056919151,-0.013216648758345228,0.06526194407799002,992.2533563716185,9.21263049564094,400,6.533201459593776e-5,train_fit_end_to_end
Tyler Larsen,Blocker,-0.044855728411278495,0.08172251060639525,-0.21416709438631742,-0.09098286926231641,-0.033348077129942186,0.004921959300324772,0.10058908492828224,992.2317685189741,14.196430932267118,400,6.533201459593776e-5,train_fit_end_to_end
Demone Harris,Rusher,-0.044956299772454786,0.025642059639026302,-0.10694483890293408,-0.059449736112849504,-0.04304198950040012,-0.02968508103968439,0,992.2142974840956,4.454469117886159,400,6.533201459593776e-5,train_fit_end_to_end
Trent Harris,Rusher,-0.04497157360558209,0.035027602755627205,-0.11143768011956093,-0.06391852386524763,-0.053166040579576135,-0.009722394733693424,0,992.2116441475177,6.086004393324628,400,6.533201459593776e-5,train_fit_end_to_end
Mekhi Becton,Blocker,-0.045148069798036206,0.05072938521000298,-0.16210298166509532,-0.06245700307096859,-0.04952030593724649,0,0,992.1809836185338,8.813097539611068,400,6.533201459593776e-5,train_fit_end_to_end
Michael Jordan,Blocker,-0.04517377173124393,0.10942746562473926,-0.284752530334028,-0.11674959252865985,-0.031049381016400826,0.03807752467360373,0.12014228079205756,992.1765187354273,19.009065596840593,400,6.533201459593776e-5,train_fit_end_to_end
Shaq Lawson,Rusher,-0.04528750483545144,0.10036342211181222,-0.21267052070153086,-0.11934942528633685,-0.053814097144048154,0.01774176902032543,0.17848819961875093,992.1567612716004,17.43500098576699,400,6.533201459593776e-5,train_fit_end_to_end
Lawrence Guy,Rusher,-0.04605414972723201,0.09026596024432255,-0.2030911282242677,-0.10754762386832845,-0.048838892713554724,0.019277917583483094,0.13507422401954905,992.0235814131686,15.680270759700484,400,6.533201459593776e-5,train_fit_end_to_end
Colby Gossett,Blocker,-0.04608215517134411,0.058280532458893704,-0.15324752143360718,-0.08156960494895205,-0.052228935857628216,0.0041966737659399015,0.04298871593702411,992.0187163692322,10.124282388873121,400,6.533201459593776e-5,train_fit_end_to_end
Lerentee Mccray,Rusher,-0.04635182741745216,0.022252849402051984,-0.09012197289318966,-0.06182676869339982,-0.045067138643649925,-0.03086218320057364,-0.005581315821952971,991.9718695018693,3.866503956749816,400,6.533201459593776e-5,train_fit_end_to_end
Zach Cunningham,Rusher,-0.04729366725680122,0.032138840936844014,-0.11565115118516095,-0.06821039923934796,-0.0459829117300969,-0.025779632346293158,0.01361067576714309,991.8082551638429,5.583173244847654,400,6.533201459593776e-5,train_fit_end_to_end
Blake Hance,Blocker,-0.04732889584812918,0.10342268389039674,-0.2378741730600059,-0.11731179604184375,-0.04695738759842753,0.018227549289866744,0.15120984339899035,991.8021353307153,17.966247272923212,400,6.533201459593776e-5,train_fit_end_to_end
Senio Kelemete,Blocker,-0.04759523274643374,0.0497950647984952,-0.15580699137654025,-0.07042638204258127,-0.04873945084363378,-0.004100426406878895,0.020113376659380795,991.7558678726109,8.65019147868729,400,6.533201459593776e-5,train_fit_end_to_end
Jarrad Davis,Rusher,-0.04765986158037412,0.02170076344134293,-0.09263741263508676,-0.061903744582453596,-0.04742393429321077,-0.03222028764424169,-0.007306444160158905,991.74464069423,3.7703476722128055,400,6.533201459593776e-5,train_fit_end_to_end
Charles Harris,Rusher,-0.04771459042760388,0.12886512584380236,-0.2628700724673272,-0.14303733753009956,-0.059597205185795046,0.04376596878964802,0.22000198921336975,991.735133319689,22.385706263402938,400,6.533201459593776e-5,train_fit_end_to_end
Royce Newman,Blocker,-0.04800529428259202,0.12142557362888552,-0.27390419807600835,-0.13319409331054594,-0.046809869808692374,0.03803629803122119,0.1995794065639893,991.6846328876533,21.09451003634771,400,6.533201459593776e-5,train_fit_end_to_end
Justin Strnad,Rusher,-0.04806024540694188,0.025811435258108906,-0.09507739199875685,-0.06470769939276017,-0.04863389341272478,-0.031306501852945486,0.004638416531268717,991.6750868996214,4.483851315077176,400,6.533201459593776e-5,train_fit_end_to_end
Kyzir White,Rusher,-0.04818093999673285,0.039672379713723754,-0.12202501748438965,-0.0780214918861327,-0.04736812689764143,-0.019514350431361106,0.029589197476332374,991.6541201018847,6.891989247589999,400,6.533201459593776e-5,train_fit_end_to_end
Rashaan Evans,Rusher,-0.04858062681688845,0.02106016381542685,-0.08988354614414525,-0.06436274556976476,-0.048479922112353774,-0.03352422713632685,-0.00846772899881882,991.5846873896915,3.6587064592653333,400,6.533201459593776e-5,train_fit_end_to_end
Troy Dye,Rusher,-0.049551087725995355,0.032416920806467756,-0.11460547132677291,-0.06794231256761392,-0.05044182298216851,-0.02528170191446886,0,991.4161010626003,5.631036522196256,400,6.533201459593776e-5,train_fit_end_to_end
Willie Gay,Rusher,-0.04957403693179362,0.048256806817796614,-0.13029774483601098,-0.08674800205915466,-0.05368118505266825,-0.018306698528751955,0.0515183708457005,991.4121143772234,8.382088773382153,400,6.533201459593776e-5,train_fit_end_to_end
Ja'Whaun Bentley,Rusher,-0.04966068074816891,0.07128400151770355,-0.16109033056378305,-0.09977155086842299,-0.062099150265852124,-0.011519087166430143,0.12840139615673224,991.3970628046862,12.382511710189883,400,6.533201459593776e-5,train_fit_end_to_end
Christian Barmore,Rusher,-0.050022319425346046,0.1233844078436825,-0.2573022783065539,-0.13679327278911868,-0.06233294481813858,0.02764470427091271,0.20996314489849596,991.33423973191,21.434215686983805,400,6.533201459593776e-5,train_fit_end_to_end
Demetrius Flannigan-Fowles,Rusher,-0.050225792588255574,0.02574832553270095,-0.09963078904908619,-0.06753348952921609,-0.05123595926658594,-0.03146966642834288,-0.0037076271299486263,991.2988928231631,4.472835298318365,400,6.533201459593776e-5,train_fit_end_to_end
Rashod Berry,Rusher,-0.05022947975904023,0.039952530931113,-0.13148220758518755,-0.07384327282629284,-0.05688921425251016,-0.012999003893872405,0.009419763631228612,991.2982522959929,6.939650573403757,400,6.533201459593776e-5,train_fit_end_to_end
Jalyn Holmes,Rusher,-0.05108557235313653,0.06634283256257065,-0.1554960544661945,-0.10551236120984839,-0.053680507815046824,-0.007758017828731086,0.09699533554103623,991.1495337801472,11.524759953478059,400,6.533201459593776e-5,train_fit_end_to_end
Myles Jack,Rusher,-0.051104266739174425,0.034801244822223555,-0.1169924143106731,-0.07463205116046275,-0.051874619328735695,-0.030297521490499153,0.02048376628863966,991.1462862326676,6.045912835583085,400,6.533201459593776e-5,train_fit_end_to_end
Jeremiah Attaochu,Rusher,-0.0514656416765554,0.030385814704328266,-0.10638316679707854,-0.07346540158166173,-0.05118583081991418,-0.029299557747880046,0.005610287015973278,991.0835089761866,5.278612450127815,400,6.533201459593776e-5,train_fit_end_to_end
Chris Rumph II,Rusher,-0.05152602752403719,0.03079232330574588,-0.10801193868933703,-0.07202956083092844,-0.05296230854474669,-0.03341869370258053,0.012699893183485546,991.073018880048,5.348761510878479,400,6.533201459593776e-5,train_fit_end_to_end
Dakota Allen,Rusher,-0.051694512614804636,0.029456499283025843,-0.10997553435487853,-0.07219354907194453,-0.05089558784475229,-0.03460978207094641,0,991.0437500219667,5.118441958910575,400,6.533201459593776e-5,train_fit_end_to_end
T.J. Slaton,Rusher,-0.05171046772103811,0.04751635392570744,-0.1455194142985465,-0.07969776056212763,-0.05547988254043765,-0.022032398649356178,0.049705025614135874,991.0409783361285,8.253630257698992,400,6.533201459593776e-5,train_fit_end_to_end
Patrick Jones II,Rusher,-0.05189947737524723,0.028532814031747032,-0.1019549235627983,-0.07197945856857164,-0.0518041423453649,-0.03246468317116104,0.0031471426668133813,991.0081439961888,4.956172115164699,400,6.533201459593776e-5,train_fit_end_to_end
Tommy Togiai,Rusher,-0.052633721352299136,0.05758734243152659,-0.15407106185435024,-0.09375679866905277,-0.058410190425676196,-0.012272435024203287,0.06893162311829477,990.8805927531471,10.003561454920916,400,6.533201459593776e-5,train_fit_end_to_end
Eric Kendricks,Rusher,-0.05275399680943027,0.08231199298856828,-0.17520889301170306,-0.11911799077673946,-0.06404508350659066,0.00382054548588729,0.13050220920263986,990.8596987662108,14.299387122281933,400,6.533201459593776e-5,train_fit_end_to_end
Andrew Billings,Rusher,-0.05286654036910273,0.02811327337768853,-0.10553242120146619,-0.07186045866044088,-0.05515408970276848,-0.03371888254912923,0.0033545146208251763,990.8401479474351,4.883485718719249,400,6.533201459593776e-5,train_fit_end_to_end
Cameron Malveaux,Rusher,-0.053315476289842734,0.05437180648523343,-0.17025422550127595,-0.08375475670577452,-0.06177329207675421,-0.004542654487609251,0.015651237967002525,990.7621597901929,9.444750746342457,400,6.533201459593776e-5,train_fit_end_to_end
Bobby Hart,Blocker,-0.053667461098333646,0.05254717606401896,-0.15369196386229492,-0.09792617053545555,-0.048363003517247316,-0.009054658554238832,0.027178977441227804,990.7010137661763,9.127626575189797,400,6.533201459593776e-5,train_fit_end_to_end
K.J. Wright,Rusher,-0.053786564009619384,0.03286863610192754,-0.12059845519076877,-0.07654755080058727,-0.05368259529752731,-0.031340121068162544,0.006080031540308445,990.6803234713163,5.709296200412688,400,6.533201459593776e-5,train_fit_end_to_end
Antwaun Woods,Rusher,-0.053814387164797084,0.027990769673039866,-0.10933120911479823,-0.07280239905077815,-0.053696362169880614,-0.03143263370599525,-0.0019043354087612842,990.6754900942112,4.863118891264561,400,6.533201459593776e-5,train_fit_end_to_end
Austin Reiter,Blocker,-0.05408066675334999,0.08124292707206054,-0.21745091214307208,-0.10862704106473405,-0.05145420691829658,6.620860136781967e-4,0.09314084331639191,990.6292325918304,14.113026045208759,400,6.533201459593776e-5,train_fit_end_to_end
Christian Wilkins,Rusher,-0.05422965121052945,0.0916623126199594,-0.22278733245513602,-0.11522553659026286,-0.05179366957768792,0.006138530419984762,0.12708542499323455,990.6033513407734,15.922906708754851,400,6.533201459593776e-5,train_fit_end_to_end
Jordan Mailata,Blocker,-0.054788957297320806,0.07701288944902726,-0.19662610827736077,-0.10615884420667084,-0.0598552282993197,-0.00472668342246018,0.10080744449872867,990.5061899218981,13.379184464074907,400,6.533201459593776e-5,train_fit_end_to_end
Jackson Barton,Blocker,-0.05489954342484593,0.03521913207012871,-0.11476088729202891,-0.08128432974829065,-0.04872236124444042,-0.03510160303478236,0,990.4869791439144,6.117568774233638,400,6.533201459593776e-5,train_fit_end_to_end
Xavier Su'A-Filo,Blocker,-0.05507583853166593,0.08226577649640124,-0.22666929224388585,-0.09915963299200473,-0.06577271411971283,0,0.07265953945533742,990.456353547083,14.29162254371488,400,6.533201459593776e-5,train_fit_end_to_end
Jonas Griffith,Rusher,-0.05523203996980551,0.02980182600383105,-0.11211967892609989,-0.07545733665632472,-0.05759327210806067,-0.03601099768727149,0,990.4292185780232,5.1770091472653235,400,6.533201459593776e-5,train_fit_end_to_end
Deatrich Wise Jr.,Rusher,-0.0553320353260153,0.10952241246368413,-0.2452162019320784,-0.13849328875984263,-0.05942725427241004,0.020554260469981725,0.1759997212106166,990.411847605456,19.026889648843948,400,6.533201459593776e-5,train_fit_end_to_end
Dan Moore Jr.,Blocker,-0.05543369274157633,0.10021350216735386,-0.24103563632750935,-0.12595426927483283,-0.058362959180957574,0.015977302071573884,0.13618440062001275,990.3941879036071,17.40823469806069,400,6.533201459593776e-5,train_fit_end_to_end
Alex Okafor,Rusher,-0.055653417843995336,0.0836618241003015,-0.1962964691371214,-0.12267537565764275,-0.06042059959803919,0.0025759578288613375,0.10370605020334879,990.3560177438005,14.533897814994198,400,6.533201459593776e-5,train_fit_end_to_end
Ernest Jones,Rusher,-0.05576975651015607,0.028623686438234673,-0.108919734029922,-0.07563907999003922,-0.05728019625658465,-0.03794671661049908,0.0020335613629025324,990.3358076475023,4.97231583952608,400,6.533201459593776e-5,train_fit_end_to_end
Roy Lopez,Rusher,-0.0565014879351101,0.12736038462735566,-0.25281235336295865,-0.1541852610707548,-0.07115079713397754,0.03570479999548362,0.21402097765770114,990.2086928794652,22.12597551232759,400,6.533201459593776e-5,train_fit_end_to_end
Germain Ifedi,Blocker,-0.057530325308660035,0.1400522799059973,-0.3302646417716302,-0.15500347287085192,-0.05673432823377299,0.036218247201507105,0.1884250506022142,990.0299655218217,24.329631886448663,400,6.533201459593776e-5,train_fit_end_to_end
Jerry Tillery,Rusher,-0.05777756015380566,0.1154462041297445,-0.2713708720173489,-0.14015031850703305,-0.05750047094029745,0.021223031885098925,0.17250306736139503,989.9870164302293,20.0534242877571,400,6.533201459593776e-5,train_fit_end_to_end
James Smith-Williams,Rusher,-0.05801550607043421,0.061547133179843776,-0.16508469000248624,-0.10467555878269219,-0.05910406739256187,-0.014944995316054428,0.06494221879455984,989.9456809907962,10.691638599822303,400,6.533201459593776e-5,train_fit_end_to_end
Isaiah Prince,Blocker,-0.05832857610205908,0.08703961041947028,-0.21727438949579786,-0.1186555462758171,-0.06266899618397855,-0.003280581102677543,0.11102357613349845,989.8912951559225,15.119475935855863,400,6.533201459593776e-5,train_fit_end_to_end
Eric Fisher,Blocker,-0.05853707322470841,0.10781743298661203,-0.26957317041912493,-0.1368574454676141,-0.04997027869011657,0.014318662140313979,0.1303478935963322,989.8550754959788,18.73092690346294,400,6.533201459593776e-5,train_fit_end_to_end
Mykal Walker,Rusher,-0.058553617726205674,0.021023572225027078,-0.09787454659119828,-0.07353673498464311,-0.05922540535534882,-0.04516025849377055,-0.01639592304440542,989.8522014216963,3.6529974379786028,400,6.533201459593776e-5,train_fit_end_to_end
Chris Hubbard,Blocker,-0.059495092257098,0.05910449294125159,-0.1936889039908515,-0.08767187267370792,-0.07951344030519242,0,0,989.6886505442487,10.267641645674427,400,6.533201459593776e-5,train_fit_end_to_end
Zach Kerr,Rusher,-0.059632494301625635,0.03472042197646463,-0.1251621492413841,-0.08335664379395792,-0.060095426380503136,-0.03342249376045742,0.004220220223078472,989.6647813643525,6.032450655599673,400,6.533201459593776e-5,train_fit_end_to_end
Bryce Huff,Rusher,-0.059647784922753154,0.05966724533016678,-0.16445930559610178,-0.1023770970381324,-0.06356090661607532,-0.013902631341690992,0.04934647865715971,989.6621251114003,10.365847740441154,400,6.533201459593776e-5,train_fit_end_to_end
Derrick Barnes,Rusher,-0.05979334484427849,0.03390202268414155,-0.11849351154750871,-0.08644255129496986,-0.06165300319254433,-0.039210220017891394,0.012508003161477307,989.6368387631185,5.888731259436931,400,6.533201459593776e-5,train_fit_end_to_end
Robert Spillane,Rusher,-0.06067512071962274,0.0304638464992515,-0.12663675776255603,-0.0792243335652818,-0.0600993450308277,-0.038483075712701445,-0.004775265631237319,989.4836586043434,5.2920135835283455,400,6.533201459593776e-5,train_fit_end_to_end
Leighton Vander Esch,Rusher,-0.060708044480716955,0.06288121382701964,-0.17063458968031542,-0.10265025749416788,-0.06610476954130687,-0.020223497141293074,0.0678095300919598,989.4779391612368,10.924245111967382,400,6.533201459593776e-5,train_fit_end_to_end
Kevin Strong,Rusher,-0.06097866474683768,0.03154144432568154,-0.12388549109666659,-0.0820329135163115,-0.060811102120939334,-0.04142933272213789,0.004868075020188217,989.4309276059298,5.4794739651713344,400,6.533201459593776e-5,train_fit_end_to_end
Josiah Bronson,Rusher,-0.061006123512259675,0.05940987738905536,-0.16713444048758166,-0.10396400507296669,-0.06239684796885394,-0.018193535373344366,0.04810986514048209,989.4261575298087,10.32094846423972,400,6.533201459593776e-5,train_fit_end_to_end
Zach Sieler,Rusher,-0.061111956913290584,0.13316381414923428,-0.2774104835144692,-0.16584562126689095,-0.0735355919886421,0.03091385989378478,0.21561426946964518,989.4077723849813,23.13268465711445,400,6.533201459593776e-5,train_fit_end_to_end
Kaden Elliss,Rusher,-0.061324437782946814,0.029566775448085527,-0.1146544432969174,-0.08266924729368519,-0.06411270621064909,-0.043987958295722586,0.0031857335579548412,989.3708606773006,5.1371761498350486,400,6.533201459593776e-5,train_fit_end_to_end
Patrick Queen,Rusher,-0.06208396314186467,0.038750170372288964,-0.1354923064139092,-0.08755134001666255,-0.06377892415210987,-0.03544203359056532,0.01700633388911251,989.2389176084031,6.732120436619015,400,6.533201459593776e-5,train_fit_end_to_end
Elijah Wilkinson,Blocker,-0.062256398976862616,0.07750043664196754,-0.21602546425414632,-0.11738772778922509,-0.05758833648136359,-0.012652071638802833,0.08245339946749249,989.2089624357543,13.463388918945958,400,6.533201459593776e-5,train_fit_end_to_end
Tyler Shelvin,Rusher,-0.06241426943691273,0.036187662040906766,-0.1274900621779399,-0.08840133695232709,-0.06422104205495333,-0.04211116219003834,0.0198623397828178,989.1815375278923,6.2863695731307505,400,6.533201459593776e-5,train_fit_end_to_end
T.J. Edwards,Rusher,-0.06261195434450618,0.03628943323544098,-0.12324005509385474,-0.08784201962471813,-0.06461142274809797,-0.040807642407606017,0.01662756090859666,989.1471961420829,6.304648807770162,400,6.533201459593776e-5,train_fit_end_to_end
Levi Onwuzurike,Rusher,-0.06297326508170951,0.12021513571149436,-0.24867113007791256,-0.15803872419517562,-0.06926643799113211,0.012487266607221891,0.19071924654995398,989.084430038315,20.883378830341037,400,6.533201459593776e-5,train_fit_end_to_end
Kevin Zeitler,Blocker,-0.06354443050772322,0.13535170560699877,-0.32454541609306803,-0.15858369832992802,-0.06974669863112923,0.028537189855952855,0.1933525204611097,988.9852084412063,23.512842346024776,400,6.533201459593776e-5,train_fit_end_to_end
Drue Tranquill,Rusher,-0.0636990264422214,0.026482214326607155,-0.11645198224577036,-0.08090181059179324,-0.06269505249866877,-0.04587953995851578,-0.008864543542536466,988.9583523766954,4.5992857633898785,400,6.533201459593776e-5,train_fit_end_to_end
Aj Jackson,Blocker,-0.06408038448569181,0.11271666517598537,-0.3573521021978166,-0.14151703325073883,-0.03496401826997898,0.035389326495676186,0.08247884536576834,988.8921036991319,19.581573703745523,400,6.533201459593776e-5,train_fit_end_to_end
Marlon Tuipulotu,Rusher,-0.06515869606142584,0.03616171648315895,-0.13713329922622708,-0.0904745277800221,-0.06586470094375715,-0.038396669028283065,0,988.7047817922864,6.282098152211395,400,6.533201459593776e-5,train_fit_end_to_end
Nick Vigil,Rusher,-0.0655116124119289,0.03794399438704464,-0.13993851805242435,-0.09116407619370015,-0.06538044724505851,-0.038101152046604775,0.003347664971930363,988.6434739428477,6.5903950754025225,400,6.533201459593776e-5,train_fit_end_to_end
Daquan Jones,Rusher,-0.06596787486267705,0.12052087694290413,-0.2571418148026734,-0.156150491421798,-0.07755722163643491,0.012396874833201564,0.19543659984663192,988.5642130369838,20.936956509529363,400,6.533201459593776e-5,train_fit_end_to_end
Tre'Vour Wallace-Simms,Blocker,-0.0660597022060687,0.06761331031277117,-0.23864400798215651,-0.08181864256784975,-0.0764026220447383,0,0,988.5482609935747,11.745837983440989,400,6.533201459593776e-5,train_fit_end_to_end
Brent Urban,Rusher,-0.06625281701632411,0.043188238164830854,-0.15162146328849974,-0.0937172442325024,-0.06902053689809524,-0.03768644667768753,0.027885933128259207,988.5147135149876,7.500895729592836,400,6.533201459593776e-5,train_fit_end_to_end
Nate Herbig,Blocker,-0.06677131289710808,0.07281883231147793,-0.20475269648004152,-0.11404091119730186,-0.06909402543286372,-0.02352802477241315,0.07820268642785487,988.424641555022,12.64981811067982,400,6.533201459593776e-5,train_fit_end_to_end
Carlos Davis,Rusher,-0.06706924532756925,0.03378635335252585,-0.1306310464384233,-0.09036773485090349,-0.06734752862484363,-0.0413423542163319,0,988.3728853908103,5.8692661738026075,400,6.533201459593776e-5,train_fit_end_to_end
Walker Little,Blocker,-0.067112161801993,0.12982088020773638,-0.3605277019009961,-0.1572564184591022,-0.05181980301224147,0.03490297140367353,0.12101591910589282,988.3654300356003,22.552018310852194,400,6.533201459593776e-5,train_fit_end_to_end
Brandon Copeland,Rusher,-0.06719229573069872,0.048350716538642396,-0.15518081356131827,-0.09880754591188048,-0.07189980454868083,-0.03631307019448485,0.042755983502914936,988.3515093463802,8.399529734576323,400,6.533201459593776e-5,train_fit_end_to_end
Trysten Hill,Rusher,-0.06808088064925089,0.0674370190706874,-0.18655418085657294,-0.11639581926863103,-0.07577012026426559,-0.021617806419812292,0.07899610161382237,988.1971463356484,11.714799928699353,400,6.533201459593776e-5,train_fit_end_to_end
Aaron Stinnie,Blocker,-0.0686074017139993,0.08353886313508516,-0.2642997907025807,-0.09930261693180838,-0.06454360087447,-0.002650670227907491,0.04297726879430285,988.1056802584379,14.512526974071568,400,6.533201459593776e-5,train_fit_end_to_end
Ty Nsekhe,Blocker,-0.06861991499174797,0.08172852439945456,-0.24807840466342268,-0.12524964614153178,-0.06422660609617666,-0.012230231733957188,0.07733067966253991,988.1035064794472,14.197444817910627,400,6.533201459593776e-5,train_fit_end_to_end
Andrew Thomas,Blocker,-0.0687958883719832,0.08524624491208485,-0.2309432853930316,-0.1269980299406505,-0.06896916545872417,-0.014764188686352901,0.09669681457127233,988.072936772248,14.809476141946346,400,6.533201459593776e-5,train_fit_end_to_end
Neville Hewitt,Rusher,-0.06917140617010364,0.03096752189934229,-0.12214288659250644,-0.091609518726166,-0.06982317814350648,-0.05052792318481425,0.002752365881439003,988.007702649216,5.380478030527848,400,6.533201459593776e-5,train_fit_end_to_end
Tipa Galeai,Rusher,-0.06953480998021201,0.02847070551477822,-0.12195149460760062,-0.08958975665741159,-0.07027799869505838,-0.05333444497458073,-0.008298443453733354,987.9445729414429,4.945448204187034,400,6.533201459593776e-5,train_fit_end_to_end
Jamie Collins Sr.,Rusher,-0.06956787638113468,0.04840932105390677,-0.15908257945953946,-0.102294116672376,-0.07063411376015657,-0.03515198447132057,0.023765196664550865,987.9388287192601,8.409276745284014,400,6.533201459593776e-5,train_fit_end_to_end
Denzel Perryman,Rusher,-0.06957668516327203,0.03315381779245716,-0.12632648754482753,-0.09422704091546834,-0.06982932915559703,-0.045900130421837756,-0.005963127140521079,987.9372984770703,5.759044527614436,400,6.533201459593776e-5,train_fit_end_to_end
Deion Jones,Rusher,-0.07076958558240833,0.03888073555105119,-0.1440309165398403,-0.09711613403531243,-0.07322240912641793,-0.04642634349243448,0.010280418681765966,987.7300704492739,6.7549428123791335,400,6.533201459593776e-5,train_fit_end_to_end
Yodny Cajuste,Blocker,-0.0711084394557548,0.09214256805147175,-0.26732215087843886,-0.12725976341954634,-0.05166332753190716,0,0.05901718888061018,987.6712055023274,16.00489541512459,400,6.533201459593776e-5,train_fit_end_to_end
Cameron Erving,Blocker,-0.0712090145994581,0.10071998627621126,-0.25229661495664224,-0.14063257291791129,-0.07475507393586767,-0.01153225880756069,0.12365104573077376,987.6537338103567,17.49702983333989,400,6.533201459593776e-5,train_fit_end_to_end
Alton Robinson,Rusher,-0.0716927572487187,0.05526742685549944,-0.16835157629230835,-0.11296432664142356,-0.07463690680691326,-0.03752173069064195,0.04426621913124506,987.5696991050627,9.601345528753797,400,6.533201459593776e-5,train_fit_end_to_end
Jaleel Johnson,Rusher,-0.07193521873235756,0.06427334192621977,-0.18805443393496016,-0.11427322776600607,-0.07657018222547043,-0.02988768908380812,0.06207647954590137,987.5275792312952,11.166004584947705,400,6.533201459593776e-5,train_fit_end_to_end
Joe Haeg,Blocker,-0.07209151088931437,0.14547204864100133,-0.3557117281139458,-0.1724173269459504,-0.06431193484709138,0.04519961613832875,0.1718556003317477,987.5004285027628,25.270604610742804,400,6.533201459593776e-5,train_fit_end_to_end
Daniel Brunskill,Blocker,-0.07304471196817926,0.12406371773704183,-0.33798833772748327,-0.1482999963897259,-0.06663393792756545,0.0064691951863559815,0.1515026661623657,987.3348405152848,21.55172549678518,400,6.533201459593776e-5,train_fit_end_to_end
Cedric Ogbuehi,Blocker,-0.07307750592566227,0.07643295043851397,-0.2451911110455377,-0.11000716080242695,-0.1000431008302343,0,0,987.3291436213749,13.278351910530043,400,6.533201459593776e-5,train_fit_end_to_end
Alec Ogletree,Rusher,-0.07384049843836317,0.02928453224459054,-0.12926966496440234,-0.0929159193707921,-0.07435198689020839,-0.05600388133575086,-0.01784183685745111,987.1965982461751,5.0871907912505,400,6.533201459593776e-5,train_fit_end_to_end
Carl Nassib,Rusher,-0.07462054995554367,0.08263366871238666,-0.187518613207583,-0.13720955753945607,-0.08876250848967583,-0.02608817481672118,0.12277201193123291,987.0610894183703,14.354174451714627,400,6.533201459593776e-5,train_fit_end_to_end
Andre Mintze,Rusher,-0.07479163773710215,0.03656410229786642,-0.13663854396639272,-0.09975018322418905,-0.0772355162195258,-0.053123920494416416,0,987.0313684265897,6.351775343220517,400,6.533201459593776e-5,train_fit_end_to_end
Da'Shawn Hand,Rusher,-0.07486915174583247,0.04818624913701324,-0.15805373904472553,-0.11000627859181723,-0.07848343858535325,-0.04399632344496214,0.005339870949045179,987.0179028640849,8.370534890726065,400,6.533201459593776e-5,train_fit_end_to_end
Charles Leno Jr.,Blocker,-0.07567505203977784,0.10706157496818365,-0.27802854689425516,-0.15315830814094472,-0.08100444065165044,0.004110623414314117,0.12849964487914903,986.877903643835,18.598624079631048,400,6.533201459593776e-5,train_fit_end_to_end
Cesar Ruiz,Blocker,-0.07587811623655161,0.12016068264399468,-0.3030473798022779,-0.15988873415545254,-0.0742918368145157,0.010334705435861687,0.14792564616485127,986.8426277797827,20.873156158257416,400,6.533201459593776e-5,train_fit_end_to_end
Porter Gustin,Rusher,-0.07593077514135141,0.04079977025081282,-0.15469300007682873,-0.10515260705722707,-0.0761527342950368,-0.046042630540782434,1.2742314078348914e-5,986.8334799910716,7.08747369429813,400,6.533201459593776e-5,train_fit_end_to_end
Rakeem Nunez-Roches,Rusher,-0.07620191272247023,0.04227159668664383,-0.15834403282961948,-0.10599851774080728,-0.07285581536076055,-0.04579960249074472,8.752864403200752e-4,986.786378568945,7.343584928402978,400,6.533201459593776e-5,train_fit_end_to_end
Tremaine Edmunds,Rusher,-0.07698976014771783,0.03803256807582254,-0.14984048223746524,-0.10138289814058801,-0.07862445192607101,-0.0511962336745869,-7.828468748987097e-4,986.6495154531983,6.607545396784695,400,6.533201459593776e-5,train_fit_end_to_end
Dayo Odeyingbo,Rusher,-0.07702742884261812,0.05026561354234006,-0.17606944728694887,-0.10917924837195593,-0.07618972132865905,-0.04562661146097367,0.02113737073831942,986.642971730664,8.731864289094071,400,6.533201459593776e-5,train_fit_end_to_end
Ben Banogu,Rusher,-0.0775851596649526,0.027581316520424767,-0.1264462870639819,-0.09764483075518526,-0.07757773581035482,-0.05869658656186268,-0.022039009781879827,986.5460839632532,4.791479658058246,400,6.533201459593776e-5,train_fit_end_to_end
Bobby Wagner,Rusher,-0.07760893271523606,0.03939829087851382,-0.14643530395898846,-0.1048011807768266,-0.07946162239945957,-0.05237698547256367,0.00956168097512718,986.5419541614307,6.843563151551049,400,6.533201459593776e-5,train_fit_end_to_end
Jackson Carman,Blocker,-0.07782417296824372,0.1447223720428042,-0.37943040008455836,-0.1746795630452434,-0.07823521812707857,0.03654537791981696,0.16445567328881697,986.5045630997648,25.14082426762698,400,6.533201459593776e-5,train_fit_end_to_end
Jonathan Garvin,Rusher,-0.07788424445951626,0.08401478200784429,-0.21109890535791034,-0.14430579004808056,-0.08445064302105817,-0.0211561667923209,0.10605417764188076,986.4941276128931,14.594217821778022,400,6.533201459593776e-5,train_fit_end_to_end
Bobby Evans,Blocker,-0.07809279964445076,0.1248103448433127,-0.32830359726060193,-0.14478436579968373,-0.10548273984173762,0.04144019274625603,0.10026288294896396,986.4578978664973,21.68193296999901,400,6.533201459593776e-5,train_fit_end_to_end
Shaq Thompson,Rusher,-0.07859990630274764,0.03469215634590329,-0.14371859213263655,-0.10274138489005592,-0.07915424916502384,-0.05476513348862047,-0.011808653701539131,986.3698044171234,6.027368346183828,400,6.533201459593776e-5,train_fit_end_to_end
James Lynch,Rusher,-0.0790088827046211,0.04365199498586179,-0.1617825701246215,-0.11002429656034564,-0.08013130307333896,-0.052282645002128175,0.015011975425937274,986.2987579392985,7.582302750597243,400,6.533201459593776e-5,train_fit_end_to_end
Azeez Al-Shaair,Rusher,-0.07902900871557082,0.03475320116685766,-0.14538029713057457,-0.10134682338699152,-0.08143399646758318,-0.05795245073100125,-0.00602077546511343,986.2952616930993,6.038356050730887,400,6.533201459593776e-5,train_fit_end_to_end
Taco Charlton,Rusher,-0.07932428967684947,0.06370782525748113,-0.19604202734798332,-0.12613564974628486,-0.08561453807024963,-0.033959813351153834,0.04485180539886543,986.2439661362615,11.066176254380007,400,6.533201459593776e-5,train_fit_end_to_end
De'Vondre Campbell,Rusher,-0.07933145197740135,0.03690241944841545,-0.1410672956823705,-0.10721342225864187,-0.08124554905916496,-0.05566857963974782,7.882196163243474e-4,986.2427219172185,6.409487738780876,400,6.533201459593776e-5,train_fit_end_to_end
Tim Ward,Rusher,-0.07950068140752807,0.031175053850142753,-0.13746083922613406,-0.10134848484863682,-0.07949952964570238,-0.06073037195767429,-0.014723300437944583,986.2133237541467,5.416247323339306,400,6.533201459593776e-5,train_fit_end_to_end
Logan Wilson,Rusher,-0.07964125465684406,0.032372803531648474,-0.1405705339961482,-0.10255713353787886,-0.08046728405936833,-0.05817479593361482,-0.01984235863592666,986.1889036795542,5.6227697222505855,400,6.533201459593776e-5,train_fit_end_to_end
Elgton Jenkins,Blocker,-0.08050376518856225,0.07664498817385909,-0.22066693716020752,-0.13368316841029054,-0.08046624494668642,-0.028411729460170652,0.07259791983205607,986.0390702537508,13.31434994239349,400,6.533201459593776e-5,train_fit_end_to_end
Jayon Brown,Rusher,-0.0823570852817163,0.03590685819308781,-0.13925039133901457,-0.10758022540594701,-0.08780743415310152,-0.061605978515575914,0.005094171214860661,985.7171155778879,6.237814164619202,400,6.533201459593776e-5,train_fit_end_to_end
Kenny Young,Rusher,-0.08268603033450748,0.0346301633695997,-0.15225741695513204,-0.1064322289164208,-0.0827702743140564,-0.06072383684889512,-0.010880782059928866,985.6599719693772,6.01637599328462,400,6.533201459593776e-5,train_fit_end_to_end
Ereck Flowers Sr.,Blocker,-0.08271904440452636,0.16431325442106823,-0.38395357113919265,-0.19592595521662792,-0.08778586795868551,0.045156602888014846,0.22545547180485703,985.6542368380035,28.54429336326865,400,6.533201459593776e-5,train_fit_end_to_end
Solomon Kindley,Blocker,-0.0837480416894236,0.04229575694164278,-0.15658063052932436,-0.11261802411187787,-0.08601450697588578,-0.05154156464594195,0,985.4754817009137,7.347204551010726,400,6.533201459593776e-5,train_fit_end_to_end
Greg Gaines,Rusher,-0.08485152255364106,0.14395385789020054,-0.3297348819596313,-0.19226973316837248,-0.08924627446690758,0.013772815263150832,0.2083522458954091,985.2837874408275,25.008526318597134,400,6.533201459593776e-5,train_fit_end_to_end
John Jenkins,Rusher,-0.0848621478697406,0.06657541063753125,-0.2111142660464577,-0.12771164634395626,-0.0858750930259033,-0.04188738053691751,0.06202455724193156,985.2819416343674,11.565669795662375,400,6.533201459593776e-5,train_fit_end_to_end
Christian Darrisaw,Blocker,-0.08489639264005815,0.14073548347041848,-0.3562810905724088,-0.18230814811167992,-0.09096760066263362,0.02159338035173167,0.16531994069067193,985.2759927084542,24.44764292355836,400,6.533201459593776e-5,train_fit_end_to_end
Devon Kennard,Rusher,-0.08561271995053282,0.038431972349668504,-0.156810698883465,-0.11378037167809622,-0.08782272539003552,-0.057386991500548344,-0.011444682140534969,985.1515539091839,6.676150143186595,400,6.533201459593776e-5,train_fit_end_to_end
Cory Littleton,Rusher,-0.0856317876200052,0.030771693870419475,-0.1376516530524711,-0.10679370837851745,-0.08865097475717917,-0.06771527472793817,-0.021436820477397325,985.14824151573,5.345484221265204,400,6.533201459593776e-5,train_fit_end_to_end
Germaine Pratt,Rusher,-0.08565107965390936,0.03899900618155123,-0.16058440136418192,-0.11033894346299933,-0.08586858787859086,-0.061439439850477076,-0.00816771036865606,985.1448901461823,6.774722152931392,400,6.533201459593776e-5,train_fit_end_to_end
Krys Barnes,Rusher,-0.08593741545829965,0.023433871865231003,-0.1353888679483547,-0.10195208516612053,-0.08553953277785684,-0.07152924732044345,-0.037389791541120244,985.095148522255,4.069670717800336,400,6.533201459593776e-5,train_fit_end_to_end
William Gholston,Rusher,-0.08623802330723236,0.037176353603791124,-0.154745706553857,-0.11276456159539053,-0.08881615290561781,-0.05949740417153163,-0.012098034002222664,985.0429275902518,6.459058849329963,400,6.533201459593776e-5,train_fit_end_to_end
Larrell Murchison,Rusher,-0.0863198188667184,0.044709389796333654,-0.1667196599513277,-0.11746188892161773,-0.08646646279495687,-0.05894624804965322,6.038072720592515e-4,985.0287182462002,7.767070364897159,400,6.533201459593776e-5,train_fit_end_to_end
Jaylon Smith,Rusher,-0.08690919065690113,0.024556133625677268,-0.13184488383698073,-0.10399169162279256,-0.08518693130130346,-0.06978296397033384,-0.04071783174993863,984.9263338796939,4.265263495755831,400,6.533201459593776e-5,train_fit_end_to_end
Anthony Nelson,Rusher,-0.0869707414818615,0.026025106729382838,-0.13867962561466557,-0.10382403981439589,-0.08516322650886016,-0.06826045654536503,-0.035926874670353305,984.9156414062392,4.522319946436525,400,6.533201459593776e-5,train_fit_end_to_end
Khyiris Tonga,Rusher,-0.08697336063283378,0.0414779343847266,-0.1665175968773439,-0.1146728903556711,-0.0877632716274788,-0.05803010787705673,-0.003981458903818676,984.9151864131134,7.205661478286601,400,6.533201459593776e-5,train_fit_end_to_end
Marcell Harris,Rusher,-0.08724002553083755,0.02926636204834744,-0.13739112261968756,-0.10743022658135154,-0.09092094892715132,-0.06946687977538574,-0.01977079240362296,984.8688619756252,5.084202126013277,400,6.533201459593776e-5,train_fit_end_to_end
D.J. Jones,Rusher,-0.08734182360449005,0.12611083314190238,-0.29404221535234143,-0.18297214162549036,-0.09533126377251497,-0.0014840462398531228,0.1803212164275169,984.8511778389629,21.907878955319386,400,6.533201459593776e-5,train_fit_end_to_end
Carl Davis Jr.,Rusher,-0.08769898475528727,0.07369070945664981,-0.20941337017973422,-0.1414131369540813,-0.09701540018365074,-0.038084904692113467,0.07287553104305107,984.7891325921863,12.80136447744426,400,6.533201459593776e-5,train_fit_end_to_end
Jalen Reeves-Maybin,Rusher,-0.0879396851294615,0.03161806039762253,-0.14880312116526312,-0.10877395589674366,-0.08772888560065002,-0.06947132826003534,-0.02262108274828047,984.747318654468,5.491754077397333,400,6.533201459593776e-5,train_fit_end_to_end
Christian Kirksey,Rusher,-0.08816015169911691,0.0377770362943511,-0.1600797607674344,-0.11309033642792198,-0.08669685874243985,-0.06534754777696139,-0.0012592040097911714,984.7090196886098,6.563960590169187,400,6.533201459593776e-5,train_fit_end_to_end
Chase Winovich,Rusher,-0.08847895738861268,0.026136658660784812,-0.13334353438561852,-0.10640599192430508,-0.09086390633736281,-0.07193904680451409,-0.03130627909544318,984.6536374679108,4.540853494228939,400,6.533201459593776e-5,train_fit_end_to_end
Michael Dunn,Blocker,-0.08857630517151026,0.10695233697143164,-0.3102107028192351,-0.1553048949702944,-0.09151879440215077,0,0.056406132898089,984.6367264259356,18.57949780605362,400,6.533201459593776e-5,train_fit_end_to_end
Carlos Watkins,Rusher,-0.08935048647972967,0.11553727637374223,-0.26482172199028886,-0.1862307005764104,-0.10029234236788329,-0.007884733962293736,0.1620057666481656,984.5022373578747,20.070019568503128,400,6.533201459593776e-5,train_fit_end_to_end
Kamu Grugier-Hill,Rusher,-0.0893924349494425,0.0381396699635599,-0.15910051315271448,-0.11536238612715717,-0.08931498942586913,-0.06383336143148252,-0.011626203335119401,984.4949501623065,6.62676544897094,400,6.533201459593776e-5,train_fit_end_to_end
Mike Mcglinchey,Blocker,-0.09029618658654749,0.10500246277782865,-0.30689719374882724,-0.16160217218416162,-0.08386534137045336,-0.006496490008129029,0.07589802872973266,984.3379524227042,18.241534366091553,400,6.533201459593776e-5,train_fit_end_to_end
Trey Hopkins,Blocker,-0.09041017369147263,0.12423779018380564,-0.31237181047103907,-0.17671068734771586,-0.09235709364494293,-0.006076089214895747,0.17043846111807898,984.3181508344334,21.581654486937705,400,6.533201459593776e-5,train_fit_end_to_end
Laurent Duvernay-Tardif,Blocker,-0.0904201664228465,0.0872644208428642,-0.26175185788941485,-0.14535779164371582,-0.09302801011503078,-0.029879365404596986,0.07702932083351008,984.3164149191954,15.159799433109415,400,6.533201459593776e-5,train_fit_end_to_end
Tim Settle,Rusher,-0.0904229531379936,0.03522054249148481,-0.16025606726558134,-0.11361807008744576,-0.0901916181866213,-0.0665987699046587,-0.02520125684266893,984.315930817191,6.1188635582382735,400,6.533201459593776e-5,train_fit_end_to_end
Divine Deablo,Rusher,-0.0904525775890377,0.02952869248814504,-0.14485190232791836,-0.11117473717654865,-0.09261000085355248,-0.07177261692906214,-0.021676285590730232,984.3107845229439,5.129201800877797,400,6.533201459593776e-5,train_fit_end_to_end
Brandon Shell,Blocker,-0.09057738666094217,0.08157380332338172,-0.2348576437069862,-0.14196555813557224,-0.09363172590847868,-0.04618783971456737,0.0868339624049813,984.2891029664561,14.171727809725128,400,6.533201459593776e-5,train_fit_end_to_end
Margus Hunt,Rusher,-0.0906043410221108,0.03746116507169047,-0.16280010126743968,-0.11189363246082831,-0.09272661390665435,-0.06609525453363635,-0.013371926923868589,984.2844205143285,6.507343009295625,400,6.533201459593776e-5,train_fit_end_to_end
Devin Bush,Rusher,-0.09082035743555406,0.030611251598870407,-0.151333602856964,-0.11198328920888055,-0.0906149286206413,-0.07080670292319693,-0.03324296215228299,984.2468946197849,5.316872571484395,400,6.533201459593776e-5,train_fit_end_to_end
Keanu Neal,Rusher,-0.09234222913004114,0.035182201560476044,-0.1550381500364476,-0.11600621891418722,-0.09477093236473469,-0.07087932285481778,-0.02225600902943946,983.9825184281527,6.110328766977424,400,6.533201459593776e-5,train_fit_end_to_end
Khalen Saunders,Rusher,-0.09247308313541125,0.03621321244126169,-0.16134900369531183,-0.11479086017067079,-0.09226170758451964,-0.06781732075178493,-0.02009484689121773,983.9597867591659,6.290142775542965,400,6.533201459593776e-5,train_fit_end_to_end
Daniel Wise,Rusher,-0.09265424665817738,0.04212622542460137,-0.1704450099289321,-0.11927280545934546,-0.09431902445733184,-0.06897470738843628,5.982626760915844e-5,983.9283154318621,7.317770822456892,400,6.533201459593776e-5,train_fit_end_to_end
Sam Cosmi,Blocker,-0.09345094951007522,0.07665403875745475,-0.2362508454842408,-0.14174576931444266,-0.09946044063471482,-0.0408025241940636,0.058120040272525035,983.7899139709438,13.315865432903303,400,6.533201459593776e-5,train_fit_end_to_end
Storm Norton,Blocker,-0.0942032961242509,0.09299737074740581,-0.2628437279693439,-0.15897471413918587,-0.10119281831225163,-0.03428201234641649,0.09104775662615605,983.6592179777377,16.155308958302424,400,6.533201459593776e-5,train_fit_end_to_end
Robert Nkemdiche,Rusher,-0.09518780740250536,0.048399321410556986,-0.18469565336521754,-0.12908252976057039,-0.09607970798374128,-0.06480216017841713,0.0025500911073800285,983.4881908515308,8.40718113264815,400,6.533201459593776e-5,train_fit_end_to_end
Chris Board,Rusher,-0.09520667102496677,0.03285471079355424,-0.15605518207430985,-0.11787896027638205,-0.09693919246619462,-0.07471917571488779,-0.023877329341582335,983.4849139046732,5.707757842724733,400,6.533201459593776e-5,train_fit_end_to_end
Isaac Rochell,Rusher,-0.09547290677081778,0.030809317811937353,-0.15439831116019162,-0.1168073315313308,-0.09520046339544325,-0.07687136512668828,-0.029909980704415882,983.4386640185498,5.352560193886804,400,6.533201459593776e-5,train_fit_end_to_end
Justin Jones,Rusher,-0.09613434429387774,0.09067148446158324,-0.2717061668874699,-0.15917586978647624,-0.10015098415743592,-0.03584312178433938,0.08715471705410782,983.3237605519944,15.751331797738452,400,6.533201459593776e-5,train_fit_end_to_end
Jaylon Ferguson,Rusher,-0.09670389489235247,0.038466904128821054,-0.16971969763335684,-0.12210676419522981,-0.09714786116303434,-0.07469992866565514,-0.013200278187469792,983.2248194791615,6.682233395473004,400,6.533201459593776e-5,train_fit_end_to_end
Isaiah Simmons,Rusher,-0.09687897924972495,0.031904236355911525,-0.1574171840080487,-0.12007014534228141,-0.09594911735606447,-0.0781223200095742,-0.032916886967168366,983.1944042110517,5.541530599088181,400,6.533201459593776e-5,train_fit_end_to_end
Ben Bredeson,Blocker,-0.09699683419207411,0.08500996285680924,-0.2644847220092349,-0.15488849189326542,-0.09987276059189065,-0.04116843821687661,0.06808676341394332,983.1739307106009,14.76779375160441,400,6.533201459593776e-5,train_fit_end_to_end
Joe Gaziano,Rusher,-0.09706003232278607,0.05377160169927308,-0.20125874094496127,-0.1294171635783073,-0.09743400394625382,-0.06281684324719175,0.010631352883467587,983.1629520708269,9.340509037990067,400,6.533201459593776e-5,train_fit_end_to_end
Andre Dillard,Blocker,-0.09809826082280236,0.1101225869512234,-0.3061755931183146,-0.17029737484822996,-0.08946524975902553,-0.010164593008973917,0.09196784666975538,982.9825933074222,19.130316978633147,400,6.533201459593776e-5,train_fit_end_to_end
Alex Leatherwood,Blocker,-0.0981729553670221,0.10535377013782672,-0.3070405976042653,-0.17344545324776414,-0.09740760605464124,-0.035361868770725446,0.11536706487017095,982.969617536069,18.301236730212217,400,6.533201459593776e-5,train_fit_end_to_end
Alex Bars,Blocker,-0.09840587535625228,0.09787103271371303,-0.31730819256412557,-0.15614627267133108,-0.08775190919091969,-0.024005492581048362,0.051929846528446254,982.9291551896499,17.00202866034138,400,6.533201459593776e-5,train_fit_end_to_end
Quinton Spain,Blocker,-0.098502114122314,0.1474576824862891,-0.37889054475012657,-0.19612985692908602,-0.10145447148923054,0.00491443404617836,0.19139190178763746,982.9124368036316,25.616586220889488,400,6.533201459593776e-5,train_fit_end_to_end
Marcus Cannon,Blocker,-0.09850419045582319,0.17070252227820096,-0.4709318263608181,-0.21452753060477575,-0.07942247342509284,0.036869070805792346,0.15190930935368535,982.9120761075574,29.654514004445666,400,6.533201459593776e-5,train_fit_end_to_end
Jake Curhan,Blocker,-0.09896073697544103,0.10557951189683712,-0.31130366325336917,-0.17332206295568192,-0.08880704454321507,-0.016038796186506138,0.07137886210511425,982.8327658538766,18.341556136899126,400,6.533201459593776e-5,train_fit_end_to_end
Jordan Simmons,Blocker,-0.09924174498074308,0.08435477127252952,-0.2923469099885745,-0.131684915353665,-0.10901139887493357,-0.022813716815730637,0,982.7839497634473,14.653581522592342,400,6.533201459593776e-5,train_fit_end_to_end
Fletcher Cox,Rusher,-0.09940027709402195,0.1546125464008961,-0.34292767625899917,-0.2297124165664977,-0.12187237176559212,0.019366727213252284,0.2278503091503175,982.7564099146466,26.859523187816734,400,6.533201459593776e-5,train_fit_end_to_end
Andrew Van Ginkel,Rusher,-0.10043185364582817,0.08406787462657872,-0.22889752936571414,-0.16079959620056805,-0.10818951906697724,-0.054816861232482375,0.07744534259356252,982.5772067130025,14.604528304951161,400,6.533201459593776e-5,train_fit_end_to_end
Morgan Moses,Blocker,-0.10047164769305923,0.12008154137989009,-0.34079963227548365,-0.17472882384240904,-0.09549268179142588,-0.024017804007609268,0.13256520294627444,982.5702937789525,20.861038057280034,400,6.533201459593776e-5,train_fit_end_to_end
Foyesade Oluokun,Rusher,-0.10128390049166433,0.03469720503214391,-0.17073305590863128,-0.12456974277811676,-0.10224741052731792,-0.07476309837301211,-0.030670377413151876,982.4291910156146,6.028461395509894,400,6.533201459593776e-5,train_fit_end_to_end
Jonah Williams,Blocker,-0.10138915116382967,0.1308453993953018,-0.34846022915273284,-0.18730437620655843,-0.10707476127737496,-0.007745017660214136,0.15897001547023132,982.4109071011594,22.73090028719957,400,6.533201459593776e-5,train_fit_end_to_end
Christian Ringo,Rusher,-0.10223701711098857,0.04836359589576487,-0.1919319560094918,-0.13448767836947934,-0.10243811100455963,-0.07198255518083896,-8.450083987040804e-5,982.2636177002615,8.401521028974084,400,6.533201459593776e-5,train_fit_end_to_end
Anthony Barr,Rusher,-0.10314021527150961,0.03531998516555094,-0.17221575589443827,-0.12481261846383024,-0.10230632729097552,-0.08161074874464244,-0.035615703140651565,982.1067161093897,6.135233470776628,400,6.533201459593776e-5,train_fit_end_to_end
Julie'N Davenport,Blocker,-0.10456564105697166,0.1190397769072725,-0.34365708929177435,-0.1873566056120716,-0.09583768257622073,-0.0039847215188242805,0.0769563106696634,981.8590942881942,20.67874896918132,400,6.533201459593776e-5,train_fit_end_to_end
Colton Mckivitz,Blocker,-0.10464291735429758,0.10614404429860591,-0.30002860327901126,-0.16654211188035095,-0.13530545589009235,0,0.019753352746566942,981.84567002039,18.439379318519887,400,6.533201459593776e-5,train_fit_end_to_end
Davon Hamilton,Rusher,-0.10485795008926983,0.07866823138975347,-0.2401371002291547,-0.16132224504557713,-0.11157884274575902,-0.05361347176503657,0.06310142547890243,981.8083150082992,13.666787495349537,400,6.533201459593776e-5,train_fit_end_to_end
Greg Van Roten,Blocker,-0.10542283994609926,0.11478857823692169,-0.3463727270996911,-0.18688460767174137,-0.09679932827161533,-0.033263695149870064,0.12276638438183808,981.7101835892175,19.940754110924413,400,6.533201459593776e-5,train_fit_end_to_end
D.J. Wonnum,Rusher,-0.10543930765211171,0.11596838372907363,-0.3097335758767548,-0.1907856378755047,-0.1146016034371278,-0.02907513130633797,0.14265377595918854,981.7073228556773,20.146055770273442,400,6.533201459593776e-5,train_fit_end_to_end
George Fant,Blocker,-0.1063683587264609,0.11081529288531203,-0.3084412780232509,-0.18707547922071985,-0.10855206512305621,-0.03438243100551944,0.1104650365874569,981.5459301536788,19.250259329373595,400,6.533201459593776e-5,train_fit_end_to_end
Tommy Doyle,Blocker,-0.10647273165472483,0.09046933286129294,-0.3231382698853168,-0.13994260626976876,-0.11126538868027934,-0.024484038310819654,0.005526968244391838,981.5277987189568,15.716468532213973,400,6.533201459593776e-5,train_fit_end_to_end
Alex Anzalone,Rusher,-0.10667026140193277,0.05032778585822888,-0.1932176571829921,-0.14410796471863382,-0.11000513435884916,-0.07454331202634808,-0.0036148284184629393,981.493484287267,8.742408133805826,400,6.533201459593776e-5,train_fit_end_to_end
Duane Brown,Blocker,-0.10704897816611009,0.13054367055496346,-0.34629588043491155,-0.21038879142947756,-0.10553105472975854,-0.012494647864626047,0.1369913708316457,981.4276944469125,22.67792969466651,400,6.533201459593776e-5,train_fit_end_to_end
Isaiah Buggs,Rusher,-0.1074254513082521,0.047398828474868045,-0.20183843495986306,-0.136707258953773,-0.1069255836869073,-0.0748786383065737,-0.021206351008082887,981.3622943636257,8.233145048418717,400,6.533201459593776e-5,train_fit_end_to_end
Ifeadi Odenigbo,Rusher,-0.1075328455848158,0.03208909455748145,-0.16914654300295925,-0.12842429867701044,-0.10838988986269632,-0.08757272068098695,-0.042704317655703275,981.3436380669458,5.573389356651698,400,6.533201459593776e-5,train_fit_end_to_end
Wyatt Raymond,Rusher,-0.1079736306348888,0.039710905115006086,-0.17843611496804407,-0.13379590930745067,-0.10889258578930858,-0.07963341310353483,-0.015525420156411564,981.267065860965,6.897898996675989,400,6.533201459593776e-5,train_fit_end_to_end
Quincy Williams,Rusher,-0.10834270996384902,0.031175662057975742,-0.16684403190725977,-0.13082413873466314,-0.10956931777559173,-0.08766586870008417,-0.04807334462193822,981.2029502145841,5.4168418057081595,400,6.533201459593776e-5,train_fit_end_to_end
Graham Glasgow,Blocker,-0.10891084097854535,0.09152778878781645,-0.28035767057637095,-0.1742995847838556,-0.10410244719617633,-0.04373418384766101,0.06609425251767466,981.1042557487119,15.899682112649025,400,6.533201459593776e-5,train_fit_end_to_end
Baron Browning,Rusher,-0.10937195541008993,0.030013232837905936,-0.1668540786703565,-0.12868330200090083,-0.11004622570130813,-0.08925339284134204,-0.05369776207421631,981.0241519674536,5.213830390970262,400,6.533201459593776e-5,train_fit_end_to_end
Ogbonnia Okoronkwo,Rusher,-0.10977453324365272,0.040570509627937915,-0.18698980062884424,-0.135970090343486,-0.11156439497045076,-0.08189575428202953,-0.03263158869566534,980.9542170347925,7.04809564863096,400,6.533201459593776e-5,train_fit_end_to_end
John Penisini,Rusher,-0.10994608589061264,0.06486001106827395,-0.22627575576821635,-0.15481788798762267,-0.11386571573701693,-0.0708819460856511,0.01772858930324878,980.9244152876201,11.267055339161443,400,6.533201459593776e-5,train_fit_end_to_end
D.J. Reader,Rusher,-0.11069409339818816,0.12592347382584784,-0.3309985695375981,-0.20564484250391504,-0.11671266455270243,-0.026764070884978217,0.14104775642581044,980.7944730744352,21.87435060803368,400,6.533201459593776e-5,train_fit_end_to_end
Malcolm Roach,Rusher,-0.11087084521217516,0.045938535049743455,-0.20224003823674555,-0.14095479420999035,-0.11187945673751234,-0.08219418649560764,-0.024980039110454825,980.763768139443,7.980868139863583,400,6.533201459593776e-5,train_fit_end_to_end
Spencer Brown,Blocker,-0.11178291534379114,0.14281006051595635,-0.37454735180399884,-0.2118880375152859,-0.11402075875473391,-0.021058151317798413,0.18790314859644444,980.6053253293351,24.80852584015276,400,6.533201459593776e-5,train_fit_end_to_end
Marlon Davidson,Rusher,-0.11199123629109817,0.038441885856823135,-0.18958968672655788,-0.13572238020500346,-0.11336333926414242,-0.08486294191415612,-0.043711371289857276,980.5691362741829,6.678063833992674,400,6.533201459593776e-5,train_fit_end_to_end
Roquan Smith,Rusher,-0.11240106052224853,0.03547627598304544,-0.17495426843865255,-0.13812170261496895,-0.11257976314427706,-0.08986437305461298,-0.04587107700704864,980.4979425133274,6.162720558073919,400,6.533201459593776e-5,train_fit_end_to_end
Caleb Benenoch,Blocker,-0.1124176348153353,0.12508137118191684,-0.41381425466310073,-0.16613774146909657,-0.14821300514898872,0,0,980.4950632637158,21.728561554449897,400,6.533201459593776e-5,train_fit_end_to_end
Jonathan Bullard,Rusher,-0.11298725586881761,0.03929975008141552,-0.18865300158366555,-0.1405334875016171,-0.11484052907668069,-0.08648965681574305,-0.03295211262520539,980.3961099515944,6.827658078390837,400,6.533201459593776e-5,train_fit_end_to_end
Bruce Irvin,Rusher,-0.1137561893555618,0.043058938768553545,-0.19719429777935152,-0.14161999091128114,-0.11536685883289935,-0.09055590954819798,-0.008665790459190147,980.262532523497,7.479688496780735,400,6.533201459593776e-5,train_fit_end_to_end
Eddie Goldman,Rusher,-0.11412949032070577,0.06929503394460479,-0.2382629703185857,-0.16342132758417072,-0.1145275529825312,-0.06569535938925689,0.018497488672621947,980.1976835037966,12.037538927438604,400,6.533201459593776e-5,train_fit_end_to_end
Jason Pierre-Paul,Rusher,-0.11501222351068419,0.03336400869498101,-0.17659020986899562,-0.13757839723968787,-0.11650502757626949,-0.09317545655855403,-0.04960873460179664,980.0443370424364,5.796104753527424,400,6.533201459593776e-5,train_fit_end_to_end
Austin Johnson,Rusher,-0.1154445081350858,0.09640180515145509,-0.2911499579548257,-0.1834920437876279,-0.11458741286826951,-0.05307877613752354,0.08477643733892805,979.9692415116407,16.746944276760004,400,6.533201459593776e-5,train_fit_end_to_end
Quinton Bohanna,Rusher,-0.11544561382642471,0.041086100034121616,-0.19617825784257573,-0.14200404366852407,-0.11714599435164555,-0.08923530970711008,-0.03219548493624614,979.9690494333818,7.136216754514955,400,6.533201459593776e-5,train_fit_end_to_end
Tyeler Davison,Rusher,-0.11572471350787449,0.06634434055065394,-0.23294054752552842,-0.16324847192797182,-0.11736112381195504,-0.07440508379032917,0.022177681586309353,979.92056485276,11.52536791117721,400,6.533201459593776e-5,train_fit_end_to_end
Alejandro Villanueva,Blocker,-0.11698540152504978,0.08874843781043251,-0.2888619912524433,-0.1723367067199256,-0.11926378481041769,-0.0617086873539874,0.06130393623966643,979.7015609130557,15.417759303847136,400,6.533201459593776e-5,train_fit_end_to_end
Kerry Hyder Jr.,Rusher,-0.11705499238350535,0.09238565562205363,-0.2826086339529624,-0.18471045402463107,-0.11842824496089446,-0.05597035745883957,0.06433479620717614,979.6894717427284,16.048875230353097,400,6.533201459593776e-5,train_fit_end_to_end
Daron Payne,Rusher,-0.11707686822097826,0.09492945416366173,-0.2923114221476087,-0.19106215380701008,-0.12000684949709062,-0.05310327849224001,0.08748520684003797,979.6856715205278,16.49083642614811,400,6.533201459593776e-5,train_fit_end_to_end
Kendall Lamm,Blocker,-0.11715588459271556,0.11961913467416838,-0.3717811201953028,-0.19471210605443387,-0.10953276512512926,-0.02695825910186846,0.07118674515357568,979.6719449708376,20.77935283471434,400,6.533201459593776e-5,train_fit_end_to_end
Ryan Mccollum,Blocker,-0.11841368847592246,0.07898347008467282,-0.27051722063975747,-0.17560502464580635,-0.11224359829061673,-0.06641744216149492,0.0069675297904786705,979.4534420565203,13.720642381178383,400,6.533201459593776e-5,train_fit_end_to_end
L.J. Collier,Rusher,-0.12019181209043735,0.04342724632163134,-0.21122543041545072,-0.14666074766717346,-0.11743825745524512,-0.09157191397770664,-0.038480926383346714,979.14455034695,7.5438355859039765,400,6.533201459593776e-5,train_fit_end_to_end
Oshane Ximines,Rusher,-0.12031369399802776,0.03408497355247327,-0.1804005008640292,-0.14361961020057668,-0.11977603967908021,-0.09846940927789727,-0.05323006075410837,979.1233772909859,5.920630808772878,400,6.533201459593776e-5,train_fit_end_to_end
Grover Stewart,Rusher,-0.12163587651078903,0.1468439835771323,-0.35309507849622,-0.23675827087221696,-0.13129301528649429,-0.028140089141639575,0.1768534816443946,978.8936906632414,25.509666834250243,400,6.533201459593776e-5,train_fit_end_to_end
Larry Borom,Blocker,-0.12304220954132916,0.10402970261178593,-0.3327781731273795,-0.190895686989687,-0.11898750614678573,-0.0457635253248466,0.06384520882221802,978.6493855932887,18.071662897485634,400,6.533201459593776e-5,train_fit_end_to_end
Albert Huggins,Rusher,-0.12509659609910714,0.04777144550409378,-0.222121116074762,-0.15494555662699783,-0.1255341081815512,-0.09890114406656536,-0.024159611626434964,978.292502094993,8.299767814158074,400,6.533201459593776e-5,train_fit_end_to_end
Davon Godchaux,Rusher,-0.12639208661981927,0.0744773745446478,-0.2615428166577232,-0.17809445552600575,-0.12991546599965975,-0.07884311861275368,0.03657113305316101,978.0674523411917,12.937934937215841,400,6.533201459593776e-5,train_fit_end_to_end
Connor Mcgovern,Blocker,-0.12653520546155414,0.10594296132628775,-0.3142174219837815,-0.20352054129949892,-0.13009059468480316,-0.053453071172829825,0.0868017793664764,978.042590051903,18.404032691037976,400,6.533201459593776e-5,train_fit_end_to_end
Damien Wilson,Rusher,-0.1271032957781981,0.036418475440365757,-0.19252559253979665,-0.15262151384151929,-0.1271536436234425,-0.09827047424260311,-0.05854404064811928,977.9439026560065,6.328343180393966,400,6.533201459593776e-5,train_fit_end_to_end
James Hudson III,Blocker,-0.1279726697698488,0.18741473277194695,-0.5108940493245826,-0.25968582067721396,-0.15107118218391413,0.03804263593030202,0.15559675931816241,977.7928769250929,32.557322509448795,400,6.533201459593776e-5,train_fit_end_to_end
Jordan Hicks,Rusher,-0.12995744191075573,0.03889090625242429,-0.20821295801745032,-0.1541251781842522,-0.1315477735625831,-0.10404577194644271,-0.06071949167728873,977.4480866896404,6.7556620653246835,400,6.533201459593776e-5,train_fit_end_to_end
C.J. Mosley,Rusher,-0.13128497688844867,0.04094252010290284,-0.21061237714149028,-0.15901717740777538,-0.1329593340682264,-0.1053957552412717,-0.05029249171803999,977.2174702435021,7.112812471604849,400,6.533201459593776e-5,train_fit_end_to_end
Danny Shelton,Rusher,-0.13160725801388842,0.03854570346417539,-0.20892163016191395,-0.15607855011219707,-0.13462943358044158,-0.10519147100310451,-0.05284635562849902,977.1614842777421,6.695886722305994,400,6.533201459593776e-5,train_fit_end_to_end
David Sharpe,Blocker,-0.13260470663858198,0.17616605088721848,-0.5461499727263107,-0.22107152882291842,-0.13173381394222078,0,0.09194237038557566,976.9882097042675,30.602579699297053,400,6.533201459593776e-5,train_fit_end_to_end
Cam Sample,Rusher,-0.1333382604555908,0.04581220538761945,-0.21441638932461712,-0.16628142634280438,-0.1359172705364189,-0.10249180812425013,-0.045450037957629294,976.8607783543051,7.956901629293568,400,6.533201459593776e-5,train_fit_end_to_end
Al Woods,Rusher,-0.13360047020998655,0.09546320143136827,-0.3067477143247589,-0.20289232361450793,-0.13762166775760748,-0.06548990876303624,0.05723661927924546,976.815227854531,16.5842154477743,400,6.533201459593776e-5,train_fit_end_to_end
Pernell Mcphee,Rusher,-0.13379754516878545,0.03742399576533407,-0.20363015903779075,-0.1609598986856281,-0.13353923563746872,-0.1082995090644445,-0.06550212408564617,976.78099242768,6.501209246913741,400,6.533201459593776e-5,train_fit_end_to_end
Khalid Kareem,Rusher,-0.1339107124080303,0.035823512237458076,-0.19968403272814703,-0.15594882261016058,-0.1339247299758905,-0.11341653953741102,-0.060654626745640955,976.7613332646655,6.222169590001022,400,6.533201459593776e-5,train_fit_end_to_end
Trai Turner,Blocker,-0.13502728045005644,0.1205057529812671,-0.3586997714888214,-0.2218791579412393,-0.13888430032016424,-0.057987494976049325,0.11761230085061589,976.5673655289369,20.935003195196142,400,6.533201459593776e-5,train_fit_end_to_end
Ryan Kerrigan,Rusher,-0.1353185515569128,0.03805574622159113,-0.21425299002870749,-0.16291141055303032,-0.13438463914037319,-0.10803988630541206,-0.06339285974330056,976.5167665551586,6.611244929219744,400,6.533201459593776e-5,train_fit_end_to_end
Bobby Okereke,Rusher,-0.13581240588816823,0.03447099553248226,-0.20241544613755855,-0.15766021037726363,-0.13579127178424533,-0.11319841512998,-0.07126735318212057,976.4309752707874,5.988627464592923,400,6.533201459593776e-5,train_fit_end_to_end
Adetokunbo Ogundeji,Rusher,-0.13596521714015813,0.0817527292422817,-0.278074489089378,-0.19824361041714833,-0.13981846574973186,-0.07517701528928414,0.026004889419867037,976.4044292373826,14.201104479335228,400,6.533201459593776e-5,train_fit_end_to_end
Dennis Kelly,Blocker,-0.13661152541644977,0.15335121085965134,-0.41905291117691035,-0.2552688303204992,-0.1292763576329949,-0.00911071510934693,0.12543554013923286,976.2921539901818,26.640095898647647,400,6.533201459593776e-5,train_fit_end_to_end
Will Holden,Blocker,-0.13676169290878845,0.11423972663141074,-0.391332788284027,-0.19804055407237386,-0.11432929833227114,-0.0610869736688671,0.030218737090660835,976.2660672248683,19.845749610283494,400,6.533201459593776e-5,train_fit_end_to_end
Morgan Fox,Rusher,-0.13735450124734114,0.07977857847901547,-0.2756741333745841,-0.1929970549650505,-0.14169291117506067,-0.08465338182298045,0.027219481600570517,976.1630858687644,13.858954044973657,400,6.533201459593776e-5,train_fit_end_to_end
Corey Peters,Rusher,-0.13782690375754705,0.04695294223325625,-0.22496606127832727,-0.17062908554093556,-0.13922654900565506,-0.10322482199549149,-0.05048368609355873,976.0810211473965,8.155342250908644,400,6.533201459593776e-5,train_fit_end_to_end
Kaleb McGary,Blocker,-0.14019885930205644,0.12268343409474028,-0.3552915453034502,-0.22561863980385327,-0.14294652990802106,-0.05178795400836278,0.10379165488227636,975.6689702656764,21.312293269130727,400,6.533201459593776e-5,train_fit_end_to_end
Brandon Parker,Blocker,-0.14305422195359077,0.12586467724711287,-0.3885785118685667,-0.22634408190978736,-0.14452364322217007,-0.059873552623422595,0.09350882959576959,975.1729429683188,21.86396748091502,400,6.533201459593776e-5,train_fit_end_to_end
Poona Ford,Rusher,-0.1432499595901617,0.1213045014393753,-0.345979910093369,-0.2326593819156475,-0.1529300408768866,-0.06265554212743384,0.1247376014040783,975.1389398581334,21.073950586680667,400,6.533201459593776e-5,train_fit_end_to_end
Ta'Quon Graham,Rusher,-0.1441322259074421,0.05161726707490746,-0.24267673427212733,-0.1790073708826982,-0.14564038565618603,-0.10899203834418805,-0.04473065433182273,974.9856745008678,8.967380725587338,400,6.533201459593776e-5,train_fit_end_to_end
Dont'A Hightower,Rusher,-0.1463855495844331,0.037683894112339605,-0.22193956046693408,-0.17273059023594128,-0.14640597943189107,-0.12125451631660102,-0.07278568996401652,974.5942320853242,6.545448291115993,400,6.533201459593776e-5,train_fit_end_to_end
Tyre Phillips,Blocker,-0.14682559001624812,0.12027322333929771,-0.37578115235091986,-0.23462303756484676,-0.13780244354965,-0.04735853943301007,0.05205955191951356,974.5177892327835,20.89398913284049,400,6.533201459593776e-5,train_fit_end_to_end
Ethan Pocic,Blocker,-0.1475267087250966,0.09013913858866053,-0.31827594795711345,-0.2083914588814523,-0.149163980337451,-0.08336551130134001,0.02160100436903973,974.3959924382187,15.658903422696103,400,6.533201459593776e-5,train_fit_end_to_end
Teven Jenkins,Blocker,-0.14768444874536008,0.13955051635723778,-0.4257195049955244,-0.25192548232845036,-0.15004410033793558,-0.024121332342182195,0.07307105643807525,974.3685901900684,24.24216299826761,400,6.533201459593776e-5,train_fit_end_to_end
Dexter Lawrence,Rusher,-0.14913753779222028,0.09152462993204091,-0.3149207759789817,-0.21700727201323905,-0.15064723750803555,-0.09104543391014597,0.04811811765012982,974.1161627681622,15.899933539912007,400,6.533201459593776e-5,train_fit_end_to_end
Isaiahh Loudermilk,Rusher,-0.15083020342837006,0.053821462869678385,-0.2592679587282415,-0.18325087446845026,-0.15163578479178585,-0.11830711798124291,-0.0437303104677215,973.8221166299674,9.34908698845173,400,6.533201459593776e-5,train_fit_end_to_end
Anthony Rush,Rusher,-0.15093829592127272,0.041950654821658974,-0.23462939755555912,-0.17800648250888323,-0.15044136119907747,-0.12345930852031357,-0.0736071071956071,973.8033390406863,7.287809824829589,400,6.533201459593776e-5,train_fit_end_to_end
Deshawn Williams,Rusher,-0.15149123457917085,0.04371748208756812,-0.2434611619853269,-0.18392313338680705,-0.14745184527223154,-0.12396165332874806,-0.06741429980501285,973.7072837575038,7.594489496666859,400,6.533201459593776e-5,train_fit_end_to_end
Justin Hamilton,Rusher,-0.15336110960640575,0.05758374579683078,-0.25928282255825325,-0.1913115070193187,-0.15779949856313386,-0.11308074557925404,-0.031041128676698986,973.3824531950331,10.002296410956095,400,6.533201459593776e-5,train_fit_end_to_end
Tyler Lancaster,Rusher,-0.15489370721887466,0.051123729024949605,-0.24574694393344168,-0.19071750728014397,-0.15390411494304723,-0.12294424854583169,-0.040882284846165295,973.1162137206037,8.88017883665017,400,6.533201459593776e-5,train_fit_end_to_end
Casey Toohill,Rusher,-0.15662844829033665,0.05064259654217147,-0.25216922646268,-0.19306241133214003,-0.1572948135102123,-0.12326076867174039,-0.04887321635367716,972.814858330657,8.797351059560558,400,6.533201459593776e-5,train_fit_end_to_end
Calais Campbell,Rusher,-0.15980728025337354,0.11719773936121906,-0.3587197465410067,-0.2524164363398809,-0.17004494256451455,-0.07436617989914324,0.058422402253890074,972.2626386584791,20.359030471771757,400,6.533201459593776e-5,train_fit_end_to_end
Maliek Collins,Rusher,-0.15992195484158198,0.08681897987014087,-0.3126281704447655,-0.21798178010610386,-0.16569446077169347,-0.10272350249076723,0.027452178253984928,972.2427176421297,15.082422520940774,400,6.533201459593776e-5,train_fit_end_to_end
Linval Joseph,Rusher,-0.159986704529622,0.06720295691678338,-0.2873287148670701,-0.20794794123044172,-0.16139919655382973,-0.11319445633407045,-0.02553258189849289,972.2314694692415,11.674307235426474,400,6.533201459593776e-5,train_fit_end_to_end
Shamar Stephen,Rusher,-0.16233910240525803,0.050195296233844396,-0.2540969576898028,-0.19887374312782746,-0.1603758946404406,-0.12992133194977906,-0.06099602710551755,971.8228161025896,8.720031447000789,400,6.533201459593776e-5,train_fit_end_to_end
Sheldon Richardson,Rusher,-0.16248151907059355,0.10223995223972918,-0.3228390510449856,-0.24143880141933344,-0.1743169411501015,-0.0912479441277739,0.0459048192063263,971.7980757938351,17.760409641511046,400,6.533201459593776e-5,train_fit_end_to_end
Jedrick Wills Jr.,Blocker,-0.1652574022438309,0.14243663282872696,-0.43123541231229323,-0.26285669394384886,-0.16302013550799938,-0.06210170966329688,0.08770431560030831,971.3158554960171,24.743433027343265,400,6.533201459593776e-5,train_fit_end_to_end
Bravvion Roy,Rusher,-0.1660065136355482,0.04913287575829182,-0.25851743401858,-0.19827761511136963,-0.16675509753277992,-0.1321760996096939,-0.06491500903195728,971.1857215185156,8.53595044363366,400,6.533201459593776e-5,train_fit_end_to_end
Le'Raven Clark,Blocker,-0.16740093564509534,0.1623996738593928,-0.4169272678685717,-0.2675711732399187,-0.24941567084436392,0,0.03381590744609179,970.9434856048393,28.211103109449088,400,6.533201459593776e-5,train_fit_end_to_end
Malik Jackson,Rusher,-0.168668916532065,0.12341961809335289,-0.3557949710850812,-0.2663569952436772,-0.18060643452514163,-0.08371913497870706,0.09231781951740749,970.7232147638914,21.439880529774534,400,6.533201459593776e-5,train_fit_end_to_end
Leki Fotu,Rusher,-0.16868787411388206,0.043406494271574246,-0.26075323129738026,-0.19551073752898845,-0.16751976433120996,-0.13972277411121514,-0.08920892923902016,970.7199214946221,7.540070325020368,400,6.533201459593776e-5,train_fit_end_to_end
Patrick Mekari,Blocker,-0.1696697880984982,0.10468629404020105,-0.3744317272119478,-0.2353954704484784,-0.17806088756549143,-0.09734479411860426,0.027956448138702013,970.549345564533,18.186264277142705,400,6.533201459593776e-5,train_fit_end_to_end
Osa Odighizuwa,Rusher,-0.17011313280471543,0.11716626294777502,-0.35398223747708574,-0.2595003501829501,-0.18010023524456298,-0.10687308208029334,0.10366014214874716,970.4723287007366,20.353574856711678,400,6.533201459593776e-5,train_fit_end_to_end
D.J. Humphries,Blocker,-0.17124503323587503,0.13054478285211082,-0.4029669630823315,-0.2602224816820196,-0.18601466343436182,-0.08960280884899488,0.10210034838310597,970.27569745621,22.67771432199178,400,6.533201459593776e-5,train_fit_end_to_end
Tom Compton,Blocker,-0.1761890885760589,0.1575523976819174,-0.45388150393308146,-0.29405497179156215,-0.17666447862062493,-0.07204962986826857,0.1326004308109358,969.4168270752235,27.369480038606508,400,6.533201459593776e-5,train_fit_end_to_end
Kayode Awosika,Blocker,-0.17743155509834396,0.17610511549114016,-0.558822287270264,-0.23687817845156123,-0.2261928573494318,0,0,969.2009885333924,30.592075690768656,400,6.533201459593776e-5,train_fit_end_to_end
Korey Cunningham,Blocker,-0.17782429708293107,0.12146818104038609,-0.41854765100277647,-0.25888491646696377,-0.16349395534692682,-0.09647765582736897,0.00999608271673209,969.1327622627052,21.100432817807896,400,6.533201459593776e-5,train_fit_end_to_end
Mike Purcell,Rusher,-0.17912327954533955,0.05623262116614616,-0.2880631095044423,-0.21798540204629072,-0.18042705763400874,-0.14517128083626163,-0.05198848321105873,968.9071058965,9.76895950277157,400,6.533201459593776e-5,train_fit_end_to_end
Iosua Opeta,Blocker,-0.18105941615857302,0.11161129296041168,-0.39293373661724623,-0.25014564548705703,-0.1696076152357217,-0.11761758328567323,-0.001995067460801412,968.5707645175647,19.38894702423645,400,6.533201459593776e-5,train_fit_end_to_end
Naquan Jones,Rusher,-0.18257936656551382,0.05387901768462636,-0.29328801329614784,-0.21858376055215437,-0.18195070945059796,-0.1478087003939668,-0.08207309786180464,968.3067220877643,9.359502317313837,400,6.533201459593776e-5,train_fit_end_to_end
Raekwon Davis,Rusher,-0.18602639260756781,0.050165653432298396,-0.2790084280101134,-0.22188173639823494,-0.1851532207562702,-0.1559307223292889,-0.08416037186302226,967.707912332148,8.715287808623332,400,6.533201459593776e-5,train_fit_end_to_end
Nathan Shepherd,Rusher,-0.18645554610117432,0.05487992571453869,-0.29501930647215496,-0.2284703392234177,-0.1847132783496394,-0.1485181329876288,-0.08251843188903545,967.6333607344828,9.534451430805442,400,6.533201459593776e-5,train_fit_end_to_end
Jalen Mayfield,Blocker,-0.18734771443034626,0.12993258496984186,-0.4045482556836442,-0.2827483492302014,-0.19689034560682236,-0.09920101179296775,0.06641921643305962,967.4783752215676,22.57104264709548,400,6.533201459593776e-5,train_fit_end_to_end
Justin Ellis,Rusher,-0.18752924683987324,0.04624520429861381,-0.27200535785418306,-0.21898402498795416,-0.18858883352619873,-0.15813750223948747,-0.09050076671475801,967.4468398120699,8.033553496652155,400,6.533201459593776e-5,train_fit_end_to_end
Shy Tuttle,Rusher,-0.18986341485443062,0.055864869403409886,-0.2982179806893015,-0.22775374330172732,-0.18850869954236493,-0.15418621951420192,-0.07171754601276226,967.041353296647,9.706404441161734,400,6.533201459593776e-5,train_fit_end_to_end
Grady Jarrett,Rusher,-0.19138162509140313,0.07864228471477555,-0.3195558783518444,-0.24539206875871375,-0.1978095730323261,-0.14305394298499663,-0.02769113637479637,966.7776131653325,13.662884925343628,400,6.533201459593776e-5,train_fit_end_to_end
Saahdiq Charles,Blocker,-0.19626013068053869,0.18214958559284197,-0.5547136050198317,-0.32147081377738773,-0.18302606546183753,-0.05636333706999711,0.06977650078664685,965.9301299424142,31.642692798529264,400,6.533201459593776e-5,train_fit_end_to_end
Josh Tupou,Rusher,-0.19755181705163324,0.060281769685919924,-0.30257260014741727,-0.24075634945040753,-0.20147667818029363,-0.15782512139301977,-0.07285811943474901,965.7057410370878,10.472397976250852,400,6.533201459593776e-5,train_fit_end_to_end
Brandon Williams,Rusher,-0.20019157610294455,0.05362073673801159,-0.3042938545967145,-0.23849385644091176,-0.20430801680005012,-0.16453317320378777,-0.0885684787718989,965.2471679212723,9.314896700407584,400,6.533201459593776e-5,train_fit_end_to_end
John Miller,Blocker,-0.20390665677140152,0.1281442072285889,-0.4337378353281232,-0.29442745440640317,-0.20267105378484673,-0.1205935350477519,0.0471236442032717,964.6017923076178,22.261367979460612,400,6.533201459593776e-5,train_fit_end_to_end
Steven Means,Rusher,-0.2099752096449315,0.050829557853679035,-0.3065897795000696,-0.24438418250794153,-0.20917191116570344,-0.17366500869812254,-0.11900538420100792,963.5475766971729,8.831157344167414,400,6.533201459593776e-5,train_fit_end_to_end
Adam Butler,Rusher,-0.2124612964804808,0.08434549070905994,-0.3540362338990997,-0.2771854764346128,-0.21829240539134315,-0.15839255743165256,-0.017939074870909295,963.1156991794884,14.652653421027665,400,6.533201459593776e-5,train_fit_end_to_end
Conor Mcdermott,Blocker,-0.2141583706087418,0.20374318274953093,-0.6343739165941245,-0.3225126691906813,-0.24260078766564022,-0.046932289897739475,0.06618831137280738,962.8208872077746,35.394512637774724,400,6.533201459593776e-5,train_fit_end_to_end
Nick Williams,Rusher,-0.2143214819322952,0.0732557557836652,-0.32911682600121306,-0.26588576439469624,-0.22011657227266657,-0.16647590692019898,-0.05169489477195969,962.7925518686725,12.726060132124626,400,6.533201459593776e-5,train_fit_end_to_end
Johnathan Hankins,Rusher,-0.2145745680197923,0.06678688467267946,-0.34134246024391657,-0.25933029556293974,-0.21783856380443822,-0.1677038513086113,-0.08469029684694003,962.7485863121739,11.601320510190698,400,6.533201459593776e-5,train_fit_end_to_end
Michael Brockers,Rusher,-0.216295848893226,0.0769300355022214,-0.35607872967641235,-0.26634125662709335,-0.22224117104316285,-0.17030446942429223,-0.04418391572253414,962.4495691981188,13.36427906309458,400,6.533201459593776e-5,train_fit_end_to_end
Teair Tart,Rusher,-0.21675041969531605,0.05482375746748748,-0.32284339187556077,-0.2540552778046945,-0.21955829918383,-0.18160974806292177,-0.10846070580804382,962.370602161726,9.523448307263617,400,6.533201459593776e-5,train_fit_end_to_end
Ben Powers,Blocker,-0.22376984454959642,0.11836632810786278,-0.4478308405254692,-0.3044184308890422,-0.23050351862281881,-0.1368995359616187,0.015909693170475858,961.1512031695866,20.56218761955586,400,6.533201459593776e-5,train_fit_end_to_end
Folorunso Fatukasi,Rusher,-0.22890451697574438,0.06712770937653526,-0.3588338509947215,-0.27382559430154885,-0.2305416272655177,-0.18404617042421778,-0.08442030754054604,960.2592192091638,11.662513459357143,400,6.533201459593776e-5,train_fit_end_to_end
Jordan Elliott,Rusher,-0.22965547072997533,0.05120144956693971,-0.3266064099232232,-0.26324922469986367,-0.22864287209421666,-0.19454886700343724,-0.13220332907481505,960.128765180513,8.89402381792181,400,6.533201459593776e-5,train_fit_end_to_end
Justin Mccray,Blocker,-0.23353766431416664,0.16081500699238008,-0.5224356854860268,-0.3468093672513931,-0.2401804180420267,-0.12588645120957065,0.07449459061020833,959.4543590799952,27.936526621678,400,6.533201459593776e-5,train_fit_end_to_end
Charlie Heck,Blocker,-0.2431951333062871,0.15699680923999143,-0.5395566972270606,-0.3488837928282979,-0.24465336352788694,-0.14209302421740838,0.06573023830424414,957.7766848830233,27.272903879018894,400,6.533201459593776e-5,train_fit_end_to_end
Netane Muti,Blocker,-0.24515909000451339,0.12115395676012759,-0.4796106214074707,-0.3302777353149951,-0.24112321245674823,-0.16763886019840063,8.547037526607166e-5,957.4355106603286,21.04680221708146,400,6.533201459593776e-5,train_fit_end_to_end
Liam Eichenberg,Blocker,-0.2759235308325704,0.13418478393591132,-0.526309228607907,-0.3592281784096177,-0.2830201433990151,-0.18804131511920352,-0.018787709704822707,952.091179904143,23.310052775903127,400,6.533201459593776e-5,train_fit_end_to_end
Dennis Daley,Blocker,-0.29454883157084266,0.21042265703615895,-0.7240285868663728,-0.4431538768545132,-0.28940078616580184,-0.11909694123605691,0.0585576888884187,948.8556337703749,36.55453705468387,400,6.533201459593776e-5,train_fit_end_to_end
Hakeem Adeniji,Blocker,-0.29897949899202136,0.13847511585178432,-0.566605595830272,-0.3907904335769352,-0.29857034069014887,-0.2099463678866815,-0.0292188042961679,948.0859480055083,24.055027900978445,400,6.533201459593776e-5,train_fit_end_to_end
Jason Peters,Blocker,-0.3137295249716372,0.1158774510926246,-0.54330728510504,-0.3972609576572049,-0.31738402173348745,-0.23317893769185538,-0.09000636747026527,945.5236060491576,20.130512131600042,400,6.533201459593776e-5,train_fit_end_to_end
Aaron Brewer,Blocker,-0.3575264248839167,0.11821107506293892,-0.5683039047008046,-0.43990334727032737,-0.3629833935419671,-0.2747953271560869,-0.10635185838356634,937.9153052666088,20.534827442735555,400,6.533201459593776e-5,train_fit_end_to_end
Brady Christensen,Blocker,-0.4075657389656312,0.165865674273806,-0.7244701174249274,-0.539858289206209,-0.4141958884697168,-0.28768872850607946,-0.07711277538682106,929.2225860730439,28.814342654630305,400,6.533201459593776e-5,train_fit_end_to_end
