player_name,role,mean_score,sd_score,q025,q50,q975,mean_elo_like,sd_elo_like,n_boot
Aaron Donald,Rusher,2.2882588288104723e-4,2.5511686253115864e-5,2.1168837084941945e-4,2.2882588288104723e-4,2.45963394912675e-4,1000.0397513370287,0.004431793309206157,2
Josh Allen,Rusher,1.930299219760209e-4,8.756305588233831e-6,1.871478610694182e-4,1.930299219760209e-4,1.989119828826236e-4,1000.0335329417105,0.0015210855632876478,2
Myles Garrett,Rusher,1.8545808224210768e-4,4.183679631510657e-5,1.5735415398345206e-4,1.8545808224210768e-4,2.135620105007633e-4,1000.0322175784247,0.0072678364282880905,2
Joe Thuney,Blocker,1.5567274409757304e-4,2.1997417933923414e-5,1.408959468773848e-4,1.5567274409757304e-4,1.704495413177613e-4,1000.0270433352257,0.0038213834061855013,2
Trey Hopkins,Blocker,1.516233908571448e-4,1.0536915320143472e-5,1.4454520279526603e-4,1.516233908571448e-4,1.5870157891902358e-4,1000.0263398905187,0.0018304901881784543,2
Robert Quinn,Rusher,1.3931075531230285e-4,4.934420401934599e-5,1.0616371510168743e-4,1.3931075531230285e-4,1.724577955229183e-4,1000.0242009666488,0.008571925691579335,2
Mitch Morse,Blocker,1.35389028117937e-4,1.1794127075902018e-5,1.274663062460681e-4,1.35389028117937e-4,1.4331174998980585e-4,1000.0235196928567,0.0020488902394615004,2
Joel Bitonio,Blocker,1.3438212452665895e-4,2.7444822328513525e-5,1.1594602554855466e-4,1.3438212452665895e-4,1.5281822350476324e-4,1000.0233447757873,0.004767613441335779,2
Joey Bosa,Rusher,1.2222383786568978e-4,3.3073141364138443e-6,1.2000214482498604e-4,1.2222383786568978e-4,1.2444553090639352e-4,1000.0212326650649,5.745798279806924e-4,2
Nick Bosa,Rusher,1.2166148760695713e-4,2.5545924335662892e-5,1.0450097609400272e-4,1.2166148760695713e-4,1.3882199911991152e-4,1000.021134974819,0.004437741073387661,2
Adam Gotsis,Rusher,1.193904141973231e-4,8.716933827882964e-6,1.1353480132751517e-4,1.193904141973231e-4,1.25246027067131e-4,1000.0207404489591,0.0015143270205234738,2
J.C. Tretter,Blocker,1.1896081928588665e-4,6.756201439836982e-6,1.1442233122537415e-4,1.1896081928588665e-4,1.2349930734639915e-4,1000.0206658206794,0.0011737129178246198,2
Zack Martin,Blocker,1.1868016803564209e-4,4.584966240836926e-5,8.788059119177385e-5,1.1868016803564209e-4,1.4947974487951036e-4,1000.0206170665637,0.007964942668721412,2
T.J. Watt,Rusher,1.1154395642161023e-4,1.0538163156564097e-4,4.075369344367151e-5,1.1154395642161023e-4,1.8233421939954896e-4,1000.0193773796334,0.01830662391690875,2
Tyler Biadasz,Blocker,1.0981039985592903e-4,4.6324387038415415e-5,7.869192605721397e-5,1.0981039985592903e-4,1.4092887365464412e-4,1000.0190762300132,0.008047410783579036,2
Corey Linsley,Blocker,1.0906626672352993e-4,8.406758801730505e-6,1.0341901437485177e-4,1.0906626672352993e-4,1.147135190722081e-4,1000.0189469608479,0.001460444099526555,2
Javon Hargrave,Rusher,1.0692631271784158e-4,2.1990078520393012e-5,9.215444575927678e-5,1.0692631271784158e-4,1.216981796764064e-4,1000.0185752127613,0.003820108419482688,2
Micah Parsons,Rusher,1.06891673926999e-4,4.628554364076622e-5,7.579929323667191e-5,1.06891673926999e-4,1.379840546173261e-4,1000.018569195387,0.008040662994335406,2
Michael Schofield III,Blocker,1.0437997145792879e-4,5.356859445736448e-6,1.007814933999825e-4,1.0437997145792879e-4,1.0797844951587506e-4,1000.018132867978,9.306223152712247e-4,2
Andre James,Blocker,9.852270785820496e-5,3.4429770300557815e-5,7.53944600066963e-5,9.852270785820496e-5,1.2165095570971361e-4,1000.017115357074,0.005981104218165197,2
Jonathan Greenard,Rusher,9.77244821593825e-5,5.7805457676410435e-5,5.889358260242979e-5,9.77244821593825e-5,1.365553817163352e-4,1000.0169766910674,0.010041796000883866,2
Malcom Brown,Rusher,9.712155072730215e-5,7.241161890415149e-5,4.84789413016717e-5,9.712155072730215e-5,1.457641601529326e-4,1000.0168719511498,0.012579227122566542,2
Calvin Throckmorton,Blocker,9.575577136622203e-5,5.7062719363181304e-5,5.742380734230414e-5,9.575577136622203e-5,1.3408773539013994e-4,1000.0166346909739,0.009912769140449853,2
Robert Hunt,Blocker,9.271089411655925e-5,5.4039390578794774e-6,8.90807902612611e-5,9.271089411655925e-5,9.63409979718574e-5,1000.0161057416187,9.388008816095541e-4,2
Will Hernandez,Blocker,9.013864634849176e-5,2.053161388730299e-5,7.634650511049673e-5,9.013864634849176e-5,1.0393078758648681e-4,1000.0156588964142,0.003566666130003529,2
Quinnen Williams,Rusher,8.886087067694482e-5,7.280901564717674e-6,8.396991455085938e-5,8.886087067694482e-5,9.375182680303026e-5,1000.0154369240447,0.0012648626653665135,2
J.J. Watt,Rusher,8.7825550625217e-5,3.0033880454996744e-5,6.76502481168964e-5,8.7825550625217e-5,1.0800085313353762e-4,1000.0152570705307,0.005217378904507158,2
Maxx Crosby,Rusher,8.489673201302441e-5,1.1302687433677009e-5,7.730413542953867e-5,8.489673201302441e-5,9.248932859651015e-5,1000.0147482826259,0.001963518429514735,2
John Simpson,Blocker,8.46464641081448e-5,1.0910259652273932e-5,7.731748145274736e-5,8.46464641081448e-5,9.197544676354223e-5,1000.0147048066378,0.0018952657089806575,2
Erik McCoy,Blocker,8.408214642138966e-5,9.802508420494991e-5,1.8233654742072354e-5,8.408214642138966e-5,1.4993063810070695e-4,1000.0146067746149,0.01702866074702476,2
Jadeveon Clowney,Rusher,8.37866434729532e-5,1.9120278358364167e-5,7.094256891184819e-5,8.37866434729532e-5,9.66307180340582e-5,1000.014555440495,0.003321573069652685,2
Chris Jones,Rusher,8.358368782705753e-5,3.7403712182851796e-5,5.8457690227315366e-5,8.358368782705753e-5,1.0870968542679971e-4,1000.0145201834881,0.006497730837676846,2
Khalil Mack,Rusher,8.352262209971066e-5,1.949868040910033e-5,7.042435541531972e-5,8.352262209971066e-5,9.66208887841016e-5,1000.0145095752847,0.0033873082386829544,2
Jonathan Allen,Rusher,8.052353643772934e-5,2.7745230654206438e-6,7.865974656731778e-5,8.052353643772934e-5,8.238732630814089e-5,1000.0139885807432,4.8202453913621896e-4,2
Demarcus Walker,Rusher,8.039291855891999e-5,4.136972544498906e-5,5.260274583084144e-5,8.039291855891999e-5,1.0818309128699855e-4,1000.0139658900937,0.007186616875231009,2
Roy Robertson-Harris,Rusher,8.006634696022778e-5,1.7727865235483577e-5,6.815762792245468e-5,8.006634696022778e-5,9.197506599800087e-5,1000.0139091587964,0.003079686135329063,2
Sam Mustipher,Blocker,7.973673135452984e-5,7.127261973196883e-6,7.494898284561634e-5,7.973673135452984e-5,8.452447986344335e-5,1000.0138518987009,0.0012381727347048916,2
Creed Humphrey,Blocker,7.802399004663922e-5,3.5615382373866953e-6,7.563152159948348e-5,7.802399004663922e-5,8.041645849379497e-5,1000.0135543650613,6.186620451476727e-4,2
Mario Addison,Rusher,7.611808943182144e-5,3.601799150911429e-5,5.192295169304793e-5,7.611808943182144e-5,1.0031322717059493e-4,1000.0132232762132,0.006256925468411599,2
Gabe Jackson,Blocker,7.584580778090957e-5,2.5752607757333815e-5,5.8546456381383936e-5,7.584580778090957e-5,9.31451591804352e-5,1000.0131759760459,0.004473645661147005,2
Taven Bryan,Rusher,7.518584789101794e-5,1.7977941052316876e-5,6.310914006264591e-5,7.518584789101794e-5,8.726255571938996e-5,1000.0130613292704,0.0031231287542460287,2
Tytus Howard,Blocker,7.474164326026791e-5,3.5053166902073886e-05,5.119462784267363e-5,7.474164326026791e-5,9.828865867786219e-5,1000.0129841630225,0.006089318267223253,2
Kendrick Green,Blocker,7.458531284513207e-5,6.960290490379792e-5,2.782946109976205e-5,7.458531284513207e-5,1.213411645905021e-4,1000.0129570056478,0.012091222493411538,2
Jordan Jenkins,Rusher,7.363891093456915e-5,7.0377855101377936e-6,6.891126836875204e-5,7.363891093456915e-5,7.836655350038627e-5,1000.0127925987969,0.0012225480485423856,2
D.J. Jones,Rusher,7.198280643326265e-5,1.5037331802072803e-5,6.188145710947473e-5,7.198280643326265e-5,8.208415575705056e-5,1000.0125049039783,0.00261221157341092,2
Trey Hendrickson,Rusher,7.171165364929705e-5,1.3439221574692026e-5,6.268383717543043e-5,7.171165364929705e-5,8.073947012316367e-5,1000.0124577999152,0.002334591392116521,2
James Daniels,Blocker,6.993865816579989e-5,5.567356940005164e-5,3.2539857632945315e-5,6.993865816579989e-5,1.0733745869865445e-4,1000.0121497990532,0.009671449075000536,2
Dalton Risner,Blocker,6.809397058536826e-5,3.1193031649566076e-5,4.7140006590452237e-5,6.809397058536826e-5,8.90479345802843e-5,1000.0118293439984,0.005418744091422559,2
Troy Reeder,Rusher,6.519652786071834e-5,5.233562534715957e-5,3.0039996059133992e-5,6.519652786071834e-5,1.0035305966230269e-4,1000.0113260066436,0.009091588801857014,2
Cody Whitehair,Blocker,6.497570812755e-5,1.750599950603898e-5,5.3216027713489916e-5,6.497570812755e-5,7.673538854161009e-5,1000.011287646327,0.003041144110498127,2
David Andrews,Blocker,6.422094138433128e-5,7.710495190122797e-5,1.2425578749531435e-5,6.422094138433128e-5,1.1601630401913111e-4,1000.0111565299144,0.013394542571492191,2
Josh Sweat,Rusher,6.38558078290219e-5,3.300525160089839e-5,4.1684482468346656e-5,6.38558078290219e-5,8.602713318969714e-5,1000.011093099719,0.005733639973856599,2
Kevin Zeitler,Blocker,6.359938065253426e-5,2.8397232792972334e-5,4.45234985714327e-5,6.359938065253426e-5,8.267526273363581e-5,1000.0110485537559,0.004933145117557509,2
Jacob Martin,Rusher,6.352273112928001e-5,1.367305570456964e-5,5.433783624144953e-5,6.352273112928001e-5,7.270762601711047e-5,1000.0110352383699,0.002375212541078467,2
Brandon Linder,Blocker,6.315417823734459e-5,1.1413646315493218e-5,5.548704486498199e-5,6.315417823734459e-5,7.08213116097072e-5,1000.010971214175,0.0019827939615054044,2
Andrew Norwell,Blocker,6.306217188030045e-5,7.4261203156123574e-6,5.8073664848877596e-5,6.306217188030045e-5,6.80506789117233e-5,1000.0109552310337,0.0012900897462402793,2
Chandler Jones,Rusher,6.224451901844271e-5,1.0945022071252694e-5,5.489218465796446e-5,6.224451901844271e-5,6.959685337892097e-5,1000.0108131901833,0.0019013855921940625,2
Alex Highsmith,Rusher,6.137772488901789e-5,4.358787365455027e-5,3.2097507902314676e-5,6.137772488901789e-5,9.06579418757211e-5,1000.0106626126203,0.007571948686125666,2
Matt Hennessy,Blocker,6.062995773628372e-5,2.3051532979643035e-5,4.5145057213965325e-5,6.062995773628372e-5,7.611485825860211e-5,1000.0105327121612,0.004004501945260799,2
Wyatt Teller,Blocker,5.9758555252905726e-5,2.9759341783126334e-5,3.976767449333377e-5,5.9758555252905726e-5,7.97494360124777e-5,1000.0103813340451,0.005169686652299768,2
Jerry Hughes,Rusher,5.9734004090445275e-5,5.004186254695933e-5,2.6118310757793216e-5,5.9734004090445275e-5,9.334969742309733e-5,1000.0103770690714,0.008693121391054935,2
Lucas Patrick,Blocker,5.92005521502707e-5,3.8255010300427224e-5,3.350269381236704e-5,5.92005521502707e-5,8.489841048817435e-5,1000.0102843989778,0.006645535435166424,2
Tae Crowder,Rusher,5.888570762314014e-5,1.490221968167084e-6,5.788464886693423e-5,5.888570762314014e-5,5.988676637934604e-5,1000.0102297048813,2.589185873221265e-4,2
Davon Hamilton,Rusher,5.830679595862925e-5,1.810455591883226e-5,4.6145034411080776e-5,5.830679595862925e-5,7.046855750617771e-5,1000.0101291376249,0.0031450429768902057,2
Folorunso Fatukasi,Rusher,5.813041570405076e-5,6.7115145414698375e-6,5.3621946131960586e-5,5.813041570405076e-5,6.263888527614093e-5,1000.0100984972364,0.001165868975941795,2
Ben Jones,Blocker,5.785757101311747e-5,1.3769058390586967e-5,4.8608186182506776e-5,5.785757101311747e-5,6.710695584372816e-5,1000.0100510992588,0.0023918899157014738,2
Marcus Davenport,Rusher,5.690524913539964e-5,3.155238940671577e-5,3.57098860488787e-5,5.690524913539964e-5,7.81006122219206e-5,1000.0098856640043,0.005481170927787403,2
Halapoulivaati Vaitai,Blocker,5.423465388117262e-5,2.901474201593054e-5,3.4743959089022024e-5,5.423465388117262e-5,7.372534867332321e-5,1000.0094217340913,0.005040336424325045,2
Sheldon Rankins,Rusher,5.413742152142044e-5,6.709254837512169e-6,4.9630469908722615e-5,5.413742152142044e-5,5.864437313411828e-5,1000.0094048431004,0.0011655574577004596,2
Evan Brown,Blocker,5.373062732775824e-5,5.438698547093757e-6,5.0077173735452784e-5,5.373062732775824e-5,5.7384080920063684e-5,1000.009334175711,9.447581908277651e-4,2
Kevin Dotson,Blocker,5.132046879896458e-5,4.709020802822657e-5,1.9687553645932576e-5,5.132046879896458e-5,8.295338395199658e-5,1000.0089154882912,0.008180366483086525,2
Justin Pugh,Blocker,5.1056295526050904e-5,4.8576774049803384e-05,1.8424777504207343e-5,5.10562955260509e-5,8.368781354789444e-5,1000.0088695966933,0.00843869048365968,2
Randy Gregory,Rusher,5.032548336531296e-5,1.4268790233904475e-6,4.9366975323609346e-5,5.032548336531296e-5,5.128399140701658e-5,1000.0087426416178,2.478337581981068e-4,2
Chase Roullier,Blocker,4.9986321441548094e-5,1.5735667172382462e-5,3.9415864325666216e-5,4.9986321441548094e-5,6.055677855742997e-5,1000.008683723157,0.0027336058850707255,2
Darius Philon,Rusher,4.958229008854024e-5,1.6283968553324162e-5,3.864351072929043e-5,4.958229008854024e-5,6.0521069447790054e-05,1000.0086135357221,0.0028288555907625343,2
Rodney Hudson,Blocker,4.950017593637698e-5,1.4844200596681929e-5,3.9528562778330155e-5,4.950017593637698e-5,5.947178909442381e-5,1000.008599271033,0.002578742279222659,2
Lawrence Guy,Rusher,4.89474414481919e-5,1.3187660973723089e-5,4.008861117080856e-5,4.89474414481919e-5,5.780627172557525e-5,1000.0085032512177,0.0022908908397569544,2
David Edwards,Blocker,4.849834706821484e-5,2.211319861397404e-6,4.701288976231657e-5,4.849834706821484e-5,4.998380437411311e-5,1000.0084252355332,3.841861216725901e-4,2
Trai Turner,Blocker,4.6918193883776845e-5,3.229269911949737e-5,2.5225526680074072e-5,4.6918193883776845e-5,6.861086108747962e-5,1000.0081507348098,0.005609775897052345,2
Danielle Hunter,Rusher,4.6627074871849246e-5,5.774102503161272e-5,7.839458036959476e-6,4.6627074871849246e-5,8.541469170673901e-5,1000.0081001622576,0.010030602904052272,2
Brandon Scherff,Blocker,4.6012867910672e-5,2.821768323476275e-5,2.7057598504231037e-5,4.6012867910672e-5,6.496813731711297e-5,1000.0079934635801,0.004901954164609687,2
Ereck Flowers Sr.,Blocker,4.394660948116488e-5,4.986922968370914e-6,4.059663678538436e-5,4.394660948116488e-5,4.72965821769454e-5,1000.0076345177263,8.662767344796846e-4,2
Haason Reddick,Rusher,4.346990576581202e-5,3.3341736622321698e-6,4.123016979990496e-5,4.346990576581202e-5,4.570964173171908e-5,1000.0075517058092,5.79245805537162e-4,2
Lloyd Cushenberry III,Blocker,4.332827881775029e-5,1.2017030200704151e-5,3.525582145034092e-5,4.332827881775029e-5,5.140073618515966e-5,1000.0075271026883,0.002087531445741807,2
Ben Cleveland,Blocker,4.26707685312823e-5,8.506582878667224e-6,3.695645921496287e-5,4.26707685312823e-5,4.838507784760173e-5,1000.0074128814526,0.001477785317882882,2
Darrell Taylor,Rusher,4.264095171551305e-5,5.420460994711247e-7,4.227683146649389e-5,4.264095171551305e-5,4.300507196453222e-5,1000.0074077017412,9.420356827000953e-5,2
Daquan Jones,Rusher,4.249159197073228e-5,2.2881147137577912e-5,2.7121148383539197e-5,4.249159197073228e-5,5.7862035557925354e-5,1000.007381755296,0.003974902892788166,2
Ali Marpet,Blocker,4.122227589778775e-5,3.8395537291400526e-5,1.5430018351039983e-5,4.122227589778775e-5,6.701453344453553e-5,1000.0071612525095,0.0066699474738802405,2
Tershawn Wharton,Rusher,4.0600098319001335e-5,6.5357813947313446e-6,3.6209677741662296e-5,4.0600098319001335e-5,4.4990518896340366e-5,1000.0070531691938,0.0011353410015837392,2
Larry Ogunjobi,Rusher,4.059205174883998e-5,1.6559058742185214e-5,2.9468480158507708e-5,4.059205174883998e-5,5.171562333917225e-5,1000.0070517713614,0.0028765626186603786,2
Alex Cappa,Blocker,4.025414377918409e-5,2.4631396295440442e-5,2.3707967796114907e-5,4.025414377918409e-5,5.680031976225328e-5,1000.0069930707348,0.004278871280838038,2
Mason Cole,Blocker,3.992006690729379e-5,3.0264496661823163e-5,1.9589847629459638e-5,3.992006690729379e-5,6.0250286185127944e-5,1000.006935035638,0.005257522075321567,2
Bryan Mone,Rusher,3.9270076312271825e-5,3.5169032020791734e-5,1.564522833408659e-5,3.9270076312271825e-5,6.289492429045706e-5,1000.0068221207065,0.006109527132511507,2
Kenny Clark,Rusher,3.9040650746192804e-5,5.718401300165182e-6,3.519930642614467e-5,3.9040650746192804e-5,4.288199506624094e-5,1000.0067822654034,9.933475357248955e-4,2
Brian Allen,Blocker,3.889396520197224e-5,5.7497406610512955e-5,2.6999939278499485e-7,3.889396520197224e-5,7.751793101115948e-5,1000.0067567835146,0.009988282049625118,2
Derick Roberson,Rusher,3.852822239059742e-5,9.484795321253108e-6,3.215679745526414e-5,3.852822239059742e-5,4.4899647325930704e-5,1000.0066932474806,0.0016477182243086182,2
Dawuane Smoot,Rusher,3.7966479250859e-5,1.3756095362087605e-5,2.872580235333708e-5,3.7966479250859e-5,4.7207156148380905e-5,1000.0065956627024,0.0023897190395674893,2
Frank Ragnow,Blocker,3.792275206457213e-5,1.1657993647501728e-5,3.0091478019552873e-5,3.792275206457213e-5,4.5754026109591386e-5,1000.006588066512,0.0020251604081618175,2
Maliek Collins,Rusher,3.767823417638446e-5,6.603293059067484e-5,-6.679482175788e-6,3.767823417638447e-5,8.203595052855693e-5,1000.0065455894041,0.011471054435513902,2
Matt Ioannidis,Rusher,3.752310567669962e-5,4.5186405999496525e-6,3.448770233722884e-5,3.752310567669962e-5,4.0558509016170414e-5,1000.0065186408237,7.850087875655822e-4,2
Yetur Gross-Matos,Rusher,3.6284036762605194e-5,6.934302412514983e-5,-1.0297239694926823e-5,3.6284036762605194e-5,8.286531322013722e-5,1000.0063033925069,0.012046157610631875,2
Matt Paradis,Blocker,3.62647566931926e-5,1.4432282168579414e-5,2.656985033326241e-5,3.62647566931926e-5,4.595966305312279e-5,1000.0063000432158,0.002507184719074421,2
Ed Oliver,Rusher,3.564596297439779e-5,3.523546351770012e-5,1.1976489542361679e-5,3.564596297439779e-5,5.9315436406433896e-5,1000.0061925477366,0.006121067465424342,2
Jonah Jackson,Blocker,3.530069804619813e-5,4.4943098259524994e-5,5.110106976696856e-6,3.530069804619813e-5,6.54912891156994e-5,1000.0061325690755,0.00780737531329595,2
Tyler Shatley,Blocker,3.5284234817938134e-5,1.2572978116514557e-5,2.6838318636335497e-5,3.5284234817938134e-5,4.373015099954077e-5,1000.0061297091197,0.002184109490611722,2
Deforest Buckner,Rusher,3.5240616073720794e-5,1.8968214872779287e-5,2.249869037835232e-5,3.5240616073720794e-5,4.798254176908927e-5,1000.0061221317678,0.003295156936507187,2
Andrew Whitworth,Blocker,3.4253684753870954e-5,8.930355717636364e-6,2.825470542183966e-5,3.4253684753870954e-5,4.025266408590225e-5,1000.0059506842373,0.0015513211675988359,2
Odafe Oweh,Rusher,3.341385028296478e-5,2.8223132234330393e-5,1.4454920503206103e-5,3.341385028296478e-5,5.2372780062723454e-5,1000.0058047900468,0.004902900752803657,2
A.J. Epenesa,Rusher,3.3328062481023885e-5,1.4594775907749036e-5,2.3524000717469856e-5,3.3328062481023885e-5,4.313212424457791e-5,1000.0057898871792,0.0025353317402338374,2
Shaq Mason,Blocker,3.317956842424086e-5,4.5373674673502064e-5,2.699737027704514e-6,3.317956842424086e-5,6.36593998207772e-5,1000.0057640911193,0.007882255130001044,2
Markus Golden,Rusher,3.2923539814865e-5,2.4877952324303884e-5,1.6211739463841635e-5,3.2923539814865e-5,4.9635340165888365e-5,1000.0057196143944,0.004321702449941713,2
Milton Williams,Rusher,3.244674386075951e-5,1.9781497815681187e-5,1.9158494175639214e-5,3.244674386075951e-5,4.57349935458798e-5,1000.0056367864537,0.0034363576217758245,2
Kelvin Beachum,Blocker,3.238285504460558e-5,2.323337399351461e-5,1.6775802558981093e-5,3.238285504460558e-5,4.798990753023008e-5,1000.0056256878297,0.004036090964809798,2
Ryan Ramczyk,Blocker,3.1878341035315455e-5,4.0641974862097114e-5,4.577035810803487e-6,3.1878341035315455e-5,5.917964625982742e-5,1000.0055380447695,0.00706019365025493,2
Jason Kelce,Blocker,3.087517292605301e-5,2.4611556807916027e-5,1.4342324147339413e-5,3.087517292605301e-5,4.74080217047666e-5,1000.0053637766198,0.004275505841382669,2
Jon Feliciano,Blocker,3.037518431562291e-5,9.952381022743673e-6,2.368965801099527e-5,3.037518431562291e-5,3.706071062025056e-5,1000.005276919702,0.0017288651477524095,2
Emmanuel Ogbah,Rusher,3.0198875143509057e-5,2.501078239839939e-5,1.3397845998654168e-5,3.0198875143509057e-5,4.6999904288363945e-5,1000.0052462916617,0.004344777397234411,2
Keith Ismael,Blocker,3.0161915453388806e-5,1.9101058452956524e-5,1.7330751891458927e-5,3.0161915453388806e-5,4.299307901531868e-5,1000.0052398711059,0.0033182342301058603,2
Ndamukong Suh,Rusher,2.9673063428862997e-5,4.077590253480758e-6,2.6933936295683398e-5,2.9673063428862997e-5,3.2412190562042594e-5,1000.0051549488113,7.083904948735903e-4,2
Oday Aboushi,Blocker,2.953956158392296e-5,4.679898383350039e-6,2.6395833095898725e-5,2.953956158392296e-5,3.2683290071947194e-5,1000.0051317571654,8.12941101269272e-4,2
Jordan Mills,Blocker,2.951913186344494e-5,3.07532411668606e-5,8.860597759520132e-6,2.951913186344494e-5,5.017766596736975e-5,1000.0051282081595,0.00534234465947023,2
Matthew Judon,Rusher,2.9445862232695697e-5,2.5133265770366286e-6,2.775753148003467e-5,2.9445862232695697e-5,3.113419298535672e-5,1000.005115479921,4.366500616568434e-4,2
Daniel Ekuale,Rusher,2.9339714779411632e-5,5.831233643286271e-6,2.5422575170153314e-5,2.9339714779411632e-5,3.325685438866995e-5,1000.0050970402197,0.0010130295538307852,2
Efe Obada,Rusher,2.8845698046330793e-5,6.100463566791522e-5,-1.2134253940036907e-5,2.8845698046330793e-5,6.982565003269849e-5,1000.0050112207232,0.010597631172657261,2
Harold Landry III,Rusher,2.8791942865673702e-5,2.4599340670791994e-5,1.2267300294690398e-5,2.8791942865673702e-5,4.5316585436657e-5,1000.0050018824918,0.004273302648495331,2
Carlos Dunlap,Rusher,2.8791604117619688e-5,1.982215226386513e-5,1.5476044748302942e-5,2.8791604117619688e-5,4.210716348693643e-5,1000.0050018236453,0.0034435010553473025,2
Jabari Zuniga,Rusher,2.8779728809842463e-5,1.058454194488161e-5,2.166954749411219e-5,2.8779728809842463e-5,3.588991012557274e-5,1000.0049997606931,0.001838682747783691,2
Charles Omenihu,Rusher,2.8096560414194427e-5,4.265244880494821e-5,-5.552835807869685e-7,2.8096560414194427e-5,5.6748404409175824e-5,1000.0048810821872,0.0074094487459979135,2
Tarell Basham,Rusher,2.7621095739071814e-5,3.121246077803789e-5,6.654080199085564e-6,2.7621095739071817e-5,4.858811127905807e-5,1000.0047984855134,0.005422200309212558,2
Nate Davis,Blocker,2.724848945784411e-5,3.0709649497559875e-5,6.619238120636799e-6,2.724848945784411e-5,4.7877740795051416e-5,1000.0047337571726,0.0053348530434813345,2
Nathan Shepherd,Rusher,2.7035740489544307e-5,5.6982995704882576e-5,-1.1242669051939762e-5,2.7035740489544307e-5,6.531415003102836e-5,1000.0046967988915,0.009899000754996445,2
Dre'Mont Jones,Rusher,2.697684510980919e-5,2.874301749335824e-5,7.668681657557873e-6,2.697684510980919e-5,4.6285008562060506e-5,1000.0046865677161,0.00499313303996425,2
Patrick Queen,Rusher,2.694663771484111e-5,8.090780867034569e-6,2.1511643999475317e-5,2.694663771484111e-5,3.23816314302069e-5,1000.0046813201541,0.0014054720776705675,2
John Franklin-Myers,Rusher,2.6890152399307226e-5,2.406341358216485e-7,2.6728506071543994e-5,2.6890152399307226e-5,2.7051798727070455e-5,1000.0046715076498,4.1842947182482854e-5,2
Rob Havenstein,Blocker,2.6359755542163026e-5,1.753288914176783e-5,1.4582011976523804e-5,2.6359755542163026e-5,3.813749910780225e-5,1000.0045793682784,0.0030458153187083443,2
Vita Vea,Rusher,2.5853343060371785e-5,1.1686178203409016e-5,1.800313599927609e-5,2.5853343060371785e-5,3.3703550121467476e-5,1000.0044913954199,0.0020301375995274876,2
Alex Singleton,Rusher,2.5768488451506257e-5,3.0264292723664834e-5,5.438406169424067e-6,2.5768488451506257e-5,4.6098570733588446e-5,1000.0044766546646,0.005257405615117735,2
Everson Griffen,Rusher,2.544952268740585e-5,2.316731560815769e-5,9.88684501740946e-6,2.544952268740585e-5,4.101220035740223e-5,1000.004421244636,0.00402453441539923,2
Lane Johnson,Blocker,2.521594456391419e-5,1.4952942825128979e-5,1.5171283657087928e-5,2.521594456391419e-5,3.526060547074045e-5,1000.00438066796,0.0025975517066425644,2
Matt Milano,Rusher,2.5084712238452223e-5,1.8803102107275132e-5,1.2453701281424776e-5,2.5084712238452223e-5,3.7715723195479665e-5,1000.0043578705701,0.0032663928788390305,2
Chris Smith,Rusher,2.491128186208189e-5,4.700127501302866e-5,-6.661892409738193e-6,2.491128186208189e-5,5.6484456133901974e-5,1000.0043277426279,0.008164998268497495,2
Jermaine Carter Jr.,Rusher,2.4537959949898088e-5,1.2828348782892075e-6,2.3676213770396216e-5,2.4537959949898088e-5,2.539970612939996e-5,1000.0042628899694,2.2281072732406183e-4,2
Brian Burns,Rusher,2.4230651547692877e-5,3.500890358305074e-5,7.133700784857272e-7,2.4230651547692877e-5,4.774793301690002e-5,1000.0042095050319,0.006081628941172523,2
Marquis Haynes Sr.,Rusher,2.3912518136165684e-5,1.397572181053511e-5,1.4524306855169875e-5,2.3912518136165684e-5,3.330072941716149e-5,1000.0041542395979,0.0024278720614662164,2
Rakeem Nunez-Roches,Rusher,2.390797887745797e-5,9.871639078574917e-6,1.7276691090265844e-5,2.390797887745797e-5,3.05392666646501e-5,1000.0041534510478,0.001714919867935143,2
Tyus Bowser,Rusher,2.3827756632383108e-5,1.4854290939263812e-5,1.384936527215534e-5,2.3827756632383108e-5,3.380614799261087e-5,1000.0041395150165,0.0025804951513044103,2
B.J. Finney,Blocker,2.310136921693503e-5,2.3614754731490366e-5,7.238123670575776e-6,2.3101369216935025e-5,3.8964614763294275e-5,1000.004013328598,0.004102262552298405,2
Kolton Miller,Blocker,2.3091733968720507e-5,3.023208252585411e-5,2.783288933468872e-6,2.3091733968720507e-5,4.3400179003972145e-5,1000.004011654784,0.005251810130687026,2
Justin Houston,Rusher,2.2924999077103084e-5,5.205021808061706e-5,-1.2039809981587738e-5,2.2924999077103084e-5,5.7889808135793914e-5,1000.0039826899667,0.009042089513970255,2
Von Miller,Rusher,2.267602403455628e-5,1.8864697741763785e-5,1.0003636121232341e-5,2.267602403455628e-5,3.5348411947880214e-5,1000.0039394385718,0.003277093136540186,2
Shaka Toney,Rusher,2.252964016440831e-5,1.707446149512284e-5,1.1059846031513848e-5,2.252964016440831e-5,3.3999434297302776e-5,1000.0039140090889,0.0029661782797771067,2
Donovan Smith,Blocker,2.251640713730381e-5,3.5964402028141955e-6,2.010049324453906e-5,2.251640713730381e-5,2.4932321030068558e-5,1000.0039117102767,6.247251375792475e-4,2
Garrett Bradbury,Blocker,2.241131254991712e-5,1.355318306841374e-5,1.3306942278295968e-5,2.241131254991712e-5,3.151568282153827e-5,1000.0038934534771,0.002354388531310714,2
Zach Kerr,Rusher,2.2296893616125302e-5,4.189791117780871e-6,1.9482395390544186e-5,2.2296893616125302e-5,2.5111391841706425e-5,1000.0038735768724,7.278817813832458e-4,2
Ezra Cleveland,Blocker,2.219693500832996e-5,5.201993776217374e-5,-1.2747533202778496e-5,2.219693500832996e-5,5.7141403219438416e-5,1000.0038562122836,0.009036748251434303,2
Greg Rousseau,Rusher,2.2071008520131143e-5,1.0958755363313637e-5,1.4709448800905796e-5,2.2071008520131143e-5,2.9432568239356487e-5,1000.003834336612,0.0019037713093898493,2
Akiem Hicks,Rusher,2.1924518089022342e-5,9.067847736741228e-6,1.5833178294876373e-5,2.1924518089022342e-5,2.801585788316831e-5,1000.0038088886178,0.0015752870101726122,2
Christian Kirksey,Rusher,2.170322006469239e-5,4.652518326009973e-6,1.857788416967187e-5,2.170322006469239e-5,2.482855595971291e-5,1000.0037704452134,8.082657306108029e-4,2
Trent Scott,Blocker,2.1399445162646325e-5,4.5591335120457784e-6,1.8336840651079034e-5,2.1399445162646325e-5,2.4462049674213613e-5,1000.003717674108,7.920431268725254e-4,2
Rashan Gary,Rusher,2.1326562771057266e-5,4.979007611464684e-5,-1.2119992662580817e-5,2.1326562771057266e-5,5.4773118204695346e-5,1000.0037050131398,0.008649462640274266,2
Kyle Fuller,Blocker,2.0767096189820797e-5,4.156210166951289e-6,1.7975156016387455e-5,2.0767096189820797e-5,2.355903636325414e-5,1000.0036078238401,7.220481727409617e-4,2
Mario Edwards Jr.,Rusher,2.0645677621722788e-5,1.4568155038770134e-5,1.0859498465296021e-5,2.0645677621722788e-5,3.0431856778149557e-5,1000.0035867312745,0.0025307882542067372,2
Austin Reiter,Blocker,2.010518614318652e-5,1.4538657506942272e-6,1.91285497284983e-5,2.010518614318652e-5,2.108182255787474e-5,1000.0034928382878,2.526028654966121e-4,2
Tommy Kraemer,Blocker,2.0043040345828984e-5,1.627164488545591e-5,9.112539428241967e-6,2.0043040345828984e-5,3.0973541263415994e-5,1000.0034820424571,0.0028267147503515796,2
Jay Tufele,Rusher,1.9998014715563905e-5,2.3235377916594e-7,1.9841930729325477e-5,1.9998014715563905e-5,2.0154098701802333e-5,1000.003474220704,4.0404501886848e-5,2
David Onyemata,Rusher,1.962286915289932e-5,3.0886307124685556e-5,-1.1250522000924425e-6,1.962286915289932e-5,4.037079050589108e-5,1000.0034090512448,0.0053654605839553605,2
Taylor Moton,Blocker,1.9234858580543164e-5,5.378555045942012e-5,-1.689566250617868e-5,1.9234858580543164e-5,5.536537966726501e-5,1000.0033416469046,0.009343547624571293,2
J.C. Hassenauer,Blocker,1.923103320853622e-5,9.668049083120492e-6,1.273650729439328e-5,1.923103320853622e-5,2.572555912267916e-5,1000.0033409823695,0.0016794716307795374,2
Jonathan Marshall,Rusher,1.877111377885304e-5,9.493578714667984e-6,1.239378858632654e-5,1.877111377885304e-5,2.5148438971379537e-5,1000.0032610861813,0.0016491630234493904,2
Trey Smith,Blocker,1.8769134272298144e-5,2.0745818533083336e-5,4.8331007545898e-6,1.8769134272298144e-5,3.270516779000649e-5,1000.0032607423058,0.003603877288314953,2
Lane Taylor,Blocker,1.8708122011277923e-5,6.136327897684226e-6,1.4586034896643052e-5,1.8708122011277923e-5,2.2830209125912798e-5,1000.0032501433905,0.0010659488217936934,2
Jeremiah Owusu-Koramoah,Rusher,1.866968804065335e-5,1.7351346319226355e-5,7.013896127864209e-6,1.866968804065335e-5,3.032547995344249e-5,1000.003243466726,0.0030142781002124638,2
Sheldon Day,Rusher,1.8518326915811128e-5,2.3185691613801547e-6,1.6960824737982308e-5,1.8518326915811128e-5,2.007582909363995e-5,1000.0032171726054,4.0273620080817776e-4,2
Bradley Bozeman,Blocker,1.831871965805425e-5,4.877302060434297e-5,-1.4444627269813768e-5,1.831871965805425e-5,5.108206658592227e-5,1000.0031824972732,0.0084727009694352,2
Yosh Nijman,Blocker,1.7835074565933846e-5,4.163277774458886e-6,1.5038386716964885e-5,1.7835074565933846e-5,2.0631762414902806e-5,1000.0030984795153,7.231949093478424e-4,2
Andrew Thomas,Blocker,1.7733934423644663e-5,5.4206548883114535e-6,1.4092601685147476e-5,1.7733934423644663e-5,2.1375267162141844e-5,1000.003080909673,9.416236862587225e-4,2
"David Long, Jr.",Rusher,1.749129169098922e-5,5.613278150856574e-6,1.37205639980901e-5,1.749129169098922e-5,2.1262019383888338e-5,1000.0030387583131,9.750857743204892e-4,2
Zach Sieler,Rusher,1.715681601338612e-5,3.91024959471855e-6,1.4530100209056556e-5,1.715681601338612e-5,1.9783531817715686e-5,1000.0029806539367,6.792394124791887e-4,2
Osa Odighizuwa,Rusher,1.7100843333522596e-5,5.913402591810964e-5,-2.2622523855755976e-5,1.7100843333522596e-5,5.682421052280117e-5,1000.0029709304863,0.010272591943322352,2
Davon Godchaux,Rusher,1.707288186183034e-5,7.905723341616662e-6,1.176220080604052e-5,1.707288186183034e-5,2.238356291762016e-5,1000.0029660730811,0.001373324292833582,2
Charles Leno Jr.,Blocker,1.6574129881018925e-5,4.0428620638787955e-5,-1.0583854336301184e-5,1.6574129881018925e-5,4.3732114098339034e-5,1000.0028794309878,0.007023130225535314,2
Isaac Seumalo,Blocker,1.6450234856894803e-5,1.2338636185943525e-6,1.5621385191715738e-5,1.6450234856894803e-5,1.7279084522073868e-5,1000.0028579082177,2.1438458064739068e-4,2
Vernon Butler,Rusher,1.614937816410896e-5,2.4953809541312986e-5,-6.133793818360256e-7,1.6149378164108962e-5,3.291213571005395e-5,1000.0028056440572,0.004334961230711898,2
DeMarcus Lawrence,Rusher,1.5197775971424467e-5,5.4562094818353764e-6,1.153255938345334e-5,1.5197775971424467e-5,1.8862992559395595e-5,1000.0026403338245,9.478811842928364e-4,2
Mike Remmers,Blocker,1.499732134474976e-5,2.9959428282403896e-6,1.2984792429348575e-5,1.499732134474976e-5,1.7009850260150945e-5,1000.0026055112893,5.204080590888922e-4,2
Wes Schweitzer,Blocker,1.4717695452299911e-5,1.6926261428121596e-5,3.3474549281368845e-6,1.4717695452299911e-5,2.6087935976462936e-5,1000.0025569352965,0.00294043329126974,2
Michael Dwumfour,Rusher,1.4694697831300413e-5,1.8985628623662322e-5,1.9410744236634157e-6,1.4694697831300413e-5,2.7448321238937407e-5,1000.0025529402005,0.0032981009824801354,2
Myles Jack,Rusher,1.4290808630415571e-5,1.6138284785969917e-6,1.3206717022572064e-5,1.4290808630415571e-5,1.537490023825908e-5,1000.00248277746,2.8031020497781584e-4,2
Tarron Jackson,Rusher,1.4248545131924367e-5,3.0438509072841626e-5,-6.198567233959472e-6,1.4248545131924369e-5,3.469565749780821e-5,1000.0024754355384,0.005287670094820968,2
Larrell Murchison,Rusher,1.3964511701445024e-5,3.8059919097859833e-6,1.1407831147321756e-5,1.3964511701445024e-5,1.652119225556829e-5,1000.0024260938777,6.611279975416091e-4,2
Grady Jarrett,Rusher,1.3756436096480982e-5,4.193448671714397e-5,-1.4413115830625249e-5,1.3756436096480982e-5,4.192598802358721e-5,1000.0023899474429,0.007284806989305558,2
Jason Spriggs,Blocker,1.3716190543574233e-5,1.0261621288010768e-5,6.8229316447896155e-6,1.3716190543574233e-5,2.060944944235885e-5,1000.0023829560743,0.001782666716556468,2
Brandon Brooks,Blocker,1.3037998155322328e-5,5.2550148174115584e-6,9.507934373326203e-6,1.3037998155322328e-5,1.6568061937318455e-5,1000.0022651419895,9.129300912451455e-4,2
Graham Glasgow,Blocker,1.3021357880831777e-5,9.912493562786613e-6,6.362626034953082e-6,1.3021357880831777e-5,1.9680089726710475e-5,1000.0022622512778,0.0017219359862512753,2
Denico Autry,Rusher,1.2968891386635544e-5,3.272869831071479e-6,1.0770336357718606e-5,1.2968891386635544e-5,1.5167446415552482e-5,1000.0022531369142,5.68596239283431e-4,2
Preston Smith,Rusher,1.2922425957057857e-5,1.3148168064290708e-5,4.090125098539509e-6,1.2922425957057857e-5,2.17547268155762e-5,1000.0022450650424,0.002284111251222249,2
Tyler Larsen,Blocker,1.2864309867520283e-5,7.839477462565938e-7,1.2337691838420033e-5,1.2864309867520283e-5,1.3390927896620534e-5,1000.0022349692435,1.3614515588568436e-4,2
Frank Clark,Rusher,1.2746876488752345e-5,6.05450265782522e-6,8.679755596995165e-6,1.2746876488752345e-5,1.6813997380509525e-5,1000.0022145689761,0.0010518153542012879,2
Isaiah Mack,Rusher,1.266613031969495e-5,8.82155419523881e-6,6.74023856723985e-6,1.266613031969495e-5,1.859202207215005e-5,1000.0022005419298,0.0015325014398096803,2
Genard Avery,Rusher,1.2552025003341294e-5,9.606985148473016e-6,6.098518875359758e-6,1.2552025003341294e-5,1.900553113132283e-5,1000.0021807198062,0.0016688637388493396,2
Kwon Alexander,Rusher,1.2464546547486588e-5,1.9229101251434783e-5,-4.5262994897506263e-7,1.2464546547486588e-5,2.5381723043948238e-5,1000.002165523242,0.00334039650987396,2
Andrus Peat,Blocker,1.2292419365027491e-5,3.4935355657949237e-6,9.945631810582018e-6,1.2292419365027491e-5,1.4639206919472965e-5,1000.0021356216878,6.068487710998956e-4,2
Justin Hollins,Rusher,1.1958713701717066e-5,7.81737175444346e-6,6.707382952025074e-6,1.1958713701717066e-5,1.721004445140906e-5,1000.0020776510764,0.0013579760501019867,2
Breiden Fehoko,Rusher,1.1837504899842352e-5,2.2643438603593698e-5,-3.373257636840884e-6,1.1837504899842354e-5,2.7048267436525588e-5,1000.002056594951,0.003933608691000712,2
Bryce Huff,Rusher,1.1479398005820634e-5,3.9803733480844495e-6,8.805576469040153e-6,1.1479398005820634e-5,1.4153219542601116e-5,1000.0019943854118,6.914211561668218e-4,2
Greg Van Roten,Blocker,1.1374103705850602e-5,2.4242742022148342e-5,-4.9109932086457085e-6,1.1374103705850602e-5,2.7659200620346915e-5,1000.0019760939183,0.0042114361507867735,2
Tremaine Edmunds,Rusher,1.1121640140833747e-5,1.609233299007841e-5,3.1159224755713375e-7,1.1121640140833747e-5,2.193168803411036e-5,1000.0019322365051,0.0027954840512040067,2
Jessie Lemonier,Rusher,1.0976147838797124e-5,1.581528271766915e-5,3.5220886555316833e-7,1.0976147838797122e-5,2.1600086812041076e-5,1000.0019069619036,0.0027474365218714894,2
Raymond Johnson III,Rusher,1.0939541444428375e-5,2.899451456973707e-5,-8.5375655315712e-6,1.0939541444428377e-5,3.0416648420427952e-5,1000.0019006027214,0.005036822556960373,2
Danny Pinter,Blocker,1.0937652967135652e-5,8.868256693471072e-6,4.980388744142085e-6,1.0937652967135652e-5,1.6894917190129216e-5,1000.0019002746594,0.0015406144946355504,2
Maurice Hurst,Rusher,1.0875487979690578e-5,8.925264847926056e-6,4.879928446728864e-6,1.0875487979690578e-5,1.6871047512652292e-5,1000.001889475495,0.001550517825456383,2
Josh Myers,Blocker,1.0851483758882665e-5,1.2383879169748575e-5,2.5325950674748176e-6,1.0851483758882665e-5,1.9170372450290513e-5,1000.0018853055348,0.0021513406714538715,2
Wes Martin,Blocker,1.0811498695308019e-5,8.086423477587698e-6,5.379432062587071e-6,1.0811498695308019e-5,1.6243565328028968e-5,1000.0018783594178,0.0014047961540829836,2
Al-Quadin Muhammad,Rusher,1.0771986955977228e-5,2.726096627214485e-5,-7.540606451117589e-6,1.0771986955977227e-5,2.9084580363072045e-5,1000.0018714955256,0.004735674373064516,2
Cole Toner,Blocker,1.0734434920312935e-5,1.5180783448717907e-5,5.367217460156449e-7,1.0734434920312935e-5,2.0932148094610226e-5,1000.0018649720689,0.0026371316768009838,2
Kwity Paye,Rusher,1.0488210538763397e-5,1.117358746305745e-5,2.9823370467199265e-6,1.0488210538763397e-5,1.7994084030806867e-5,1000.0018221985127,0.0019410104350221812,2
Terrell Lewis,Rusher,1.0319819913425476e-5,2.6214230373825756e-6,8.558875207638213e-6,1.0319819913425476e-5,1.208076461921274e-5,1000.001792946065,4.5542834021092054e-4,2
Kamu Grugier-Hill,Rusher,1.0313804216022958e-5,1.3514282967509253e-5,1.2355651432832876e-6,1.0313804216022958e-5,1.9392043288762626e-5,1000.0017919010313,0.0023476308916335763,2
Tyquan Lewis,Rusher,1.0212285772270995e-5,5.0915813196517954e-6,6.792008678086886e-6,1.0212285772270995e-5,1.3632562866455104e-5,1000.0017742654713,8.844577522339461e-4,2
Quinton Jefferson,Rusher,1.0170122143639762e-5,5.1476423528310265e-6,6.7121859695703625e-6,1.0170122143639762e-5,1.3628058317709161e-5,1000.0017669408988,8.94196551191971e-4,2
Larry Borom,Blocker,9.992468720363848e-6,3.526556889629586e-5,-1.3697228043159739e-5,9.992468720363848e-6,3.368216548388743e-5,1000.0017360793383,0.00612629730531647,2
Jordan Hicks,Rusher,9.917635473497103e-6,1.9759906242231118e-7,9.784898018351929e-6,9.917635473497103e-6,1.0050372928642278e-5,1000.0017230794718,3.428595674391843e-5,2
Cody Barton,Rusher,9.840487493256565e-6,4.877384642668955e-6,6.5640973257345376e-6,9.840487493256565e-6,1.3116877660778593e-5,1000.001709677495,8.473290108641621e-4,2
Fred Warner,Rusher,9.807551493349263e-6,5.963523022143481e-6,5.801546303065501e-6,9.807551493349263e-6,1.3813556683633025e-5,1000.0017039559258,0.0010359295402694508,2
Michael Dogbe,Rusher,9.420916627094499e-6,1.0355551229470101e-5,2.4645601546756496e-6,9.420916627094499e-6,1.6377273099513347e-5,1000.0016367905703,0.0017989840186252053,2
Cesar Ruiz,Blocker,9.29086523594298e-6,1.1150678170977672e-4,-6.561397618456467e-5,9.29086523594298e-6,8.419570665645063e-5,1000.0016141983297,0.019370671480272366,2
Jimmy Morrissey,Blocker,9.278572140155856e-6,1.6149681862468568e-5,-1.5699999408532171e-6,9.278572140155856e-6,2.0127144221164927e-5,1000.0016120628002,0.0028054465707222126,2
Zach Cunningham,Rusher,9.240713671675738e-6,1.1674215097398867e-5,1.3985428442946826e-6,9.240713671675738e-6,1.7082884499056795e-5,1000.0016054861105,0.002027978362637116,2
Sam Tecklenburg,Blocker,9.231728820433861e-6,1.6277867978456986e-7,9.12238200754101e-6,9.231728820433861e-6,9.34107563332671e-6,1000.001603925282,2.8318069172215555e-5,2
Patrick Mekari,Blocker,9.1506579217667e-6,4.943759787728301e-6,5.829680154829654e-6,9.1506579217667e-6,1.2471635688703746e-5,1000.0015898418244,8.588595545193176e-4,2
Jacob Phillips,Rusher,9.12575919614548e-6,8.684644205893613e-6,3.2918369264746386e-6,9.125759196145481e-6,1.4959681465816323e-5,1000.0015855164728,0.0015086367060855586,2
Cassius Marsh Sr.,Rusher,9.109321033875506e-6,9.30153112929106e-6,2.861004083783004e-6,9.109321033875506e-6,1.5357637983968005e-5,1000.0015826608715,0.001615800940821517,2
Aaron James Klein,Rusher,9.058923847425457e-6,5.337886324313999e-7,8.700350563798549e-6,9.058923847425457e-6,9.417497131052368e-6,1000.0015739059835,9.276909924231881e-5,2
Elandon Roberts,Rusher,8.977566809021799e-6,2.2546412810913403e-6,7.463008276969128e-6,8.977566809021799e-6,1.0492125341074471e-5,1000.0015597728184,3.9163079056050895e-4,2
Hassan Ridgeway,Rusher,8.95119386360119e-6,5.073877561109667e-5,-2.513265182492243e-5,8.95119386360119e-6,4.303503955212481e-5,1000.0015551913685,0.008814268622796266,2
Landon Dickerson,Blocker,8.934618273464687e-6,1.4332429339074132e-5,-6.932118042448442e-7,8.934618273464687e-6,1.856244835117422e-5,1000.0015523118936,0.0024897574734380258,2
Kyle Peko,Rusher,8.821498919905914e-6,1.2696075793044604e-5,2.9289169657170895e-7,8.821498919905914e-6,1.7350106143240117e-5,1000.0015326610492,0.0022055747797990813,2
Kevin Givens,Rusher,8.803438322241649e-6,2.4739963853950763e-5,-7.815668074825079e-6,8.803438322241649e-6,2.5422544719308378e-5,1000.001529523602,0.004297731397454483,2
Tristan Wirfs,Blocker,8.770477993425439e-6,1.9609930935913702e-5,-4.402521392789781e-6,8.770477993425439e-6,2.194347737964066e-5,1000.0015237978064,0.003406553402141236,2
Derrick Brown,Rusher,8.715263688861443e-6,2.1264079866623624e-5,-5.568912627051366e-6,8.715263688861443e-6,2.2999440004774252e-5,1000.0015142060993,0.0036939895358025603,2
Jack Driscoll,Blocker,8.71213596066918e-6,9.508740904928378e-6,2.324625544969452e-6,8.71213596066918e-6,1.5099646376368906e-5,1000.0015136627574,0.001651796965701165,2
Anthony Hitchens,Rusher,8.551562926120899e-6,2.4822652101607094e-6,6.884097691453214e-6,8.551562926120899e-6,1.0219028160788583e-5,1000.0014857683641,4.31173117086512e-4,2
Isaiah Simmons,Rusher,8.536460443810949e-6,1.4501494115251704e-5,-1.2049391411087805e-6,8.536460443810949e-6,1.827786002873068e-5,1000.0014831447943,0.0025191270331982184,2
Azeez Al-Shaair,Rusher,8.49147253790492e-6,1.0280525460021807e-5,1.585514734309666e-6,8.49147253790492e-6,1.5397430341500172e-5,1000.0014753295945,0.001785950707593662,2
Matt Feiler,Blocker,8.486622222429449e-6,3.154890161106561e-5,-1.270639793233366e-5,8.486622222429449e-6,2.9679642377192558e-5,1000.0014744870084,0.005480646068136096,2
Scott Quessenberry,Blocker,8.443861476865304e-6,1.6306123128956593e-6,7.348495304127244e-6,8.443861476865304e-6,9.539227649603368e-6,1000.0014670587061,2.833068881271034e-4,2
Josh Mauro,Rusher,8.423304912574499e-6,1.336710110943798e-5,-5.560645347508301e-7,8.423304912574499e-6,1.7402674359899828e-5,1000.0014634876651,0.002322143816632405,2
Andre Dillard,Blocker,8.309715079003793e-6,2.2918100159720324e-6,6.770188395692973e-6,8.309715079003793e-6,9.849241762314614e-6,1000.0014437550899,3.980876611758625e-4,2
Amen Ogbongbemiga,Rusher,8.214651383793937e-6,8.6213234755048e-6,2.423264906078328e-6,8.214651383793937e-6,1.4006037861509547e-5,1000.0014272408346,0.001497717801076829,2
Josh Bynes,Rusher,8.116276825944473e-6,3.3265778757479495e-6,5.881643340562284e-6,8.116276825944473e-6,1.0350910311326665e-5,1000.0014101514236,5.778452497830802e-4,2
Javon Kinlaw,Rusher,8.116203223324513e-6,4.780320849550776e-6,4.905015798807959e-6,8.116203223324513e-6,1.1327390647841063e-5,1000.0014101386375,8.304673029450283e-4,2
Reggie Ragland,Rusher,7.986146840770017e-6,6.6814886571958215e-6,3.497847199742059e-6,7.986146840770017e-6,1.2474446481797974e-5,1000.0013875455298,0.0011606529456283175,2
Boogie Basham,Rusher,7.872468321861832e-6,2.0575672769407572e-5,-5.949269533725481e-6,7.872468321861832e-6,2.1694206177449143e-5,1000.0013677975485,0.003574319941839015,2
Brandon Graham,Rusher,7.831828446089807e-6,5.491770156916141e-6,4.142723923350159e-6,7.831828446089807e-6,1.1520932968829456e-5,1000.0013607376789,9.540587062284368e-4,2
Brennan Scarlett,Rusher,7.7233948701389e-6,4.225446436733774e-6,4.884945132631662e-6,7.7233948701389e-6,1.0561844607646135e-5,1000.0013419008374,7.339947121770008e-4,2
Jordan Mailata,Blocker,7.680719419736753e-6,4.9018069242604195e-5,-2.524723928427456e-5,7.680719419736753e-6,4.060867812374807e-5,1000.0013344873523,0.008515351310513102,2
Montravius Adams,Rusher,7.238163907500065e-6,1.1402739300362344e-5,-4.216426617190707e-7,7.238163907500065e-6,1.4897970476719199e-5,1000.0012576075856,0.0019808181864168963,2
Tyrel Dodson,Rusher,7.1938776552746706e-6,1.048524490694018e-5,1.5039926798051347e-7,7.1938776552746706e-6,1.4237356042568828e-5,1000.0012499142756,0.0018214330855229933,2
Ryan Kerrigan,Rusher,7.047216262924984e-6,4.8206127758514396e-6,3.808962678809877e-6,7.047216262924984e-6,1.028546984704009e-5,1000.0012244365823,8.373856949282615e-4,2
Al Woods,Rusher,7.000572707529965e-6,1.5268852548771297e-6,5.974885335603465e-6,7.000572707529965e-6,8.026260079456465e-6,1000.0012163337667,2.652066199717529e-4,2
Jermaine Eluemunor,Blocker,6.968595295430324e-6,6.431538422446935e-6,2.6482000850549683e-6,6.968595295430324e-6,1.1288990505805681e-5,1000.0012107787213,0.0011172321426059534,2
Malik Mcdowell,Rusher,6.889240893931104e-6,1.073767238107218e-6,6.167936203223618e-6,6.889240893931104e-6,7.61054558463859e-6,1000.0011969934499,1.8657299080520083e-4,2
Austin Jackson,Blocker,6.811108882261317e-6,2.9878360585693365e-5,-1.32597229295753e-5,6.811108882261317e-6,2.6881940694097934e-5,1000.0011834205293,0.005190443368497609,2
Chris Lindstrom,Blocker,6.799031679461458e-6,1.8178803828114434e-6,5.577867910693088e-6,6.799031679461458e-6,8.020195448229828e-6,1000.0011813225042,3.157576513494462e-4,2
Jamarco Jones,Blocker,6.746363068816043e-6,8.343454058668373e-6,1.1416357725833545e-6,6.746363068816043e-6,1.235109036504873e-5,1000.0011721730294,0.0014494469393813265,2
Bobby Evans,Blocker,6.595922742367673e-6,2.2195010211472633e-6,5.10496973060916e-6,6.595922742367673e-6,8.086875754126185e-6,1000.001146038868,3.855263021915864e-4,2
Brian O'Neill,Blocker,6.579685192446394e-6,2.8397832842279443e-7,6.388922340795505e-6,6.579685192446394e-6,6.770448044097284e-6,1000.0011432181167,4.937260464763917e-5,2
P.J. Williams,Rusher,6.570855094977837e-6,1.3172418957421436e-5,-2.2777363359739477e-6,6.570855094977837e-6,1.5419446525929624e-5,1000.0011416841717,0.002288243030368196,2
L.J. Collier,Rusher,6.4483128410162055e-6,2.951541541157615e-6,4.46561055424518e-6,6.4483128410162055e-6,8.431015127787231e-6,1000.0011203964017,5.127757980259634e-4,2
Trey Hill,Blocker,6.445367479861495e-6,9.625835427346248e-6,-2.0801350137635338e-8,6.445367479861495e-6,1.2911536309860624e-5,1000.0011198847401,0.0016722194001406734,2
Joe Tryon-Shoyinka,Rusher,6.37061403493206e-6,3.7986420950678794e-6,3.818870729445047e-6,6.37061403493206e-6,8.922357340419074e-6,1000.0011068987367,6.598512039412244e-4,2
Will Clapp,Blocker,6.3231102031248445e-6,1.1079760080035936e-5,-1.1197346090629016e-6,6.3231102031248445e-6,1.376595501531259e-5,1000.0010986464758,0.0019247109491869795,2
Dylan Cole,Rusher,6.289508258374729e-6,5.195680483286591e-6,2.799302400894709e-6,6.289508258374729e-6,9.77971411585475e-6,1000.0010928092202,9.026226616937119e-4,2
Alton Robinson,Rusher,6.040725093875459e-6,1.2263472836652405e-5,-2.1972804696337876e-6,6.040725093875458e-6,1.4278730657384704e-5,1000.0010495911579,0.002130423949037775,2
Frankie Luvu,Rusher,6.015842251556105e-6,1.0544209430002677e-7,5.945011372649148e-6,6.015842251556105e-6,6.086673130463062e-6,1000.0010452685655,1.835768413567175e-5,2
Phil Hoskins,Rusher,5.958216341546412e-6,1.796647574452277e-5,-6.1107896497804825e-6,5.958216341546412e-6,1.8027222332873305e-5,1000.0010352579195,0.003121055993767581,2
E.J. Speed,Rusher,5.898512310946043e-6,4.9219972244282545e-6,2.592153577290188e-6,5.898512310946043e-6,9.204871044601898e-6,1000.0010248862673,8.549979775837601e-4,2
Eli Ankou,Rusher,5.890333929931294e-6,1.4084571488646717e-5,-3.570997279311067e-6,5.890333929931295e-6,1.5351665139173658e-5,1000.0010234655368,0.0024467001547481856,2
Micah Kiser,Rusher,5.883836115380823e-6,4.585256712373695e-6,2.8036833063202756e-6,5.883836115380823e-6,8.96398892444137e-6,1000.0010223367509,7.965001590769356e-4,2
Danny Isidora,Blocker,5.871475724234882e-6,3.1292288047487635e-6,3.7694117618988625e-6,5.871475724234882e-6,7.973539686570903e-6,1000.001020189531,5.435622047191031e-4,2
Myles Adams,Rusher,5.809914773377254e-6,1.1189169714437645e-7,5.734751364458457e-6,5.809914773377254e-6,5.885078182296052e-6,1000.0010094952985,1.9397062392336883e-5,2
Derek Barnett,Rusher,5.763784251702286e-6,4.017567879955078e-5,-2.1224285920335943e-5,5.763784251702286e-6,3.275185442374052e-5,1000.0010014816061,0.00697918972751624,2
John Cominsky,Rusher,5.734303752202363e-6,3.7109153445871252e-6,3.241491017863931e-6,5.734303752202363e-6,8.227116486540795e-6,1000.0009963603188,6.446925390667545e-4,2
Carlos Basham Jr.,Rusher,5.626912779440679e-6,1.3583334351236696e-5,-3.497711659898783e-6,5.626912779440678e-6,1.4751537218780139e-5,1000.000977704596,0.0023596263455240773,2
Mike Purcell,Rusher,5.591350296355649e-6,1.3440934362222357e-5,-3.43761674500453e-6,5.591350296355649e-6,1.4620317337715827e-5,1000.0009715267599,0.002334888933811806,2
Cole Holcomb,Rusher,5.282841367436886e-6,3.64901020150555e-6,2.831613502238594e-6,5.282841367436886e-6,7.73406923263518e-6,1000.0009179332699,6.33857481758351e-4,2
Kenneth Murray Jr.,Rusher,5.02180162061738e-6,4.902339793852606e-6,1.7286477942992318e-6,5.02180162061738e-6,8.314955446935528e-6,1000.0008725860212,8.516641645836875e-4,2
Shaq Lawson,Rusher,4.960641454739497e-6,3.17458701910696e-5,-1.636469262769504e-5,4.960641454739497e-6,2.6285975537174035e-5,1000.000861961412,0.005514781982604157,2
Jonathan Bostic,Rusher,4.866666793528182e-6,2.9881675692720784e-6,2.859360919551873e-6,4.866666793528182e-6,6.873972667504492e-6,1000.0008456363414,5.190573582570699e-4,2
Darius Leonard,Rusher,4.809411244949699e-6,5.228237764266037e-6,1.2973349870199949e-6,4.809411244949699e-6,8.321487502879403e-6,1000.0008356900339,9.082784407296063e-4,2
Del'Shawn Phillips,Rusher,4.595028080081338e-6,8.078770565664285e-6,-8.318976980185845e-7,4.595028080081338e-6,1.0021953858181263e-5,1000.0007984478636,0.0014034667071481243,2
Damien Lewis,Blocker,4.559552466744559e-6,3.0145660474831755e-5,-1.5690838431101213e-5,4.559552466744559e-6,2.480994336459033e-5,1000.0007922851185,0.0052368781153362565,2
Malik Harrison,Rusher,4.429150381965443e-6,1.8520756108144125e-6,3.185015919472209e-6,4.429150381965443e-6,5.673284844458677e-6,1000.0007696319561,3.2177900337794865e-4,2
Benson Mayowa,Rusher,4.339066692635366e-6,5.690473350277393e-6,5.16483013200012e-7,4.339066692635366e-6,8.161650372070718e-6,1000.0007539828164,9.884959539264162e-4,2
James Carpenter,Blocker,4.331395167783183e-6,6.125517790276265e-6,2.165697583891584e-7,4.331395167783183e-6,8.446220577177209e-6,1000.0007526501361,0.0010640709137987568,2
Tim Settle,Rusher,4.065095852107325e-6,6.758570897290383e-6,-4.749838948665508e-7,4.065095852107325e-6,8.6051755990812e-6,1000.0007063892067,0.0011740435022639145,2
Mctelvin Agim,Rusher,4.060435840308636e-6,2.6436378400534554e-6,2.2845683087906374e-6,4.060435840308636e-6,5.836303371826634e-6,1000.0007055796798,4.5920641415304284e-4,2
John Leglue,Blocker,4.046419012485587e-6,5.0387698872038085e-6,6.616180742092173e-7,4.046419012485587e-6,7.431219950761957e-6,1000.0007031447074,8.752834667603243e-4,2
Sharif Finch,Rusher,4.039667093601666e-6,6.053384197441615e-7,3.6330301371635127e-6,4.039667093601666e-6,4.446304050039819e-6,1000.0007019717789,1.0519857046006542e-4,2
Garret Wallow,Rusher,3.979198047181172e-6,2.35876784326559e-6,2.394692346824199e-6,3.979198047181172e-6,5.563703747538145e-6,1000.0006914672297,4.0971942710917616e-4,2
Neville Gallimore,Rusher,3.970594960204214e-6,3.4415348006933223e-6,1.6587389947074592e-6,3.970594960204214e-6,6.282450925700969e-6,1000.0006899727205,5.978153130219548e-4,2
T.J. Slaton,Rusher,3.896589068041042e-6,1.5118748984755594e-5,-6.259452365627976e-6,3.896589068041042e-6,1.405263050171006e-5,1000.0006771165802,0.0026264362191915176,2
Aj Jackson,Blocker,3.83885690344518e-6,2.073756595475983e-5,-1.009163293287308e-5,3.83885690344518e-6,1.7769346739763443e-5,1000.0006670874759,0.0036025247011614906,2
Clelin Ferrell,Rusher,3.828532793202892e-6,1.232696193245364e-5,-4.452121661970187e-6,3.828532793202892e-6,1.2109187248375971e-5,1000.0006652939942,0.0021414531346075853,2
Patrick O'Connor,Rusher,3.7592271389453742e-6,5.94795674743807e-6,-2.363213838564795e-7,3.7592271389453742e-6,7.754775661747228e-6,1000.000653254369,0.0010332254013694173,2
Greg Mancz,Blocker,3.7561078010086916e-6,6.6121121253532394e-6,-6.855880547042264e-7,3.7561078010086916e-6,8.19780365672161e-6,1000.0006527124845,0.0011486820402062605,2
Joshua Kaindoh,Rusher,3.7512182578392456e-6,1.8328343091601965e-6,2.520009167480636e-6,3.7512182578392456e-6,4.9824273481978555e-6,1000.0006518630839,3.184364469776239e-4,2
Sam Eguavoen,Rusher,3.725235680012151e-6,3.2479841087515885e-6,1.5433976709519773e-6,3.725235680012151e-6,5.907073689072324e-6,1000.0006473494478,5.641921140399508e-4,2
Kc Mcdermott,Blocker,3.704623134285911e-6,7.287964906146372e-7,3.215053040698271e-6,3.704623134285911e-6,4.19419322787355e-6,1000.0006437686818,1.266454339868972e-4,2
Julian Stanford,Rusher,3.63192911663143e-6,1.6723731915005362e-6,2.508510013466043e-6,3.63192911663143e-6,4.755348219796818e-6,1000.0006311404375,2.9056149578043976e-4,2
Tyron Smith,Blocker,3.5857403277131802e-6,3.000259793722104e-6,1.5703114845240404e-6,3.5857403277131802e-6,5.60116917090232e-6,1000.000623116623,5.21157992805493e-4,2
Ben Bartch,Blocker,3.5460888394059648e-6,4.705804286847478e-5,-2.8065219321176522e-5,3.5460888394059648e-6,3.515739699998845e-5,1000.0006162284541,0.008174859854976206,2
Nate Herbig,Blocker,3.4164135605162345e-6,1.744437758192713e-5,-8.301872237155067e-6,3.4164135605162345e-6,1.5134699358187536e-5,1000.0005937015508,0.0030303582533457458,2
Ronald Blair,Rusher,3.3497367267804717e-6,5.455388951712996e-6,-3.1492866889763746e-7,3.3497367267804717e-6,7.014402122458581e-6,1000.0005821185985,9.476576110852045e-4,2
Joe Thomas,Rusher,3.252996342059774e-6,6.372730079275788e-6,-1.0278942789812518e-6,3.252996342059774e-6,7.5338869631008e-6,1000.0005653130723,0.0011070160869892784,2
Eric Kendricks,Rusher,3.2255023111746365e-6,1.109392608045203e-5,-4.226858532221796e-6,3.2255023111746365e-6,1.0677863154571067e-5,1000.0005605368699,0.0019271718354761601,2
Derrick Barnes,Rusher,3.210034501198837e-6,4.088445843434531e-7,2.9353925620602183e-6,3.210034501198837e-6,3.4846764403374558e-6,1000.0005578498362,7.098306254386423e-5,2
Romeo Okwara,Rusher,3.1736239026400842e-6,3.6325103317310824e-6,7.334798487577027e-7,3.1736239026400842e-6,5.613767956522466e-6,1000.0005515246673,6.309911607582013e-4,2
Josh Wells,Blocker,3.1353640948858945e-6,4.434074425965276e-6,1.5676820474429417e-7,3.1353640948858945e-6,6.113959985027495e-6,1000.000544878258,7.70318138504025e-4,2
Lester Cotton Sr.,Blocker,3.1146897302561616e-6,2.6278906186568473e-6,1.3494004174208313e-6,3.1146897302561616e-6,4.879979043091492e-6,1000.000541286753,4.564708416502858e-4,2
Denzel Perryman,Rusher,3.0874628109887073e-6,8.389169714957448e-8,3.031108442445981e-6,3.0874628109887073e-6,3.143817179531434e-6,1000.0005365569527,1.4532964228769248e-5,2
Demario Davis,Rusher,3.0120725950131774e-6,1.0640714780306312e-5,-4.1358429039220154e-6,3.0120725950131774e-6,1.0159988093948371e-5,1000.0005234603308,0.0018484409688205997,2
Zack Baun,Rusher,2.999645939673715e-6,3.055666000242586e-6,9.469978973516429e-7,2.999645939673715e-6,5.052293981995788e-6,1000.0005213015997,5.308640692078351e-4,2
Jc Tretter,Blocker,2.956361711930896e-6,4.1809268282932136e-6,1.4781808559654426e-7,2.956361711930896e-6,5.764905338265248e-6,1000.0005137823591,7.263418965990937e-4,2
Drew Dalman,Blocker,2.8380920810703825e-6,1.7902991067150766e-6,1.6354560742954556e-6,2.8380920810703825e-6,4.040728087845309e-6,1000.0004932368199,3.1104732541859957e-4,2
Ben Powers,Blocker,2.7626378246447916e-6,3.901034007764055e-6,1.4211260414195819e-7,2.7626378246447916e-6,5.383163045147625e-6,1000.0004801290731,6.777195335569063e-4,2
Austin Calitro,Rusher,2.601847330692556e-6,1.2495127273994776e-6,1.7624853541056403e-6,2.601847330692556e-6,3.441209307279471e-6,1000.0004521969033,2.170220768047014e-4,2
Za'Darius Smith,Rusher,2.5798564016825775e-6,3.6484679122345523e-6,1.289928200841284e-7,2.5798564016825775e-6,5.030719983281026e-6,1000.0004483766877,6.338443089388618e-4,2
Elijah Wilkinson,Blocker,2.556712414072503e-6,2.1721205278954243e-6,1.0975873169846127e-6,2.556712414072503e-6,4.015837511160393e-6,1000.0004443561652,3.7737649990690576e-4,2
Dre Greenlaw,Rusher,2.4810766287207117e-6,9.67816881264221e-8,2.4160633901502806e-6,2.4810766287207117e-6,2.5460898672911424e-6,1000.0004312168835,1.6772184934972787e-5,2
Brett Toth,Blocker,2.4803162451362518e-6,5.8556372328890516e-6,-1.4532165106308145e-6,2.4803162451362513e-6,6.4138490009033185e-6,1000.0004310847914,0.0010172688915752839,2
Dennis Kelly,Blocker,2.455921544827512e-6,1.7619982807183108e-5,-9.38032731615457e-6,2.455921544827512e-6,1.4292170405809593e-5,1000.0004268469979,0.003060864005524539,2
A'Shawn Robinson,Rusher,2.256094561508375e-6,1.0112410355287225e-6,1.5767919375537323e-6,2.256094561508375e-6,2.935397185463018e-6,1000.0003921334954,1.7563004442016066e-4,2
Billy Turner,Blocker,2.1081898488846073e-6,1.0903092167790578e-5,-5.2159780384747135e-6,2.1081898488846073e-6,9.432357736243928e-6,1000.0003664398153,0.0018940205894256994,2
Xavier Su'A-Filo,Blocker,2.065265576653581e-6,3.914359260449573e-6,-5.642109015574597e-7,2.065265576653581e-6,4.694742054864622e-6,1000.0003589831053,6.7995333453506e-4,2
Sione Takitaki,Rusher,2.0628965135807738e-6,4.550519982149534e-6,-9.93921846856908e-7,2.0628965135807738e-6,5.119714874018457e-6,1000.000358571557,7.905468034570456e-4,2
Chris Williams,Rusher,2.011236697901301e-6,9.025399035849673e-7,1.404954216090737e-6,2.011236697901301e-6,2.6175191797118653e-6,1000.0003495973278,1.5682775616293417e-4,2
Blake Martinez,Rusher,1.993032053774811e-6,2.8185729606926415e-6,9.96516026887402e-8,1.993032053774811e-6,3.886412504860882e-6,1000.0003464348572,4.8959575717485e-4,2
Trevis Gipson,Rusher,1.9461283350635256e-6,9.422010566314236e-6,-4.3831208505959695e-6,1.9461283350635256e-6,8.275377520723022e-6,1000.0003382868467,0.0016367303626478496,2
Malcolm Koonce,Rusher,1.8632311842195173e-6,7.247895567697173e-6,-3.0055531157685455e-6,1.8632311842195173e-6,6.732015484207581e-6,1000.0003238861367,0.001259128936430143,2
Jaryd Jones-Smith,Blocker,1.8277302655376968e-6,1.2952182390255822e-6,9.576655456027834e-7,1.8277302655376968e-6,2.6977949854726102e-6,1000.0003177189953,2.2504296988622055e-4,2
Aaron Banks,Blocker,1.8277163621265621e-6,1.295205821220328e-6,9.576599838702363e-7,1.8277163621265621e-6,2.697772740382888e-6,1000.0003177165802,2.2504081265454674e-4,2
Jacob Tuioti-Mariner,Rusher,1.8230209751841248e-6,4.73966616587873e-6,-1.3608566069465052e-6,1.8230209751841248e-6,5.006898557314755e-6,1000.0003169009079,8.234048610229388e-4,2
Kristian Welch,Rusher,1.6140040127002844e-6,1.92946118819531e-6,3.17885677001585e-7,1.6140040127002844e-6,2.910122348398984e-6,1000.0002805909426,3.352222550697732e-4,2
Damion Square,Rusher,1.6085991196049696e-6,2.533626210826306e-5,-1.5411071489733985e-5,1.6085991196049696e-6,1.8628269728943925e-5,1000.0002796520164,0.004401319014023209,2
Abdullah Anderson,Rusher,1.5874101026412874e-6,8.368394351390113e-7,1.025262005257728e-6,1.5874101026412874e-6,2.1495582000248466e-6,1000.0002759711072,1.454144158250668e-4,2
Willie Gay,Rusher,1.556739519889843e-6,4.512798735133468e-6,-1.4747395384659597e-6,1.556739519889843e-6,4.588218578245646e-6,1000.0002706430812,7.839939516678171e-4,2
Quinn Bailey,Blocker,1.5373396910297353e-6,1.5293412407418192e-6,5.100025070567858e-7,1.5373396910297353e-6,2.564676875002685e-6,1000.0002672729859,2.657143010329615e-4,2
Rashawn Slater,Blocker,1.5297900731462377e-6,7.30496748445767e-5,-4.754143435062268e-5,1.5297900731462377e-6,5.0601014496915155e-5,1000.0002659614828,0.01269006879218673,2
Jordan Evans,Rusher,1.5063589755626192e-6,5.107063114326838e-7,1.1632912743542405e-6,1.5063589755626192e-6,1.8494266767709978e-6,1000.0002618910843,8.86782569336604e-5,2
Reginald Mckenzie,Rusher,1.4495289590252926e-6,6.212701912834308e-6,-2.7238625104276932e-6,1.4495289590252926e-6,5.622920428478279e-6,1000.0002520186993,0.0010792973796568274,2
David Moa,Rusher,1.4380558463958655e-6,2.033718081422953e-6,7.190279231979302e-8,1.4380558463958655e-6,2.804208900471938e-6,1000.0002500256154,3.5333353246222915e-4,2
Joe Bachie,Rusher,1.4339214083561065e-6,5.633040037044055e-7,1.0555211315116352e-6,1.4339214083561065e-6,1.8123216852005778e-6,1000.00024930739,9.781541189615447e-5,2
Devon Kennard,Rusher,1.4102856226260323e-6,6.869927962229869e-6,-3.2045983933119976e-6,1.4102856226260323e-6,6.025169638564063e-6,1000.0002452014335,0.0011933882057857089,2
Josh Woods,Rusher,1.3985803060752982e-6,2.774408421277898e-6,-4.651325519680343e-7,1.398580306075298e-6,3.2622931641186306e-6,1000.0002431680117,4.8192359090325464e-4,2
Kyle Murphy,Blocker,1.3700554733632835e-6,2.719654423873866e-9,1.3682285415819586e-6,1.3700554733632835e-6,1.3718824051446084e-6,1000.0002382127407,5.129686301798205e-7,2
Jamil Douglas,Blocker,1.3699423124770282e-6,2.7791283925334315e-9,1.3680754289714872e-6,1.3699423124770282e-6,1.3718091959825694e-6,1000.0002381930826,5.233003510361381e-7,2
Jihad Ward,Rusher,1.330269536517019e-6,8.492990955478954e-6,-4.3749093857994076e-6,1.330269536517019e-6,7.0354484588334455e-6,1000.0002313012155,0.0014754241589629645,2
Keaton Sutherland,Blocker,1.3256946587286548e-6,5.862166296396799e-7,9.319027923692411e-7,1.3256946587286548e-6,1.7194865250880683e-6,1000.0002305064779,1.0179574276728817e-4,2
Austin Schlottmann,Blocker,1.2467888394682812e-6,1.763225686191455e-6,6.233944197341383e-8,1.2467888394682812e-6,2.4312382369631488e-6,1000.0002167991331,3.063441906619427e-4,2
Daniel Archibong,Rusher,1.228871082601567e-6,8.5734321675273e-7,6.529495403499305e-7,1.228871082601567e-6,1.8047926248532034e-6,1000.0002136865,1.4897628756334455e-4,2
Josh Uche,Rusher,1.2257396261867626e-6,2.6038021333244874e-5,-1.6265338754559808e-5,1.2257396261867626e-6,1.8716818006933333e-5,1000.0002131425103,0.004523308110107882,2
Calvin Munson,Rusher,1.207531177620511e-6,8.859859451804702e-7,6.123688412410818e-7,1.207531177620511e-6,1.8026935139999402e-6,1000.0002099793787,1.5395203908640174e-4,2
Ernest Jones,Rusher,1.1788459636058624e-6,2.925296684929223e-6,-7.862263031453199e-7,1.1788459636058624e-6,3.1439182303570447e-6,1000.0002049962468,5.082165995384931e-4,2
Khaleke Hudson,Rusher,1.1537660469214039e-6,1.1584843083865485e-8,1.1459839118729997e-6,1.1537660469214039e-6,1.161548181969808e-6,1000.000200639419,1.97197712277615e-6,2
Hardy Nickerson,Rusher,1.0369712694458282e-6,1.4664988330415353e-6,5.1848563472291224e-8,1.0369712694458282e-6,2.022093975419365e-6,1000.000180350088,2.5471642406139314e-4,2
Noah Dawkins,Rusher,1.0301592086924085e-6,1.4568651243363397e-6,5.150796043462024e-8,1.0301592086924085e-6,2.008810456950197e-6,1000.0001791667119,2.531239100593867e-4,2
Denzelle Good,Blocker,1.0199012637072765e-6,1.442358199416289e-6,5.099506318536364e-8,1.0199012637072765e-6,1.9888074642291892e-6,1000.0001773847243,2.5060379905868024e-4,2
Derrick Kelly,Blocker,9.700198893933656e-7,1.3718152833517472e-6,4.8500994469668106e-8,9.700198893933656e-7,1.891538784317063e-6,1000.0001687194421,2.383492394166719e-4,2
Joshua Miles,Blocker,9.431595931708156e-7,5.228265932667533e-6,-2.568935586923216e-6,9.431595931708156e-7,4.455254773264848e-6,1000.0001640533308,9.082023015853611e-4,2
Kyler Fackrell,Rusher,9.354617707122444e-7,3.3286170670127315e-5,-2.142457137983856e-5,9.354617707122444e-7,2.329549492126305e-5,1000.000162716082,0.005782440614591979,2
Michael Dunn,Blocker,9.246217813628517e-7,1.4988845928301499e-6,-8.225610545307284e-8,9.246217813628517e-7,1.931499668178776e-6,1000.0001608329829,2.603424067719071e-4,2
Zach Banner,Blocker,9.132675360690232e-7,1.900304940359328e-9,9.119910034848553e-7,9.132675360690232e-7,9.145440686531911e-7,1000.0001588605485,3.706330614623299e-7,2
Andrew Dowell,Rusher,8.637914358945271e-7,1.045325672217541e-6,1.6159240808978796e-7,8.637914358945271e-7,1.565990463699266e-6,1000.0001502656696,1.816321847470957e-4,2
Gerald McCoy,Rusher,8.635412556510877e-7,1.2212317554104603e-6,4.317706278255423e-8,8.635412556510877e-7,1.6839054485196212e-6,1000.0001502222087,2.1219020125928039e-4,2
Vincent Taylor,Rusher,8.434331123635674e-7,4.390488014589383e-6,-2.1058835430791266e-6,8.434331123635674e-7,3.7927497678062614e-6,1000.0001467290665,7.626653708378033e-4,2
Fred Johnson,Blocker,8.190930493906609e-7,8.33958875361407e-6,-4.783037722597537e-6,8.190930493906609e-7,6.421223821378859e-6,1000.0001425007646,0.0014487754670787154,2
Vince Biegel,Rusher,8.020752014570444e-7,1.7790411259099137e-6,-3.929982404765738e-7,8.020752014570443e-7,1.9971486433906625e-6,1000.0001395444615,3.0909161391107145e-4,2
Duke Riley,Rusher,7.324481991588687e-7,7.0928609459228775e-6,-4.0321913700726635e-6,7.324481991588687e-7,5.497087768390402e-6,1000.0001274490123,0.0012321966641228004,2
Noah Spence,Rusher,7.122094461451568e-7,1.4645606867907947e-6,-2.716113072893918e-7,7.122094461451568e-7,1.6960301995797052e-6,1000.0001239331809,2.543797336154277e-4,2
Jake Hanson,Blocker,6.860844465563131e-7,9.70269929253177e-7,3.4304222327815533e-8,6.860844465563131e-7,1.3378646707848106e-6,1000.0001193948036,1.6859366677648115e-4,2
Benning Potoa'E,Rusher,6.302538015499078e-7,8.913134738890808e-7,3.1512690077495275e-8,6.302538015499078e-7,1.2289949130223202e-6,1000.0001096960273,1.5487752563967102e-4,2
John Simon,Rusher,6.080729366107265e-7,1.264930141236408e-6,-2.416457099550191e-7,6.080729366107265e-7,1.457791583176472e-6,1000.0001058428163,2.1978138842212945e-4,2
Jermaine Johnson II,Rusher,5.15090931716405e-7,7.284485814887338e-7,2.5754546585820158e-8,5.15090931716405e-7,1.0044273168469898e-6,1000.0000896901877,1.2658499596821063e-4,2
Deonte Brown,Blocker,5.13033063263729e-7,7.255383160133796e-7,2.565165316318636e-8,5.13033063263729e-7,1.0004144733642717e-6,1000.0000893326993,1.260794311404216e-4,2
Justin Lawler,Rusher,4.6846557091689605e-7,3.3602468323515547e-7,2.42740505363338e-7,4.6846557091689605e-7,6.941906364704541e-7,1000.000081590533,5.833295005638795e-5,2
Nick Kwiatkoski,Rusher,4.682496809153901e-7,3.1006484510811953e-7,2.599631740610577e-7,4.682496809153901e-7,6.765361877697226e-7,1000.0000815530291,5.390429676320242e-5,2
Chris Reed,Blocker,4.628063986873585e-7,1.3675920113637307e-5,-8.724012660065162e-6,4.628063986873585e-7,9.649625457439879e-6,1000.000080607434,0.002375791172351926,2
Rashaad Coward,Blocker,4.5735690774744455e-7,6.468003417814566e-7,2.2867845387372145e-8,4.5735690774744455e-7,8.918459701075169e-7,1000.0000796607604,1.1240124401692914e-4,2
Phil Haynes,Blocker,4.2627533615139607e-7,6.028443616904544e-7,2.1313766807569728e-8,4.2627533615139607e-7,8.312369054952224e-7,1000.0000742613383,1.0476530814380827e-4,2
Dorian O'Daniel,Rusher,4.0677438062375346e-7,3.982992892781234e-7,1.3921625865292722e-7,4.067743806237535e-7,6.743325025945798e-7,1000.0000708736754,6.923218964953619e-5,2
Corey Levin,Blocker,3.759319241024793e-7,1.8817954945731422e-6,-8.881669131655348e-7,3.759319241024793e-7,1.6400307613704933e-6,1000.0000655157921,3.269418759980352e-4,2
Teven Jenkins,Blocker,3.69000222453257e-7,1.7742212257495828e-5,-1.154935644804681e-5,3.69000222453257e-7,1.2287356892953324e-5,1000.0000643116321,0.003082097435757076,2
Darryl Johnson,Rusher,3.5982426361995173e-7,1.3111719082131283e-6,-5.209573565989165e-7,3.5982426361995173e-7,1.24060588383882e-6,1000.0000627176048,2.2773337364757117e-4,2
Kevin Minter,Rusher,3.482737369723385e-7,3.2896684639638517e-7,1.2728978349352296e-7,3.482737369723385e-7,5.692576904511539e-7,1000.0000607110728,5.71068782099802e-5,2
Jordyn Brooks,Rusher,2.875378126551863e-7,2.734641853731647e-6,-1.549461796290502e-6,2.875378126551863e-7,2.124537421600875e-6,1000.0000501601621,4.750154305569041e-4,2
La'Darius Hamilton,Rusher,2.864342444636627e-7,4.0507919324860243e-7,1.4321712223183085e-8,2.864342444636627e-7,5.585467767041423e-7,1000.0000499684527,7.040997962042918e-5,2
Ty Summers,Rusher,2.450530272405311e-7,8.293878624274717e-7,-3.120894654279355e-7,2.4505302724053116e-7,8.021955199089977e-7,1000.000042779799,1.4403891257679035e-4,2
Ledarius Mack,Rusher,2.410556096220316e-7,1.3450037478638982e-8,2.320205275490907e-7,2.410556096220316e-7,2.500906916949725e-7,1000.0000420853764,2.295994606399676e-6,2
Josey Jewell,Rusher,2.4032912483942403e-7,1.3633599906313378e-8,2.3117073444097249e-7,2.4032912483942403e-7,2.494875152378756e-7,1000.000041959173,2.3278826466358843e-6,2
Cameron Tom,Blocker,2.2809571505920486e-7,3.2257605375591655e-7,1.1404785752960202e-8,2.2809571505920486e-7,4.447866443654495e-7,1000.0000398340121,5.599668374908397e-5,2
Scott Daly,Blocker,2.27971660139996e-7,3.2240061360669225e-7,1.1398583006999759e-8,2.27971660139996e-7,4.445447372729922e-7,1000.0000398124616,5.59662066919049e-5,2
Rashad Weaver,Rusher,1.833714807440435e-7,9.549992953680724e-8,1.1921926535464532e-7,1.833714807440435e-7,2.475236961334417e-7,1000.0000320646168,1.6549520682754905e-5,2
Luke Gifford,Rusher,1.8329767355340536e-7,9.565436728417411e-8,1.190417143844946e-7,1.8329767355340536e-7,2.4755363272231614e-7,1000.0000320517952,1.657634929724662e-5,2
Jacoby Stevens,Rusher,1.7306217696506656e-7,2.4474687779780976e-7,8.653108848253298e-9,1.7306217696506656e-7,3.374712450818798e-7,1000.0000302737074,4.2557403662657e-5,2
Braxton Hoyett,Rusher,1.4406375862773512e-7,3.407536251502475e-8,1.2117358471725942e-7,1.4406375862773512e-7,1.6695393253821081e-7,1000.0000252361662,5.878980526020922e-6,2
Raequan Williams,Rusher,1.1688056320772424e-7,1.652940776661694e-7,5.844028160386191e-9,1.1688056320772424e-7,2.279170982550623e-7,1000.0000205139613,2.8755038614935795e-5,2
Harvey Langi,Rusher,1.1572132368263962e-7,1.6365466540775578e-7,5.78606618413196e-9,1.1572132368263962e-7,2.2565658118114727e-7,1000.0000203125808,2.8470243518073175e-5,2
Charles Harris,Rusher,1.058207500898126e-7,7.269519258787061e-6,-4.777489295571997e-6,1.058207500898126e-7,4.9891307957516225e-6,1000.0000185926751,0.0012628853563805738,2
Marcus Allen,Rusher,6.837510105638232e-8,9.009677383930664e-7,-5.368512765192602e-7,6.837510105638232e-8,6.736014786320248e-7,1000.0000120876996,1.5647361058962537e-4,2
Christian Elliss,Rusher,5.762974354261075e-8,8.150076491404342e-8,2.8814871771305274e-9,5.762974354261075e-8,1.1237799990809097e-7,1000.0000102210397,1.4198649269890039e-5,2
Bobby Brown III,Rusher,1.5374826010645346e-8,1.6034376279859336e-6,-1.061736712949955e-6,1.5374826010645346e-8,1.0924863649712457e-6,1000.0000028806087,2.785861618234218e-4,2
Akeem Spence,Rusher,0,0,0,0,0,1000.0000002097279,4.051632382159225e-8,2
Andre Smith,Blocker,0,0,0,0,0,1000.0000002097279,4.051632382159225e-8,2
Austin Faoliu,Rusher,0,0,0,0,0,1000.0000002097279,4.051632382159225e-8,2
Ben Braden,Blocker,0,0,0,0,0,1000.0000002097279,4.051632382159225e-8,2
Caraun Reid,Rusher,0,0,0,0,0,1000.0000002097279,4.051632382159225e-8,2
David Steinmetz,Blocker,0,0,0,0,0,1000.0000002097279,4.051632382159225e-8,2
Mekhi Becton,Blocker,0,0,0,0,0,1000.0000002097279,4.051632382159225e-8,2
Nate Orchard,Rusher,0,0,0,0,0,1000.0000002097279,4.051632382159225e-8,2
Nick Harris,Blocker,0,0,0,0,0,1000.0000002097279,4.051632382159225e-8,2
Shane Lemieux,Blocker,0,0,0,0,0,1000.0000002097279,4.051632382159225e-8,2
David Bakhtiari,Blocker,-4.836735062584403e-9,6.840176323112343e-9,-9.431633372039587e-9,-4.836735062584403e-9,-2.418367531292193e-10,999.999999369501,1.1477440384937337e-6,2
Jake Brendel,Blocker,-7.413660265087749e-9,4.791481828461771e-7,-3.2928214308464425e-7,-7.413660265087749e-9,3.1445482255446876e-7,999.9999989218433,8.319604850903427e-5,2
Will Bradley-King,Rusher,-8.08441500474114e-9,6.892174479735542e-6,-4.637912561159515e-6,-8.08441500474114e-9,4.621743731150033e-6,999.9999988053212,0.0011973338542238278,2
Chukwuma Okorafor,Blocker,-5.383975435497903e-8,2.2055565510003796e-5,-1.486969769263141e-5,-5.383975435497903e-8,1.4762018183921452e-5,999.9999908568047,0.003831403642242197,2
Bud Dupree,Rusher,-5.542213841752115e-8,2.0252836808002657e-6,-1.4159093717118243e-6,-5.542213841752115e-8,1.305065094876782e-6,999.9999905819163,3.518683269629151e-4,2
Chapelle Russell,Rusher,-1.083424487430368e-7,1.780919026326892e-6,-1.3046773729899313e-6,-1.083424487430368e-7,1.0879924755038577e-6,999.9999813887168,3.0941783862816125e-4,2
Prince Tega Wanogho,Blocker,-1.2038844429672803e-7,6.7280079079467704e-9,-1.249079933115346e-7,-1.2038844429672803e-7,-1.1586889528192144e-7,999.9999792961131,1.2092909393755328e-6,2
Montez Sweat,Rusher,-1.3117758103659902e-7,2.7075859684703423e-7,-3.130600589369369e-7,-1.3117758103659902e-7,5.0704896863738855e-8,999.9999774218481,4.707610206483008e-5,2
Patrick Johnson,Rusher,-1.655780945001413e-7,2.3446951599386977e-6,-1.7406304495376748e-6,-1.655780945001413e-7,1.4094742605373922e-6,999.9999714458668,4.073557840969929e-4,2
Cornelius Lucas,Blocker,-2.0235907757835458e-7,1.5084823225341025e-5,-1.0335610833435375e-5,-2.0235907757835458e-7,9.930892678278666e-6,999.9999650563557,0.002620461678648198,2
Robert Hainsey,Blocker,-2.1601025082570915e-7,2.9350534970577234e-6,-2.187636670194776e-6,-2.1601025082570915e-7,1.7556161685433576e-6,999.999962684904,5.098304988730424e-4,2
Tyrell Adams,Rusher,-2.2858436742411536e-7,3.2326711255765866e-7,-4.45739516477025e-7,-2.2858436742411536e-7,-1.1429218371205728e-8,999.9999605005562,5.6116732988329154e-5,2
Woodrow Hamilton,Rusher,-2.9563528297447647e-7,7.495072777708027e-7,-7.991178777018602e-7,-2.9563528297447647e-7,2.0784731175290727e-7,999.9999488526191,1.3024326625866973e-4,2
Will Fries,Blocker,-3.0304819010125623e-7,1.0147239455534622e-7,-3.7121241747991233e-7,-3.0304819010125623e-7,-2.3488396272260007e-7,999.9999475648652,1.7668076617028678e-5,2
Logan Stenberg,Blocker,-4.1430947687558824e-7,1.8792096728605496e-6,-1.6766712846790843e-6,-4.1430947687558824e-7,8.480523309279077e-7,999.9999282368001,3.2649267275662624e-4,2
Bryan Bulaga,Blocker,-4.1795688180877123e-7,5.91080290741133e-7,-8.15015919527104e-7,-4.1795688180877123e-7,-2.0897844090438488e-8,999.999927603181,1.0272167973863343e-4,2
Emmanuel Ellerbee,Rusher,-4.559178284492424e-7,6.447651763206087e-7,-8.890397654760227e-7,-4.559178284492424e-7,-2.279589142246204e-8,999.9999210086892,1.1204769959057231e-4,2
Christian Rozeboom,Rusher,-4.5596243215600954e-7,6.448282554876509e-7,-8.891267427042186e-7,-4.5596243215600954e-7,-2.2798121607800395e-8,999.9999210009407,1.120586575396656e-4,2
Samuel Eguavoen,Rusher,-4.5658720134108434e-7,9.433630887083062e-10,-4.5722090685637373e-7,-4.5658720134108434e-7,-4.559534958257949e-7,999.9999208924071,1.2336270207846825e-7,2
Andre Smith,Rusher,-4.5658727447003843e-7,9.78382046142566e-10,-4.572445040204861e-7,-4.5658727447003843e-7,-4.559300449195908e-7,999.9999208923945,1.2944611951515987e-7,2
Darious Williams,Rusher,-4.57048872786786e-7,6.463647145624081e-7,-8.912453019342328e-7,-4.57048872786786e-7,-2.285244363933922e-8,999.9999208122065,1.1224453526414802e-4,2
Frank Herron,Rusher,-4.572630540906393e-7,6.466676126671243e-7,-8.916629554767467e-7,-4.572630540906393e-7,-2.2863152704531886e-8,999.9999207749995,1.1229715403146713e-4,2
Stone Forsythe,Blocker,-4.594737399790144e-7,6.497939946326111e-7,-8.959737929590781e-7,-4.594737399790144e-7,-2.2973686998950636e-8,999.999920390964,1.1284026224692117e-4,2
Benardrick Mckinney,Rusher,-4.727416051278683e-7,5.130710464860683e-6,-3.919303759035252e-6,-4.727416051278683e-7,2.9738205487795158e-6,999.9999180860998,8.912551810384185e-4,2
Daelin Hayes,Rusher,-4.968680524747439e-7,7.026775385196894e-7,-9.688927023257506e-7,-4.968680524747439e-7,-2.4843402623737105e-8,999.9999138949066,1.221081072641985e-4,2
Curtis Weaver,Rusher,-5.015516856149361e-7,2.262354714303423e-7,-6.535256898086002e-7,-5.015516856149361e-7,-3.495776814212722e-7,999.9999130812762,3.934164296529125e-5,2
Attauyo Nsekhe,Blocker,-5.176688997540644e-7,7.320943788509561e-7,-1.0094543545204256e-6,-5.176688997540644e-7,-2.5883444987703127e-8,999.9999102814293,1.2713730330764927e-4,2
Chauncey Rivers,Rusher,-5.200263702547354e-7,3.009220440726892e-6,-2.5414745409917342e-6,-5.200263702547354e-7,1.5014218004822635e-6,999.9999098718947,5.227956491814012e-4,2
Joseph Noteboom,Blocker,-5.608698937266807e-7,5.326491062482749e-7,-9.186776989967345e-7,-5.608698937266807e-7,-2.0306208845662704e-7,999.999902776648,9.249011078448215e-5,2
Kyle Long,Blocker,-5.807708822663261e-7,8.213340583324263e-7,-1.132503220419336e-6,-5.807708822663261e-7,-2.90385441133162e-8,999.9998993194922,1.4272085600202386e-4,2
Ted Karras,Blocker,-6.152049857835523e-7,5.161968881369405e-7,-9.619609898111254e-7,-6.152049857835523e-7,-2.684489817559791e-7,999.9998933376758,8.963206773381535e-5,2
Jashon Cornell,Rusher,-6.220359488221714e-7,8.796916751079312e-7,-1.2129701002032344e-6,-6.220359488221714e-7,-3.1101797441108456e-8,999.999892151016,1.5285861242917407e-4,2
Henry Anderson,Rusher,-6.22142910720071e-7,8.79842942074598e-7,-1.2131786759041386e-6,-6.22142910720071e-7,-3.110714553600344e-8,999.9998921324348,1.5280385757241818e-4,2
Matt Farniok,Blocker,-6.34093958378267e-7,5.697462805318086e-7,-1.016821843972129e-6,-6.34093958378267e-7,-2.5136607278440476e-7,999.9998900563251,9.901558257289333e-5,2
Pita Taumoepenu,Rusher,-6.850957507677246e-7,3.2420321278652013e-7,-9.028797264993475e-7,-6.850957507677246e-7,-4.673117750361016e-7,999.9998811964062,5.627935023266205e-5,2
DeAngelo Malone,Rusher,-6.852369982631649e-7,3.2427063268708956e-7,-9.030662634102235e-7,-6.852369982631649e-7,-4.674077331161063e-7,999.9998811718691,5.629106230846791e-5,2
Cortez Broughton,Rusher,-6.858103826260557e-7,9.698823443260496e-7,-1.3373302461208088e-6,-6.858103826260557e-7,-3.429051913130267e-8,999.999881072262,1.6844530382127446e-4,2
Charles Snowden,Rusher,-6.859037147769293e-7,9.700143359196205e-7,-1.3375122438150123e-6,-6.859037147769293e-7,-3.4295185738846345e-8,999.9998810560485,1.6846823309984036e-4,2
Grant Stuard,Rusher,-6.859062276710376e-7,9.700178896885493e-7,-1.3375171439585234e-6,-6.859062276710376e-7,-3.429531138355176e-8,999.9998810556119,1.684688504853166e-4,2
Kentavius Street,Rusher,-7.07896701699846e-7,1.5502224296014933e-5,-1.1121538228727508e-5,-7.07896701699846e-7,9.705744825327814e-6,999.9998772354754,0.002693052703899003,2
Nick Allegretti,Blocker,-7.251623337417719e-7,8.557198502670724e-7,-1.2999933772155668e-6,-7.251623337417719e-7,-1.5033129026797697e-7,999.9998742361279,1.4869427986544063e-4,2
Shaq Thompson,Rusher,-7.514531799860338e-7,3.891984084319025e-6,-3.3658991013635278e-6,-7.514531799860338e-7,1.8629927413914601e-6,999.9998696689402,6.761474008321564e-4,2
Bruce Hector,Rusher,-8.3288366253184e-7,2.161732407616748e-6,-2.2850305248415386e-6,-8.3288366253184e-7,6.192631997778585e-7,999.9998555230164,3.755718986395648e-4,2
Lachavious Simmons,Blocker,-8.647131448976353e-7,1.6907499249221218e-6,-2.00047684524056e-6,-8.647131448976353e-7,2.710505554452895e-7,999.999849993669,2.9367282877927245e-4,2
Mack Wilson Sr.,Rusher,-9.097045116288004e-7,1.12071604657397e-6,-1.6625471321299817e-6,-9.097045116288004e-7,-1.568618911276192e-7,999.9998421778681,1.9464780173597868e-4,2
Jabril Cox,Rusher,-9.138779936055169e-7,6.476373278754409e-7,-1.3489293025812638e-6,-9.138779936055169e-7,-4.7882668462977e-7,999.99984145286,1.1246561087420688e-4,2
Kamal Martin,Rusher,-9.143858387458565e-7,1.2931368543962882e-6,-1.7830523855544204e-6,-9.143858387458565e-7,-4.571929193729266e-8,999.9998413646383,2.246003638266465e-4,2
Caleb Johnson,Rusher,-9.144556668521384e-7,1.293235606251227e-6,-1.78318855036167e-6,-9.144556668521384e-7,-4.572278334260676e-8,999.9998413525079,2.2461751878245748e-4,2
Hamsah Nasirildeen,Rusher,-9.14584244785432e-7,1.2934174429083125e-6,-1.7834392773315924e-6,-9.14584244785432e-7,-4.5729212239271435e-8,999.9998413301716,2.2464910697271633e-4,2
Eddie Yarbrough,Rusher,-9.146278240687528e-7,1.2934790733218234e-6,-1.7835242569340682e-6,-9.146278240687528e-7,-4.573139120343748e-8,999.9998413226011,2.2465981330507253e-4,2
Kenny Willekes,Rusher,-9.52055221173933e-7,3.178194514299741e-6,-3.0870119695156046e-6,-9.52055221173933e-7,1.1829015271677386e-6,999.9998348207963,5.5214945226742e-4,2
Freedom Akinmoladun,Rusher,-9.690364764618592e-7,1.3704245274465979e-6,-1.8896211291006258e-6,-9.690364764618592e-7,-4.845182382309279e-8,999.9998318708501,2.380266077544318e-4,2
Whitney Mercilus,Rusher,-9.84186118608764e-7,2.023106370252907e-6,-2.3432107404029203e-6,-9.84186118608764e-7,3.7483850318539244e-7,999.9998292390878,3.514900894487823e-4,2
Will Richardson Jr.,Blocker,-9.993268670763148e-7,7.505567053831776e-6,-6.041202359470361e-6,-9.993268670763148e-7,4.042548625317732e-6,999.9998266088703,0.0013038910582759754,2
Rashaan Evans,Rusher,-1.0145610426785394e-6,4.567925686116538e-6,-4.083071709857297e-6,-1.0145610426785394e-6,2.0539496245002174e-6,999.999823962423,7.935704839567774e-4,2
Darius Hodges,Rusher,-1.0208457320757446e-6,3.137749460173795e-7,-1.2316245045663099e-6,-1.0208457320757446e-6,-8.10066959585179e-7,999.9998228706606,5.454880724718977e-5,2
Adam Pankey,Blocker,-1.0335563420254556e-6,4.840254367499405e-9,-1.0368077898770858e-6,-1.0335563420254556e-6,-1.0303048941738254e-6,999.9998206626015,8.813545049751374e-7,2
Geron Christian Sr.,Blocker,-1.0439795249981126e-6,2.0639022691726916e-5,-1.4908272782262092e-5,-1.0439795249981126e-6,1.2820313732265867e-5,999.9998188519091,0.00358532495049711,2
Bradlee Anae,Rusher,-1.0589886258742065e-6,7.387577690604779e-7,-1.5552502226232706e-6,-1.0589886258742065e-6,-5.627270291251425e-7,999.9998162445613,1.2829485276195858e-4,2
Clay Johnston,Rusher,-1.0989907991226423e-6,3.612241212063099e-6,-3.525519042637407e-6,-1.098990799122642e-6,1.327537444392123e-6,999.999809295472,6.274700540664876e-4,2
Senio Kelemete,Blocker,-1.145466268131424e-6,1.0818771897109934e-6,-1.8722188305243282e-6,-1.145466268131424e-6,-4.1871370573852e-7,999.9998012218562,1.879818336730813e-4,2
Antwaun Woods,Rusher,-1.1463884727750657e-6,2.8846439184925e-7,-1.3401648440021509e-6,-1.1463884727750657e-6,-9.526121015479804e-7,999.9998010616528,5.0070881206955624e-5,2
Kevin Pierre-Louis,Rusher,-1.1812054162718128e-6,3.7716112349392966e-7,-1.4345639448931825e-6,-1.1812054162718128e-6,-9.278468876504429e-7,999.9997950133302,6.556011412141835e-5,2
Delontae Scott,Rusher,-1.1920289143582814e-6,5.737426977165008e-7,-1.5774413989593027e-6,-1.1920289143582814e-6,-8.066164297572602e-7,999.9997931330961,9.962879876783294e-5,2
Nick Martin,Blocker,-1.222705836362108e-6,3.0224734899426114e-6,-3.2530567620223497e-6,-1.222705836362108e-6,8.076450892981335e-7,999.9997878039688,5.250979395922725e-4,2
Jonathan Ledbetter,Rusher,-1.244196978215854e-6,1.759560240856483e-6,-2.4261841075209153e-6,-1.244196978215854e-6,-6.220984891079248e-8,999.9997840705752,3.057074375299977e-4,2
Marquiss Spencer,Rusher,-1.2565926949977838e-6,1.777090431644824e-6,-2.4503557552456785e-6,-1.2565926949977838e-6,-6.282963474988897e-8,999.9997819172186,3.086717109965549e-4,2
Curtis Robinson,Rusher,-1.2586488554952017e-6,4.985780943375953e-7,-1.5935694093795228e-6,-1.2586488554952017e-6,-9.237283016108809e-7,999.9997815600269,8.665240231676998e-5,2
Jon Toth,Blocker,-1.2602722609154232e-6,1.7822941236691954e-6,-2.4575309087850755e-6,-1.2602722609154232e-6,-6.301361304577093e-8,999.9997812780125,3.0957568496191556e-4,2
Keandre Jones,Rusher,-1.3692554236143148e-6,6.429796239930062e-7,-1.8011779132900345e-6,-1.3692554236143148e-6,-9.37332933938595e-7,999.9997623456981,1.1173751732960528e-4,2
Ethan Westbrooks,Rusher,-1.369675324162148e-6,2.9564892522103934e-9,-1.3716613500809538e-6,-1.369675324162148e-6,-1.3676892982433422e-6,999.9997622727539,4.730785345952628e-7,2
Parker Ehinger,Blocker,-1.3738230635770022e-6,1.942879208811551e-6,-2.6789549739751544e-6,-1.3738230635770022e-6,-6.869115317884987e-8,999.9997615522177,3.374721714970201e-4,2
Tanner Vallejo,Rusher,-1.3803509474015978e-6,8.29152037118642e-6,-6.950191714173301e-6,-1.3803509474015978e-6,4.189489819370105e-6,999.9997604182081,0.001440425133730751,2
Myron Cunningham,Blocker,-1.4591910964514595e-6,5.362480936894796e-7,-1.8194165267253403e-6,-1.4591910964514595e-6,-1.0989656661775787e-6,999.9997467222715,9.311531896879898e-5,2
Yasir Durant,Blocker,-1.4992940658765675e-6,1.7557085090231202e-6,-2.67869378876788e-6,-1.4992940658765675e-6,-3.1989434298525466e-7,999.9997397556722,3.0503832310934016e-4,2
Danny Trevathan,Rusher,-1.5120191227351033e-6,8.448102640397551e-7,-2.0795216359276866e-6,-1.5120191227351033e-6,-9.445166095425201e-7,999.9997375451034,1.467990906239922e-4,2
Ty Sambrailo,Blocker,-1.5227211628306752e-6,3.4467746771476206e-6,-3.838097022892173e-6,-1.5227211628306752e-6,7.926546972308231e-7,999.9997356859685,5.988066053104497e-4,2
Marvin Wilson,Rusher,-1.5422354553326483e-6,2.181050297304077e-6,-3.0073591378986644e-6,-1.5422354553326483e-6,-7.711177276663215e-8,999.9997322959887,3.7884672729042554e-4,2
Trystan Colon,Blocker,-1.5936529985377516e-6,1.1828633158148545e-6,-2.3882431367757653e-6,-1.5936529985377516e-6,-7.990628602997375e-7,999.9997233638467,2.0544388803319215e-4,2
Isaiah Williams,Blocker,-1.6027781750100658e-6,2.266670632574833e-6,-3.1254174412696286e-6,-1.6027781750100658e-6,-8.0138908750503e-8,999.9997217786411,3.937205029328254e-4,2
Trey Pipkins III,Blocker,-1.6448117828722297e-6,7.132197942455922e-6,-6.435876036253789e-6,-1.6448117828722297e-6,3.1462524705093294e-6,999.9997144766555,0.001238949167844119,2
Khalil Davis,Rusher,-1.6903472052398477e-6,7.760741986104089e-7,-2.211676167354117e-6,-1.6903472052398477e-6,-1.169018243125579e-6,999.9997065663424,1.3485841305403923e-4,2
Marquel Lee,Rusher,-1.6938474668132918e-6,2.9866459143130127e-7,-1.8944758368196054e-6,-1.6938474668132918e-6,-1.4932190968069782e-6,999.9997059582847,5.192386990021893e-5,2
Derek Rivers,Rusher,-1.707901670020763e-6,5.067744437433123e-6,-5.112166304198662e-6,-1.707901670020763e-6,1.696362964157136e-6,999.9997035168196,8.803978942353777e-4,2
Blake Cashman,Rusher,-1.7137157217072638e-6,2.4235600156904092e-6,-3.3417456573291647e-6,-1.7137157217072638e-6,-8.568578608536289e-8,999.9997025068153,4.209749802793974e-4,2
Otito Ogbonnia,Rusher,-1.7138842443315154e-6,2.4237983426711924e-6,-3.3420742764464554e-6,-1.7138842443315154e-6,-8.569421221657546e-8,999.9997024775399,4.2101638192434515e-4,2
Cam Brown,Rusher,-1.714032044678507e-6,2.4240073639264314e-6,-3.342362487123089e-6,-1.714032044678507e-6,-8.570160223392504e-8,999.9997024518643,4.2105269263116476e-4,2
Justin Herron,Blocker,-1.722161166551533e-6,1.6856977950900946e-6,-2.8545310913939793e-6,-1.722161166551533e-6,-5.897912417090864e-7,999.9997010396913,2.9287621646006544e-4,2
Marcus Henry,Blocker,-1.72581034854984e-6,7.984295950811536e-7,-2.2621565804826578e-6,-1.72581034854984e-6,-1.1894641166170225e-6,999.9997004057634,1.3866091070129034e-4,2
Star Lotulelei,Rusher,-1.7395734255077436e-6,4.964973292469238e-6,-5.074801394847087e-6,-1.7395734255077436e-6,1.5956545438315998e-6,999.9996980148721,8.6246368524839e-4,2
Andrew Brown,Rusher,-1.7502053523687456e-6,8.658051057934057e-7,-2.331811180786576e-6,-1.7502053523687456e-6,-1.1685995239509147e-6,999.99969616791725,1.504462681534513e-4,2
Daviyon Nixon,Rusher,-1.7537341016554067e-6,5.488954766012497e-7,-2.122455429639404e-6,-1.7537341016554067e-6,-1.3850127736714093e-6,999.9996955549107,9.531239435387758e-5,2
Jamien Sherwood,Rusher,-1.8096125924061692e-6,3.0906239636005043e-6,-3.885743697027753e-6,-1.8096125924061692e-6,2.665185122154151e-7,999.9996858478227,5.36855856912843e-4,2
Jahlani Tavai,Rusher,-1.8156096013576694e-6,4.788443537067542e-7,-2.1372739865146586e-6,-1.8156096013576694e-6,-1.4939452162006807e-6,999.9996848060355,8.322430048644814e-5,2
Sean Harlow,Blocker,-1.8184826995765174e-6,1.9349675761662665e-5,-1.4816655297167534e-5,-1.8184826995765174e-6,1.1179689898014499e-5,999.9996843069272,0.003361342447726447,2
Nick Thurman,Rusher,-1.8255195562266535e-6,2.581674514793047e-6,-3.5597631346419744e-6,-1.8255195562266535e-6,-9.127597781133235e-8,999.9996830845,4.4844228205599354e-4,2
Nick Leverett,Blocker,-1.8261784330294573e-6,1.7652975425388329e-6,-3.012019603013556e-6,-1.8261784330294573e-6,-6.403372630453583e-7,999.9996829700414,3.0670410895023174e-4,2
Anthony Levine Sr.,Rusher,-1.8284803207183897e-6,1.2957810474268213e-6,-2.698923108008477e-6,-1.8284803207183897e-6,-9.580375334283025e-7,999.9996825701626,2.2505970714217026e-4,2
Emeke Egbule,Rusher,-1.90375489023338e-6,2.692315985202149e-6,-3.712322035955091e-6,-1.90375489023338e-6,-9.518774451166866e-8,999.9996694936306,4.6774370661473776e-4,2
Alim Mcneill,Rusher,-1.9048568321728306e-6,3.1359372210484835e-5,-2.2970560338770292e-5,-1.9048568321728306e-6,1.916084667442463e-5,999.9996693022035,0.005447721438971509,2
T.Y. Mcgill,Rusher,-1.946254331928952e-6,2.1135398617682545e-6,-3.3660277820651426e-6,-1.946254331928952e-6,-5.264808817927613e-7,999.9996621107213,3.671999959492457e-4,2
Casey Tucker,Blocker,-1.9470030397094963e-6,2.753478104738811e-6,-3.796655927433518e-6,-1.9470030397094963e-6,-9.735015198547446e-8,999.9996619806574,4.7828762245729343e-4,2
Azur Kamara,Rusher,-1.983446723539366e-6,1.3547732239828628e-6,-2.893517590505198e-6,-1.983446723539366e-6,-1.0733758565735343e-6,999.999655649741,2.3538873039374503e-4,2
Nathan Landman,Rusher,-2.0556728095580037e-6,9.728212300761813e-7,-2.709166873793655e-6,-2.0556728095580037e-6,-1.4021787453223528e-6,999.9996431027848,1.689558405314768e-4,2
Ben Niemann,Rusher,-2.0793456678372716e-6,1.3748729497753246e-6,-3.002918554590551e-6,-2.0793456678372716e-6,-1.155772781083992e-6,999.9996389903881,2.387993779006109e-4,2
Forrest Merrill,Rusher,-2.0929903123416098e-6,7.82867798621782e-6,-7.351916039533053e-6,-2.0929903123416098e-6,3.1659354148498332e-06,999.9996366200706,0.0013600211762296625,2
Akeem Davis-Gaither,Rusher,-2.131759654671382e-6,2.3746261203452587e-6,-3.7269181755262758e-6,-2.131759654671382e-6,-5.366011338164884e-7,999.9996298851461,4.12555324510655e-4,2
Landon Young,Blocker,-2.1756428810665556e-6,3.0768236692847976e-6,-4.2425036180797835e-6,-2.1756428810665556e-6,-1.0878214405332739e-7,999.9996222618488,5.344585002322771e-4,2
Trent Williams,Blocker,-2.1775728888556236e-6,2.229246184790219e-5,-1.715256628374996e-5,-2.1775728888556236e-6,1.279742050603871e-5,999.9996219265721,0.003872637783677236,2
Jack Heflin,Rusher,-2.2241830435821207e-6,2.0146176661816785e-6,-3.577505366174638e-6,-2.2241830435821207e-6,-8.708607209896033e-7,999.9996138295589,3.500154504923243e-4,2
Kyle Van Noy,Rusher,-2.2301670113139546e-6,1.5001519360308809e-5,-1.230745927570081e-5,-2.2301670113139546e-6,7.8471252530729e-6,999.9996127900372,0.002606071347587239,2
Austin Blythe,Blocker,-2.2485991252471007e-6,7.502443173729144e-7,-2.752576827390108e-6,-2.2485991252471007e-6,-1.7446214231040937e-6,999.999609588051,1.3037130308329116e-4,2
Coleman Shelton,Blocker,-2.278539843350546e-6,1.1990587729703805e-5,-1.033323444273203e-5,-2.278539843350546e-6,5.7761547560309375e-6,999.9996043868157,0.002083018950616673,2
Xavier Williams,Rusher,-2.4039503386906027e-6,3.3996991722476455e-6,-4.687703160446676e-6,-2.4039503386906027e-6,-1.201975169345297e-7,999.9995826007812,5.906287525025223e-4,2
Alexander Johnson,Rusher,-2.4056419007386985e-6,3.5367312455170506e-6,-4.781446215331177e-6,-2.4056419007386985e-6,-2.9837586146219776e-8,999.9995823069269,6.143526293282977e-4,2
Jamir Jones,Rusher,-2.4870332545712913e-6,3.548001694271537e-6,-4.8704085093680174e-6,-2.4870332545712913e-6,-1.0365799977456558e-7,999.9995681678005,6.163915393167371e-4,2
Mike Pennel,Rusher,-2.4931649705758874e-6,2.1224324048656105e-5,-1.675063525843607e-5,-2.4931649705758874e-6,1.1764305317284294e-5,999.9995671026122,0.003687083242886498,2
Monty Rice,Rusher,-2.4964428778017386e-6,2.9075875500725054e-6,-4.449619007674095e-6,-2.4964428778017386e-6,-5.432667479293815e-7,999.9995665331815,5.051402077440094e-4,2
Shaquil Barrett,Rusher,-2.5329558439625692e-6,1.8679480513762025e-5,-1.5080923817269517e-5,-2.5329558439625692e-6,1.001501212934438e-5,999.9995601902295,0.003244998640992949,2
Nick Dzubnar,Rusher,-2.5914197966120547e-6,1.5013985878794694e-6,-3.5999864632278603e-6,-2.5914197966120547e-6,-1.5828531299962486e-6,999.9995500340008,2.6077913247598617e-4,2
Nick Niemann,Rusher,-2.614958673758682e-6,1.818601405870879e-7,-2.7371234854635176e-6,-2.614958673758682e-6,-2.4927938620538468e-6,999.999545944879,3.155182593271492e-5,2
Amani Bledsoe,Rusher,-2.644264622786891e-6,1.0010791676996701e-6,-3.3167409973726618e-6,-2.644264622786891e-6,-1.9717882482011204e-6,999.9995408539141,1.739457796210111e-4,2
Cameron Malveaux,Rusher,-2.6766361635731376e-6,3.7853351640634212e-6,-5.2194405189676184e-6,-2.6766361635731376e-6,-1.338318081786564e-7,999.9995352304015,6.575395533073457e-4,2
Elijah Lee,Rusher,-2.6838554792862592e-6,1.8610989452806408e-6,-3.934051379719978e-6,-2.6838554792862592e-6,-1.4336595788525402e-6,999.999533976278,3.232654846399613e-4,2
Tim Ward,Rusher,-2.7129327473965294e-6,4.048269574881805e-6,-5.432363672443131e-6,-2.7129327473965294e-6,6.4981776500722866e-9,999.9995289250392,7.032159387960871e-4,2
Elerson Smith,Rusher,-2.727237287316933e-6,1.626422617861941e-7,-2.8364924612226417e-6,-2.727237287316933e-6,-2.6179821134112243e-6,999.9995264400861,2.8213338488544484e-5,2
Tyler Matakevich,Rusher,-2.7276764878320067e-6,1.1228024017261884e-6,-3.48192062041548e-6,-2.7276764878320067e-6,-1.973432355248533e-6,999.9995263637891,1.9509127117055465e-4,2
Tyson Alualu,Rusher,-2.7319943531642604e-6,1.4616454770950153e-6,-3.7138568102815656e-6,-2.7319943531642604e-6,-1.750131896046955e-6,999.999525613699,2.539543423208826e-4,2
Kahlil Mckenzie,Rusher,-2.7404414240908515e-6,5.664730179848871e-9,-2.7442467147584267e-6,-2.7404414240908515e-6,-2.7366361334232766e-6,999.9995241462925,9.435482136097717e-7,2
Rasheem Green,Rusher,-2.7747033208545157e-6,2.8726134198126433e-5,-2.2071525395186005e-5,-2.7747033208545157e-6,1.6522118753476974e-5,999.9995181943915,0.004990281143757731,2
Bobby Wagner,Rusher,-2.788202827960779e-6,5.6744387798093675e-6,-6.600015261560345e-6,-2.788202827960779e-6,1.0236096056387874e-6,999.9995158492869,9.85791496285053e-4,2
Hamilcar Rashed Jr.,Rusher,-2.9090874687668355e-6,4.114070952459676e-6,-5.67272056409533e-6,-2.9090874687668355e-6,-1.4545437343834125e-7,999.9994948494739,7.146468088620429e-4,2
Jack Anderson,Blocker,-2.9318698128761633e-6,4.1462900524817385e-6,-5.7171461351085185e-6,-2.9318698128761633e-6,-1.4659349064380764e-7,999.9994908917754,7.202438398112145e-4,2
Aaron Patrick,Rusher,-2.9618952993937644e-6,9.69208686550126e-7,-3.6129626323060406e-6,-2.9618952993937644e-6,-2.3108279664814882e-6,999.9994856758142,1.6840931000684382e-4,2
Carter Coughlin,Rusher,-2.9625190753995563e-6,2.431647551227296e-6,-4.5959818246816166e-6,-2.9625190753995563e-6,-1.3290563261174965e-6,999.9994855674531,4.2237992911700844e-4,2
Christian Barmore,Rusher,-2.993234107470552e-6,1.366616035222391e-5,-1.2173497032418803e-5,-2.993234107470552e-6,6.1870288174776995e-6,999.9994802317055,0.002374014695645856,2
Josh Jones,Blocker,-3.040862044671648e-6,2.258846530491886e-5,-1.8214696188691574e-5,-3.040862044671648e-6,1.2132972099348276e-5,999.9994719578855,0.003923977818339308,2
Mike Daniels,Rusher,-3.0457417777533297e-6,4.709958679319059e-6,-6.209663312945526e-6,-3.0457417777533297e-6,1.1817975743886633e-7,999.999471110189,8.181631095301675e-4,2
Robert Spillane,Rusher,-3.0471655577702766e-6,7.567326659728573e-6,-8.130528154490706e-6,-3.0471655577702762e-6,2.036197038950153e-6,999.9994708628531,0.001314619800679929,2
Ron'Dell Carter,Rusher,-3.0654837623310585e-6,4.3352487119230844e-6,-5.9776933365455645e-6,-3.0654837623310585e-6,-1.532741881165524e-7,999.999467680655,7.531503536157861e-4,2
Brandon Knight,Blocker,-3.1039931112987404e-6,1.4761832705320839e-6,-4.095621352122744e-6,-3.1039931112987404e-6,-2.1123648704747363e-6,999.9994609908958,2.5647981565208287e-4,2
Chuma Edoga,Blocker,-3.18604517065214e-6,7.25663861425084e-7,-3.6735109160640474e-6,-3.18604517065214e-6,-2.698579425240232e-6,999.9994467369933,1.2602020811705892e-4,2
Deion Jones,Rusher,-3.187083950695361e-6,5.593112739766525e-6,-6.944265499613652e-6,-3.187083950695361e-6,5.700975982229295e-7,999.9994465565387,9.715826835479265e-4,2
Drue Tranquill,Rusher,-3.3134690087675545e-6,9.204488589164278e-7,-3.931781857149019e-6,-3.3134690087675545e-6,-2.6951561603860897e-6,999.9994246012054,1.5985782780817594e-4,2
Tashawn Bower,Rusher,-3.394270834778974e-6,1.586682386885762e-6,-4.460127016367344e-6,-3.394270834778974e-6,-2.3284146531906033e-6,999.9994105644905,2.7567547830047775e-4,2
Zaire Franklin,Rusher,-3.4149286138372087e-6,1.0516124779905205e-5,-1.0479150600328326e-5,-3.4149286138372087e-6,3.6492933726539103e-6,999.9994069758668,0.001826878501390729,2
Oren Burks,Rusher,-3.513781222777012e-6,4.172958953033597e-6,-6.316972417415026e-6,-3.513781222777012e-6,-7.105900281389986e-7,999.9993898034097,7.24957734841068e-4,2
Eric Wilson,Rusher,-3.5185893871398437e-6,3.4075743718051536e-6,-5.807632385555712e-6,-3.5185893871398437e-6,-1.2295463887239751e-6,999.9993889681459,5.919157822415587e-4,2
Brian Winters,Blocker,-3.523977708922985e-6,2.0594866527217583e-6,-4.907440837930588e-6,-3.523977708922985e-6,-2.1405145799153823e-6,999.9993880320986,3.5780999181001357e-4,2
Ulysees Gilbert III,Rusher,-3.5382959593014005e-6,1.5581259160605665e-7,-3.642963292414349e-6,-3.5382959593014005e-6,-3.4336286261884525e-6,999.9993855447638,2.710793575890891e-5,2
Andre Mintze,Rusher,-3.539779196063595e-6,2.427693495257869e-6,-5.170585802545941e-6,-3.539779196063595e-6,-1.9089725895812495e-6,999.9993852870991,4.216930393002918e-4,2
Jarran Reed,Rusher,-3.5993590716837844e-6,9.458674608377384e-6,-9.953237380473413e-6,-3.5993590716837844e-6,2.7545192371058442e-6,999.9993749370146,0.0016430995591395327,2
Dakota Allen,Rusher,-3.654932281983031e-6,1.2985377242293956e-6,-4.527226870890725e-6,-3.654932281983031e-6,-2.7826376930753356e-6,999.9993652829592,2.2553859102957173e-4,2
Anthony Pittman,Rusher,-3.6556810009503067e-6,5.169913651253575e-6,-7.1285779518530985e-6,-3.6556810009503067e-6,-1.8278405004751468e-7,999.9993651528935,8.980654719599238e-4,2
James Lynch,Rusher,-3.6677515428522935e-6,1.0326994993642997e-5,-1.0604925322672562e-5,-3.6677515428522935e-6,3.2694222369679733e-6,999.9993630560255,0.001794023292399621,2
Eric Banks,Rusher,-3.6992801129552907e-6,4.237056704453556e-7,-3.983905008114439e-6,-3.6992801129552907e-6,-3.414655217796142e-6,999.999357578952,7.356469761505206e-5,2
Pete Werner,Rusher,-3.704256575481158e-6,2.365276284448721e-6,-5.2931343305889e-6,-3.704256575481158e-6,-2.115378820373416e-6,999.9993567144518,4.1093109168669715e-4,2
Olisaemeka Udoh,Blocker,-3.7086894670373234e-6,4.7215744864023306e-5,-3.542593417055587e-5,-3.7086894670373234e-6,2.8008555236481226e-5,999.9993559443797,0.008202255497592308,2
John Miller,Blocker,-3.7804397114804125e-6,9.824933929060951e-6,-1.0380353247131764e-5,-3.7804397114804125e-6,2.819473824170938e-6,999.9993434800856,0.0017068063524014394,2
William Gholston,Rusher,-3.923395592690871e-6,1.4521249005032156e-7,-4.020942292297059e-6,-3.923395592690871e-6,-3.825848893084683e-6,999.9993186461054,2.5266509538017697e-5,2
Taylor Stallworth,Rusher,-3.946913554835051e-6,5.705240054920518e-5,-4.227194590058344e-5,-3.946913554835051e-6,3.437811879091334e-5,999.999314560617,0.009910976578842408,2
Ogbonnia Okoronkwo,Rusher,-3.995792650278829e-6,7.65552612367324e-6,-9.138403364098937e-6,-3.995792650278829e-6,1.146818063541279e-6,999.9993060694484,0.0013299416169014798,2
Cody Ford,Blocker,-4.057737963483363e-6,2.6857387892702635e-5,-2.2099227012176506e-5,-4.057737963483363e-6,1.398375108520978e-5,999.9992953084453,0.004665646660363117,2
David Mayo,Rusher,-4.085457229114559e-6,7.130136034053268e-6,-8.8751363925531e-6,-4.085457229114559e-6,7.042219343239824e-7,999.9992904931157,0.0012385909776724423,2
Cedric Ogbuehi,Blocker,-4.088783196342764e-6,5.78241264987115e-6,-7.97312723286839e-6,-4.088783196342764e-6,-2.0443915981713746e-7,999.999289915336,0.001004548478657693,2
Tre'Vour Wallace-Simms,Blocker,-4.157314127973162e-6,4.676553437994052e-8,-4.188728943134737e-6,-4.157314127973162e-6,-4.125899312811587e-6,999.9992780102939,8.164521703021178e-6,2
Lavonte David,Rusher,-4.163791668719982e-6,4.131114810153411e-6,-6.938874000033654e-6,-4.163791668719982e-6,-1.3887093374063111e-6,999.9992768850298,7.176076301952009e-4,2
Colby Gossett,Blocker,-4.189710999536254e-6,1.1093751546156878e-5,-1.1641954599268216e-5,-4.189710999536253e-6,3.2625326001957097e-6,999.9992723823808,0.0019272225483069874,2
Zaven Collins,Rusher,-4.249043580136264e-6,2.3402442707408183e-6,-5.821106043936375e-6,-4.249043580136264e-6,-2.676981116336155e-6,999.999262075256,4.065825854788622e-4,2
Malcolm Smith,Rusher,-4.354706361550428e-6,7.66738651966972e-6,-9.50528431348537e-6,-4.354706361550428e-6,7.958715903845146e-7,999.9992437197507,0.0013320019787039451,2
Christian Jones,Rusher,-4.3760257724049665e-6,1.021083489667426e-6,-5.061940079121354e-6,-4.3760257724049665e-6,-3.690111465688578e-6,999.9992400161897,1.7742088627142118e-4,2
Riley Reiff,Blocker,-4.396657345185369e-6,3.6476608618231755e-6,-6.846978789506106e-6,-4.396657345185369e-6,-1.9463359008646323e-6,999.9992364321183,6.336230773746592e-4,2
Jordan Smith,Rusher,-4.432256508351266e-6,2.9264580327969974e-7,-4.628841748736884e-6,-4.432256508351266e-6,-4.235671267965649e-6,999.9992302479104,5.087829921899393e-5,2
Nick Bolton,Rusher,-4.5331901811671695e-6,3.6972697175749146e-6,-7.016836445881419e-6,-4.5331901811671695e-6,-2.0495439164529205e-6,999.9992127139355,6.422410183062379e-4,2
Victor Dimukeje,Rusher,-4.5604489387106105e-6,4.848337505528146e-7,-4.886136709836413e-6,-4.5604489387106105e-6,-4.234761167584808e-6,999.9992079786043,8.41837327903749e-5,2
James Smith-Williams,Rusher,-4.5820684497453246e-6,3.255088543127634e-6,-6.768678872843105e-6,-4.5820684497453246e-6,-2.395458026647544e-6,999.9992042229105,5.654262807103058e-4,2
Ola Adeniyi,Rusher,-4.628628426478092e-6,6.600844404801486e-6,-9.062755174660883e-6,-4.628628426478092e-6,-1.9450167829530014e-7,999.9991961346142,0.0011467246366766615,2
Alejandro Villanueva,Blocker,-4.638846151535495e-6,4.771748458255308e-5,-3.669313523454892e-5,-4.638846151535495e-6,2.7415442931477934e-5,999.9991943596135,0.008289335581559039,2
Chase Young,Rusher,-4.703901909410109e-6,2.627021209082395e-6,-6.468607195110002e-6,-4.703901909410109e-6,-2.939196623710216e-6,999.9991830582709,4.563198097087254e-4,2
James Vaughters,Rusher,-4.805309206441895e-6,5.46439209184312e-6,-8.47602247448609e-6,-4.805309206441895e-6,-1.1345959383977017e-6,999.9991654420191,9.492216167501248e-4,2
Travin Howard,Rusher,-4.872946843334073e-6,5.925148528315315e-6,-8.853173912047864e-6,-4.872946843334073e-6,-8.927197746202837e-7,999.9991536921581,0.001029344240371677,2
Chauncey Golston,Rusher,-4.906575343962763e-6,2.6846399232847143e-5,-2.294068274455093e-5,-4.906575343962763e-6,1.3127532056625405e-5,999.9991478502892,0.004663737734535989,2
Dillon Radunz,Blocker,-4.913452054396107e-6,7.233386155565539e-6,-9.772489635860329e-6,-4.913452054396107e-6,-5.44144729318865e-8,999.9991466556822,0.0012565273608531264,2
Alex Barshaba,Blocker,-4.923875439285399e-6,6.9634114256731925e-6,-9.601557106606529e-6,-4.923875439285399e-6,-2.4619377196426906e-7,999.9991448449548,0.0012096279466334986,2
Shaun Bradley,Rusher,-4.969814242017026e-6,4.449255923037473e-6,-7.958608324710526e-6,-4.969814242017026e-6,-1.981020159323527e-6,999.9991368645674,7.728744021673002e-4,2
Morgan Fox,Rusher,-4.994352206268594e-6,1.5374329979530302e-5,-1.532208054175783e-5,-4.994352206268594e-6,5.3333761292206425e-6,999.9991326018865,0.002670754153007881,2
Bobby Hart,Blocker,-5.046221451281985e-6,3.240416194214895e-7,-5.26389687643761e-6,-5.046221451281985e-6,-4.828546026126359e-6,999.9991235912757,5.6251278647567016e-5,2
Blake Lynch,Rusher,-5.107342104946333e-6,1.4965962699258954e-6,-6.112682807551271e-6,-5.107342104946333e-6,-4.102001402341394e-6,999.9991129735306,2.599448844828477e-4,2
Calais Campbell,Rusher,-5.116093463758468e-6,3.497139561967681e-5,-2.860817890447792e-5,-5.116093463758468e-6,1.8375991976960985e-5,999.9991114532638,0.006075113140550742,2
Mykal Walker,Rusher,-5.139610568804042e-6,2.104505590639984e-6,-6.5533152342812475e-6,-5.139610568804042e-6,-3.725905903326835e-6,999.9991073679242,3.6563058229303083e-4,2
Germain Ifedi,Blocker,-5.141212515833983e-6,4.116907172242589e-5,-3.279659581641254e-5,-5.141212515833983e-6,2.251417078474457e-5,999.9991070896376,0.00715175975339768,2
Anthony Barr,Rusher,-5.2369593571282525e-6,3.823253756545698e-6,-7.80523558170614e-6,-5.2369593571282525e-6,-2.6686831325503675e-6,999.9990904567077,6.641266875152494e-4,2
Sam Kamara,Rusher,-5.363447125679017e-6,8.57382877733831e-6,-1.1122928971407889e-5,-5.363447125679017e-6,3.9603472004985435e-7,999.9990684835317,0.0014894671269284811,2
Roquan Smith,Rusher,-5.472760283676742e-6,4.649300729313212e-6,-8.595934753476029e-6,-5.472760283676742e-6,-2.3495858138774546e-6,999.9990494938911,8.077067768112354e-4,2
Kylie Fitts,Rusher,-5.504458487991898e-6,4.231673391862422e-6,-8.347091191586864e-6,-5.504458487991898e-6,-2.66182578439693e-6,999.9990439873491,7.351574775739195e-4,2
Joe Walker,Rusher,-5.59231960716623e-6,2.750440664234573e-6,-7.439932089851153e-6,-5.59231960716623e-6,-3.7447071244813056e-6,999.9990287243094,4.777599651172695e-4,2
Demetrius Flannigan-Fowles,Rusher,-5.8109215514150975e-6,1.2686568653842194e-6,-6.6631436303015444e-6,-5.8109215514150975e-6,-4.95869947252865e-6,999.9989907492621,2.2042878671060413e-4,2
Doug Costin,Rusher,-5.8163472502732e-6,1.889891238315898e-8,-5.829042621921224e-6,-5.8163472502732e-6,-5.803651878625177e-6,999.9989898067217,3.2425610954118745e-6,2
T.J. Edwards,Rusher,-5.8239610906399e-6,6.850198232769728e-6,-1.04255916323603e-5,-5.8239610906399e-6,-1.2223305489195002e-6,999.9989884840621,0.0011900418332517978,2
Jonathan Harris,Rusher,-5.918615506239563e-6,7.80160262116669e-7,-6.442689287406786e-6,-5.918615506239563e-6,-5.394541725072339e-6,999.998972040906,1.3556823496292745e-4,2
Michael Hoecht,Rusher,-5.958216977624192e-6,6.510598233001047e-6,-1.0331720729753576e-5,-5.958216977624192e-6,-1.5847132254948066e-6,999.9989651614258,0.0011310472708925647,2
Broderick Washington,Rusher,-5.9834646055852996e-6,1.027022293240224e-5,-1.2882501671394554e-5,-5.9834646055852996e-6,9.155724602239545e-7,999.9989607754636,0.0017841609752677066,2
Eddie Goldman,Rusher,-5.988077707994342e-6,9.343109906085198e-6,-1.2264325261360192e-5,-5.988077707994342e-6,2.8816984537150737e-7,999.9989599740857,0.0016230239141414612,2
Nick Gates,Blocker,-6.014154673496722e-6,8.505299105468597e-6,-1.1727601613318609e-5,-6.014154673496722e-6,-3.0070773367483505e-7,999.9989554440527,0.0014775623036985056,2
Wyatt Ray,Rusher,-6.121563508866374e-6,6.680989898651169e-6,-1.0609528108122687e-5,-6.121563508866374e-6,-1.6335989096100595e-6,999.998936785227,0.0011605663024097704,2
Ronnie Stanley,Blocker,-6.204820743787373e-6,8.774941647958018e-6,-1.2099400450385378e-5,-6.204820743787373e-6,-3.1024103718936756e-7,999.9989223219638,0.0015243229783786488,2
Saahdiq Charles,Blocker,-6.215566664059855e-6,2.2491783098053273e-5,-2.1324454396189778e-5,-6.215566664059855e-6,8.893321068070067e-6,999.9989204552063,0.003907263431376612,2
Tommy Togiai,Rusher,-6.2332580610640945e-6,1.9067902141908736e-6,-7.514147137280885e-6,-6.2332580610640945e-6,-4.9523689848473035e-6,999.9989173818958,3.3128390351702897e-4,2
Ja'Whaun Bentley,Rusher,-6.252055819781867e-6,9.092899017233893e-6,-1.2360223847725919e-5,-6.252055819781867e-6,-1.4388779183781546e-7,999.9989141163908,0.0015795578308785171,2
Lerentee Mccray,Rusher,-6.329901088395301e-6,1.0112516492167685e-7,-6.397832063766791e-6,-6.329901088395301e-6,-6.261970113023812e-6,999.9989005932825,1.7526724202526603e-5,2
Joe Jackson,Rusher,-6.35836192508612e-6,6.931324626826912e-6,-1.1014489239009016e-5,-6.35836192508612e-6,-1.7022346111632256e-6,999.9988956491288,0.00120413493131021,2
A.J. Johnson,Rusher,-6.401999032219588e-6,9.05379385766437e-6,-1.2483898112828197e-5,-6.401999032219588e-6,-3.2009995161097825e-7,999.9988880685869,0.0015728456013501535,2
Dayo Odeyingbo,Rusher,-6.457942936202827e-6,1.086636291489533e-5,-1.375743789496151e-5,-6.457942936202827e-6,8.415520225558562e-7,999.9988783501353,0.0018876400646340259,2
Kemoko Turay,Rusher,-6.464650322687059e-6,1.260108862020369e-5,-1.492944977568179e-5,-6.464650322687058e-6,2.0001491303076744e-6,999.9988771849429,0.002189073817689863,2
Davion Taylor,Rusher,-6.46985762839247e-6,3.294869565949414e-6,-8.683191010940076e-6,-6.46985762839247e-6,-4.256524245844862e-6,999.9988762803413,5.723369521595367e-4,2
Joseph Jones,Rusher,-6.603080021104148e-6,2.9505882204975033e-6,-8.585141913346934e-6,-6.603080021104148e-6,-4.621018128861361e-6,999.9988531372412,5.12529156788811e-4,2
Jamin Davis,Rusher,-6.608804985081391e-6,9.739967225907702e-6,-1.3151642015356749e-05,-6.608804985081391e-6,-6.596795480603247e-8,999.9988521427131,0.0016920461243182655,2
Kayode Awosika,Blocker,-6.641514958242026e-6,9.392520528649654e-6,-1.2950954168571953e-5,-6.641514958242026e-6,-3.3207574791210014e-7,999.9988464604088,0.0016316074183883847,2
Kenny Young,Rusher,-6.7881782406170325e-6,2.8321419363492427e-6,-8.690673670668615e-6,-6.7881782406170325e-6,-4.88568281056545e-6,999.9988209823871,4.919529296978428e-4,2
Blake Brandel,Blocker,-6.80218405065987e-6,4.327842598673952e-6,-9.709418557618714e-6,-6.80218405065987e-6,-3.894949543701027e-6,999.9988185493287,7.517827473547829e-4,2
Chris Hubbard,Blocker,-6.826235032200739e-6,9.01202624809059e-8,-6.886773448487171e-6,-6.826235032200739e-6,-6.765696615914307e-6,999.9988143712453,1.5696009378481844e-5,2
Trent Harris,Rusher,-6.842464173696031e-6,1.811876025807544e-7,-6.9641772070252265e-6,-6.842464173696031e-6,-6.720751140366836e-6,999.9988115519546,3.1434994091765994e-5,2
Demone Harris,Rusher,-6.858442321722193e-6,2.586777415071565e-6,-8.59611378075864e-6,-6.858442321722193e-6,-5.120770862685746e-6,999.9988087762661,4.494097791988698e-4,2
Stephen Weatherly,Rusher,-6.962628109340486e-6,4.8087598370967925e-6,-1.0192919464753713e-5,-6.962628109340486e-6,-3.7323367539272585e-6,999.9987906773409,8.353266285902427e-4,2
Ty Nsekhe,Blocker,-6.970355964068971e-6,2.0464721816990134e-5,-2.0717562357364477e-5,-6.970355964068971e-6,6.776850429226538e-6,999.9987893348751,0.003555126819796166,2
Tipa Galeai,Rusher,-7.0710510596901e-6,4.528510500391482e-6,-1.0113084519016338e-5,-7.0710510596901e-6,-4.029017600363863e-6,999.9987718423454,7.867233648661726e-4,2
Jackson Barton,Blocker,-7.0715002748597655e-6,1.9069436599737137e-6,-8.352492428502467e-6,-7.0715002748597655e-6,-5.790508121217065e-6,999.9987717643087,3.31310559858464e-4,2
Daniel Wise,Rusher,-7.118346862646434e-6,1.8018486501160915e-6,-8.328741291856904e-6,-7.118346862646434e-6,-5.907952433435965e-6,999.9987636262229,3.129726540845448e-4,2
Justin Zimmer,Rusher,-7.176915190983534e-6,4.355279369386436e-6,-1.0102580388235802e-5,-7.176915190983534e-6,-4.251249993731264e-6,999.9987534518621,7.565490027021761e-4,2
Patrick Jones II,Rusher,-7.182158755833594e-6,9.732635425096084e-7,-7.835949944084271e-6,-7.182158755833594e-6,-6.528367567582918e-6,999.9987525409616,1.6911371066029635e-4,2
Alex Bars,Blocker,-7.200568065259389e-6,3.3759713775687896e-6,-9.468381706721442e-6,-7.200568065259389e-6,-4.932754423797337e-6,999.998749342937,5.865068123748818e-4,2
Kendal Vickers,Rusher,-7.30963250899832e-6,3.3885373939416193e-6,-9.585887390080614e-6,-7.30963250899832e-6,-5.033377627916024e-6,999.9987303965025,5.886897530088814e-4,2
Jaylon Moore,Blocker,-7.33913932157301e-6,8.182350878879395e-6,-1.2835645324451172e-5,-7.33913932157301e-6,-1.8426333186948481e-6,999.9987252706442,0.0014213794180171753,2
Poona Ford,Rusher,-7.371347684202207e-6,2.1483288453680027e-5,-2.1802777684596827e-5,-7.371347684202207e-6,7.060082316192412e-6,999.9987196754786,0.003731988935232778,2
B.J. Hill,Rusher,-7.4764434314916745e-6,3.100730344655997e-5,-2.830564423819466e-5,-7.4764434314916745e-6,1.335275737521131e-5,999.9987014184774,0.005386479797987724,2
Terron Armstead,Blocker,-7.56801705908479e-6,3.017683027075747e-5,-2.7839346312294473e-5,-7.56801705908479e-6,1.2703312194124895e-5,999.998685510509,0.005242211830897482,2
Ryan Mccollum,Blocker,-7.636529448041022e-6,9.626448250248759e-6,-1.4103109942708683e-5,-7.636529448041022e-6,-1.1699489533733624e-6,999.9986736086878,0.00167224482589137,2
Ladarius Hamilton,Rusher,-7.745385081727905e-6,5.6346968332422e-6,-1.1530500805408033e-5,-7.745385081727905e-6,-3.960269358047776e-6,999.9986546985274,9.788876130212888e-4,2
Carl Davis Jr.,Rusher,-7.776668754369925e-6,1.5408803807780426e-5,-1.812755493370183e-5,-7.776668754369925e-6,2.574217424961979e-6,999.9986492639969,0.002676823902832453,2
Brandin Bryant,Rusher,-7.865542571403038e-6,3.907807846380564e-6,-1.0490618127765249e-5,-7.865542571403038e-6,-5.2404670150408265e-6,999.9986338250335,6.788152373054098e-4,2
Andrew Billings,Rusher,-7.971416153438487e-6,1.7503883573282854e-6,-9.147242056756458e-6,-7.971416153438487e-6,-6.795590250120515e-6,999.9986154329085,3.041141181132665e-4,2
Austin Bryant,Rusher,-8.034286608523462e-6,3.1978314680884746e-6,-1.01824345088917e-5,-8.034286608523462e-6,-5.886138708155223e-6,999.9986045111918,5.55479708066018e-4,2
Justin Murray,Blocker,-8.134627573145261e-6,5.00940101726039e-7,-8.471134808899084e-6,-8.134627573145261e-6,-7.798120337391438e-6,999.9985870801811,8.698169249744899e-5,2
Jonas Griffith,Rusher,-8.193137027607781e-6,7.820594038146486e-7,-8.718486559949425e-6,-8.193137027607781e-6,-7.667787495266137e-6,999.9985769160477,1.3589814968368002e-4,2
Isaac Rochell,Rusher,-8.29699149882371e-6,5.036624968444135e-6,-1.1680351584830023e-5,-8.29699149882371e-6,-4.913631412817397e-6,999.9985588746781,8.749108562163972e-4,2
Troy Dye,Rusher,-8.381043565079344e-6,4.737846034136225e-6,-1.1563698471087084e-5,-8.381043565079344e-6,-5.198388659071604e-6,999.9985442733388,8.230886717138323e-4,2
David Sharpe,Blocker,-8.426148875511478e-6,1.1427382096320396e-5,-1.610250927845348e-5,-8.426148875511478e-6,-7.497884725694739e-7,999.9985364377438,0.0019851801110318023,2
Rashard Lawrence,Rusher,-8.486372700422839e-6,5.560190430583126e-6,-1.2221438640669023e-5,-8.486372700422839e-6,-4.751306760176654e-6,999.9985259757939,0.00096594452515977845,2
Steve Mclendon,Rusher,-8.49066309285611e-6,7.202883042223614e-6,-1.3329210163943523e-5,-8.49066309285611e-6,-3.6521160217686986e-6,999.9985252304764,0.0012513094598134225,2
Jack Conklin,Blocker,-8.581272363808208e-6,4.698221733244143e-6,-1.1737309588548409e-5,-8.581272363808208e-6,-5.425235139068006e-6,999.9985094900338,8.161241931106293e-4,2
Dennis Gardeck,Rusher,-8.767993165006913e-6,8.074462157221122e-6,-1.4192024763521868e-5,-8.767993165006913e-6,-3.3439615664919595e-6,999.9984770533083,0.0014026372274931248,2
Christian Wilkins,Rusher,-8.771239870462527e-6,3.342473224695054e-6,-1.101655107942305e-5,-8.771239870462527e-6,-6.525928661502005e-6,999.9984764892979,5.806065547195537e-4,2
Taylor Decker,Blocker,-9.082250503923918e-6,2.417164865912585e-5,-2.5319590349284197e-5,-9.082250503923918e-6,7.155089341436363e-6,999.9984224612172,0.004199004936178555,2
Christian Ringo,Rusher,-9.349776521956665e-6,1.532118784413133e-6,-1.0378979524896391e-5,-9.349776521956665e-6,-8.320573519016939e-6,999.9983759871877,2.6619680972876257e-4,2
Jackson Carman,Blocker,-9.402748167297944e-6,2.6011510244671268e-5,-2.687601768606283e-5,-9.402748167297944e-6,8.070521351466944e-6,999.9983667850704,0.004518621629806779,2
Joe Gaziano,Rusher,-9.557280404841192e-6,1.001200058642894e-5,-1.6282856237353407e-5,-9.557280404841192e-6,-2.831704572328978e-6,999.9983399400712,0.0017392221267489138,2
Devin White,Rusher,-9.565733022128877e-6,6.93796358300918e-7,-1.0031791726360132e-5,-9.565733022128877e-6,-9.099674317897624e-6,999.9983384717011,1.2048425572400548e-4,2
Caleb Benenoch,Blocker,-9.588361242183556e-6,1.11333875947221e-7,-9.663149933908715e-6,-9.588361242183556e-6,-9.513572550458398e-6,999.9983345407768,1.938119148577225e-5,2
Quincy Williams,Rusher,-9.677605491992322e-6,6.596808825018954e-7,-1.0120747076156727e-5,-9.677605491992322e-6,-9.234463907827915e-6,999.9983190374627,1.1455779061793246e-4,2
Aaron Stinnie,Blocker,-9.949594565870866e-6,9.693621631492262e-6,-1.646129887626141e-5,-9.949594565870866e-6,-3.437890255480322e-6,999.9982717881211,0.0016839950698661252,2
Joe Schobert,Rusher,-9.961404880141681e-6,2.7908149767081692e-5,-2.8708744733281256e-5,-9.961404880141681e-6,8.785934972997895e-6,999.9982697364594,0.004848182693829926,2
Malcolm Roach,Rusher,-9.969462893148454e-6,2.286640149455834e-6,-1.1505516711171413e-5,-9.969462893148454e-6,-8.433409075125496e-6,999.9982683366391,3.971895633857826e-4,2
Kevin Strong,Rusher,-9.972396275604767e-6,9.94067902852353e-6,-1.665006174873926e-5,-9.972396275604767e-6,-3.294730802470271e-6,999.9982678270584,0.0017268323030939414,2
Dee Ford,Rusher,-1.0028213498420016e-5,1.6658191574420616e-5,-2.1218377711768576e-5,-1.0028213498420016e-5,1.1619507149285412e-6,999.9982581306137,0.0028937837554611897,2
Damien Wilson,Rusher,-1.0047697230835927e-5,1.9214284320122133e-5,-2.2954920432320406e-5,-1.0047697230835927e-5,2.859525970648552e-6,999.9982547459426,0.003337903577821848,2
Kyzir White,Rusher,-1.0059612563822627e-5,4.603620034231211e-6,-1.3152100960823207e-5,-1.0059612563822627e-5,-6.9671241668220476e-6,999.9982526760373,7.99690194816737e-4,2
Derrek Tuszka,Rusher,-1.0293902562999224e-5,1.1386028188294959e-5,-1.794248341858754e-5,-1.0293902562999224e-5,-2.645321707410905e-6,999.9982119756958,0.0019779962014112584,2
Justin Madubuike,Rusher,-1.0315327610583324e-5,1.5445937278115786e-5,-2.0691158252164196e-5,-1.0315327610583324e-5,6.050303099754718e-8,999.9982082537838,0.0026832746473439517,2
Neville Hewitt,Rusher,-1.0347811498697005e-5,2.187627808777983e-5,-2.5043232852539212e-5,-1.0347811498697007e-5,4.3476098551452005e-6,999.9982026107546,0.0038002582270200693,2
Justin Strnad,Rusher,-1.0392122542743813e-5,1.939556779612565e-6,-1.1695022606536183e-5,-1.0392122542743813e-5,-9.089222478951446e-6,999.9981949131377,3.369760389205439e-4,2
K'Lavon Chaisson,Rusher,-1.0583438889157763e-5,6.466410656672724e-6,-1.4927259573164491e-5,-1.0583438889157763e-5,-6.2396182051510355e-6,999.9981616780842,0.0011233711026286304,2
Jesse Davis,Blocker,-1.0682008473779979e-5,5.714080982502215e-5,-4.906642987805585e-5,-1.0682008473779979e-5,2.7702412930495885e-5,999.9981445547937,0.00992641587564199,2
Jarrad Davis,Rusher,-1.0713021066191406e-5,3.5328845292727812e-6,-1.3086241343599344e-5,-1.0713021066191406e-5,-8.339800788783468e-6,999.9981391673546,6.137654187279922e-4,2
Garett Bolles,Blocker,-1.0729727406318392e-5,1.03544033969016e-5,-1.7685312820554028e-5,-1.0729727406318392e-5,-3.7741419920827537e-6,999.9981362651661,0.0017987035871895956,2
Tyre Phillips,Blocker,-1.0878779463294124e-5,1.081820262685195e-5,-1.8145922679106404e-5,-1.0878779463294124e-5,-3.6116362474818437e-6,999.9981103721716,0.0018792737656815684,2
Chris Rumph II,Rusher,-1.0951087098701011e-5,6.4702218053934745e-6,-1.5297467927357065e-5,-1.0951087098701011e-5,-6.604706270044957e-6,999.9980978110489,0.0011240331669573262,2
Tyler Lancaster,Rusher,-1.097713269374568e-5,8.140995131003566e-6,-1.6445857913348004e-5,-1.097713269374568e-5,-5.508407474143356e-6,999.9980932864655,0.0014141951887710253,2
Max Garcia,Blocker,-1.098935666289909e-5,7.724676141232423e-5,-6.28799800412852e-5,-1.098935666289909e-5,4.0901266715487024e-5,999.9980911629445,0.013419177406697694,2
Bradley Chubb,Rusher,-1.1040648218559497e-5,4.872174982554576e-6,-1.4313538789386697e-5,-1.1040648218559497e-5,-7.767757647732296e-6,999.9980822526888,8.464240001253005e-4,2
Pat Elflein,Blocker,-1.1218750193643968e-5,2.8624669153493933e-5,-3.0447412977918076e-5,-1.1218750193643968e-5,8.00991259063014e-6,999.9980513132068,0.004972573827550752,2
Anthony Walker Jr.,Rusher,-1.1294369994363561e-5,1.4607063586926832e-6,-1.2275601597339772e-5,-1.1294369994363561e-5,-1.031313839138735e-5,999.9980381767019,2.53710168213973e-4,2
Shaquille Quarterman,Rusher,-1.1449271211503178e-5,2.069940106508021e-6,-1.2839756463166914e-5,-1.1449271211503178e-5,-1.0058785959839442e-5,999.9980112676044,3.595449101934937e-4,2
Andrew Wylie,Blocker,-1.147661559792637e-5,3.973671073264716e-5,-3.816980833797429e-5,-1.147661559792637e-5,1.5216577142121552e-5,999.9980065173979,0.006903014196275245,2
Alijah Vera-Tucker,Blocker,-1.1476910481619389e-5,8.55435305180741e-6,-1.7223309480636404e-5,-1.1476910481619389e-5,-5.730511482602373e-6,999.9980064661713,0.0014860838468817902,2
Marquise Copeland,Rusher,-1.1525491418510528e-5,3.216752832323308e-5,-3.313407495931056e-5,-1.1525491418510528e-5,1.00830921222895e-5,999.9979980267983,0.005588031502682707,2
Trey Flowers,Rusher,-1.161299723395435e-5,1.5028389776056809e-5,-2.1708339738870486e-5,-1.161299723395435e-5,-1.5176547290382155e-6,999.9979828254811,0.0026107392169317832,2
Jamie Collins Sr.,Rusher,-1.1625193450488794e-5,4.571423364985128e-7,-1.1932279474289077e-5,-1.1625193450488794e-5,-1.1318107426688509e-5,999.9979807067814,7.937324145205456e-5,2
Jerome Baker,Rusher,-1.1714266465515275e-5,5.075761065441481e-6,-1.5123916281118786e-5,-1.1714266465515275e-5,-8.304616649911764e-6,999.9979652332138,8.817905251876843e-4,2
Jake Zimmer,Rusher,-1.173675846568643e-5,5.744227872935803e-8,-1.177534539926195e-5,-1.173675846568643e-5,-1.1698171532110912e-5,999.9979613259532,9.938229660319005e-6,2
Jordan Willis,Rusher,-1.1763300951512611e-5,3.951985139252936e-5,-3.8310818117097645e-5,-1.1763300951512611e-5,1.4784216214072421e-5,999.997956715051,0.006865341870386758,2
Brent Urban,Rusher,-1.1834098320877543e-5,1.6134105103489747e-6,-1.291790915794768e-5,-1.1834098320877543e-5,-1.0750287483807405e-5,999.9979444162884,2.8031862891323957e-4,2
Cory Littleton,Rusher,-1.1904543608787027e-5,5.414930050860733e-6,-1.5542030679470745e-5,-1.1904543608787027e-5,-8.267056538103306e-6,999.9979321786884,9.4071021267629e-4,2
Jedrick Wills Jr.,Blocker,-1.199454416695517e-5,4.231768234688554e-5,-4.0421508310957146e-5,-1.199454416695517e-5,1.6432419977046803e-5,999.9979165439901,0.007351293855861638,2
Renell Wren,Rusher,-1.2055586694971533e-5,5.580481451117156e-6,-1.5804283157523687e-5,-1.2055586694971533e-5,-8.30689023241938e-6,999.9979059398167,9.694694364894892e-4,2
D'Ante Smith,Blocker,-1.216314812130731e-5,4.871539167925342e-6,-1.5435611582740397e-5,-1.216314812130731e-5,-8.890684659874223e-6,999.9978872544833,8.463135478538839e-4,2
Margus Hunt,Rusher,-1.2167928898800754e-5,3.572762753798932e-6,-1.4567937431043606e-5,-1.2167928898800754e-5,-9.767920366557904e-6,999.9978864239772,6.206119434242987e-4,2
Jalen Reeves-Maybin,Rusher,-1.2210894447495694e-5,6.095423320002351e-6,-1.630550385308316e-5,-1.2210894447495694e-5,-8.116285041908227e-6,999.9978789600968,0.001058842968829864,2
Markus Bailey,Rusher,-1.2220413195157998e-5,8.19960784253377e-7,-1.277122303446797e-5,-1.2220413195157998e-5,-1.1669603355848025e-5,999.9978773065211,1.4248229383262675e-4,2
Mike Onwenu,Blocker,-1.2673102368223126e-5,5.2466200029580155e-5,-4.791734790102881e-5,-1.2673102368223126e-5,2.2571143164582553e-5,999.9977986663571,0.009114352979970599,2
Rashod Hill,Blocker,-1.2693678480423987e-5,1.4634249852793166e-5,-2.2524256923487856e-5,-1.2693678480423987e-5,-2.8631000373601163e-6,999.9977950919204,0.0025422700993315704,2
Will Holden,Blocker,-1.2802239166546485e-5,2.5459174603722005e-6,-1.4512462892088381e-5,-1.2802239166546485e-5,-1.109201544100459e-5,999.9977762329975,4.423116780402602e-4,2
La'El Collins,Blocker,-1.2951394744038735e-5,8.02532903944573e-6,-1.834242109983186e-5,-1.2951394744038735e-5,-7.560368388245605e-6,999.9977503220198,0.0013941019306817487,2
Austin Corbett,Blocker,-1.2957288333413028e-5,7.538457808986646e-5,-6.359698737943287e-5,-1.2957288333413028e-5,3.7682410712606824e-5,999.9977492981984,0.013095683030251076,2
Christian Covington,Rusher,-1.2962073224617358e-5,3.6979325181052895e-5,-3.780298824388107e-5,-1.2962073224617358e-5,1.1878841794646352e-05,999.9977484669778,0.006423926232024213,2
Solomon Kindley,Blocker,-1.2964469812886697e-5,1.2469441646662167e-5,-2.1340835221553227e-5,-1.2964469812886697e-5,-4.5881044042201655e-6,999.9977480506477,0.0021661233636060084,2
Robert Jones,Blocker,-1.3036593225929814e-5,1.075149135144196e-5,-2.0258923046279285e-5,-1.3036593225929814e-5,-5.814263405580341e-6,999.9977355215276,0.0018676848302225586,2
Rashod Berry,Rusher,-1.3246285000195412e-5,1.633107266181616e-5,-2.421670661225484e-5,-1.3246285000195412e-5,-2.275863388135986e-6,999.9976990943354,0.002836957379991626,2
Julian Okwara,Rusher,-1.3274334787294787e-5,3.491687760627854e-6,-1.5619881075954512e-5,-1.3274334787294787e-5,-1.0928788498635062e-5,999.9976942215883,6.065277745445028e-4,2
Cameron Fleming,Blocker,-1.330331547947538e-5,1.4236683222640585e-5,-2.2866827965392595e-5,-1.330331547947538e-5,-3.739802993558166e-6,999.9976891871265,0.002473205701951111,2
Chase Winovich,Rusher,-1.3338984309545604e-5,6.500095903125938e-6,-1.770543310643569e-5,-1.3338984309545604e-5,-8.972535512655517e-6,999.997682990816,0.0011291417967968919,2
Leighton Vander Esch,Rusher,-1.3401674188647468e-5,1.8584251807945745e-5,-2.5885672141490422e-5,-1.3401674188647468e-5,-9.176762358045115e-7,999.9976721004685,0.003228455720466412,2
Joe Noteboom,Blocker,-1.3442530247250475e-5,2.869258663674211e-5,-3.27168166988422e-5,-1.3442530247250473e-5,5.831756204341247e-6,999.9976650030442,0.004984453335403763,2
Marlon Tuipulotu,Rusher,-1.3446930811632859e-5,3.124036711517392e-6,-1.5545506977853044e-5,-1.3446930811632859e-5,-1.1348354645412672e-5,999.997664238588,5.426602457777461e-4,2
Carlos Davis,Rusher,-1.347650493537893e-5,4.5107433015052985e-6,-1.6506603253230813e-5,-1.347650493537893e-5,-1.0446406617527046e-5,999.9976591010363,7.836368862953048e-4,2
Kaden Elliss,Rusher,-1.3584441282910038e-5,2.751608791635834e-6,-1.5432838456861345e-5,-1.3584441282910038e-5,-1.1736044108958728e-5,999.9976403505724,4.779628895943271e-4,2
Ryan Bates,Blocker,-1.3586840237796754e-5,2.6931470977750262e-5,-3.167809470570787e-5,-1.3586840237796754e-5,4.5044142301143645e-6,999.9976399338312,0.004678516210299034,2
Leonard Williams,Rusher,-1.3756352666114575e-5,1.0395492527952496e-5,-2.0739539763389406e-5,-1.3756352666114575e-5,-6.773165568839744e-6,999.9976104865063,0.0018059225328731947,2
Jeremiah Attaochu,Rusher,-1.3763192678444789e-5,2.487390658449362e-6,-1.5434100940391924e-5,-1.3763192678444789e-5,-1.2092284416497654e-5,999.9976092982745,4.3206349868358125e-4,2
Krys Barnes,Rusher,-1.3815389519457205e-5,1.604663330615658e-6,-1.489332442592694e-5,-1.3815389519457205e-5,-1.2737454612987468e-5,999.9976002307544,2.787180556191063e-4,2
Joe Haeg,Blocker,-1.3840826841700705e-5,2.4194339682287187e-5,-3.0093409414592958e-5,-1.3840826841700706e-5,2.4117557311915455e-6,999.997595811839,0.004202946770653583,2
Porter Gustin,Rusher,-1.3996593088429667e-5,7.670886219535153e-6,-1.9149521968796225e-5,-1.3996593088429667e-5,-8.843664208063108e-6,999.9975687524704,0.0013325289062750428,2
Jalyn Holmes,Rusher,-1.4025157731250785e-5,9.97932900741792e-6,-2.0728786383445773e-5,-1.4025157731250785e-5,-7.321529079055796e-6,999.9975637902837,0.0017336275246649477,2
Laremy Tunsil,Blocker,-1.4119363322513454e-5,1.5092753964043361e-5,-2.42579425635309e-5,-1.4119363322513454e-5,-3.980784081496005e-6,999.9975474250964,0.002621839389049552,2
Terence Steele,Blocker,-1.41556409767078e-5,1.387927900433508e-5,-2.3479066663555942e-5,-1.41556409767078e-5,-4.8322152898596605e-6,999.9975411230223,0.0024111182300026878,2
Solomon Thomas,Rusher,-1.4203624251808834e-5,3.17789204094061e-5,-3.555115986607354e-5,-1.4203624251808834e-5,7.143911362455867e-6,999.9975327874737,0.005520523393648715,2
Ike Boettger,Blocker,-1.4266626101709966e-5,4.821910674925035e-5,-4.665788059860527e-5,-1.4266626101709966e-5,1.8124628395185335e-5,999.9975218429314,0.008376476277103735,2
Nick Vigil,Rusher,-1.4440404746687206e-5,1.3837557844426019e-5,-2.373580418419922e-5,-1.4440404746687208e-5,-5.145005309175198e-6,999.9974916544888,0.00240387052219477,2
Quincy Roche,Rusher,-1.4489186889296358e-5,9.315201603014657e-6,-2.0746686999827246e-5,-1.4489186889296358e-5,-8.231686778765467e-6,999.9974831801626,0.0016182567778139333,2
Robert Nkemdiche,Rusher,-1.457323422382777e-5,2.925379366106865e-6,-1.653836203177927e-5,-1.457323422382777e-5,-1.2608106415876269e-5,999.9974685796452,5.082309627543537e-4,2
Brandon Copeland,Rusher,-1.477211191740104e-5,4.140164912204614e-6,-1.7553273667819007e-5,-1.477211191740104e-5,-1.1990950166983075e-5,999.9974340310512,7.191797939500019e-4,2
Jordan Simmons,Blocker,-1.4941782014101168e-5,1.5397430146714557e-6,-1.5976106604712035e-5,-1.4941782014101168e-5,-1.3907457423490305e-5,999.9974045563365,2.674402416830301e-4,2
Uchenna Nwosu,Rusher,-1.5034652403970278e-5,1.2802157612654384e-5,-2.3634520242610833e-5,-1.5034652403970278e-5,-6.434784565329723e-6,999.9973884230974,0.002223922046841061,2
Chris Board,Rusher,-1.5174201110791842e-5,1.2594542557721401e-5,-2.3634603236873845e-5,-1.5174201110791842e-5,-6.713798984709842e-6,999.9973641810041,0.002187936650236309,2
Alec Ogletree,Rusher,-1.519752904075661e-5,2.1985646490729253e-6,-1.6674418014381274e-5,-1.519752904075661e-5,-1.3720640067131947e-5,999.9973601285276,3.818892818590424e-4,2
Ethan Pocic,Blocker,-1.526638996948686e-5,1.3208473372738885e-5,-2.4139201005923193e-5,-1.526638996948686e-5,-6.393578933050525e-6,999.997348166159,0.0022945873562737786,2
C.J. Mosley,Rusher,-1.527213533656378e-5,1.731505272684654e-5,-2.6903546976331798e-5,-1.527213533656378e-5,-3.6407236967957596e-6,999.9973471680864,0.0030079732574746945,2
Deatrich Wise Jr.,Rusher,-1.5277869463492095e-5,7.0398934268113515e-6,-2.000692802537456e-5,-1.5277869463492095e-5,-1.0548810901609634e-05,999.9973461719667,0.0012229952636096282,2
Ross Blacklock,Rusher,-1.532606043394419e-5,3.859439152949555e-5,-4.12518986019054e-5,-1.532606043394419e-5,1.0599777734017017e-5,999.9973378003376,0.006704491993269381,2
Billy Price,Blocker,-1.5368794270349503e-5,6.187848643246602e-6,-1.9525490520115374e-5,-1.5368794270349503e-5,-1.1212098020583636e-5,999.9973303767099,0.001074898891914477,2
Sam Cosmi,Blocker,-1.543929962595514e-5,8.700463488746887e-6,-2.1283848521696085e-5,-1.543929962595514e-5,-9.594750730214192e-6,999.9973181286751,0.0015114658295303767,2
Michael Pierce,Rusher,-1.5474961525231073e-5,2.9432382206260084e-6,-1.745208604446055e-5,-1.5474961525231073e-5,-1.3497837006001599e-5,999.9973119335687,5.11252330952544e-4,2
Kyle Phillips,Rusher,-1.5569762761366438e-5,2.0149125878105743e-5,-2.9104967127586865e-5,-1.556976276136644e-5,-2.034558395146015e-6,999.9972954649072,0.0035003021898798686,2
Braden Smith,Blocker,-1.558105225480544e-5,1.4635855786802932e-5,-2.5412709486356333e-5,-1.558105225480544e-5,-5.749395023254552e-6,999.9972935037214,0.0025424680462186144,2
Jaylon Smith,Rusher,-1.5598272033702028e-5,9.90730549972506e-8,-1.566482450127238e-5,-1.5598272033702028e-5,-1.5531719566131676e-5,999.9972905123393,1.72512686687667e-5,2
Devin Bush,Rusher,-1.5964565744190297e-5,1.2257909592648726e-5,-2.4198834190517164e-5,-1.5964565744190297e-5,-7.730297297863427e-6,999.9972268806046,0.0021294575145535716,2
Ben Banogu,Rusher,-1.6036485524959105e-5,5.27557627256713e-6,-1.958036149410822e-5,-1.6036485524959105e-5,-1.249260955580999e-5,999.9972143868589,9.164209493444617e-4,2
K.J. Wright,Rusher,-1.6114013676521607e-5,6.805959797336874e-6,-2.0685926985442534e-5,-1.6114013676521607e-5,-1.1542100367600679e-5,999.9972009188396,0.001182356829864066,2
Anthony Nelson,Rusher,-1.62621556887599e-5,8.562876543638269e-7,-1.683736815545454e-5,-1.62621556887599e-5,-1.5686943222065264e-5,999.9971751839362,1.4879291756541565e-4,2
Lucas Niang,Blocker,-1.632065133372106e-5,1.162126276651626e-6,-1.7101311335995726e-5,-1.632065133372106e-5,-1.5539991331446393e-5,999.9971650222018,2.0192252795618937e-4,2
Takkarist Mckinley,Rusher,-1.632444784552888e-5,7.52083958440446e-6,-2.1376582682360058e-5,-1.632444784552888e-5,-1.1272313008697698e-5,999.9971643626802,0.001306463136091369,2
John Jenkins,Rusher,-1.6865473846722326e-5,1.4384895396054562e-5,-2.652854807387119e-5,-1.6865473846722326e-5,-7.202399619573461e-6,999.9970703768374,0.0024989527935081446,2
Ifeadi Odenigbo,Rusher,-1.6934124881683747e-5,7.637007099985196e-6,-2.2064295414634623e-5,-1.6934124881683747e-5,-1.180395434873287e-5,999.9970584509311,0.0013267245329251656,2
Le'Raven Clark,Blocker,-1.6945070918643938e-5,2.3963949108520177e-5,-3.304288829135568e-5,-1.6945070918643938e-5,-8.472535459321939e-7,999.9970565494098,0.004162923828666851,2
Iosua Opeta,Blocker,-1.7029471978106062e-5,2.6133969168755376e-5,-3.45850034557258e-5,-1.7029471978106065e-5,5.260594995136712e-7,999.9970418874441,0.004539894923847785,2
Walker Little,Blocker,-1.7521882647785804e-5,1.702922838377833e-5,-2.896129137290269e-5,-1.7521882647785804e-5,-6.0824739226689195e-06,999.9969563469493,0.0029583204835391067,2
Jon Runyan,Blocker,-1.755300926280405e-5,3.343514584114148e-5,-4.001311669932477e-5,-1.755300926280405e-5,4.907098173716667e-6,999.9969509397024,0.005808239219892796,2
Michael Jordan,Blocker,-1.7586925322407358e-5,2.6399317183509213e-5,-3.532070471160358e-5,-1.7586925322407358e-5,1.4685406678886492e-7,999.9969450478795,0.0045859905952675105,2
Yannick Ngakoue,Rusher,-1.7621252142854643e-5,2.4187190597073603e-5,-3.3869032307444775e-5,-1.7621252142854643e-5,-1.373471978264505e-6,999.9969390847,0.00420178587984155,2
Greg Gaines,Rusher,-1.7640093390002654e-5,3.059669385349286e-5,-3.819346661041154e-5,-1.7640093390002654e-5,2.9132798304062273e-6,999.9969358116401,0.005315149605797301,2
Jeffery Simmons,Rusher,-1.7673306880831238e-5,2.7118710988712522e-5,-3.589034009613017e-5,-1.7673306880831238e-5,5.437263344676937e-7,999.9969300418659,0.0047109620992308865,2
Da'Shawn Hand,Rusher,-1.770254624216462e-5,8.56041831658357e-6,-2.3453019591541904e-5,-1.770254624216462e-5,-1.1952072892787336e-5,999.9969249624685,0.0014871374913251142,2
Quenton Nelson,Blocker,-1.7787092197417457e-5,2.8309238095144244e-5,-3.680386371335345e-5,-1.778709219741746e-5,1.229679318518528e-6,999.9969102753319,0.004917858872868369,2
Foyesade Oluokun,Rusher,-1.8032518781017025e-5,5.075912348397222e-6,-2.1442270221164227e-5,-1.8032518781017025e-5,-1.4622767340869829e-5,999.9968676403673,8.818168057117884e-4,2
Calvin Anderson,Blocker,-1.8089971021396634e-5,1.4079461304132424e-5,-2.754786945682198e-5,-1.8089971021396634e-5,-8.632072585971282e-6,999.996857659891,0.002445893457260369,2
Elgton Jenkins,Blocker,-1.8229946252046728e-5,1.8314284461199524e-5,-3.0532593250385643e-5,-1.8229946252046728e-5,-5.927299253707807e-6,999.996833343703,0.003181557588849033,2
Dante Fowler Jr.,Rusher,-1.8397774364811613e-5,2.572248131422105e-6,-2.0125685756603457e-5,-1.8397774364811613e-5,-1.6669862973019764e-5,999.9968041889736,4.4688578405570827e-4,2
Leonard Floyd,Rusher,-1.8750131184255226e-5,3.456720495264263e-6,-2.1072188161979715e-5,-1.8750131184255226e-5,-1.642807420653074e-5,999.9967429783246,6.005343708651663e-4,2
Levi Onwuzurike,Rusher,-1.880312015893327e-5,1.690053400941032e-5,-3.0156078252474783e-5,-1.880312015893327e-5,-7.450162065391752e-6,999.9967337731969,0.00293596398089206,2
Germaine Pratt,Rusher,-1.8806379994945e-5,1.034704761400426e-5,-2.5757024151411378e-5,-1.8806379994945e-5,-1.1855735838478627e-5,999.9967332069054,0.0017975067893025755,2
A.J. Cann,Blocker,-1.881685421531945e-5,1.0531056091083031e-5,-2.5891106331627124e-5,-1.881685421531945e-5,-1.1742602099011779e-5,999.9967313873469,0.0018294723358542276,2
Fletcher Cox,Rusher,-1.8851911978832478e-5,1.963998447178684e-5,-3.2045099871111505e-5,-1.8851911978832478e-5,-5.658724086553456e-6,999.9967252971896,0.0034117742360031183,2
Jaelan Phillips,Rusher,-1.907267284931556e-5,1.8875782516879207e-5,-3.175250697630894e-5,-1.907267284931556e-5,-6.392838722322181e-6,999.9966869470985,0.0032790187592681196,2
Matt Nelson,Blocker,-1.9154046956211123e-5,1.0165036137729089e-5,-2.5982424641005948e-5,-1.9154046956211123e-5,-1.2325669271416299e-5,999.9966728109682,0.001765888157438008,2
Jayon Brown,Rusher,-1.941144145095856e-5,8.41214413457892e-6,-2.5062311404743986e-5,-1.941144145095856e-5,-1.3760571497173133e-5,999.9966280969647,0.00146137962767774,2
Logan Wilson,Rusher,-1.9455925638132226e-5,8.153635233794866e-6,-2.4933141865013243e-5,-1.9455925638132226e-5,-1.3978709411251211e-5,999.99662036927,0.001416472032047797,2
Jonathon Cooper,Rusher,-1.957591379844812e-5,6.2681383767807785e-6,-2.3786544792503582e-5,-1.957591379844812e-5,-1.536528280439266e-5,999.9965995251916,0.001088927679789669,2
Khyiris Tonga,Rusher,-1.9705390066700374e-5,6.943358315701318e-6,-2.4369601028478763e-5,-1.9705390066700374e-5,-1.5041179104921987e-5,999.99657703286,0.0012062253971661292,2
Justin Hamilton,Rusher,-1.983754656340651e-5,1.7667470499355503e-6,-2.102436144207473e-5,-1.983754656340651e-5,-1.865073168473829e-5,999.9965540749251,3.068748816316172e-4,2
Tommy Doyle,Blocker,-1.989647355440344e-5,1.6223300434295243e-5,-3.079449901720443e-5,-1.989647355440344e-5,-8.998448091602452e-6,999.9965438382583,0.0028182354264470553,2
Justin Mccray,Blocker,-1.9915227250551654e-5,1.1941234198830337e-5,-2.7936768544394813e-5,-1.9915227250551654e-5,-1.1893685956708493e-5,999.9965405804077,0.002074364331601761,2
Marcell Harris,Rusher,-1.9950491664696973e-5,9.931139587857242e-6,-2.6621749004806804e-5,-1.9950491664696973e-5,-1.3279234324587141e-5,999.9965344543514,0.0017251751325136604,2
Jake Curhan,Blocker,-2.002271153884663e-5,2.9153801165343902e-5,-3.960681951515663e-5,-2.002271153884663e-5,-4.386035625366296e-7,999.9965219084743,0.005064493472788586,2
Royce Newman,Blocker,-2.0069580894135288e-5,1.0756435167651635e-5,-2.7295231730153223e-5,-2.0069580894135288e-5,-1.2843930058117354e-5,999.9965137664334,0.0018685436590808006,2
Jerry Tillery,Rusher,-2.0319498701183342e-5,2.2809353661906216e-5,-3.564171491755864e-5,-2.0319498701183342e-5,-4.997282484808047e-6,999.9964703512635,0.003962350056215513,2
De'Vondre Campbell,Rusher,-2.034535952439823e-5,3.515779154033288e-7,-2.0581532496090497e-5,-2.034535952439823e-5,-2.010918655270596e-5,999.9964658587785,6.111585576721114e-5,2
Casey Toohill,Rusher,-2.0638804014696375e-5,1.502681506383751e-5,-3.073308870440826e-5,-2.0638804014696375e-5,-1.054451932498449e-5,999.9964148822493,0.0026103846288184946,2
David Quessenberry,Blocker,-2.0661643797407675e-5,1.7170092800913184e-5,-3.2195678397879314e-5,-2.0661643797407675e-5,-9.127609196936043e-6,999.9964109145726,0.002982791139145233,2
Bravvion Roy,Rusher,-2.076940630520901e-5,4.146717732165866e-6,-2.3554969921885946e-5,-2.076940630520901e-5,-1.7983842688532073e-5,999.9963921943076,7.203991678874911e-4,2
Baron Browning,Rusher,-2.0787448911120647e-5,1.7738247635764032e-6,-2.1979018254134072e-5,-2.0787448911120647e-5,-1.959587956810722e-5,999.996389059986,3.08185438902177e-4,2
Shelby Harris,Rusher,-2.103826494481255e-5,8.139444674759513e-7,-2.1585033314650993e-5,-2.103826494481255e-5,-2.0491496574974107e-5,999.9963454887782,1.4135612002076387e-4,2
Michael Deiter,Blocker,-2.108390211538099e-5,1.0896628239327042e-5,-2.8403727849473125e-5,-2.108390211538099e-5,-1.3764076381288856e-5,999.9963375607897,0.001892897690007745,2
Divine Deablo,Rusher,-2.1203827418014767e-5,1.2211015187742611e-5,-2.940659448021826e-5,-2.1203827418014767e-5,-1.300106035581128e-5,999.9963167276308,0.0021213111220374273,2
Jaylon Ferguson,Rusher,-2.1361444356801613e-5,4.375606226696863e-6,-2.4300764149766075e-5,-2.1361444356801613e-5,-1.8422124563837148e-5,999.9962893467641,7.60161171983082e-4,2
Wyatt Raymond,Rusher,-2.1771785731587906e-5,1.7215789431531793e-5,-3.333651710957795e-5,-2.1771785731587906e-5,-1.0207054353597866e-5,999.9962180631662,0.0029907294569996947,2
Keanu Neal,Rusher,-2.1823086732781518e-5,2.1669963352916115e-5,-3.637991586594693e-5,-2.1823086732781518e-5,-7.266257599616105e-6,999.9962091512695,0.0037644176866531744,2
Tyler Shelvin,Rusher,-2.190344998181341e-5,2.6432981159703823e-6,-2.367908930318868e-5,-2.190344998181341e-5,-2.0127810660438146e-5,999.9961951907433,4.591473980502812e-4,2
James Hudson III,Blocker,-2.2085750487141517e-5,4.104274399829378e-5,-4.9656272956853673e-5,-2.2085750487141517e-5,5.484771982570642e-6,999.9961635219018,0.007129814380038734,2
Jake Matthews,Blocker,-2.2105308526611325e-5,1.2057984901121427e-5,-3.0205277273087892e-5,-2.2105308526611325e-5,-1.4005339780134759e-5,999.9961601243224,0.002094727038417824,2
Jawaan Taylor,Blocker,-2.2111564697360855e-5,8.868278286907402e-6,-2.8068843425776414e-5,-2.2111564697360855e-5,-1.6154285968945296e-5,999.9961590375142,0.0015405372133281742,2
Khalen Saunders,Rusher,-2.233628511250928e-5,1.0440503065120187e-6,-2.3037627411562093e-5,-2.233628511250928e-5,-2.1634942813456466e-5,999.9961199995797,1.8132959857837088e-4,2
Ta'Quon Graham,Rusher,-2.2594036109734825e-5,2.4524932892830098e-5,-3.906869514856675e-5,-2.2594036109734825e-5,-6.119377070902905e-6,999.9960752236454,0.00426037669348273,2
Laurent Duvernay-Tardif,Blocker,-2.2615757149761612e-5,1.9865540523948202e-5,-3.5960462645360554e-5,-2.2615757149761612e-5,-9.271051654162674e-6,999.9960714503143,0.003451038368070809,2
Orlando Brown,Blocker,-2.2760223328387876e-5,1.0603419034753194e-5,-2.988308535646255e-5,-2.2760223328387876e-5,-1.56373613003132e-5,999.9960463539686,0.001841962034150623,2
Jason Pierre-Paul,Rusher,-2.276579996832871e-5,7.404559230024951e-6,-2.773982330941439e-5,-2.276579996832871e-5,-1.7791776627243028e-5,999.996045385207,0.0012862631695947902,2
Matt Skura,Blocker,-2.280272840666229e-5,6.703925945780697e-6,-2.7306100328654563e-5,-2.280272840666229e-5,-1.829935648467002e-5,999.9960389700802,0.0011645507019155035,2
Leki Fotu,Rusher,-2.317703969207541e-5,3.1343745036787906e-6,-2.528256028508843e-5,-2.317703969207541e-5,-2.1071519099062392e-5,999.9959739455498,5.445371366944214e-4,2
Kendall Lamm,Blocker,-2.3381232918022287e-5,9.070605568751275e-6,-2.947442528979815e-5,-2.3381232918022287e-5,-1.7288040546246425e-5,999.9959384735535,0.0015757660946299048,2
Trysten Hill,Rusher,-2.3405472994753198e-5,1.2710849232231012e-5,-3.194400429716605e-5,-2.3405472994753198e-5,-1.4866941692340345e-5,999.9959342626207,0.0022080601564356504,2
Quinton Bohanna,Rusher,-2.3444941858740347e-5,2.0617501895879697e-5,-3.729477849035823e-5,-2.3444941858740347e-5,-9.59510522712246e-6,999.9959274061769,0.0035816674378704675,2
Bunmi Rotimi,Rusher,-2.3637921457459595e-5,2.2768398887759306e-5,-3.89326262452397e-5,-2.363792145745959e-5,-8.343216669679482e-6,999.9958938821869,0.0039552354832445525,2
Josiah Bronson,Rusher,-2.365764390632486e-5,1.3744209600619944e-5,-3.289033652644009e-5,-2.365764390632486e-5,-1.4424951286209628e-5,999.9958904560466,0.002387654271336965,2
Roy Lopez,Rusher,-2.3820118823373686e-5,5.121698553827555e-6,-2.7260627213048246e-5,-2.3820118823373686e-5,-2.0379610433699125e-5,999.9958622312627,8.897706841723018e-4,2
Pernell Mcphee,Rusher,-2.404935734677171e-5,1.6263313160623626e-5,-3.497426141618723e-5,-2.404935734677171e-5,-1.3124453277356191e-5,999.9958224084523,0.00282526738150454,2
Jonathan Garvin,Rusher,-2.4269133952638845e-5,2.075974523068001e-5,-3.8214522749541825e-5,-2.4269133952638845e-5,-1.0323745155735864e-5,999.9957842293454,0.003606296603499735,2
Oshane Ximines,Rusher,-2.4665696235211436e-5,1.2618811898786974e-5,-3.314240132615371e-5,-2.4665696235211436e-5,-1.6188991144269158e-5,999.9957153394209,0.002192071634079132,2
Taco Charlton,Rusher,-2.4974275831747496e-5,6.751571236107665e-6,-2.950965354622748e-5,-2.4974275831747496e-5,-2.0438898117267513e-5,999.9956617336546,0.0011729085690544412,2
Rodger Saffold,Blocker,-2.497938998274774e-5,3.665852309778928e-5,-4.960480573994171e-5,-2.4979389982747744e-5,-3.539742255537803e-7,999.9956608452355,0.006368278234729909,2
James Ferentz,Blocker,-2.500125115315049e-5,2.0740789281222287e-5,-3.893390626366835e-5,-2.500125115315049e-5,-1.1068596042632627e-5,999.9956570475613,0.003603084650334361,2
Bruce Irvin,Rusher,-2.5199534194508588e-5,9.583270112451862e-6,-3.163710971284282e-5,-2.5199534194508588e-5,-1.8761958676174363e-5,999.995622602269,0.0016647440151194809,2
Alex Anzalone,Rusher,-2.5459177638319078e-5,3.0635336780633097e-6,-2.7517110804563412e-5,-2.5459177638319078e-5,-2.3401244472074744e-5,999.9955774975831,5.322308248756453e-4,2
Carl Nassib,Rusher,-2.558402280758017e-5,1.8068590460672497e-5,-3.772162450674305e-5,-2.558402280758017e-5,-1.3446421108417283e-5,999.9955558097558,0.0031387951368389696,2
Tyeler Davison,Rusher,-2.564407020132339e-5,1.5169355355964154e-5,-3.583410653783258e-5,-2.564407020132339e-5,-1.5454033864814197e-5,999.9955453784552,0.0026351464137517695,2
Isaiah Buggs,Rusher,-2.5901716486918455e-5,1.8241187916838466e-5,-3.8155260776168315e-5,-2.5901716486918455e-5,-1.3648172197668588e-5,999.995500620711,0.0031688594185294433,2
Justin Jones,Rusher,-2.629555976678767e-5,6.348577825539602e-5,-6.894222286441887e-5,-2.629555976678767e-5,1.6351103330843532e-5,999.9954322031258,0.01102856875404943,2
Brady Christensen,Blocker,-2.6407561674654235e-5,7.418536569115279e-6,-3.139097431343094e-5,-2.6407561674654235e-5,-2.142414903587753e-5,999.9954127464016,0.0012886912820402757,2
Melvin Ingram,Rusher,-2.7092594746702175e-5,3.742043462517671e-5,-5.2229825671192e-5,-2.7092594746702175e-5,-1.9553638222123535e-6,999.9952937439684,0.006500635823567886,2
Lorenzo Carter,Rusher,-2.711308634174151e-5,1.1843836941751016e-5,-3.5069200887682404e-5,-2.711308634174151e-5,-1.9156971795800617e-5,999.9952901842137,0.0020575257275655227,2
Carl Granderson,Rusher,-2.7234652281402777e-5,9.838380668510158e-6,-3.3843598683671046e-5,-2.7234652281402777e-5,-2.0625705879134515e-5,999.9952690660471,0.0017091422904011542,2
Nate Solder,Blocker,-2.7279721298567086e-5,2.284173626438122e-5,-4.2623690574854796e-5,-2.7279721298567086e-5,-1.1935752022279376e-5,999.9952612367568,0.003967975490433696,2
Teair Tart,Rusher,-2.736583484877368e-5,8.907965095978334e-6,-3.334977324841607e-5,-2.736583484877368e-5,-2.138189644913129e-5,999.9952462773009,0.0015474315181939072,2
Quinton Spain,Blocker,-2.7404788866053295e-5,4.546331110052102e-6,-3.0458793345618643e-5,-2.7404788866053295e-5,-2.435078438648795e-5,999.995239510295,7.898191218243166e-4,2
Sam Hubbard,Rusher,-2.76098891657927e-5,1.0256087820359318e-5,-3.449943094970249e-5,-2.76098891657927e-5,-2.0720347381882908e-5,999.9952038807237,0.0017817054547657357,2
Tanoh Kpassagnon,Rusher,-2.8284580599499954e-5,1.1997860273030838e-5,-3.634416054034931e-5,-2.8284580599499954e-5,-2.0225000658650604e-5,999.995086674817,0.002084282320745496,2
Connor Mcgovern,Blocker,-2.8522099932659413e-5,4.69425906475642e-6,-3.167547522912831e-5,-2.8522099932659413e-5,-2.536872463619051e-5,999.9950454134828,8.155168395856631e-4,2
Angelo Blackson,Rusher,-2.863185480989972e-5,2.0880536655237887e-5,-4.265838542044606e-5,-2.863185480989972e-5,-1.4605324199353388e-5,999.9950263471078,0.003627361255656152,2
Austin Johnson,Rusher,-2.8793728831744882e-5,2.535293958658501e-5,-4.582460256119765e-5,-2.879372883174488e-5,-1.1762855102292109e-5,999.9949982267099,0.004404216188782144,2
Albert Huggins,Rusher,-2.9019705467919177e-5,1.362444838493758e-5,-3.817194831868888e-5,-2.9019705467919177e-5,-1.986746261714948e-5,999.9949589705475,0.0023668496173273905,2
Henry Mondeaux,Rusher,-2.9222175670447924e-5,9.020535377388259e-6,-3.528173331896809e-5,-2.9222175670447924e-5,-2.3162618021927752e-5,999.9949237978708,0.0015670680115166882,2
Ryan Kelly,Blocker,-2.948437264471002e-5,1.9738665718589937e-5,-4.2743849806839936e-5,-2.948437264471002e-5,-1.6224895482580102e-5,999.9948782495912,0.00342899795689978,2
Kingsley Keke,Rusher,-3.0281390859656473e-5,1.4313112967744439e-5,-3.989624513706862e-5,-3.0281390859656473e-5,-2.066653658224433e-5,999.9947397933461,0.002486482908542601,2
Khalid Kareem,Rusher,-3.033974042541214e-5,1.8035786359584222e-5,-4.245530592236129e-5,-3.033974042541214e-5,-1.8224174928462988e-5,999.9947296569883,0.0031331775133509486,2
Julie'N Davenport,Blocker,-3.05057801766164e-5,2.1564494888739684e-5,-4.499176071687236e-5,-3.05057801766164e-5,-1.6019799636360443e-5,999.9947008129293,0.0037460959378089347,2
Payton Turner,Rusher,-3.0624435256362064e-5,1.3553579773719236e-5,-3.972907201534429e-5,-3.0624435256362064e-5,-2.1519798497379845e-5,999.9946802004306,0.0023544574459998338,2
Azeez Ojulari,Rusher,-3.097465734304957e-5,3.6559481708563864e-6,-3.343054579916472e-5,-3.097465734304957e-5,-2.8518768886934418e-5,999.9946193606228,6.351437629978862e-4,2
Jaleel Johnson,Rusher,-3.106316750132928e-5,1.4800039281508987e-5,-4.100511523222245e-5,-3.106316750132928e-5,-2.112121977043611e-5,999.9946039848335,0.0025709896405325073,2
Mike Danna,Rusher,-3.119385111485085e-5,8.908742286695682e-6,-3.7178311593478425e-5,-3.119385111485085e-5,-2.5209390636223278e-5,999.9945812827646,0.0015475665301078016,2
Dalvin Tomlinson,Rusher,-3.1796238329635377e-5,2.9673277699547513e-5,-5.172930541694791e-5,-3.1796238329635377e-5,-1.186317124232285e-5,999.9944766373872,0.005154816822216816,2
Dont'A Hightower,Rusher,-3.1811343114717e-5,1.4385529861621942e-5,-4.147484354502573e-5,-3.1811343114717e-5,-2.2147842684408266e-5,999.9944740134173,0.0024989819789595366,2
Jonathan Bullard,Rusher,-3.263679153353447e-5,2.6697512068543034e-5,-5.057088376678712e-5,-3.263679153353447e-5,-1.4702699300281819e-05,999.99433061834,0.004637792352510463,2
Matt Pryor,Blocker,-3.302805179081306e-5,1.0136324707354736e-5,-3.9837142530848376e-5,-3.302805179081306e-5,-2.621896105077774e-5,999.9942626494717,0.0017609004710819635,2
Andrew Van Ginkel,Rusher,-3.314300795240134e-5,9.227975913210504e-6,-3.9341914080015755e-5,-3.314300795240134e-5,-2.6944101824786936e-5,999.994242679541,0.0016031041235247073,2
Korey Cunningham,Blocker,-3.336716177834309e-5,1.938010834413043e-5,-4.6385777507094484e-5,-3.336716177834309e-5,-2.0348546049591698e-5,999.9942037400331,0.003366629128804141,2
Aaron Brewer,Blocker,-3.3695391992810114e-5,1.8029580599821983e-5,-4.580678876168948e-5,-3.3695391992810114e-5,-2.1583995223930742e-5,999.9941467206047,0.0031320994624860735,2
Daron Payne,Rusher,-3.387488045839537e-5,2.2693123658830003e-5,-4.911901900258576e-5,-3.387488045839537e-5,-1.8630741914204974e-5,999.9941155402646,0.003942158836575902,2
Bobby Okereke,Rusher,-3.411348217726573e-5,1.30703239257871e-5,-4.289349112348313e-5,-3.411348217726573e-5,-2.5333473231048338e-5,999.9940740909008,0.0022705883392792462,2
Danny Shelton,Rusher,-3.469681237600045e-5,7.576908352549461e-6,-3.978661148869133e-5,-3.469681237600045e-5,-2.9607013263309565e-5,999.9939727560661,0.0013162032787470807,2
Dennis Daley,Blocker,-3.514947685404391e-5,3.337850027005129e-5,-5.757153254649467e-5,-3.51494768540439e-5,-1.2727421161593138e-5,999.9938941201922,0.0057984799088650445,2
Samson Ebukam,Rusher,-3.520368637732823e-5,2.1576036986545426e-6,-3.6653059773438447e-5,-3.520368637732823e-5,-3.375431298121801e-5,999.9938847030335,3.747736358592624e-4,2
Dan Moore Jr.,Blocker,-3.5627326249639795e-5,4.3770875239886307e-05,-6.503047481520406e-5,-3.5627326249639795e-5,-6.224177684075527e-6,999.9938111092499,0.007603820350212119,2
Ben Bredeson,Blocker,-3.6191981273429916e-5,9.634756211077908e-6,-4.2664142652765695e-5,-3.6191981273429916e-5,-2.9719819894094137e-5,999.9937130186254,0.0016736880665357587,2
Tom Compton,Blocker,-3.6280815292846315e-5,8.87096051978445e-6,-4.223989581506515e-5,-3.6280815292846315e-5,-3.032173477062747e-5,999.9936975865756,0.0015410031649191781,2
Quinn Meinerz,Blocker,-3.694139765182499e-5,6.820955110043643e-6,-4.152338408368184e-5,-3.694139765182499e-5,-3.2359411219968145e-5,999.9935828316663,0.0011848807500045389,2
John Penisini,Rusher,-3.698078662359947e-5,2.576748230654136e-6,-3.871172096354015e-5,-3.698078662359947e-5,-3.524985228365879e-5,999.9935759891011,4.475864988857122e-4,2
Jordan Phillips,Rusher,-3.757146130170434e-5,5.1912135068563356e-5,-7.244351289791481e-5,-3.757146130170434e-5,-2.6994097054938578e-6,999.9934733783998,0.009018102037903914,2
Arden Key,Rusher,-3.776976229161828e-5,2.6415496592026913e-5,-5.5514410221819036e-5,-3.776976229161828e-5,-2.002511436141753e-5,999.9934389299896,0.0045888822789132006,2
Justin Britt,Blocker,-3.8242599410074734e-5,2.6615522029816603e-5,-5.6121614716572844e-5,-3.8242599410074734e-5,-2.036358410357663e-5,999.993356789769,0.004623549223912948,2
Anthony Rush,Rusher,-3.8442064334708265e-5,1.0785685440459169e-5,-4.568736408366727e-5,-3.8442064334708265e-5,-3.119676458574925e-5,999.9933221391625,0.0018737059844143868,2
Yodny Cajuste,Blocker,-3.8613841048263224e-5,2.2377869975084623e-5,-5.364620747576175e-5,-3.8613841048263224e-5,-2.358147462076471e-5,999.993292298491,0.0038874746950559947,2
Brandon Parker,Blocker,-3.868050149674771e-5,1.434690489088083e-5,-4.831805554725898e-5,-3.868050149674771e-5,-2.9042947446236446e-5,999.993280718385,0.002492272134323741,2
Linval Joseph,Rusher,-3.882148396736326e-5,1.506269934534751e-5,-4.8939873974929184e-5,-3.882148396736326e-5,-2.8703093959797333e-5,999.9932562272214,0.0026166183670780327,2
Jordan Elliott,Rusher,-3.929993274309548e-5,8.2479452923036e-6,-4.484050188778684e-5,-3.929993274309548e-5,-3.375936359840411e-5,999.9931731121561,0.001432855367271488,2
Matt Peart,Blocker,-3.971104481618657e-5,1.5420976557217407e-5,-5.007010805750742e-5,-3.971104481618657e-5,-2.935198157486572e-5,999.9931016946742,0.0026788574934179825,2
Malik Reed,Rusher,-4.101067244409148e-5,2.364585973686723e-6,-4.259908648194934e-5,-4.101067244409148e-5,-3.942225840623362e-5,999.9928759262314,4.107301399491691e-4,2
Raekwon Davis,Rusher,-4.169692380218745e-5,1.5335122156954963e-5,-5.199831422631904e-5,-4.169692380218745e-5,-3.139553337805587e-5,999.9927567121601,0.0026639430565912627,2
Marcus Cannon,Blocker,-4.180025981277525e-5,3.32895485414289e-5,-6.416256205324421e-5,-4.180025981277525e-5,-1.9437957572306283e-5,999.9927387608564,0.005783027410949138,2
Netane Muti,Blocker,-4.244493917785791e-5,2.3680768921099386e-5,-5.8352529851287885e-5,-4.244493917785791e-5,-2.653734850442794e-5,999.9926267685801,0.004113811424102554,2
Cameron Erving,Blocker,-4.275714267842582e-5,1.5600626059247914e-5,-5.3236885731813106e-5,-4.275714267842582e-5,-3.227739962503854e-5,999.9925725332771,0.002710065808483383,2
Conor Mcdermott,Blocker,-4.383321601490606e-5,2.8759988179728123e-5,-6.315277955020024e-5,-4.383321601490606e-5,-2.4513652479611882e-5,999.9923856001922,0.004996162182637283,2
Cam Sample,Rusher,-4.3947175299810086e-5,2.017614115736406e-5,-5.750052721883176e-5,-4.3947175299810086e-5,-3.0393823380788415e-5,999.9923658034368,0.003504995224596,2
Alex Okafor,Rusher,-4.405205208572384e-5,7.90474516441537e-6,-4.936207604956804e-5,-4.405205208572384e-5,-3.874202812187964e-5,999.992347584473,0.0013731543660024546,2
Armon Watts,Rusher,-4.413844582887653e-5,5.894607600735577e-5,-8.373555739455851e-5,-4.413844582887653e-5,-4.541334263194561e-6,999.9923325763427,0.010240022732204342,2
Naquan Jones,Rusher,-4.520632510777447e-5,2.1645402695486156e-5,-5.974665558389171e-5,-4.520632510777447e-5,-3.066599463165722e-5,999.9921470667114,0.0037601510634450094,2
Isaiah Prince,Blocker,-4.545427828340461e-5,1.3484489394911035e-5,-5.4512503480785305e-5,-4.545427828340461e-5,-3.639605308602391e-5,999.992103992833,0.002342455217911506,2
Trent Brown,Blocker,-4.58759165177371e-5,5.864423317614535e-6,-4.981535133858916e-5,-4.58759165177371e-5,-4.1936481696885036e-5,999.9920307467696,0.0010187951908241866,2
Mike Mcglinchey,Blocker,-4.60153115288136e-5,3.591291816259042e-5,-7.013986609553057e-5,-4.60153115288136e-5,-2.189075696209664e-5,999.9920065313759,0.0062386723585231224,2
Bobby Massie,Blocker,-4.695194916569846e-5,2.946999824205517e-5,-6.674846298428567e-5,-4.695194916569846e-5,-2.7155435347111256e-5,999.991843820753,0.005119422531046526,2
Jason Peters,Blocker,-4.803254668322518e-5,5.806040783543461e-6,-5.1932762952619956e-5,-4.803254668322518e-5,-4.41323304138304e-5,999.9916561017375,0.0010086531058656604,2
Brandon Shell,Blocker,-4.8478692863940164e-5,4.146500985540328e-6,-5.126411088075882e-5,-4.8478692863940164e-5,-4.569327484712151e-5,999.9915785982078,7.202804826038937e-4,2
Jalen Mayfield,Blocker,-4.853988745436841e-5,8.08096786789568e-6,-5.396828927341106e-5,-4.853988745436841e-5,-4.3111485635325764e-5,999.9915679676185,0.001403767385129473,2
Christian Darrisaw,Blocker,-5.022673682228901e-5,4.367948282995822e-6,-5.316091238052857e-5,-5.022673682228901e-5,-4.729256126404945e-5,999.9912749318696,7.587498184142648e-4,2
Hakeem Adeniji,Blocker,-5.051013190981212e-5,4.465906922439698e-5,-8.050992606536015e-5,-5.051013190981212e-5,-2.051033775426409e-5,999.9912257011005,0.00775803441621584,2
Cameron Jordan,Rusher,-5.1319423308563754e-5,2.4944104596196695e-5,-6.80756615436311e-5,-5.1319423308563754e-5,-3.45631850734964e-5,999.991085112785,0.004333275309100944,2
Penei Sewell,Blocker,-5.164891528728488e-5,3.1152682482303143e-5,-7.257577467090341e-5,-5.164891528728488e-5,-3.072205590366635e-5,999.9910278741658,0.0054118157556745,2
Marlon Davidson,Rusher,-5.345344503017396e-5,1.0046823687615959e-5,-6.0202413331127893e-5,-5.345344503017396e-5,-4.670447672922003e-5,999.9907143952419,0.001745271519010905,2
Daryl Williams,Blocker,-5.412394974904933e-5,1.2872363684785439e-5,-6.277097861789001e-5,-5.412394974904933e-5,-4.547692088020865e-5,999.990597916642,0.002236199123206653,2
Cam Robinson,Blocker,-5.500562614434306e-5,2.6243122076067384e-5,-7.263448124486202e-5,-5.500562614434306e-5,-3.73767710438241e-5,999.9904447537647,0.0045588567259422725,2
Shamar Stephen,Rusher,-5.507785844332299e-5,2.0589913329861003e-5,-6.890916241593159e-5,-5.507785844332299e-5,-4.124655447071439e-5,999.9904322057291,0.0035768748130890304,2
Corey Peters,Rusher,-5.519190805368645e-5,2.8577236824368866e-5,-7.438870810246733e-5,-5.519190805368645e-5,-3.599510800490556e-5,999.9904123932827,0.004964333988115568,2
Dean Lowry,Rusher,-5.637064794326747e-5,5.300716205254994e-6,-5.993141169845464e-5,-5.637064794326747e-5,-5.28098841880803e-5,999.9902076251907,9.207882030089259e-4,2
Colton Mckivitz,Blocker,-5.788936779506874e-5,8.299829416838334e-5,-1.1364359159677951e-4,-5.788936779506874e-5,-2.1351439933579683e-6,999.9899437965303,0.01441832098211359,2
Dorance Armstrong,Rusher,-5.8004791063342946e-5,2.8946854932257885e-5,-7.744988260913462e-5,-5.8004791063342946e-5,-3.855969951755127e-5,999.9899237454549,0.005028543229935995,2
Isaiahh Loudermilk,Rusher,-5.8404131891296324e-5,1.8115439220497455e-5,-7.05732043124335e-5,-5.8404131891296324e-5,-4.623505947015915e-5,999.9898543728477,0.0031470146325384353,2
Daniel Brunskill,Blocker,-5.897645884756964e-5,5.558312586736844e-5,-9.631450380691318e-5,-5.897645884756963e-5,-2.1638413888226086e-5,999.9897549494721,0.009655737424144935,2
Grover Stewart,Rusher,-5.908904444262777e-5,2.3848656767583514e-5,-7.510941401904908e-5,-5.908904444262777e-5,-4.306867486620646e-5,999.9897353913509,0.004142976530231193,2
D.J. Reader,Rusher,-5.990893241605233e-5,3.129198985298439e-5,-8.092937172682495e-5,-5.990893241605233e-5,-3.8888493105279724e-5,999.9895929622219,0.005436015924574507,2
Laken Tomlinson,Blocker,-6.12242098979135e-5,4.660515392989213e-5,-9.253128926087963e-5,-6.122420989791348e-5,-2.9917130534947365e-5,999.989364475121,0.008096184988238112,2
Adetokunbo Ogundeji,Rusher,-6.136601844530853e-5,4.618099517627668e-6,-6.446823345616195e-5,-6.136601844530853e-5,-5.826380343445513e-5,999.9893398404531,8.022055386851354e-4,2
Steven Means,Rusher,-6.472656760536655e-5,3.323482142354212e-5,-8.70521068254716e-5,-6.472656760536655e-5,-4.240102838526149e-5,999.9887560532705,0.0057734393042902735,2
Josh Tupou,Rusher,-6.548259033108421e-5,2.8224016218680874e-5,-8.444211392860513e-5,-6.548259033108421e-5,-4.652306673356327e-5,999.9886247186714,0.004903054316588391,2
Jonah Williams,Blocker,-6.787015589153621e-5,3.356433717891646e-5,-9.041704779551764e-5,-6.787015589153621e-5,-4.532326398755481e-5,999.9882099560521,0.00583068205401088,2
Chris Wormley,Rusher,-6.823540490470037e-5,5.104346579058738e-5,-1.0252392666069888e-4,-6.823540490470037e-5,-3.3946883148701864e-5,999.9881465057997,0.008867198728285945,2
Arik Armstead,Rusher,-6.82560454630096e-5,7.556601001677623e-5,-1.19017621667579e-4,-6.82560454630096e-5,-1.7494469258440196e-5,999.9881429201675,0.013127119951582349,2
Deshawn Williams,Rusher,-6.831575475508428e-5,1.0198916447416335e-5,-7.516689158677123e-5,-6.831575475508428e-5,-6.146461792339733e-5,999.988132547601,0.001771692737547709,2
Storm Norton,Blocker,-6.85861546692378e-5,2.6469834300477215e-5,-8.636730403345193e-5,-6.85861546692378e-5,-5.0805005305023665e-5,999.9880855743248,0.00459832170572447,2
Carlos Watkins,Rusher,-7.355626012325772e-5,6.424739183922391e-6,-7.787208793534885e-5,-7.355626012325772e-5,-6.92404323111666e-5,999.9872221785756,0.00111605099391337,2
George Fant,Blocker,-7.358388442641137e-5,1.5843155365382513e-5,-8.422654689095268e-5,-7.358388442641137e-5,-6.294122196187006e-5,999.9872173797426,0.0027521974641666826,2
Kerry Hyder Jr.,Rusher,-7.36383963501417e-5,7.634139528314163e-6,-7.876664058768717e-5,-7.36383963501417e-5,-6.851015211259625e-5,999.9872079100514,0.0013262263847619647,2
Derrick Nnadi,Rusher,-7.54993059338074e-5,1.7420241007645494e-5,-8.7201377952897e-5,-7.54993059338074e-5,-6.379723391471781e-5,999.9868846369461,0.0030261653010261406,2
Max Scharping,Blocker,-7.55293490135682e-5,1.9660632125674587e-5,-8.873640699712285e-5,-7.55293490135682e-5,-6.232229103001354e-5,999.9868794179285,0.0034153611008399267,2
Blake Hance,Blocker,-7.55890460517037e-5,1.1262998379497454e-5,-8.315498145580765e-5,-7.55890460517037e-5,-6.802311064759972e-5,999.9868690474909,0.0019565427021159994,2
Bilal Nichols,Rusher,-7.575518539948732e-5,1.2262945001181095e-5,-8.39928363887575e-5,-7.575518539948732e-5,-6.751753441021713e-5,999.9868401861302,0.0021302512221062684,2
Alex Mack,Blocker,-7.609925726019075e-5,2.2334237685058118e-5,-9.110231363394065e-5,-7.609925726019075e-5,-6.109620088644085e-5,999.9867804147259,0.0038798139574095294,2
Malik Jackson,Rusher,-7.619341343840898e-5,2.106754507657863e-5,-9.03455672256809e-5,-7.619341343840898e-5,-6.204125965113706e-5,999.9867640581224,0.003659766913322633,2
Zach Allen,Rusher,-7.71183662891441e-5,1.6923284897614225e-5,-8.848660732464627e-5,-7.71183662891441e-5,-6.575012525364194e-5,999.9866033773549,0.002939835182449171,2
Kaleb McGary,Blocker,-7.961762962909336e-5,4.6897460138226534e-5,-1.1112106610905085e-4,-7.961762962909336e-5,-4.811419314913586e-5,999.9861692108439,0.008146882745052502,2
Shy Tuttle,Rusher,-7.97215857224896e-5,2.7852533644585393e-5,-9.843156536513677e-5,-7.97215857224896e-5,-6.101160607984244e-5,999.9861511518208,0.004838521183816208,2
Johnathan Hankins,Rusher,-8.225399118327791e-5,2.7482002213764357e-5,-1.0071506580291757e-4,-8.225399118327791e-5,-6.379291656363825e-5,999.9857112279337,0.004774153281484931,2
Spencer Brown,Blocker,-8.556824124252802e-5,4.38793616390204e-5,-1.150442657031618e-4,-8.556824124252802e-5,-5.6092216781894245e-5,999.9851354837288,0.007622585335443994,2
Michael Brockers,Rusher,-8.88372441224653e-5,1.961500411280425e-5,-1.0201365142257292e-4,-8.88372441224653e-5,-7.56608368223577e-5,999.984567599764,0.0034075157357549572,2
Justin Ellis,Rusher,-8.940318241676715e-5,2.043677696880173e-5,-1.0313161681799208e-4,-8.940318241676715e-5,-7.567474801554223e-5,999.9844692862127,0.0035502723024422914,2
Dion Dawkins,Blocker,-8.99402563145994e-5,8.743147285444997e-6,-9.581347811232776e-5,-8.99402563145994e-5,-8.406703451687104e-5,999.9843759869206,0.0015188807644745724,2
Dexter Lawrence,Rusher,-9.251750421941527e-5,5.832006879858291e-6,-9.643516325145594e-5,-9.251750421941527e-5,-8.859984518737459e-5,999.9839282731032,0.001013082846336083,2
Adam Butler,Rusher,-9.582313027266523e-5,1.3777689780920738e-5,-1.050783132521802e-4,-9.582313027266523e-5,-8.656794729315027e-5,999.9833540270415,0.0023933893418809147,2
Isaiah Wynn,Blocker,-9.600346511617514e-5,6.286073063396077e-7,-9.642573298074047e-5,-9.600346511617514e-5,-9.558119725160981e-5,999.9833226996706,1.0924079004497739e-4,2
D.J. Wonnum,Rusher,-9.616353068598121e-5,5.7358906538836395e-6,-1.0001662350461159e-4,-9.616353068598121e-5,-9.231043786735082e-5,999.9832948934331,9.964667801809735e-4,2
Brandon Williams,Rusher,-9.714383359955737e-5,3.5362423094326777e-5,-1.2089859231028431e-4,-9.714383359955737e-5,-7.338907488883043e-5,999.9831245973746,0.006143041570359889,2
Alex Leatherwood,Blocker,-1.0090374916229626e-4,4.1025077640796306e-5,-1.2846240423088236e-4,-1.0090374916229626e-4,-7.334509409371017e-5,999.9824714331421,0.007126826451865676,2
Nick Williams,Rusher,-1.0093355507928964e-4,3.206784323915408e-5,-1.2247517502110103e-4,-1.0093355507928964e-4,-7.939193513747826e-5,999.982466255324,0.005570795462373355,2
Duane Brown,Blocker,-1.0568734134183572e-4,1.785622378312519e-5,-1.1768228541909643e-4,-1.0568734134183572e-4,-9.3692397264575e-5,999.9816404380672,0.0031019842989072647,2
Morgan Moses,Blocker,-1.0788064576766274e-4,2.4331949286307345e-5,-1.2422566779050608e-4,-1.0788064576766274e-4,-9.153562374481938e-5,999.9812594220635,0.004226933039843862,2
Sheldon Richardson,Rusher,-1.0813191935779668e-4,1.7922783641622905e-5,-1.2017157511599102e-4,-1.0813191935779668e-4,-9.609226359960234e-5,999.9812157713701,0.0031135469306098266,2
Mark Glowinski,Blocker,-1.1082088256148872e-4,7.605621479450359e-5,-1.6191175453243413e-4,-1.1082088256148872e-4,-5.973001059054332e-5,999.9807486506174,0.013212358276197277,2
Eric Fisher,Blocker,-1.1449896088607272e-4,3.659774097157334e-5,-1.3908354616232557e-4,-1.1449896088607272e-4,-8.991437560981987e-5,999.9801097029693,0.006357719297930872,2
Cameron Heyward,Rusher,-1.2046253512989667e-4,1.2075795683986062e-4,-2.0158186678540964e-4,-1.2046253512989665e-4,-3.934320347438366e-5,999.9790737240147,0.020977846236860366,2
Taylor Lewan,Blocker,-1.235686217371452e-4,4.488150844204861e-5,-1.5371783975793638e-4,-1.235686217371452e-4,-9.341940371635404e-5,999.9785341415052,0.007796757098648434,2
Liam Eichenberg,Blocker,-1.2841339331470545e-4,4.344666105789473e-5,-1.575987505359588e-4,-1.2841339331470545e-4,-9.922803609345213e-5,999.9776925184804,0.007547498578040698,2
Charlie Heck,Blocker,-1.3286347108031483e-4,3.805112716325251e-6,-1.354195610349629e-4,-1.3286347108031483e-4,-1.3030738112566672e-4,999.9769194607933,6.609752660214368e-4,2
Ryan Jensen,Blocker,-1.4581596349607e-4,2.5779530852741846e-5,-1.631334005237625e-4,-1.4581596349607e-4,-1.284985264683775e-4,999.9746693824001,0.0044784037144318806,2
D.J. Humphries,Blocker,-2.1535913360140878e-4,3.5472571484521735e-5,-2.3918788465209715e-4,-2.1535913360140878e-4,-1.915303825507204e-4,999.9625884963878,0.0061622573381502396,2
