player_name,role,role_interactions,win_rank_by_role,win_rank_overall,win_bt_logit_score,win_coefficient_source,win_boot_mean_score,win_boot_sd_score,win_boot_q025_score,win_boot_q25_score,win_boot_q50_score,win_boot_q75_score,win_boot_q975_score,win_boot_n,win_boot_fixed_lambda,win_boot_scope,severity_rank_by_role,severity_rank_overall,severity_weighted_logit_score,severity_coefficient_source,severity_boot_mean_score,severity_boot_sd_score,severity_boot_q025_score,severity_boot_q25_score,severity_boot_q50_score,severity_boot_q75_score,severity_boot_q975_score,severity_boot_n,severity_boot_fixed_lambda,severity_boot_scope
Jordan Mills,Blocker,164,1,1,0.8172258713024168,lambda.min,0.6927775732511677,0.4248772842947636,-0.1574089952271076,0.4269869452526437,0.7343532613886414,1.0084085760871075,1.4056762526073048,1000,1.039457465372263e-4,train_fit_end_to_end,52,144,0.08566305629257397,lambda.min,0.07630106770591276,0.03852075508356312,-0.00153136712479847,0.04658124852462951,0.08046390709010144,0.10368106897418766,0.14852855029805656,1000,8.240743309893662e-5,train_fit_end_to_end
Erik McCoy,Blocker,603,2,2,0.6830906579105447,lambda.min,0.6544606377756957,0.24563317050431652,0.201165822897077,0.47899413816582326,0.66081746147666,0.8099156795980511,1.15473685856624,1000,1.039457465372263e-4,train_fit_end_to_end,60,155,0.0769607967332665,lambda.min,0.07636718609986982,0.0760890171442977,-0.08701134018647025,0.02805711565230523,0.08318240553370541,0.12932344150612554,0.20544548969264712,1000,8.240743309893662e-5,train_fit_end_to_end
Calvin Throckmorton,Blocker,826,3,4,0.6345868737258592,lambda.min,0.6316696444820646,0.195000799127984,0.2724065094728412,0.5006482216860457,0.6249783302691421,0.7517366343659349,1.0444037663683348,1000,1.039457465372263e-4,train_fit_end_to_end,85,203,0.05629688786456882,lambda.min,0.05752524223576807,0.0831561404332985,-0.10924175458487638,0.00314619280558014,0.06088006329299492,0.11683116915432376,0.21193266604526684,1000,8.240743309893662e-5,train_fit_end_to_end
Trey Hopkins,Blocker,812,4,5,0.5979722860063454,lambda.min,0.5964757978642629,0.1287704451587656,0.3471373509565123,0.5112774839217852,0.595955687169985,0.680758427600386,0.8491419452562065,1000,1.039457465372263e-4,train_fit_end_to_end,332,944,-0.17182888209282293,lambda.min,-0.15929004248601275,0.11658808218213204,-0.3916456014581812,-0.2431823096123418,-0.15749384816027728,-0.07942566029816259,0.07227131783895537,1000,8.240743309893662e-5,train_fit_end_to_end
Will Clapp,Blocker,123,5,8,0.5446992989204116,lambda.min,0.41242923678106486,0.385093265805848,-0.16063655785113165,0.05910110006000416,0.4133159676287064,0.7029477008099263,1.1312300264573625,1000,1.039457465372263e-4,train_fit_end_to_end,231,569,-0.02150852128630372,lambda.min,-0.02801984451052153,0.04950670567762477,-0.15535842743192557,-0.04843346975806868,-0.02265187797099313,0.00596000787106322,0.04841888710744393,1000,8.240743309893662e-5,train_fit_end_to_end
Chase Roullier,Blocker,468,6,9,0.5270580381374349,lambda.min,0.5076651855651632,0.12377553225169624,0.24152535131063735,0.43216870071464214,0.5202149722686695,0.5920622811241587,0.7208323440893375,1000,1.039457465372263e-4,train_fit_end_to_end,242,614,-0.02872720620030298,lambda.min,-0.03204076071625857,0.08962106861814821,-0.21774074131141744,-0.08948797240225632,-0.03256514260623575,0.02908409721605214,0.13243870741727473,1000,8.240743309893662e-5,train_fit_end_to_end
Ben Cleveland,Blocker,336,7,16,0.4395486867281549,lambda.min,0.4240899164969555,0.17994105885042236,0.05652754441500957,0.3017182422852175,0.43480116981765726,0.5563411127344271,0.7416253364466194,1000,1.039457465372263e-4,train_fit_end_to_end,65,171,0.07025685747221933,lambda.min,0.06502486110413189,0.05829541157357348,-0.05524943350624834,0.02763308534023505,0.06729653100273064,0.10672937268281207,0.16505779265941753,1000,8.240743309893662e-5,train_fit_end_to_end
Zack Martin,Blocker,932,8,20,0.4244605863768595,lambda.min,0.4174880347746221,0.07969106829931098,0.2607900923559972,0.3638662736037841,0.41674195038922834,0.4704238434047719,0.5759159499754603,1000,1.039457465372263e-4,train_fit_end_to_end,79,195,0.06078639786949256,lambda.min,0.05841725123444458,0.09127071910445612,-0.1202406742802668,-0.00241936028577155,0.05820756080510839,0.12328534655012292,0.2325159966481527,1000,8.240743309893662e-5,train_fit_end_to_end
Joe Thuney,Blocker,1077,9,23,0.41406953045221806,lambda.min,0.4129672282321031,0.10725604415563188,0.19856690054333528,0.3414974949002606,0.41336918475878126,0.4847048166106317,0.6263507463022767,1000,1.039457465372263e-4,train_fit_end_to_end,1,23,0.2576352579134133,lambda.min,0.2505584901538496,0.06830281221188297,0.10573729188050396,0.2082220550029078,0.2548960801608747,0.2966939780610862,0.37660845655515857,1000,8.240743309893662e-5,train_fit_end_to_end
B.J. Finney,Blocker,85,10,24,0.41154903978813584,lambda.min,0.3557036900614666,0.18048406078164453,0,0.2590671076173572,0.3813935134170114,0.4818214685359315,0.6565291979213396,1000,1.039457465372263e-4,train_fit_end_to_end,64,168,0.071483679426169,lambda.min,0.06362400055045697,0.03655388755028295,0,0.03737223704728701,0.06634991197352291,0.08859683919047667,0.1364685196658301,1000,8.240743309893662e-5,train_fit_end_to_end
Mason Cole,Blocker,440,11,25,0.4090805386127262,lambda.min,0.3988247098778961,0.11682953615452324,0.1242081528215979,0.3321166207369057,0.4038237837254514,0.47970586407465304,0.6144169416343022,1000,1.039457465372263e-4,train_fit_end_to_end,104,229,0.04298176129993261,lambda.min,0.04352979567634416,0.12880806982261336,-0.2292343809373979,-0.0447334498371131,0.06359746766307028,0.15283533959222456,0.22518969953005463,1000,8.240743309893662e-5,train_fit_end_to_end
Kevin Zeitler,Blocker,1104,12,30,0.3941141647292595,lambda.min,0.39082382898407514,0.07679549061484632,0.24135776760904296,0.343218033266857,0.39047719675097026,0.4419087528217043,0.5436917276406974,1000,1.039457465372263e-4,train_fit_end_to_end,154,304,0.01094668593586867,lambda.min,0.01545208666912521,0.13387912947367994,-0.2621641462657744,-0.07146656355941455,0.02289124644520119,0.11106935300438615,0.25363337040843076,1000,8.240743309893662e-5,train_fit_end_to_end
Ben Powers,Blocker,771,13,31,0.38968744625434226,lambda.min,0.3936765848844137,0.08496898297893003,0.2191683950219673,0.3418812514263098,0.39187612843296826,0.4522788050818972,0.5609829635709477,1000,1.039457465372263e-4,train_fit_end_to_end,331,939,-0.16306942019473897,lambda.min,-0.15351752503325666,0.11154553854416924,-0.3670224921717977,-0.2268967544342387,-0.15413805391313457,-0.08037668647819023,0.0731606109801632,1000,8.240743309893662e-5,train_fit_end_to_end
Tyler Biadasz,Blocker,1009,14,35,0.3714366107512872,lambda.min,0.3722612023544899,0.11074880051397604,0.14861832738863998,0.29871408978837233,0.381098302372313,0.44977670069725006,0.5681814228001819,1000,1.039457465372263e-4,train_fit_end_to_end,103,227,0.04364788906421713,lambda.min,0.04491172328218241,0.12670479438798748,-0.19932055458948972,-0.04575325261853061,0.05120206634611193,0.1421005362591387,0.26683989214466175,1000,8.240743309893662e-5,train_fit_end_to_end
Michael Schofield III,Blocker,785,15,39,0.36341489693963086,lambda.min,0.3580757987013952,0.1347796278698655,0.08312503201569939,0.26864796871704855,0.3604312965903421,0.4479555211278804,0.6100829338932271,1000,1.039457465372263e-4,train_fit_end_to_end,53,145,0.0844606143832112,lambda.min,0.08263590571005282,0.08087863464754787,-0.07782247790263921,0.03135136026014637,0.08317328091499293,0.1405478999898599,0.23498269224411225,1000,8.240743309893662e-5,train_fit_end_to_end
Brandon Linder,Blocker,545,16,40,0.36259640560176526,lambda.min,0.3514835554134781,0.09167618440597508,0.17207397402088978,0.2921503382130749,0.3523577757361107,0.4156357716383437,0.5222737770031899,1000,1.039457465372263e-4,train_fit_end_to_end,29,92,0.12545961640837405,lambda.min,0.11771924035916154,0.06934697925151631,-0.02535694039213672,0.07267500943653189,0.12396299280295212,0.1634626994628844,0.24395427781300336,1000,8.240743309893662e-5,train_fit_end_to_end
Cole Toner,Blocker,53,17,42,0.35541350132736105,lambda.min,0.24828672502965743,0.2474443176452552,0,0,0.36975202650636585,0.420288936369483,0.6733450439773516,1000,1.039457465372263e-4,train_fit_end_to_end,230,560,-0.01891413402203436,lambda.min,-0.02661431530877701,0.03517192979740836,-0.1265467050105845,-0.03163655532852037,-0.02479231862475167,0,0,1000,8.240743309893662e-5,train_fit_end_to_end
Mitch Morse,Blocker,988,18,43,0.3526296104435969,lambda.min,0.35748234074434604,0.1031647243090345,0.16048562821876572,0.2903827335110812,0.3554836650913824,0.4218927381380877,0.566617661924367,1000,1.039457465372263e-4,train_fit_end_to_end,71,183,0.06539830247050929,lambda.min,0.06324102485697426,0.08696803653797473,-0.1039535241360276,0.00114629241798773,0.06684281205388956,0.12656122948407522,0.21974703342181004,1000,8.240743309893662e-5,train_fit_end_to_end
Gabe Jackson,Blocker,870,19,44,0.35228346395074,lambda.min,0.3486364916662284,0.11555347933278852,0.13415327421793397,0.27097715780435117,0.34409126576392224,0.4254496225403983,0.5738913046443432,1000,1.039457465372263e-4,train_fit_end_to_end,91,214,0.05149410661525484,lambda.min,0.04692734732517938,0.11893973427069028,-0.1993868944015376,-0.03129488692373007,0.05633550572412511,0.13001156218803364,0.25390488741121203,1000,8.240743309893662e-5,train_fit_end_to_end
Ali Marpet,Blocker,190,20,49,0.33386206146970177,lambda.min,0.309728108816869,0.1903417203555347,-0.06956954753915424,0.17972777799009754,0.31576044700407035,0.4401320143085054,0.6727185600773586,1000,1.039457465372263e-4,train_fit_end_to_end,35,109,0.1154297944642662,lambda.min,0.11072937543681524,0.02976276343371198,0.04805579696140517,0.09105781961218228,0.1102603763205568,0.12999842422687646,0.1704770517529588,1000,8.240743309893662e-5,train_fit_end_to_end
Saahdiq Charles,Blocker,194,21,52,0.3276900813652108,lambda.min,0.28856971137282833,0.1983220958085347,0.00445179615150293,0.11971853991209218,0.2763323243757134,0.4430524798076392,0.6968762497087726,1000,1.039457465372263e-4,train_fit_end_to_end,340,960,-0.22307890511869757,lambda.min,-0.2134223395860076,0.1840810447476088,-0.5761789777141669,-0.3353692417487467,-0.210607208653443,-0.07704290127468484,0.07279045735988562,1000,8.240743309893662e-5,train_fit_end_to_end
J.C. Tretter,Blocker,851,22,53,0.32078969336950314,lambda.min,0.3188675469760352,0.09016065679658124,0.14380440391273971,0.26005634903038377,0.3222303946237761,0.3806000852785723,0.47939753557105536,1000,1.039457465372263e-4,train_fit_end_to_end,49,140,0.08993505487653392,lambda.min,0.08401614869072835,0.11885584947727748,-0.17507845835149607,0.01159288809991142,0.0955588110945483,0.17399463627899825,0.2728179150767811,1000,8.240743309893662e-5,train_fit_end_to_end
Joel Bitonio,Blocker,1021,23,56,0.31841024324266576,lambda.min,0.3156622070905506,0.08354754696671388,0.15609533101748943,0.26165693952377417,0.31318221090241294,0.3706925200800202,0.4782199664421158,1000,1.039457465372263e-4,train_fit_end_to_end,41,127,0.099328123950695,lambda.min,0.1025146209202053,0.10770208701430029,-0.1147997410665834,0.0303615339682457,0.10456905979195912,0.17947232471270555,0.29248870070514543,1000,8.240743309893662e-5,train_fit_end_to_end
Ereck Flowers Sr.,Blocker,937,24,58,0.304419298844103,lambda.min,0.3049708134772924,0.09032961460982336,0.13120152112119424,0.24600229802484003,0.3005102173778805,0.3650667254425693,0.4798591911070797,1000,1.039457465372263e-4,train_fit_end_to_end,310,881,-0.1135028596338076,lambda.min,-0.1024764300837136,0.15967402821398508,-0.4095935782239474,-0.21273203499123292,-0.09999864931382844,0.01264125841695765,0.19404926529080743,1000,8.240743309893662e-5,train_fit_end_to_end
Tyler Larsen,Blocker,120,25,59,0.3036506307306273,lambda.min,0.2806025560354278,0.20737285126547636,-0.1643202241631747,0.14836286197739937,0.29552471114262113,0.4319243914167668,0.6425991401975739,1000,1.039457465372263e-4,train_fit_end_to_end,274,763,-0.06390791649273578,lambda.min,-0.0649492673325773,0.08069024419735606,-0.23930756431941635,-0.11173940075716456,-0.04919937244760219,-0.00139211595348487,0.06873426249346672,1000,8.240743309893662e-5,train_fit_end_to_end
Dalton Risner,Blocker,838,26,65,0.2935586921320841,lambda.min,0.2862391829926085,0.10035497285149746,0.06027541908667162,0.22318046303322953,0.29351277770395445,0.35361468712479516,0.460899258471658,1000,1.039457465372263e-4,train_fit_end_to_end,171,332,0.00604440115313643,lambda.min,0.00961176147820966,0.11381930618351052,-0.23852219296408828,-0.06297661700549224,0.01681950456356269,0.08813984456167791,0.208531808676766,1000,8.240743309893662e-5,train_fit_end_to_end
Andrew Norwell,Blocker,1005,27,66,0.28794345250611003,lambda.min,0.2818916188712302,0.05701294285500177,0.16750270700712586,0.244858409471286,0.28233572695297465,0.31944858190516723,0.3955554435141343,1000,1.039457465372263e-4,train_fit_end_to_end,114,245,0.03243708491320786,lambda.min,0.03120968608276919,0.11449833645078963,-0.2021545696407699,-0.0475647048924995,0.0342781402478596,0.11317459666345132,0.2375434531831154,1000,8.240743309893662e-5,train_fit_end_to_end
Nick Harris,Blocker,59,28,69,0.27787108226420754,lambda.min,0.2030421859591423,0.19722178665594983,0,0,0.2777705991057065,0.3562234726180044,0.5337503715661104,1000,1.039457465372263e-4,train_fit_end_to_end,93,216,0.05128503143425962,lambda.min,0.04044274908099673,0.03978722659367403,0,0,0.05393290793285547,0.06382801516268391,0.12031840143353352,1000,8.240743309893662e-5,train_fit_end_to_end
Kevin Dotson,Blocker,466,29,70,0.27676867361485413,lambda.min,0.26580659817353175,0.13895702896762047,-0.02773379086555028,0.17913133801129583,0.26732751130573795,0.35469208109858574,0.5354438601565602,1000,1.039457465372263e-4,train_fit_end_to_end,155,306,0.01048747514492726,lambda.min,0.00611881477443294,0.08424064669767989,-0.16887360027484627,-0.04758356497332688,0.00608271492657657,0.0642762775624276,0.1674715005924825,1000,8.240743309893662e-5,train_fit_end_to_end
Cesar Ruiz,Blocker,989,30,75,0.2718056581870408,lambda.min,0.2694365738123248,0.2025896587481,-0.1044742964142695,0.13207304704075132,0.2516357588653,0.3964541666765248,0.6803212412492642,1000,1.039457465372263e-4,train_fit_end_to_end,241,613,-0.02832250282619139,lambda.min,-0.02420318788626214,0.11133895351459384,-0.23849085185318655,-0.10133262244959104,-0.01831477470355821,0.05240853434444675,0.1704032631419998,1000,8.240743309893662e-5,train_fit_end_to_end
Matt Hennessy,Blocker,857,31,77,0.2709668175539915,lambda.min,0.26985851303251635,0.08859618478705636,0.09816080747974716,0.2127304188578033,0.2695217818398557,0.328807270978428,0.43670560664599023,1000,1.039457465372263e-4,train_fit_end_to_end,48,139,0.09042352098943428,lambda.min,0.09175925003082096,0.08754892492584415,-0.08839823866719818,0.03244744776345854,0.09432130400576694,0.15654567818035398,0.2501703296083657,1000,8.240743309893662e-5,train_fit_end_to_end
Will Hernandez,Blocker,858,32,78,0.2702592323646635,lambda.min,0.26560435663364124,0.08832523332788024,0.08955036623497377,0.20799149641257375,0.26452623374691797,0.3234025619298142,0.44152253983083617,1000,1.039457465372263e-4,train_fit_end_to_end,211,444,-0.00501020695091921,lambda.min,-0.00779437680052175,0.09302784881979122,-0.1866129379764114,-0.07214757547052127,-0.00720190299339369,0.05673844791536088,0.1732069953207044,1000,8.240743309893662e-5,train_fit_end_to_end
Frank Ragnow,Blocker,217,33,79,0.2699654164100717,lambda.min,0.23708918999219605,0.10253899912597854,-0.02083940724705868,0.18929598765864145,0.25479554808301674,0.30814627994824223,0.387737810245493,1000,1.039457465372263e-4,train_fit_end_to_end,45,136,0.09295518351854168,lambda.min,0.08509388093604152,0.04173692774894383,0,0.05147091735752684,0.08393901465405795,0.1114916683483798,0.1658986633426901,1000,8.240743309893662e-5,train_fit_end_to_end
Donovan Smith,Blocker,83,34,80,0.2695515681063839,lambda.min,0.2601930077456456,0.08859114406121599,0.09310547107805352,0.200179991640527,0.2596897229577011,0.3200647998824157,0.4316887436747697,1000,1.039457465372263e-4,train_fit_end_to_end,67,175,0.0690905305496323,lambda.min,0.06665926599419415,0.01647927353617134,0.03368284831550587,0.05514892542795523,0.06732963542197457,0.07793785368307218,0.10041457432058444,1000,8.240743309893662e-5,train_fit_end_to_end
Corey Linsley,Blocker,924,35,81,0.26927347744920527,lambda.min,0.27145421739275266,0.08440685188464661,0.10955492996930428,0.2145932690976472,0.27337619885535125,0.3294633557841051,0.44446787300257534,1000,1.039457465372263e-4,train_fit_end_to_end,2,24,0.25533298850896907,lambda.min,0.24702687165918333,0.0510249074627856,0.1550261597461567,0.2107801758305679,0.24645741611745603,0.2829286131610408,0.3485675962313469,1000,8.240743309893662e-5,train_fit_end_to_end
Keith Ismael,Blocker,316,36,89,0.2566869744396476,lambda.min,0.24020007509630825,0.1318632530729318,-0.02268561476417178,0.15042442494818897,0.2474049730028172,0.3319939640730955,0.48490490986315954,1000,1.039457465372263e-4,train_fit_end_to_end,77,193,0.0611808269147715,lambda.min,0.05775264867268817,0.06890412899527171,-0.08106251138839381,0.01332216538580306,0.06198128910853588,0.10863361835534162,0.17941558621073336,1000,8.240743309893662e-5,train_fit_end_to_end
James Carpenter,Blocker,19,37,94,0.24820485563983463,lambda.min,0.21254150784122497,0.15332768010659478,0,0.11886967998895394,0.203460480419749,0.3210299730342958,0.5146634823338293,1000,1.039457465372263e-4,train_fit_end_to_end,107,237,0.03523199704208725,lambda.min,0.03014525142053234,0.01987047759323043,0,0.01832082552077607,0.02959387729973273,0.0426712648615369,0.06833901154535141,1000,8.240743309893662e-5,train_fit_end_to_end
Rodney Hudson,Blocker,737,38,97,0.2416625383142605,lambda.min,0.23088335140273575,0.09376430996747448,0.06063649397266221,0.16607022117785764,0.22777666496838544,0.29099930112894823,0.41903326335467606,1000,1.039457465372263e-4,train_fit_end_to_end,75,190,0.06325716139316244,lambda.min,0.06608867998275857,0.10718391917411872,-0.16778445590327207,-0.00482662216979445,0.07796860042767895,0.1458468669870112,0.2403378437304332,1000,8.240743309893662e-5,train_fit_end_to_end
Elijah Wilkinson,Blocker,99,39,98,0.24081254840621472,lambda.min,0.20833090383618985,0.11032975390898732,-0.05720154609218997,0.14472185738787124,0.2299494839918901,0.2892215914915624,0.3697841932132076,1000,1.039457465372263e-4,train_fit_end_to_end,298,846,-0.09045943971997744,lambda.min,-0.0810715732278523,0.08071261648275738,-0.247165668706236,-0.13402033127169805,-0.07195734033605436,-0.01602696388867456,0.05353177604439764,1000,8.240743309893662e-5,train_fit_end_to_end
Ryan Ramczyk,Blocker,531,40,99,0.2397811982161376,lambda.min,0.24660126404696137,0.10380290319939056,0.03773457591220992,0.18328199250301325,0.25067264362274877,0.31150009614554136,0.4499303547467135,1000,1.039457465372263e-4,train_fit_end_to_end,42,128,0.09802703568428715,lambda.min,0.09857982877453568,0.05782232571162667,-0.00827899193572781,0.05733077869507613,0.10013390930359815,0.1380235515578912,0.20908059585786473,1000,8.240743309893662e-5,train_fit_end_to_end
Alejandro Villanueva,Blocker,1050,41,100,0.23515374783928727,lambda.min,0.23759066576895263,0.08358975737336903,0.06969683354902786,0.180448464581631,0.24073600571139336,0.2980952812477191,0.39425697153638506,1000,1.039457465372263e-4,train_fit_end_to_end,307,867,-0.10437893805278256,lambda.min,-0.10318752591996189,0.08635447241255806,-0.2563618008573185,-0.16595271433239042,-0.10487303985797124,-0.04369076766839214,0.07371317694303499,1000,8.240743309893662e-5,train_fit_end_to_end
Matt Paradis,Blocker,530,42,101,0.23449542577257265,lambda.min,0.22778513331837597,0.09358788944318323,0.05168144723043157,0.16059621695133083,0.2224300136852369,0.2938267052766156,0.40791614377749097,1000,1.039457465372263e-4,train_fit_end_to_end,96,219,0.04912280385139449,lambda.min,0.04900868506475124,0.0768328787040755,-0.1058000074090518,0.00106746465180205,0.05077512028769011,0.10686071769988822,0.1885082117364525,1000,8.240743309893662e-5,train_fit_end_to_end
Lloyd Cushenberry III,Blocker,1014,43,103,0.2339129943042856,lambda.min,0.2333220105936807,0.0824878992317049,0.06681609830788096,0.18014690052930632,0.23326304239809492,0.28512520774929057,0.39899685872717094,1000,1.039457465372263e-4,train_fit_end_to_end,229,554,-0.018491926157276,lambda.min,-0.01683446929027373,0.1120726719298962,-0.25089891035424206,-0.0937633118333985,-0.01191606308758506,0.06400197359732766,0.18959932796654075,1000,8.240743309893662e-5,train_fit_end_to_end
Xavier Su'A-Filo,Blocker,129,44,105,0.23232900715676216,lambda.min,0.18333806084514337,0.12397107563204528,0,0.08835876108462114,0.20920317696819143,0.2765902425369797,0.4051898631307011,1000,1.039457465372263e-4,train_fit_end_to_end,276,774,-0.0655839343037041,lambda.min,-0.06128806410571347,0.09077124896690436,-0.2422506596403291,-0.1156470276030114,-0.07277556262923081,0,0.07526167171438657,1000,8.240743309893662e-5,train_fit_end_to_end
Larry Borom,Blocker,552,45,117,0.2107255817423037,lambda.min,0.20908403897729536,0.10523522932671396,0.00701214517728889,0.1362273472927713,0.20513828111213692,0.2830523573913952,0.4199746683947588,1000,1.039457465372263e-4,train_fit_end_to_end,323,915,-0.13924818331763042,lambda.min,-0.1284325050054753,0.11379698648847088,-0.3501978112277753,-0.2048464436996522,-0.1310788337325677,-0.04878078633767238,0.08632591489778971,1000,8.240743309893662e-5,train_fit_end_to_end
Evan Brown,Blocker,711,46,119,0.2093717639521085,lambda.min,0.20116842332066232,0.09320864653014614,0.01470979140521907,0.13943747390775257,0.20187781563938736,0.2620608125926758,0.3862279565867669,1000,1.039457465372263e-4,train_fit_end_to_end,28,91,0.12573577420704468,lambda.min,0.11666001511567488,0.0790653120444185,-0.05255289632491565,0.06654064803906085,0.122594725640305,0.1729630918808331,0.2582906088942244,1000,8.240743309893662e-5,train_fit_end_to_end
Justin Pugh,Blocker,759,47,123,0.20488899301803287,lambda.min,0.2013879854267266,0.08962970139722047,0.03326215674387582,0.1403370125501396,0.2009608577622949,0.2589586448003562,0.37598627966447334,1000,1.039457465372263e-4,train_fit_end_to_end,54,146,0.08379373575938394,lambda.min,0.0833812497518687,0.11034746188115264,-0.15868376924680694,0.01292028562012091,0.09250557869852027,0.16775537047871547,0.2672953660649981,1000,8.240743309893662e-5,train_fit_end_to_end
Tommy Kraemer,Blocker,228,48,124,0.20382547185397015,lambda.min,0.19604138264565427,0.07147566343706539,0.03179259013891861,0.15712611864026,0.2012657369676831,0.24783625332911743,0.31261626643298795,1000,1.039457465372263e-4,train_fit_end_to_end,113,244,0.03344942704179352,lambda.min,0.02844272042065218,0.05995358649065528,-0.09708063379674688,-0.01223366622121821,0.03030977536277462,0.07003639703358286,0.1349889912473032,1000,8.240743309893662e-5,train_fit_end_to_end
Lucas Patrick,Blocker,811,49,132,0.19480457635876644,lambda.min,0.19115690714931857,0.10039411361005346,9.271086696522546e-4,0.1251456946518987,0.1881799417801709,0.25561591540677464,0.3991746733847018,1000,1.039457465372263e-4,train_fit_end_to_end,19,76,0.14289508115433297,lambda.min,0.13758810032791097,0.0822749081744347,-0.02781822114771748,0.08037269662309808,0.1407673149853605,0.19414304451694345,0.3011353953807623,1000,8.240743309893662e-5,train_fit_end_to_end
Greg Van Roten,Blocker,684,50,140,0.1902604426003647,lambda.min,0.19324558814095977,0.09632986796565292,-0.01039295009310273,0.13048298092956728,0.19318536944818837,0.26265219584818,0.3623079115724469,1000,1.039457465372263e-4,train_fit_end_to_end,302,856,-0.0986860754376105,lambda.min,-0.09906625782787154,0.1133000877851992,-0.3347840158581823,-0.17497614392159455,-0.09504827298151572,-0.019075760045498,0.1107447113473214,1000,8.240743309893662e-5,train_fit_end_to_end
James Daniels,Blocker,990,51,144,0.186325820644105,lambda.min,0.17922314946420323,0.06248545840534184,0.05430887324270218,0.1388639473166933,0.1793161910904804,0.22282196076878463,0.3039868682066564,1000,1.039457465372263e-4,train_fit_end_to_end,260,713,-0.05010048138274552,lambda.min,-0.03691608686686928,0.192783364556407,-0.46015072416271857,-0.16053368757586828,-0.01959702159007081,0.12152533809244312,0.25429397624902006,1000,8.240743309893662e-5,train_fit_end_to_end
Andre Dillard,Blocker,255,52,147,0.183172375026565,lambda.min,0.18922411638491615,0.14075271622938826,-0.06766924964089482,0.09009933880505493,0.18303645723839176,0.2728398692278583,0.49892564040060056,1000,1.039457465372263e-4,train_fit_end_to_end,253,684,-0.04321834650995285,lambda.min,-0.03610770278000713,0.09338226283290736,-0.23412476008272629,-0.09657765104193342,-0.02715032646081675,0.04079995697613188,0.11048110120755723,1000,8.240743309893662e-5,train_fit_end_to_end
Tristan Wirfs,Blocker,146,53,149,0.17934915572065505,lambda.min,0.17703389651786022,0.13392207816797802,-0.08328084842220324,0.08509659026583283,0.17374751890179058,0.2687239132145564,0.43867802808691425,1000,1.039457465372263e-4,train_fit_end_to_end,129,270,0.02401649740597724,lambda.min,0.0183933552284942,0.07229603552839357,-0.16029873324012628,-0.01851288519452893,0.02156195851670852,0.07878043190705322,0.11867366388084852,1000,8.240743309893662e-5,train_fit_end_to_end
Sam Mustipher,Blocker,1060,54,150,0.1793368803677299,lambda.min,0.1774100978204693,0.0931896913967912,-0.01490505389516821,0.1148802344682151,0.17428085956716688,0.24272778452232863,0.3559165449324224,1000,1.039457465372263e-4,train_fit_end_to_end,27,89,0.12710089947914402,lambda.min,0.12180048488349336,0.08928339546435533,-0.05691351592974015,0.06066690025823317,0.1254126522778218,0.1844424431104695,0.2947322943314676,1000,8.240743309893662e-5,train_fit_end_to_end
Tyler Shatley,Blocker,473,55,152,0.17477888756500276,lambda.min,0.1722482387438039,0.11548862411492768,-0.06185954057378456,0.0982398655712959,0.1828029999514204,0.24935927618589257,0.3969452079248748,1000,1.039457465372263e-4,train_fit_end_to_end,110,241,0.03452640943180372,lambda.min,0.03564636365660299,0.11135006734507184,-0.2100194567654876,-0.03791318438930561,0.05211552416113647,0.12445836269646245,0.20292343409652427,1000,8.240743309893662e-5,train_fit_end_to_end
Wyatt Teller,Blocker,1017,56,155,0.1742952163017204,lambda.min,0.17452987365937914,0.09125030179001742,0.0145412778645257,0.10920492977338044,0.17005926195793758,0.22961744121765068,0.3686298151392183,1000,1.039457465372263e-4,train_fit_end_to_end,51,142,0.08855107592331345,lambda.min,0.08442605920988627,0.09262200823883857,-0.10635522643179308,0.02522349522682397,0.08556818375870881,0.15090387353509432,0.25231296204686887,1000,8.240743309893662e-5,train_fit_end_to_end
David Edwards,Blocker,1008,57,157,0.17317873593076333,lambda.min,0.16864205741798147,0.07319861533034414,0.01995998402845523,0.12053995307742976,0.17120495705552155,0.2154764939331056,0.3184306726439041,1000,1.039457465372263e-4,train_fit_end_to_end,185,359,0.00283220614377361,lambda.min,0.00243345400336716,0.11518026330265443,-0.23052218747956096,-0.07739026279373751,0.00569774153480847,0.08604386332546127,0.2168332255933989,1000,8.240743309893662e-5,train_fit_end_to_end
Brandon Brooks,Blocker,99,58,161,0.17174733137142306,lambda.min,0.13493584033110448,0.08127129554117886,0,0.09511903260014752,0.1546148502168968,0.19689143235217263,0.2568729063314322,1000,1.039457465372263e-4,train_fit_end_to_end,106,236,0.035724714933315443,lambda.min,0.03329146091906573,0.02135062343786098,0,0.0222186086971375,0.03627725226787813,0.04689585520280708,0.07543875672192059,1000,8.240743309893662e-5,train_fit_end_to_end
Andrew Whitworth,Blocker,757,59,163,0.16648134111255433,lambda.min,0.165183426354896,0.11379994956848012,-0.07365100911444239,0.0922968686655807,0.16861210238262014,0.24041655192254244,0.38510758076201,1000,1.039457465372263e-4,train_fit_end_to_end,216,476,-0.00853768286571445,lambda.min,-0.00857686070145609,0.11825202152743894,-0.24898330089962337,-0.08456155068589129,-0.00450702196059162,0.07629661803763842,0.20793268984651073,1000,8.240743309893662e-5,train_fit_end_to_end
Andre James,Blocker,1121,60,164,0.16394353215509952,lambda.min,0.17173250099783757,0.09037748512599109,2.6468757012798236e-4,0.11032147004104068,0.1706507979316445,0.2312135942132947,0.35279405200442215,1000,1.039457465372263e-4,train_fit_end_to_end,180,346,0.00461109217021275,lambda.min,0.0029503337400961,0.110927248789169,-0.2229540689461715,-0.07240317434627308,0.00643150884093204,0.08075257606900832,0.208221435019603,1000,8.240743309893662e-5,train_fit_end_to_end
Brian Allen,Blocker,774,61,165,0.16186950632151414,lambda.min,0.15815432132809526,0.09819259433752212,-0.02289007758198609,0.09177875648932891,0.15237967928853197,0.21910735645395288,0.37406411174619775,1000,1.039457465372263e-4,train_fit_end_to_end,122,261,0.02875669467717127,lambda.min,0.02922032713057306,0.09327166195476204,-0.16287279014508246,-0.03358659127567316,0.03224035658885775,0.09378275821447742,0.2032410071081473,1000,8.240743309893662e-5,train_fit_end_to_end
David Sharpe,Blocker,56,62,166,0.161002855067563,lambda.min,0.12154362437445972,0.20201134090683676,-0.16677733884640084,-0.06892787880165659,0.1304578118693358,0.28876814381768967,0.5062899107214344,1000,1.039457465372263e-4,train_fit_end_to_end,311,882,-0.11465868872677534,lambda.min,-0.116491294267899,0.1439655278346884,-0.47696115851354215,-0.182638686653796,-0.13075620672651916,9.781103720572118e-4,0.04965026082285627,1000,8.240743309893662e-5,train_fit_end_to_end
Sam Tecklenburg,Blocker,72,63,169,0.15725883957564937,lambda.min,0.12486764354130876,0.1508553506127649,-0.11206235065556049,0,0.11899897042528625,0.25107828123169823,0.4182827677656533,1000,1.039457465372263e-4,train_fit_end_to_end,125,266,0.02536844205367999,lambda.min,0.02280297659557613,0.01491600786891177,0,0.01203890484977918,0.02131920434297448,0.03132679002118444,0.0560512148304917,1000,8.240743309893662e-5,train_fit_end_to_end
Landon Dickerson,Blocker,774,64,174,0.154079369369357,lambda.min,0.15263969956740203,0.12016674154156558,-0.08817431107174774,0.07489319583559591,0.1505275990816363,0.23697925997073563,0.378463696415174,1000,1.039457465372263e-4,train_fit_end_to_end,149,297,0.01413345323649353,lambda.min,0.00918338965305342,0.08452290184524154,-0.1653997770194882,-0.04691100242890687,0.00636666371891382,0.06929262541467704,0.16607242740945816,1000,8.240743309893662e-5,train_fit_end_to_end
Patrick Mekari,Blocker,690,65,176,0.15015279764044034,lambda.min,0.14314322581731362,0.09124690825407623,-0.02603870910484826,0.07755989260073,0.1401488578352395,0.20527088499830032,0.3227490211545128,1000,1.039457465372263e-4,train_fit_end_to_end,322,912,-0.13602542754976762,lambda.min,-0.12843441743988718,0.10752565958866066,-0.3269425729034187,-0.20525786334426635,-0.13277337690140387,-0.0568811096868938,0.09224263472402104,1000,8.240743309893662e-5,train_fit_end_to_end
Oday Aboushi,Blocker,289,66,179,0.14724573965719612,lambda.min,0.13840973980386023,0.0919221185332717,-0.00388838642885468,0.06109044251898535,0.13273379559512433,0.20447379954648864,0.3219795958893057,1000,1.039457465372263e-4,train_fit_end_to_end,38,117,0.10778026104730935,lambda.min,0.102749145120633,0.04967173007852994,0.01174344257549668,0.06782738962875264,0.1018791492449593,0.13691773885894798,0.20151762308838828,1000,8.240743309893662e-5,train_fit_end_to_end
J.C. Hassenauer,Blocker,260,67,183,0.14418090310032183,lambda.min,0.11712815163716736,0.26830044118570545,-0.44470796509686056,-0.06435327430084355,0.14827393361369884,0.3207522357863017,0.5436377266391832,1000,1.039457465372263e-4,train_fit_end_to_end,116,250,0.03028516861254598,lambda.min,0.02681005781919652,0.04734744161345061,-0.06994561877855597,-0.00477049008921778,0.02478320783301016,0.05942546316764414,0.11987521924331884,1000,8.240743309893662e-5,train_fit_end_to_end
Alex Cappa,Blocker,301,68,186,0.14345861192331874,lambda.min,0.14510338341320791,0.11478281722222113,-0.06421120555489682,0.06794620200349374,0.13959251868279,0.22026474852327724,0.3671336609159244,1000,1.039457465372263e-4,train_fit_end_to_end,23,80,0.1376127788359201,lambda.min,0.13355688326742898,0.03139572858399732,0.07239410983560504,0.11396035039325246,0.1343271968481274,0.15283664293784557,0.19377752963829128,1000,8.240743309893662e-5,train_fit_end_to_end
Robert Hunt,Blocker,991,69,189,0.14053298622201016,lambda.min,0.1347536296973348,0.08941345814186073,-0.0480742065230632,0.0738774764704676,0.1389911004427437,0.1968033018751035,0.2978528968788567,1000,1.039457465372263e-4,train_fit_end_to_end,31,94,0.12491929385371968,lambda.min,0.11620683345621428,0.0816463772002564,-0.04617848737622295,0.05913272416277283,0.11713992439860912,0.17244510413453484,0.27494077631200087,1000,8.240743309893662e-5,train_fit_end_to_end
Trey Smith,Blocker,1111,70,193,0.13922514112737688,lambda.min,0.1379244670124239,0.07756927021736813,-0.00199094091117101,0.08554894309201667,0.1337634519178474,0.1905521623119251,0.300741836394903,1000,1.039457465372263e-4,train_fit_end_to_end,73,187,0.06450587818891447,lambda.min,0.06483341021375082,0.11191117723336322,-0.16419837033192392,-0.00600229554668068,0.06695125482101413,0.1414881869230798,0.27384358172373907,1000,8.240743309893662e-5,train_fit_end_to_end
Scott Quessenberry,Blocker,108,71,194,0.13645068010908284,lambda.min,0.11114516852337424,0.09533872202843574,-0.0757244174005804,0.03746236214139958,0.13710876935792024,0.17945547037806606,0.25826299324200214,1000,1.039457465372263e-4,train_fit_end_to_end,76,191,0.06296440397554004,lambda.min,0.05629307383611694,0.03857606691874132,-0.00523661683937347,0.0400552472356744,0.04894682059916666,0.07930187532185512,0.1296176912820249,1000,8.240743309893662e-5,train_fit_end_to_end
Greg Mancz,Blocker,149,72,196,0.13592012589218624,lambda.min,0.10891655140614592,0.12251655044500465,-0.10872811923496792,0.00183531625893008,0.1069920826369072,0.20447908902005127,0.35617159168926216,1000,1.039457465372263e-4,train_fit_end_to_end,78,194,0.06106756384091567,lambda.min,0.05627921356255567,0.03272125100760706,0,0.03437345558976513,0.05510793970835932,0.07695806186929685,0.12595131550946542,1000,8.240743309893662e-5,train_fit_end_to_end
Kendrick Green,Blocker,881,73,197,0.1357078903982376,lambda.min,0.13362488508450104,0.07687187724952463,-0.01856799388520779,0.0839622839014094,0.1382025936407768,0.18349122192835776,0.27879197242030446,1000,1.039457465372263e-4,train_fit_end_to_end,81,198,0.05945326754626546,lambda.min,0.05070704753823344,0.12258158748221196,-0.1920614745241745,-0.03345087555731936,0.05747140228331775,0.13974135879148353,0.26109110600020247,1000,8.240743309893662e-5,train_fit_end_to_end
Jon Feliciano,Blocker,374,74,199,0.13536303987600085,lambda.min,0.13205279924436225,0.10715127105985928,-0.09717023721586046,0.06524148497245698,0.1414174795610174,0.2093229077597908,0.3059480223475742,1000,1.039457465372263e-4,train_fit_end_to_end,132,273,0.02204961092400196,lambda.min,0.01999537492120618,0.06926699861179612,-0.11131555704274518,-0.02657532824576565,0.01883547368643128,0.06822462415824691,0.15197874744733522,1000,8.240743309893662e-5,train_fit_end_to_end
Wes Schweitzer,Blocker,358,75,200,0.13493260881083313,lambda.min,0.12676033424639407,0.1355764851879198,-0.12648849122688213,0.0364670055293531,0.12295900043414258,0.218980529159604,0.3942517849326093,1000,1.039457465372263e-4,train_fit_end_to_end,131,272,0.0222028034027772,lambda.min,0.01932224874714927,0.07042641188900589,-0.1240160795612698,-0.0293502062180934,0.02158738918189579,0.06977486642544867,0.15263052059209392,1000,8.240743309893662e-5,train_fit_end_to_end
Trai Turner,Blocker,960,76,203,0.1302268547338149,lambda.min,0.13180497612441852,0.09027383906950431,-0.03346744541288974,0.0666048842006587,0.1293546625748261,0.1950229421066671,0.321265449086345,1000,1.039457465372263e-4,train_fit_end_to_end,335,948,-0.18396674754493847,lambda.min,-0.17739493362066375,0.1137761846268268,-0.3928455193706415,-0.2533761291568294,-0.18018252333536935,-0.10085398389979212,0.03536788793589301,1000,8.240743309893662e-5,train_fit_end_to_end
Lane Taylor,Blocker,273,77,204,0.12942505071488106,lambda.min,0.11321477070728388,0.15983817491020175,-0.23553100792769932,0.01407268105583372,0.1303109335397465,0.22059594075053285,0.3956268125410682,1000,1.039457465372263e-4,train_fit_end_to_end,34,106,0.11740103965232536,lambda.min,0.11480237515084,0.05107995148172158,0.00479598809221946,0.08257984143642011,0.11289224964930958,0.14830954027790233,0.21864755613804995,1000,8.240743309893662e-5,train_fit_end_to_end
Wes Martin,Blocker,110,78,207,0.12787667742189335,lambda.min,0.11397500153442078,0.1964792118617701,-0.23766239865819777,-0.02149606848976906,0.10263033059290833,0.27329278632074266,0.4919207751867408,1000,1.039457465372263e-4,train_fit_end_to_end,97,220,0.04902385694017315,lambda.min,0.04681479560596286,0.02251800960605275,0,0.03120592973732598,0.04711055545670867,0.06231255491501686,0.09200365912388848,1000,8.240743309893662e-5,train_fit_end_to_end
Jack Driscoll,Blocker,436,79,212,0.1252839468624233,lambda.min,0.11647042714150528,0.1159881146561466,-0.1291326138538688,0.0450769219153093,0.12120580446589926,0.1965263135391153,0.32929003464117523,1000,1.039457465372263e-4,train_fit_end_to_end,63,166,0.07168234508054441,lambda.min,0.07154827393931575,0.06467310464126712,-0.06098995541817837,0.03178064389058005,0.07526269589793752,0.11631387636676456,0.19222253849034468,1000,8.240743309893662e-5,train_fit_end_to_end
Nick Gates,Blocker,70,80,214,0.12476014699205928,lambda.min,0.09549824408856487,0.06516597775103229,0,0.04652613972442409,0.10350490402503663,0.14769761091018496,0.20625099613828185,1000,1.039457465372263e-4,train_fit_end_to_end,247,655,-0.03667099231220831,lambda.min,-0.03782206666619466,0.07164863564119996,-0.21881417773231587,-0.07856649545698421,-0.01645741376300397,0.00479792635382484,0.05793433618941932,1000,8.240743309893662e-5,train_fit_end_to_end
Mike Remmers,Blocker,142,81,220,0.12238009596017402,lambda.min,0.1006380638723293,0.14732874863541745,-0.12084355321334626,-0.00991331080133298,0.07220603733799928,0.24520165895896873,0.3788024171409841,1000,1.039457465372263e-4,train_fit_end_to_end,157,309,0.0098582007822087,lambda.min,0.00964534711529611,0.06068153991305487,-0.09325293427624774,-0.04182346303504653,0.00335729760644949,0.06290182558065952,0.1266756788948362,1000,8.240743309893662e-5,train_fit_end_to_end
Creed Humphrey,Blocker,1098,82,230,0.11773919532920728,lambda.min,0.11412768550931716,0.05933580733515119,3.69746479953098e-5,0.0741247387742319,0.11303834793132322,0.15233381991501366,0.23565433902970917,1000,1.039457465372263e-4,train_fit_end_to_end,7,47,0.19309752353581533,lambda.min,0.18500478946679588,0.07587545495321138,0.03444150440969008,0.13536637554845687,0.18659396284710628,0.2373419830059285,0.3262479822561102,1000,8.240743309893662e-5,train_fit_end_to_end
David Andrews,Blocker,975,83,231,0.11711195457837552,lambda.min,0.1066628051394394,0.09059478049607292,-0.09649426122970624,0.05392194716629559,0.11614862157103242,0.1700001425500019,0.2637105826158881,1000,1.039457465372263e-4,train_fit_end_to_end,12,59,0.17315721770488465,lambda.min,0.16743289415631837,0.07608620364246173,0.01207433115984658,0.1157531924490238,0.17110774349353872,0.22055032654938095,0.30549469766406945,1000,8.240743309893662e-5,train_fit_end_to_end
Alijah Vera-Tucker,Blocker,864,84,234,0.11635549391363964,lambda.min,0.10864020629650492,0.10722439878157564,-0.1054182350259652,0.04061553332715748,0.11347850937004517,0.17733660785233685,0.325778737660603,1000,1.039457465372263e-4,train_fit_end_to_end,240,608,-0.02687474134422103,lambda.min,-0.02748551694736387,0.0993985350293436,-0.22077671842199983,-0.0973515696670196,-0.0280251773288136,0.04088257455300224,0.1605652658816819,1000,8.240743309893662e-5,train_fit_end_to_end
Kc Mcdermott,Blocker,45,85,235,0.11608849142226103,lambda.min,0.10998506119002094,0.1106150988973962,-0.02718852465083398,0.0050142410579306,0.11189162411120109,0.17127576903241393,0.3415761911249988,1000,1.039457465372263e-4,train_fit_end_to_end,134,275,0.0214783723563753,lambda.min,0.02021557087281825,0.015739278503111392,0,0.00733361909761197,0.01995421684109496,0.02779922727445126,0.05792527414784248,1000,8.240743309893662e-5,train_fit_end_to_end
Isaac Seumalo,Blocker,151,86,237,0.11298758561287738,lambda.min,0.10426912057927548,0.12259051292216552,-0.05765914221490637,0,0.087262345727227,0.1872713237850764,0.3922960810383576,1000,1.039457465372263e-4,train_fit_end_to_end,83,201,0.05726127618031262,lambda.min,0.05526277681443382,0.03259465565812523,0,0.03427089538998633,0.05936425889303893,0.07475185624520325,0.12275350638132472,1000,8.240743309893662e-5,train_fit_end_to_end
Quinton Spain,Blocker,877,87,239,0.11109185294237447,lambda.min,0.1108325220735526,0.09259068878126038,-0.06243385246863647,0.04869603958931221,0.1095125210796766,0.16808007223060997,0.28498094506305344,1000,1.039457465372263e-4,train_fit_end_to_end,316,899,-0.12319054014798816,lambda.min,-0.11864691442715378,0.16122272198513243,-0.4471984644434996,-0.2297390862600187,-0.1061844440089581,9.106383866924472e-4,0.17283515638985597,1000,8.240743309893662e-5,train_fit_end_to_end
Damien Lewis,Blocker,660,88,240,0.10819054296370822,lambda.min,0.10354411201347236,0.1073043697810576,-0.11184540807411168,0.03192057444150407,0.10472225992193318,0.17432806688280897,0.31720051079768385,1000,1.039457465372263e-4,train_fit_end_to_end,264,728,-0.05580001375438206,lambda.min,-0.05473483901880674,0.09679308974925874,-0.24159655365266036,-0.1193034823553176,-0.0593118438809118,0.01740339234540611,0.12546396686001235,1000,8.240743309893662e-5,train_fit_end_to_end
Halapoulivaati Vaitai,Blocker,829,89,243,0.10689775605841038,lambda.min,0.1132946612006251,0.1383829769539807,-0.15044067168596695,0.01806169601658398,0.10642410196705623,0.20193964429800565,0.3920201546983616,1000,1.039457465372263e-4,train_fit_end_to_end,5,40,0.2067119463033162,lambda.min,0.19905405055688155,0.06876503205712163,0.05429607196891668,0.15583382347582916,0.20342966456605868,0.24868939584721128,0.3265857780449959,1000,8.240743309893662e-5,train_fit_end_to_end
Andrus Peat,Blocker,279,90,245,0.10593281729100427,lambda.min,0.12460664592330375,0.10710250929808347,-0.09545052210729904,0.05347946544875712,0.12691692403927676,0.20949050196759564,0.30596315405436303,1000,1.039457465372263e-4,train_fit_end_to_end,239,604,-0.02666004799283582,lambda.min,-0.03014235492973881,0.08537636046147423,-0.2039683396116016,-0.08741672535494546,-0.02776178656543734,0.03087617978544913,0.1229397423886828,1000,8.240743309893662e-5,train_fit_end_to_end
Bobby Evans,Blocker,76,91,246,0.10561035497055656,lambda.min,0.10214492475236248,0.13353090772127035,-0.09043435745476608,0,0.08180591499118331,0.17733619167584808,0.3874535961116516,1000,1.039457465372263e-4,train_fit_end_to_end,297,844,-0.08971957357933172,lambda.min,-0.09144861101508854,0.11349253519504315,-0.3337220575910178,-0.13763569084760424,-0.1102776366577792,0.0215031101791807,0.05407355420179492,1000,8.240743309893662e-5,train_fit_end_to_end
Garrett Bradbury,Blocker,834,92,253,0.10044167082155628,lambda.min,0.0989476364245812,0.0716627940418546,-0.0414255443290028,0.05123739040712664,0.09750478550218944,0.14565777322993886,0.2511559618159996,1000,1.039457465372263e-4,train_fit_end_to_end,26,86,0.13216029305392676,lambda.min,0.1287599080835963,0.07091148563076448,-0.02409772250030078,0.08468896638861521,0.13201629630133835,0.17674446196509397,0.2616064991499903,1000,8.240743309893662e-5,train_fit_end_to_end
Bradley Bozeman,Blocker,1086,93,259,0.0970738921405766,lambda.min,0.09926641118055066,0.1014660696898715,-0.10395996789865304,0.03033960999993843,0.10000985247527217,0.16828647997248505,0.30061578099580627,1000,1.039457465372263e-4,train_fit_end_to_end,30,93,0.12497010824182904,lambda.min,0.12018556429526804,0.08458786738536457,-0.05791356158713087,0.06227433582395618,0.12061009065413208,0.18333101436611005,0.27753727134787604,1000,8.240743309893662e-5,train_fit_end_to_end
Graham Glasgow,Blocker,391,94,272,0.08794628591396203,lambda.min,0.07922858821703739,0.1078227941976428,-0.15939715900054552,0.00711011551080726,0.08871166980265145,0.15536219037104568,0.2704855117513305,1000,1.039457465372263e-4,train_fit_end_to_end,304,861,-0.10233134343093891,lambda.min,-0.09523082106331612,0.101425426671037,-0.2993101470572623,-0.16660762700342763,-0.09471840046641757,-0.02013427025368193,0.08722115205461063,1000,8.240743309893662e-5,train_fit_end_to_end
Danny Isidora,Blocker,9,95,273,0.08743643225217776,lambda.min,0.08280886779528591,0.06163354303342602,0,0.02592201304800224,0.07751526216802485,0.1201322794112744,0.21278907395788593,1000,1.039457465372263e-4,train_fit_end_to_end,150,298,0.01373951634594925,lambda.min,0.01280925733830078,0.00823985749166327,0,0.00661792057043755,0.01286389508789005,0.01867509273424867,0.02979595544231621,1000,8.240743309893662e-5,train_fit_end_to_end
Jonah Jackson,Blocker,999,96,278,0.08644735083964768,lambda.min,0.0853524113620651,0.07507949183886112,-0.05883708963094101,0.03631544462416851,0.08482843735730702,0.13452495738204676,0.242442588194148,1000,1.039457465372263e-4,train_fit_end_to_end,94,217,0.05116075854435439,lambda.min,0.04479870503527771,0.11004039704682518,-0.17647810507522227,-0.03276043957211375,0.04722653871419483,0.1247469529073395,0.24163627733217016,1000,8.240743309893662e-5,train_fit_end_to_end
Brandon Scherff,Blocker,613,97,280,0.08612971265574068,lambda.min,0.07960817563409255,0.10394841731052754,-0.12252281046509694,0.01589551631282202,0.08271359630718024,0.15216709129639544,0.27376589573062615,1000,1.039457465372263e-4,train_fit_end_to_end,20,77,0.14257985132106443,lambda.min,0.13618274625214746,0.06434531136183595,0.00178969016069811,0.09236394671432546,0.1403459851522388,0.1857462700403728,0.25160682773868803,1000,8.240743309893662e-5,train_fit_end_to_end
Ben Jones,Blocker,1073,98,288,0.07844106770202744,lambda.min,0.07628656294448381,0.06999327548191582,-0.06113577136819437,0.0308460169899109,0.0738245901961132,0.11834288631171092,0.22238938459153848,1000,1.039457465372263e-4,train_fit_end_to_end,98,221,0.0481908484487164,lambda.min,0.05197125543343053,0.0934789022815824,-0.1264090675909733,-0.01215098107347718,0.05345707402677513,0.11548591540386732,0.2273025626542856,1000,8.240743309893662e-5,train_fit_end_to_end
Tytus Howard,Blocker,791,99,293,0.074526481395209,lambda.min,0.07412464734499843,0.12044741015334046,-0.1562491028232479,-0.00515423334306228,0.07021827580615775,0.146982794125308,0.31916146475529966,1000,1.039457465372263e-4,train_fit_end_to_end,3,26,0.24990426394963644,lambda.min,0.2408284926228728,0.05165057596506724,0.1371867565303878,0.20680130334577856,0.2423084566572679,0.2747180069222674,0.34463945849791017,1000,8.240743309893662e-5,train_fit_end_to_end
Yasir Durant,Blocker,66,100,295,0.07402613846473592,lambda.min,0.05205828977535591,0.13210570636708,-0.1995023061365396,-0.03683808913130447,0.05196161066206369,0.14074845658345497,0.3092517899184173,1000,1.039457465372263e-4,train_fit_end_to_end,243,615,-0.0287655622886757,lambda.min,-0.03275159593694137,0.0655545874326099,-0.1930312666289105,-0.06079030788134592,-0.02524534393648505,0.0200413198880026,0.04827884405462243,1000,8.240743309893662e-5,train_fit_end_to_end
Caleb Benenoch,Blocker,41,101,297,0.07350716399211402,lambda.min,0.0530039795232988,0.05479304011712231,0,0,0.05462816495507233,0.09644439719004416,0.16034033758766478,1000,1.039457465372263e-4,train_fit_end_to_end,315,895,-0.1198975123105482,lambda.min,-0.11010252684956988,0.119195971818973,-0.3987914634412126,-0.15320904755206974,-0.1452866821373126,0,0,1000,8.240743309893662e-5,train_fit_end_to_end
Kayode Awosika,Blocker,36,102,302,0.07171179471408878,lambda.min,0.05278370282241435,0.05526620943564731,0,0,0.05643041493006577,0.0953956416912761,0.1647527592859795,1000,1.039457465372263e-4,train_fit_end_to_end,328,926,-0.1463330035914283,lambda.min,-0.13361439300691147,0.14628725357602973,-0.4685879399120869,-0.18450391841105515,-0.17693798495747476,0,0,1000,8.240743309893662e-5,train_fit_end_to_end
Tre'Vour Wallace-Simms,Blocker,17,103,304,0.0705161494118679,lambda.min,0.05972335314235435,0.05929988037166855,0,0,0.07472984287764475,0.09502357765163322,0.1779745868500013,1000,1.039457465372263e-4,train_fit_end_to_end,270,751,-0.06038741346373857,lambda.min,-0.06063255729726519,0.06685006416194281,-0.22741872033270663,-0.07784942048947165,-0.07440761936814737,0,0,1000,8.240743309893662e-5,train_fit_end_to_end
Cody Ford,Blocker,447,104,305,0.07038980446623805,lambda.min,0.06691282571026923,0.11242449070132804,-0.14553984095026398,-0.01101464037263858,0.06403823452854959,0.13635989278955782,0.3011197547212464,1000,1.039457465372263e-4,train_fit_end_to_end,118,252,0.03017982338189086,lambda.min,0.03150659246509766,0.08145238876826662,-0.13494689587746364,-0.02056571239738804,0.03329984486327436,0.0875372891893068,0.1830417317002652,1000,8.240743309893662e-5,train_fit_end_to_end
Chuma Edoga,Blocker,53,105,307,0.06736832950978616,lambda.min,0.07080231324244833,0.0791100890386496,-0.05363992634982083,0.01198434494083197,0.0603253220520677,0.12179402026983008,0.259376160132791,1000,1.039457465372263e-4,train_fit_end_to_end,249,666,-0.03913719472288,lambda.min,-0.03398174550412512,0.05275679096056771,-0.15618518428966705,-0.06006659648453051,-0.04384976820043505,0.01381012831504379,0.03410830632429571,1000,8.240743309893662e-5,train_fit_end_to_end
Drew Dalman,Blocker,55,106,308,0.06619651591929215,lambda.min,0.05848372873681358,0.06539766966389315,-0.07002327774827603,0.01453758180505143,0.06248183076130518,0.10621182601075284,0.17383742948721226,1000,1.039457465372263e-4,train_fit_end_to_end,126,267,0.02505715946570876,lambda.min,0.02404627927214226,0.0129234577052874,0,0.01547500374021148,0.02349503421198809,0.03237114517276943,0.050647727699349,1000,8.240743309893662e-5,train_fit_end_to_end
Rob Havenstein,Blocker,795,107,310,0.06593669147546485,lambda.min,0.06689539365192691,0.11375736113152678,-0.15343399275415032,-0.01008830154485558,0.06297610991735197,0.13761446651679837,0.30253466673884355,1000,1.039457465372263e-4,train_fit_end_to_end,44,134,0.09361960809050708,lambda.min,0.0937361272498983,0.08291936986953169,-0.08007403019455951,0.04158996415222238,0.09474205023092246,0.1514364023002342,0.2528044822028257,1000,8.240743309893662e-5,train_fit_end_to_end
Ty Nsekhe,Blocker,81,108,313,0.06495269984515951,lambda.min,0.07160440239971733,0.0974225761894956,-0.0977666155319815,0,0.06213673478736295,0.14401598228907697,0.2755004974827036,1000,1.039457465372263e-4,train_fit_end_to_end,291,826,-0.08189206845590088,lambda.min,-0.07747448586695624,0.07812945979688758,-0.2417889790835109,-0.12618531691716212,-0.06394677174094407,-0.02522225543893481,0.04491938972321351,1000,8.240743309893662e-5,train_fit_end_to_end
Shaq Mason,Blocker,826,109,317,0.06346668513074265,lambda.min,0.06062342258175873,0.06566570108158587,-0.07274447211867244,0.01847768273742814,0.06251017122583322,0.10259202413863658,0.18985270566017323,1000,1.039457465372263e-4,train_fit_end_to_end,6,41,0.20302797258814265,lambda.min,0.19533195140275625,0.07417396886093115,0.03764393876701853,0.15298350696777174,0.20160867941537064,0.24764726433204276,0.31934486990947664,1000,8.240743309893662e-5,train_fit_end_to_end
Ezra Cleveland,Blocker,1097,110,320,0.06087368318169826,lambda.min,0.0609605550029074,0.07896184148102084,-0.09784676388812465,0.00861317470996266,0.06322231110154058,0.11680977925131451,0.21049987341743817,1000,1.039457465372263e-4,train_fit_end_to_end,69,178,0.0676750733592881,lambda.min,0.0677720665154504,0.09092353495296632,-0.11156209127541825,0.00766104870487779,0.06759396383304195,0.13008984313271849,0.2455700027502088,1000,8.240743309893662e-5,train_fit_end_to_end
Aaron Stinnie,Blocker,17,111,322,0.05963376067410163,lambda.min,0.05010505396850864,0.09249584593034424,-0.1257739406860055,-0.01374340878773505,0.05361351888231546,0.11418364310859049,0.23433383670228675,1000,1.039457465372263e-4,train_fit_end_to_end,269,748,-0.05964915021127549,lambda.min,-0.06307556112487915,0.07171610498922916,-0.23563991216900013,-0.0864759720839095,-0.06939365438098569,0,0.02173781439678492,1000,8.240743309893662e-5,train_fit_end_to_end
Ethan Pocic,Blocker,610,112,327,0.05877934274820971,lambda.min,0.05920026991350558,0.12360339220863144,-0.19463099573242995,-0.02069715688249919,0.05984584355341153,0.14683459728758028,0.2777350732557247,1000,1.039457465372263e-4,train_fit_end_to_end,324,917,-0.14291298005415723,lambda.min,-0.1478761913580022,0.09695772597037522,-0.33092188024746433,-0.22158625045583807,-0.1465213774417758,-0.08057929987442455,0.03539204336443317,1000,8.240743309893662e-5,train_fit_end_to_end
Matt Feiler,Blocker,985,113,328,0.0580539963765603,lambda.min,0.05938159544181563,0.10284120865307672,-0.1421405809645139,-0.00692733272456841,0.05530318615068445,0.1264562191956166,0.26260754322717067,1000,1.039457465372263e-4,train_fit_end_to_end,248,662,-0.03861359766717039,lambda.min,-0.04209347185383887,0.09441774294004004,-0.2261750815561229,-0.10619063075490988,-0.04211348838854378,0.01772088964070209,0.1434229179012633,1000,8.240743309893662e-5,train_fit_end_to_end
Cody Whitehair,Blocker,983,114,329,0.05606792335068536,lambda.min,0.05284248964301425,0.07823782122952914,-0.09755074171076568,-6.515048664867853e-4,0.05293206031489034,0.10696666302011051,0.20998482533503668,1000,1.039457465372263e-4,train_fit_end_to_end,61,159,0.07592305689317644,lambda.min,0.07803765971905176,0.08298841284368372,-0.09189420779622975,0.02500951828200475,0.07874657887894623,0.13326983415677374,0.23415101521581755,1000,8.240743309893662e-5,train_fit_end_to_end
Billy Turner,Blocker,644,115,332,0.05511048950211105,lambda.min,0.04488907039873895,0.09407853946935112,-0.13993831325732603,-0.01520191186945608,0.04477337175506088,0.11017300358175894,0.2194831607099494,1000,1.039457465372263e-4,train_fit_end_to_end,123,264,0.02692720887457126,lambda.min,0.02586593407851052,0.08441582738001187,-0.13950801236498522,-0.03054131686397028,0.02360155335350668,0.08296348877588221,0.19394070505381503,1000,8.240743309893662e-5,train_fit_end_to_end
John Simpson,Blocker,1015,116,333,0.05500824753577364,lambda.min,0.05409110258491106,0.09650451998425286,-0.13211315226985795,-0.00783283618385462,0.05358098577725793,0.1153137837892494,0.24352490764116347,1000,1.039457465372263e-4,train_fit_end_to_end,169,328,0.00639759305517889,lambda.min,0.00596533622836773,0.13128453308882496,-0.2542162442414873,-0.08489499853947036,0.01109940150245713,0.1033095355256594,0.24368909373167932,1000,8.240743309893662e-5,train_fit_end_to_end
Mekhi Becton,Blocker,41,117,334,0.05408740219563849,lambda.min,0.03597272553109811,0.04064622990912509,0,0,0.02103824362012437,0.06793650908288895,0.12200015451261444,1000,1.039457465372263e-4,train_fit_end_to_end,256,695,-0.04429847967437045,lambda.min,-0.04140488250420008,0.04652166044533421,-0.15714183818954447,-0.05917958586530619,-0.05140306330603072,0,0,1000,8.240743309893662e-5,train_fit_end_to_end
Jake Hanson,Blocker,3,118,337,0.04773667709192789,lambda.min,0.04517800706129205,0.0483936585044815,0,0,0.05496618714614918,0.06315569468369367,0.16114909362997168,1000,1.039457465372263e-4,train_fit_end_to_end,167,321,0.0073922068348512,lambda.min,0.00690890285899927,0.00738551792812598,0,0,0.00832091061205555,0.00978128583263189,0.02337458657058155,1000,8.240743309893662e-5,train_fit_end_to_end
Jason Kelce,Blocker,935,119,339,0.04728719830566842,lambda.min,0.04106911366257153,0.0949555676730928,-0.14785530208472752,-0.01794425331366441,0.04127256926709649,0.10325623939946826,0.22348979406999345,1000,1.039457465372263e-4,train_fit_end_to_end,8,53,0.18282373366704308,lambda.min,0.17651003513422356,0.06421788807942755,0.04142286500395448,0.1353087501215875,0.1795862374573299,0.2215825128590865,0.29278070954690383,1000,8.240743309893662e-5,train_fit_end_to_end
Jackson Carman,Blocker,360,120,341,0.0468273980998698,lambda.min,0.0547331434517852,0.11740029514335593,-0.16730584739064344,-0.02750230933668548,0.04989734698659791,0.13418662809659937,0.30157541774813745,1000,1.039457465372263e-4,train_fit_end_to_end,271,757,-0.06290334695160373,lambda.min,-0.05815600604713111,0.1336748878919002,-0.3439562324379736,-0.14986362431353795,-0.04379560710020887,0.05100758307971701,0.15301483954771006,1000,8.240743309893662e-5,train_fit_end_to_end
Nate Davis,Blocker,920,121,342,0.04664270434407231,lambda.min,0.04865796315236439,0.08508062076830114,-0.1162631569906108,-0.00767431471291188,0.05041962968204358,0.10517013217003268,0.2124778785051541,1000,1.039457465372263e-4,train_fit_end_to_end,32,101,0.11959782016347714,lambda.min,0.11445164262723888,0.08860777324907501,-0.0577686688454356,0.05551730549826933,0.11597085981192053,0.17920534228472604,0.27850274681949583,1000,8.240743309893662e-5,train_fit_end_to_end
Kyle Murphy,Blocker,3,122,344,0.04635427764824018,lambda.min,0.04369353592244122,0.04847357758200884,0,0,0.0531883186561868,0.06100116397814911,0.160001092063112,1000,1.039457465372263e-4,train_fit_end_to_end,165,319,0.00773240742873667,lambda.min,0.0069378510675977,0.00756643321798505,0,0,0.00861041412763451,0.0100026306277104,0.02626095484610376,1000,8.240743309893662e-5,train_fit_end_to_end
Laurent Duvernay-Tardif,Blocker,310,123,345,0.04494139713179863,lambda.min,0.03810105258283416,0.09007075005089477,-0.15631255879426426,-0.01785902069631055,0.04442410583321853,0.0981929160042729,0.19751109436707037,1000,1.039457465372263e-4,train_fit_end_to_end,284,798,-0.07403952338997244,lambda.min,-0.07514051490236932,0.07829160696888288,-0.2370447601226961,-0.12733618412319803,-0.06964590554800203,-0.01357076375802645,0.06126165149868932,1000,8.240743309893662e-5,train_fit_end_to_end
Derrick Kelly,Blocker,14,124,352,0.0430594899612287,lambda.min,0.03854636662091077,0.0394979022611358,0,0,0.04120330294595674,0.0624946996250894,0.12363210910755724,1000,1.039457465372263e-4,train_fit_end_to_end,153,302,0.01187759207024661,lambda.min,0.01055788016018427,0.0107394296726555,0,0,0.01261145573146729,0.01561836410756416,0.03391245662314877,1000,8.240743309893662e-5,train_fit_end_to_end
Aaron Banks,Blocker,2,125,356,0.04241841868054837,lambda.min,0.04216152585624023,0.04896233086901364,0,0,0.05006308658701247,0.05469020934083331,0.15920540275755918,1000,1.039457465372263e-4,train_fit_end_to_end,168,327,0.00648727587844476,lambda.min,0.00590698151537905,0.00652942168578507,0,0,0.00754189046915852,0.00834081683308938,0.0216197176079156,1000,8.240743309893662e-5,train_fit_end_to_end
Jamil Douglas,Blocker,3,126,359,0.0405769632241019,lambda.min,0.03910795647802715,0.04174860184823047,0,0,0.0473091226445631,0.05291871682856605,0.13846103816105154,1000,1.039457465372263e-4,train_fit_end_to_end,170,329,0.0063110838437954,lambda.min,0.00554963665248934,0.00616561413656997,0,0,0.00714917468453309,0.00796843139980529,0.02007172062095174,1000,8.240743309893662e-5,train_fit_end_to_end
Charles Leno Jr.,Blocker,905,127,361,0.0403745082033156,lambda.min,0.03408697642559039,0.0944012519545753,-0.14984082369134846,-0.02849784596249074,0.03284341931483529,0.09462060665703304,0.2224782151327223,1000,1.039457465372263e-4,train_fit_end_to_end,292,827,-0.08259917176401121,lambda.min,-0.07929397460544162,0.10539415119020468,-0.29326363297420704,-0.15016559005833924,-0.08275790172082188,-0.00676375531869853,0.1224822953898144,1000,8.240743309893662e-5,train_fit_end_to_end
Olisaemeka Udoh,Blocker,997,128,362,0.03978907143554625,lambda.min,0.04065927914764689,0.10654464234668516,-0.18538431109699657,-0.03128161948701283,0.04435411555853546,0.11722695389782632,0.23457056758474135,1000,1.039457465372263e-4,train_fit_end_to_end,25,84,0.13439199548298458,lambda.min,0.13091001192974527,0.11190254891046857,-0.12489183798236624,0.06210864954435503,0.14401680338456252,0.2132726146324852,0.3128264039081198,1000,8.240743309893662e-5,train_fit_end_to_end
Austin Schlottmann,Blocker,52,129,363,0.03969925868532663,lambda.min,0.01601593937019001,0.09742444526419732,-0.17903677715944785,-0.07519721112626822,0,0.09956077095171344,0.17609395133304262,1000,1.039457465372263e-4,train_fit_end_to_end,133,274,0.02160066183599127,lambda.min,0.01734018969257731,0.01997249013542138,-0.00499400632799954,0,0.02214305762211056,0.02866103777264209,0.05926585978262426,1000,8.240743309893662e-5,train_fit_end_to_end
Austin Corbett,Blocker,968,130,374,0.03471215966644379,lambda.min,0.03439104456233912,0.10375346877386948,-0.16531346300977237,-0.03498124198801111,0.03145980162631302,0.10011196335959244,0.24614757062627837,1000,1.039457465372263e-4,train_fit_end_to_end,206,413,-0.00240071598750092,lambda.min,2.0885730763521313e-4,0.0903964116795537,-0.17451600241287113,-0.05733195779571726,6.502667044623722e-4,0.05923966853384321,0.1867283731839963,1000,8.240743309893662e-5,train_fit_end_to_end
Jimmy Morrissey,Blocker,271,131,376,0.03407051211281532,lambda.min,0.02074323575007265,0.14394663873180252,-0.24741927939727965,-0.08588587391373909,0.01648796830759445,0.1309750153292916,0.28225370963005386,1000,1.039457465372263e-4,train_fit_end_to_end,105,233,0.03880054153127522,lambda.min,0.03019244701588837,0.06870497958474661,-0.1203101953250744,-0.01282345099791359,0.0377203845422186,0.08077991355159436,0.14945610001634752,1000,8.240743309893662e-5,train_fit_end_to_end
Ike Boettger,Blocker,544,132,377,0.03395444565817467,lambda.min,0.02837021339397517,0.13476453018902437,-0.22749746807888485,-0.06872283000066656,0.03099135419934173,0.121837531763503,0.2908078619261232,1000,1.039457465372263e-4,train_fit_end_to_end,222,499,-0.0104168725964857,lambda.min,-0.00426929444629594,0.09963174690278263,-0.208810108675216,-0.0713248769901211,6.463845823820244e-4,0.0741234276252132,0.1665577120042427,1000,8.240743309893662e-5,train_fit_end_to_end
Josh Wells,Blocker,6,133,381,0.03183354494456801,lambda.min,0.02867605942451049,0.02177185896993847,0,0.01534564909541847,0.02295245526900449,0.04240823142202413,0.07581600250211726,1000,1.039457465372263e-4,train_fit_end_to_end,164,318,0.00778634040878245,lambda.min,0.00722855236338404,0.00541569043272693,0,0.0034736980436012,0.00664219612608484,0.01060293773504828,0.01850370331219664,1000,8.240743309893662e-5,train_fit_end_to_end
Rashaad Coward,Blocker,2,134,384,0.03131837276703223,lambda.min,0.03039343003074351,0.03326999648916997,0,0,0.0365904953397136,0.04130564453376535,0.11395271375199896,1000,1.039457465372263e-4,train_fit_end_to_end,175,339,0.00507125309493781,lambda.min,0.00528139478568232,0.00554511603109499,0,0,0.00595661040664643,0.00683182700132614,0.01844244410681953,1000,8.240743309893662e-5,train_fit_end_to_end
Brett Toth,Blocker,48,135,390,0.02985389587096415,lambda.min,0.02201207362568016,0.14296923514495774,-0.24986567850732225,-0.07391882162464604,0.01423540597510695,0.12652988042998473,0.28557347913119147,1000,1.039457465372263e-4,train_fit_end_to_end,124,265,0.02688197758975329,lambda.min,0.02522403210017384,0.02132632882795195,-0.00674810093613062,0.0084432230028305,0.02534440576112524,0.03966171351473557,0.06913814990673184,1000,8.240743309893662e-5,train_fit_end_to_end
Sean Harlow,Blocker,415,136,391,0.02982050946729249,lambda.min,0.02264339245777134,0.07176117166000541,-0.11429759585054074,-0.02619289159300941,0.02057596151472485,0.0684767630689205,0.17345104941062942,1000,1.039457465372263e-4,train_fit_end_to_end,226,541,-0.01671946917314907,lambda.min,-0.01965576772673178,0.07497026192247408,-0.1613206618291061,-0.07485452975973364,-0.02151136234419117,0.03263581261782157,0.12671751082692032,1000,8.240743309893662e-5,train_fit_end_to_end
Trey Hill,Blocker,199,137,393,0.02808943105930791,lambda.min,0.03323735173396738,0.10670580399839778,-0.16598640078900737,-0.04077668291823522,0.02972497564072658,0.10118435804011117,0.2566623460303089,1000,1.039457465372263e-4,train_fit_end_to_end,259,710,-0.04973394750032092,lambda.min,-0.04615180714088587,0.11200771130500668,-0.2972195062788542,-0.11324459688706465,-0.03709952088797626,0.04724193386511536,0.1085619164410193,1000,8.240743309893662e-5,train_fit_end_to_end
Jaryd Jones-Smith,Blocker,2,138,395,0.02647039805903359,lambda.min,0.0258351436056316,0.02759160843412807,0,0,0.03013220400566939,0.03549831187886299,0.09085971864676108,1000,1.039457465372263e-4,train_fit_end_to_end,179,344,0.00465981134441526,lambda.min,0.00413761640684829,0.00453937452735594,0,0,0.00507494735503466,0.00604076032366067,0.01489408868864698,1000,8.240743309893662e-5,train_fit_end_to_end
Dennis Kelly,Blocker,276,139,396,0.02628575587571658,lambda.min,0.01469157619782905,0.1292312199203459,-0.23743287759562784,-0.07584244867720069,0.01775045564484435,0.10963704409484464,0.2370019218293757,1000,1.039457465372263e-4,train_fit_end_to_end,205,409,-0.00228501693647812,lambda.min,-0.00803025807096687,0.06895375391386262,-0.147359438217402,-0.05367304408973192,-0.00431723463854764,0.04208817849058959,0.12346575101944696,1000,8.240743309893662e-5,train_fit_end_to_end
Ben Bredeson,Blocker,252,140,397,0.02553283735789875,lambda.min,0.02424225686356837,0.1462908628634293,-0.21993127704351184,-0.08038379678253466,0.01533877854597833,0.1115806025596338,0.33915000469416745,1000,1.039457465372263e-4,train_fit_end_to_end,299,847,-0.09048920301285752,lambda.min,-0.08267991248452342,0.07639898020989193,-0.2241472313307141,-0.1356243236447333,-0.08196924746279097,-0.02914759967565726,0.06023124823415476,1000,8.240743309893662e-5,train_fit_end_to_end
Deonte Brown,Blocker,12,141,400,0.02398931989825818,lambda.min,0.01646546927471057,0.0862515057720356,-0.12668046580870287,-0.05676809959954224,0,0.07655504474918481,0.1907582019319279,1000,1.039457465372263e-4,train_fit_end_to_end,159,312,0.00945478879261067,lambda.min,0.00768684046098762,0.01456420635949641,-0.01371784440436465,-0.00635907705542769,0.00745123986373719,0.01680158957179662,0.037639367460934,1000,8.240743309893662e-5,train_fit_end_to_end
Max Scharping,Blocker,620,142,402,0.02347034180608237,lambda.min,0.02315058885007932,0.12074105813141074,-0.19148998887093824,-0.05875090308406461,0.01567884906011502,0.09468334682275698,0.301609563596792,1000,1.039457465372263e-4,train_fit_end_to_end,227,549,-0.0177413751792497,lambda.min,-0.01945119191427024,0.095775404832126515,-0.21612479587405295,-0.08108502279753063,-0.01674533271019264,0.04679642852677263,0.15652081449356076,1000,8.240743309893662e-5,train_fit_end_to_end
Scott Daly,Blocker,1,143,403,0.02346046943024592,lambda.min,0.02246756285979937,0.02456454389387738,0,0,0.0256193174644585,0.03148184724090042,0.08049356824039236,1000,1.039457465372263e-4,train_fit_end_to_end,182,353,0.00382742022400639,lambda.min,0.00353086354985437,0.00378151958618658,0,0,0.00409771077681675,0.00496034994867255,0.01199287316921843,1000,8.240743309893662e-5,train_fit_end_to_end
Jason Spriggs,Blocker,76,144,404,0.02345718773573146,lambda.min,0.00361058900804235,0.13052408222109507,-0.2900660555578057,-0.07936344812227412,0.01913879094372018,0.1054878415541618,0.20706781041881692,1000,1.039457465372263e-4,train_fit_end_to_end,109,240,0.03456055587688218,lambda.min,0.03037362195468557,0.02569825321521265,-0.00965314602379045,0.00832027369595643,0.03199136580689234,0.04616279813171767,0.08575486800589661,1000,8.240743309893662e-5,train_fit_end_to_end
Austin Jackson,Blocker,912,145,405,0.02317856238023263,lambda.min,0.01750168688281514,0.08467782453075655,-0.1599108851839935,-0.03462696121730447,0.02295337051807689,0.07510229149984615,0.16980290555014757,1000,1.039457465372263e-4,train_fit_end_to_end,33,105,0.11746523632273909,lambda.min,0.1131513471262471,0.08439244845486912,-0.05175934094650841,0.05726924355817338,0.11304394084407576,0.17466278170758304,0.27090390090713945,1000,8.240743309893662e-5,train_fit_end_to_end
Lester Cotton Sr.,Blocker,6,146,406,0.02294464098228085,lambda.min,0.02237255485228609,0.02603264806067005,0,0,0.02486811805600761,0.03179331237546461,0.08739758076912772,1000,1.039457465372263e-4,train_fit_end_to_end,172,333,0.00590078545151696,lambda.min,0.0054284617611195804,0.00595059300803144,0,0,0.00648946160344663,0.00789324980745975,0.01962741409053282,1000,8.240743309893662e-5,train_fit_end_to_end
David Steinmetz,Blocker,1,147,416,0.0194259653399505,lambda.min,0.01967952262418688,0.02235785251034229,0,0,0.02223109144483878,0.02597322894276109,0.0741786782542525,1000,1.039457465372263e-4,train_fit_end_to_end,183,356,0.00311405379392521,lambda.min,0.0029714196582718,0.00328223601123481,0,0,0.00360211806173654,0.00402963412866629,0.01073011704102252,1000,8.240743309893662e-5,train_fit_end_to_end
Jack Conklin,Blocker,328,148,418,0.01928339936724337,lambda.min,0.01609716907720854,0.0760290577199977,-0.13692508956527957,-0.03828372413402733,0.01802143147967442,0.07020771980595619,0.1513699939914731,1000,1.039457465372263e-4,train_fit_end_to_end,238,601,-0.0257325673099809,lambda.min,-0.02743385098365552,0.07270840956778259,-0.17515950211813497,-0.0769256267090219,-0.02781362723525417,0.02206723497170807,0.11490752733269956,1000,8.240743309893662e-5,train_fit_end_to_end
Cameron Tom,Blocker,1,149,419,0.01902354574091127,lambda.min,0.01871394059728686,0.02105607759546279,0,0,0.02189675080992698,0.0250221022397227,0.06917020968144848,1000,1.039457465372263e-4,train_fit_end_to_end,184,358,0.00289147298113167,lambda.min,0.00289214946554927,0.00313090819831324,0,0,0.00330797001520312,0.0038774028697039,0.01052458194692426,1000,8.240743309893662e-5,train_fit_end_to_end
Josh Myers,Blocker,255,150,420,0.01898911812385221,lambda.min,0.02049849770822085,0.0968049166137384,-0.16454915289276328,-0.04141075748395742,0.01305791532822345,0.08690989528975734,0.2136332742253939,1000,1.039457465372263e-4,train_fit_end_to_end,142,286,0.01889013554992282,lambda.min,0.01653655332899154,0.05222186098830595,-0.09390823764218562,-0.01926804625851535,0.0182310670963393,0.05353076045193439,0.10942651021512508,1000,8.240743309893662e-5,train_fit_end_to_end
Daniel Brunskill,Blocker,1024,151,421,0.0187243418112937,lambda.min,0.01375648224301807,0.08390105876771989,-0.15563957115884178,-0.04190630623599985,0.01355442897485335,0.07170248849441666,0.17313057959406256,1000,1.039457465372263e-4,train_fit_end_to_end,312,883,-0.11524676404478428,lambda.min,-0.1085928291655322,0.15037515583208286,-0.39775005836330807,-0.2146008536878258,-0.10624476809932903,-0.00648557356783048,0.1740724330459489,1000,8.240743309893662e-5,train_fit_end_to_end
Brian O'Neill,Blocker,976,152,426,0.0178016327377454,lambda.min,0.01772590583675422,0.07332666334158125,-0.11070864313745522,-0.03397925430053786,0.0123516216826003,0.06453683018193726,0.17556126404650158,1000,1.039457465372263e-4,train_fit_end_to_end,100,223,0.04676166733848376,lambda.min,0.04604286414783665,0.11438212108509188,-0.18168839068211257,-0.03317961090251122,0.05351243929185677,0.13028109458672088,0.25477124235277493,1000,8.240743309893662e-5,train_fit_end_to_end
Jake Brendel,Blocker,4,153,428,0.01671096971514816,lambda.min,0.01774804859542967,0.0171452161771229,0,0.00155641123006396,0.01785194148800963,0.02477229748612689,0.05933283254858303,1000,1.039457465372263e-4,train_fit_end_to_end,178,343,0.00466292478303968,lambda.min,0.00447617667579139,0.00344430190419389,0,0.00259262594231462,0.00347437662197658,0.00638931918666465,0.01218299475186219,1000,8.240743309893662e-5,train_fit_end_to_end
Kendall Lamm,Blocker,71,154,432,0.01460359538262444,lambda.min,0.0035956677502747,0.11525092406580988,-0.22320053290645145,-0.07421654920134599,0.0023765272257301002,0.0828883295419406,0.21363656335600067,1000,1.039457465372263e-4,train_fit_end_to_end,300,852,-0.09655226122986962,lambda.min,-0.09263761764702808,0.09779274345311888,-0.3093145326997352,-0.15392060215079328,-0.07924910346741432,-0.01944127062057575,0.06234271193164861,1000,8.240743309893662e-5,train_fit_end_to_end
Jc Tretter,Blocker,65,155,436,0.01251572644751401,lambda.min,0.00495277348194106,0.02043695062857179,-0.03942754733885095,0,0,0.01271154086916659,0.0542298203012003,1000,1.039457465372263e-4,train_fit_end_to_end,115,247,0.03203737069429616,lambda.min,0.02890239326699877,0.02983967206073035,0,0,0.03471929232898148,0.04143310094871934,0.09443256597567036,1000,8.240743309893662e-5,train_fit_end_to_end
Ben Bartch,Blocker,698,156,439,0.01101011440013749,lambda.min,0.00515418813904965,0.07723625037820978,-0.14335982602645295,-0.04767173284872012,0.00606790567875565,0.05547336227764109,0.15342620950441624,1000,1.039457465372263e-4,train_fit_end_to_end,198,394,-0.00107683571209925,lambda.min,2.610438767784757e-4,0.08263099030926549,-0.15320399841369495,-0.05671714089150115,4.6604305464422943e-4,0.05979170729733002,0.1597059367830232,1000,8.240743309893662e-5,train_fit_end_to_end
Ted Karras,Blocker,690,157,443,0.00891477041261577,lambda.min,0.00984758654933961,0.0937020858964708,-0.1543814817456324,-0.05742061764808783,0.0048242999570167,0.0646463533549324,0.20910294306718863,1000,1.039457465372263e-4,train_fit_end_to_end,14,62,0.16895003281264218,lambda.min,0.16238473491703934,0.06199015857851361,0.03432418140606862,0.12268792884812388,0.16649964751688326,0.20520325720394972,0.2712589654076169,1000,8.240743309893662e-5,train_fit_end_to_end
Royce Newman,Blocker,965,158,445,0.00743552509303818,lambda.min,0.00187515730290326,0.08390731384641818,-0.170235734135877,-0.05332767920190479,0.00139028925141635,0.05380800202781728,0.16204616380131073,1000,1.039457465372263e-4,train_fit_end_to_end,265,729,-0.05588021843570318,lambda.min,-0.05779632884986838,0.11280427473258282,-0.27019493985878085,-0.1399902362606603,-0.05650367182953005,0.02405907249223052,0.1559973606038487,1000,8.240743309893662e-5,train_fit_end_to_end
Trent Scott,Blocker,263,159,446,0.00675298231765393,lambda.min,-7.300872220499136e-4,0.16373784307735675,-0.36414075286821873,-0.10465981472601632,0.01512498262954797,0.1167621292816264,0.2747512366697384,1000,1.039457465372263e-4,train_fit_end_to_end,146,292,0.01655392985589883,lambda.min,0.01609055747901807,0.07242937213616076,-0.14140953079861604,-0.02612169676151119,0.02166009941121789,0.0685752680524083,0.14039600504726404,1000,8.240743309893662e-5,train_fit_end_to_end
Senio Kelemete,Blocker,93,160,454,0.00368688952349282,lambda.min,-0.02268217546513484,0.09033105862142234,-0.2077829969202124,-0.08823971068682147,-0.01038660952148299,0.04522894893437756,0.12455406510674014,1000,1.039457465372263e-4,train_fit_end_to_end,246,636,-0.03244101509849865,lambda.min,-0.03256652091445997,0.04322419773019583,-0.13457955062672294,-0.05199266904745307,-0.03331468243655897,0.00484099319536411,0.01717558350441036,1000,8.240743309893662e-5,train_fit_end_to_end
Chris Lindstrom,Blocker,945,161,456,0.00345078845430771,lambda.min,-0.00382059357088531,0.09450409721355545,-0.20164174635676993,-0.06309174344927948,5.526697614909236e-4,0.05657878660507165,0.17938616493642148,1000,1.039457465372263e-4,train_fit_end_to_end,128,269,0.02429844368254244,lambda.min,0.01811316381286703,0.10686452506198794,-0.1878174550660565,-0.0574202187439533,0.01737687004593577,0.09533326772295864,0.21866628713906971,1000,8.240743309893662e-5,train_fit_end_to_end
Quinn Bailey,Blocker,36,162,457,0.0020928671963322,lambda.min,0.00569644749197798,0.02727949687309618,-0.04812119679048356,-0.00816251015771899,0,0.02285863399837865,0.06493390753978966,1000,1.039457465372263e-4,train_fit_end_to_end,130,271,0.02279248081810854,lambda.min,0.02123636940731605,0.02049951984596364,0,0.00373316962752605,0.02305381797224767,0.03022757140163329,0.07090063318897008,1000,8.240743309893662e-5,train_fit_end_to_end
Brady Christensen,Blocker,317,163,458,0.00201490839121064,lambda.min,0.01983937426514304,0.14316111081138286,-0.23233886443749105,-0.08211531390341585,0.01852313414350317,0.11414548956039146,0.314015684997502,1000,1.039457465372263e-4,train_fit_end_to_end,347,967,-0.35776216612764555,lambda.min,-0.3387373358294597,0.16687662687564797,-0.667747153592043,-0.4583779688454812,-0.33350664241238115,-0.22031417378555415,-0.02846225793005235,1000,8.240743309893662e-5,train_fit_end_to_end
Jason Peters,Blocker,673,164,459,0.00178840687818856,lambda.min,0.00199054909441763,0.08171415539164636,-0.15807949535315782,-0.05311506261593502,-6.043562357154755e-4,0.05495162377878841,0.15738463890738,1000,1.039457465372263e-4,train_fit_end_to_end,346,966,-0.31628519902040286,lambda.min,-0.30050447376177225,0.11708537908603836,-0.5135956840261833,-0.3869543303467431,-0.2989955741145825,-0.2264618649189307,-0.05068356085840487,1000,8.240743309893662e-5,train_fit_end_to_end
Andrew Thomas,Blocker,613,165,461,1.7470858701124222e-4,lambda.min,-0.01013738984845186,0.09435471327651178,-0.19381248620122185,-0.07519685201883453,-0.01459734973735303,0.04998826480576116,0.17962012456343457,1000,1.039457465372263e-4,train_fit_end_to_end,287,806,-0.07652828765126207,lambda.min,-0.07329313754892995,0.08192032313486043,-0.22778866335691308,-0.13078749783174312,-0.07602520950697371,-0.01767630020486223,0.09146120892818782,1000,8.240743309893662e-5,train_fit_end_to_end
Justin Murray,Blocker,81,166,462,-0.00158112108851988,lambda.min,0.00645519953239541,0.17034986584080838,-0.3073771665353374,-0.12700730274148966,0,0.12131786868270754,0.3303769905277001,1000,1.039457465372263e-4,train_fit_end_to_end,234,588,-0.02339973734687834,lambda.min,-0.02264453248880758,0.05715095852987564,-0.1505891631609595,-0.05453481987635202,-0.01737198248454517,0.02205170954112419,0.06401218297046757,1000,8.240743309893662e-5,train_fit_end_to_end
Coleman Shelton,Blocker,203,167,463,-0.00256099862227624,lambda.min,-0.0158076087927681,0.0742311570558337,-0.17224359040710063,-0.06319066318848696,-0.0126930506394829,0.03842150375805444,0.11544379877190408,1000,1.039457465372263e-4,train_fit_end_to_end,141,285,0.01890240848037336,lambda.min,0.01076412309293041,0.06244914656717996,-0.11569808962569604,-0.02976245082220141,0.01010667766076039,0.05276196322886136,0.12522595191064562,1000,8.240743309893662e-5,train_fit_end_to_end
Keaton Sutherland,Blocker,15,168,465,-0.00307574846976738,lambda.min,-0.0022043578204177,0.00966799146424096,-0.02610229489623437,-0.00487328391326897,0,0,0.01522232688044532,1000,1.039457465372263e-4,train_fit_end_to_end,166,320,0.00762376180400879,lambda.min,0.00715784641618493,0.00801814842295838,0,0,0.00707289939545633,0.0108648786679989,0.0263881950312966,1000,8.240743309893662e-5,train_fit_end_to_end
Jermaine Eluemunor,Blocker,238,169,470,-0.00539646321158374,lambda.min,-8.517657244920863e-4,0.06427415081633035,-0.11404255704970125,-0.04718435917695522,-1.914097610448983e-4,0.04041924359841369,0.13800238461260814,1000,1.039457465372263e-4,train_fit_end_to_end,127,268,0.02468897324382548,lambda.min,0.01905511007846585,0.0708836635481532,-0.13226306835566032,-0.02985860615172611,0.02651789854127967,0.07086261521237107,0.14361447144646772,1000,8.240743309893662e-5,train_fit_end_to_end
Germain Ifedi,Blocker,340,170,473,-0.00765870649206341,lambda.min,-0.0194809823877778,0.13787205797769186,-0.2660366595844711,-0.11740520376121572,-0.02341801105107192,0.07054669942888063,0.2760349546216276,1000,1.039457465372263e-4,train_fit_end_to_end,296,839,-0.08592417440029856,lambda.min,-0.07620550522478398,0.14008026919009375,-0.35014094570753085,-0.17152030958168735,-0.0702294005135341,0.03119298975712303,0.15648140874820032,1000,8.240743309893662e-5,train_fit_end_to_end
Yosh Nijman,Blocker,457,171,476,-0.00801093038292945,lambda.min,-0.02615758167913636,0.147641984026345,-0.30865045226401916,-0.12715081832504027,-0.02291195524367579,0.07121099714375079,0.26517125400511454,1000,1.039457465372263e-4,train_fit_end_to_end,43,132,0.09571637945890916,lambda.min,0.09047070208769029,0.10479110931616004,-0.1276278910820093,0.01901774233323679,0.1004790428983256,0.17130686975449538,0.2612150597968783,1000,8.240743309893662e-5,train_fit_end_to_end
Justin Mccray,Blocker,476,172,477,-0.00828021208194859,lambda.min,-0.01264029890682582,0.07629907427463344,-0.16623062655759654,-0.06201658956090262,-0.01292454998234257,0.0385898459710113,0.13004270043654745,1000,1.039457465372263e-4,train_fit_end_to_end,341,961,-0.2234606541262959,lambda.min,-0.21241161826397945,0.1534422032369232,-0.4971728938185344,-0.32076394137468334,-0.21348226922264665,-0.10031935628083397,0.09334203486236951,1000,8.240743309893662e-5,train_fit_end_to_end
Zach Banner,Blocker,3,173,483,-0.01010963121759749,lambda.min,-0.00990036568034964,0.05604811400798534,-0.14053201201733592,-0.03852121944386078,0,0.02330378088814013,0.08190677285659945,1000,1.039457465372263e-4,train_fit_end_to_end,191,373,0.00142890505909336,lambda.min,0.00144929711431959,0.00653176295601095,-0.0120089943690197,-0.00235117275753605,0.00158782760964536,0.00572429314876113,0.01431511480866234,1000,8.240743309893662e-5,train_fit_end_to_end
Danny Pinter,Blocker,209,174,484,-0.01034260951629098,lambda.min,-0.00945831664281468,0.06988620138596986,-0.14018990267059253,-0.0541978319686273,-0.01100271453703501,0.03021800337182756,0.13454281287311878,1000,1.039457465372263e-4,train_fit_end_to_end,47,138,0.09081791398337392,lambda.min,0.08478418079783243,0.03822216449230117,0.01306799571680085,0.0570490584622047,0.08287898773300147,0.11026291225538828,0.16561617166345305,1000,8.240743309893662e-5,train_fit_end_to_end
Denzelle Good,Blocker,21,175,494,-0.01414981611804096,lambda.min,-0.0126462221572716,0.01822071042216127,-0.05715274785239348,-0.02308844768386414,-0.00367265523275684,0,0.00962935527364471,1000,1.039457465372263e-4,train_fit_end_to_end,160,313,0.00915893863179546,lambda.min,0.00926798815463898,0.01018990245644443,0,0,0.00943023128049536,0.01358076522569529,0.03185512437150133,1000,8.240743309893662e-5,train_fit_end_to_end
Billy Price,Blocker,833,176,496,-0.01430501754878292,lambda.min,-0.01482738443218721,0.11446309103621556,-0.24497306768161595,-0.09049263117664112,-0.01127186919424035,0.05995678186261079,0.2118310703143374,1000,1.039457465372263e-4,train_fit_end_to_end,221,497,-0.01034261950476451,lambda.min,-0.00878110508140378,0.09079803825279172,-0.1774687926158873,-0.06924605318372956,-0.01292658806236442,0.05332133460338444,0.18300316520489973,1000,8.240743309893662e-5,train_fit_end_to_end
Logan Stenberg,Blocker,3,177,502,-0.01724756597468546,lambda.min,-0.01890935519884386,0.03898878531992379,-0.11159058209008428,-0.04047148205100807,-0.01651223869079827,0.00965979973272278,0.03808152576494498,1000,1.039457465372263e-4,train_fit_end_to_end,196,389,-3.2362590004693403e-4,lambda.min,-1.6363656229568402e-4,0.00349391031776362,-0.00665623866244472,-0.00295033320428798,0,0.00261985804716028,0.00642418591015844,1000,8.240743309893662e-5,train_fit_end_to_end
Josh Jones,Blocker,780,178,503,-0.01729219841151616,lambda.min,-0.01581871521437834,0.09963688622571688,-0.19835877354701664,-0.0844656386958896,-0.01932977190204535,0.05159734305009556,0.18786729165740185,1000,1.039457465372263e-4,train_fit_end_to_end,199,395,-0.00120603313461436,lambda.min,-0.00655219123755894,0.09575931349188987,-0.18642784346445168,-0.07086650026304886,-0.00768836621670343,0.06231581787782638,0.171004591778777,1000,8.240743309893662e-5,train_fit_end_to_end
Will Richardson Jr.,Blocker,127,179,505,-0.01812078427687071,lambda.min,-0.01622761493990968,0.14251175244169187,-0.2413264321861507,-0.124606572966836,-0.03804753513621262,0.07991361379748566,0.26878486492858406,1000,1.039457465372263e-4,train_fit_end_to_end,87,207,0.05564260257928727,lambda.min,0.0478322521088887,0.04541477096329143,-0.03362380722323752,0.01271192943726796,0.04687845454460426,0.0781972569372607,0.14077343187435257,1000,8.240743309893662e-5,train_fit_end_to_end
Ryan Bates,Blocker,251,180,511,-0.01993837434176526,lambda.min,-0.02731727465454054,0.12749503635149104,-0.3032901306596313,-0.11324698187966847,-0.01377306308818578,0.06692058055139251,0.17824846604601804,1000,1.039457465372263e-4,train_fit_end_to_end,88,208,0.05405492888030359,lambda.min,0.05362476114289246,0.03259364685871668,-0.00146157066957813,0.03151656607685788,0.05042596685988933,0.07289557766778823,0.12577495412356365,1000,8.240743309893662e-5,train_fit_end_to_end
Garett Bolles,Blocker,789,181,515,-0.02115168511806124,lambda.min,-0.02667581616503154,0.13209529794687316,-0.2787409207692255,-0.12005550296121624,-0.02584067275177082,0.06527469058363064,0.23154880167647063,1000,1.039457465372263e-4,train_fit_end_to_end,59,154,0.07944241608212284,lambda.min,0.0795522957475053,0.10909873743898488,-0.14397359705493573,0.00428984187594101,0.08563877540653253,0.1575489415093541,0.28036664623011043,1000,8.240743309893662e-5,train_fit_end_to_end
Nick Allegretti,Blocker,57,182,521,-0.02445836158876278,lambda.min,-0.02729562168883248,0.07217908090140161,-0.18509574922458857,-0.07298495204716136,-0.02321126622907371,0.02322520046005362,0.1037417454605102,1000,1.039457465372263e-4,train_fit_end_to_end,117,251,0.03022032735569558,lambda.min,0.02634559939069444,0.02531910210883313,-0.00877206082510651,0.00405899261076885,0.02921270550966102,0.0402389879367849,0.08129583732177875,1000,8.240743309893662e-5,train_fit_end_to_end
Mike Onwenu,Blocker,562,183,524,-0.02464100357672709,lambda.min,-0.03720082612509865,0.13967894860132557,-0.31688605488094357,-0.1284982607105791,-0.03486467718253797,0.05355760831392701,0.23272339097436304,1000,1.039457465372263e-4,train_fit_end_to_end,90,212,0.05232109277776968,lambda.min,0.04468899164939179,0.09256815809024269,-0.14908854712522704,-0.01769393907490152,0.04711033749313408,0.10874821751875983,0.21296104908623772,1000,8.240743309893662e-5,train_fit_end_to_end
Joseph Noteboom,Blocker,124,184,527,-0.02567027058217446,lambda.min,-0.02721245417268848,0.02651535409865491,-0.0823857052911698,-0.04429154137582705,-0.02535226658730814,-0.00599144962886549,0.01757985657357756,1000,1.039457465372263e-4,train_fit_end_to_end,174,337,0.00527881911764514,lambda.min,0.00253059809072937,0.05516813283673779,-0.10618449602646544,-0.03912720817873286,0,0.04340494995232169,0.10536480225970654,1000,8.240743309893662e-5,train_fit_end_to_end
Andre Smith,Blocker,28,185,528,-0.02646516504076935,lambda.min,-0.02350109557832101,0.02599712641022906,-0.08497431985485139,-0.03979461050959645,-0.02079962891015867,0,0,1000,1.039457465372263e-4,train_fit_end_to_end,145,291,0.01658385021725529,lambda.min,0.01590843166321953,0.01827550849011411,0,0,0.01685103304732504,0.02342371761060203,0.06265334850281683,1000,8.240743309893662e-5,train_fit_end_to_end
Nate Herbig,Blocker,452,186,529,-0.02710556745350052,lambda.min,-0.02304693851875585,0.11006651729582692,-0.2345152289033095,-0.09757251628527608,-0.02742466960235825,0.05049220537150088,0.190686054507275,1000,1.039457465372263e-4,train_fit_end_to_end,176,340,0.00492166971784916,lambda.min,0.00169816550724354,0.07473985956713891,-0.15750687967417085,-0.04664559084105261,0.00725959650115015,0.0516395297552866,0.13322633569280953,1000,8.240743309893662e-5,train_fit_end_to_end
Ben Braden,Blocker,2,187,530,-0.02711364415838419,lambda.min,-0.02646637914346086,0.02936644626551772,-0.0983825634512646,-0.03577094244527303,-0.03219262621239195,0,0,1000,1.039457465372263e-4,train_fit_end_to_end,203,402,-0.00152556121073128,lambda.min,-0.00152144065774044,0.00169397971254561,-0.00550722816448001,-0.0024416011017064,-0.00142829583916384,0,0,1000,8.240743309893662e-5,train_fit_end_to_end
Shane Lemieux,Blocker,19,188,540,-0.03047453479213492,lambda.min,-0.02586354882291609,0.02847232096166089,-0.08939501031367848,-0.04461539921295891,-0.02346033545183831,0,0,1000,1.039457465372263e-4,train_fit_end_to_end,158,310,0.00964082303575501,lambda.min,0.00976197148147479,0.01174934521843859,0,0,0.00869495661740943,0.0144231148397504,0.03850962209723904,1000,8.240743309893662e-5,train_fit_end_to_end
Jalen Mayfield,Blocker,806,189,545,-0.03318807171644837,lambda.min,-0.03168559952328933,0.0946037301558338,-0.2099335245854718,-0.09506221911645428,-0.0375216318198747,0.02887891015766959,0.16018012064695492,1000,1.039457465372263e-4,train_fit_end_to_end,337,953,-0.18915479553294764,lambda.min,-0.18520657726030976,0.13331876748442426,-0.4514729716356991,-0.2726980491656465,-0.18338209745574943,-0.08939247041696144,0.06127778628931921,1000,8.240743309893662e-5,train_fit_end_to_end
Quenton Nelson,Blocker,670,190,550,-0.03502512356302124,lambda.min,-0.02767425322045376,0.12333297116253976,-0.2943455107899311,-0.108932827488226,-0.01380654709941573,0.0680841034589424,0.1604448491586001,1000,1.039457465372263e-4,train_fit_end_to_end,92,215,0.05140849349123028,lambda.min,0.04655402943928635,0.11053137953033557,-0.19218456150234675,-0.02538744134843969,0.05458721034536462,0.126700206536995,0.23421763890275396,1000,8.240743309893662e-5,train_fit_end_to_end
Kyle Fuller,Blocker,420,191,552,-0.03509696070987007,lambda.min,-0.04206441082294816,0.06920850035919215,-0.1906277198019584,-0.08460347101711554,-0.03610794230092971,0.00598666464956894,0.0817854479562915,1000,1.039457465372263e-4,train_fit_end_to_end,289,818,-0.07987040384767036,lambda.min,-0.08108517097475858,0.09740384131103932,-0.25825573794050033,-0.15147445079772195,-0.08248197208550004,-0.01829114990006419,0.10550681351799383,1000,8.240743309893662e-5,train_fit_end_to_end
Brandon Parker,Blocker,791,192,553,-0.03525307534424712,lambda.min,-0.03755350694302892,0.11283008155541996,-0.2461625209697381,-0.11802029467587476,-0.03989259570686658,0.03463083993528135,0.19286875220824143,1000,1.039457465372263e-4,train_fit_end_to_end,325,920,-0.1437845720944734,lambda.min,-0.13923249504411309,0.13380764480891102,-0.3943955251891089,-0.23473079700145943,-0.13945582453328048,-0.0421587392547126,0.11004699039434544,1000,8.240743309893662e-5,train_fit_end_to_end
Kyle Long,Blocker,2,193,555,-0.03598874431859721,lambda.min,-0.03635493352734974,0.03796148938535249,-0.13011637857666442,-0.04633464885953621,-0.04361871529158295,0,0,1000,1.039457465372263e-4,train_fit_end_to_end,207,430,-0.0036248683111447,lambda.min,-0.0034458128492886,0.00383940327820458,-0.01247397016180853,-0.00472209533933462,-0.00420050918348175,0,0,1000,8.240743309893662e-5,train_fit_end_to_end
Chukwuma Okorafor,Blocker,938,194,559,-0.03668594138085792,lambda.min,-0.03459495774500113,0.07979362106374997,-0.18134070789044032,-0.08918993387771659,-0.03473798722215562,0.01488339336154669,0.12400101966097878,1000,1.039457465372263e-4,train_fit_end_to_end,268,746,-0.05931424891736985,lambda.min,-0.04479513627976957,0.1271446208822592,-0.2974837951251781,-0.12952557814690224,-0.04373686951795554,0.04200231603498634,0.193073399945848,1000,8.240743309893662e-5,train_fit_end_to_end
Joshua Miles,Blocker,13,195,561,-0.03832624377941038,lambda.min,-0.03084093881936462,0.09048180676227684,-0.213942392360325,-0.09055437251823914,-0.02719525523610196,0.03580959871838855,0.13680968823377043,1000,1.039457465372263e-4,train_fit_end_to_end,177,342,0.00468005412280962,lambda.min,0.00552265556264663,0.00865522387418799,-0.01159232436457526,0,0.00600498521478387,0.0119727600227917,0.02320622879612131,1000,8.240743309893662e-5,train_fit_end_to_end
John Miller,Blocker,588,196,562,-0.03853618673426349,lambda.min,-0.04221262302408296,0.09431317202043496,-0.2234654807069714,-0.10568808608788452,-0.04545779184688475,0.02301060283275189,0.13781596471156307,1000,1.039457465372263e-4,train_fit_end_to_end,336,949,-0.18683693009173105,lambda.min,-0.17319602341957654,0.11089158569086544,-0.3788150704346763,-0.25070429525186805,-0.1737332806720082,-0.09819265141303812,0.04686952631157933,1000,8.240743309893662e-5,train_fit_end_to_end
Matt Farniok,Blocker,9,197,565,-0.0394910422063051,lambda.min,-0.03854816402216537,0.0596781557464409,-0.1615405104935516,-0.07996456047994308,-0.03045512737387758,0,0.07014113910495315,1000,1.039457465372263e-4,train_fit_end_to_end,192,378,0.00117993169268434,lambda.min,0.00128294386243006,0.00668350927623119,-0.01271363243871995,-0.00271119847756499,0.00101354253049465,0.00587690501933147,0.01401561743605124,1000,8.240743309893662e-5,train_fit_end_to_end
Pat Elflein,Blocker,479,198,566,-0.0396663575406167,lambda.min,-0.0428370390069801,0.11675038914119984,-0.3124668599348512,-0.10624151388582607,-0.03259735029547137,0.03855972450732382,0.14905898234829407,1000,1.039457465372263e-4,train_fit_end_to_end,56,148,0.08325740052512848,lambda.min,0.08501949187253985,0.07102472240273525,-0.06907338239326531,0.03948373530761658,0.09107446008910168,0.13762410328996277,0.20737472554954975,1000,8.240743309893662e-5,train_fit_end_to_end
Ryan Kelly,Blocker,764,199,567,-0.04120293940465392,lambda.min,-0.04111234089371526,0.07970505571328458,-0.1906225082405699,-0.09531785724822416,-0.0439345380064042,0.01110135008483652,0.11624727174488314,1000,1.039457465372263e-4,train_fit_end_to_end,162,316,0.00882181851198212,lambda.min,0.00410750033081466,0.08725752191836071,-0.1642717741585943,-0.05538725113534949,2.7287373948408776e-4,0.0652376323710687,0.17662899295030043,1000,8.240743309893662e-5,train_fit_end_to_end
Trent Brown,Blocker,413,200,568,-0.04142831774970304,lambda.min,-0.03560807624633044,0.1490288274778123,-0.31789957857575624,-0.13964028355065455,-0.0422926833931644,0.06194847736189761,0.26946032787781904,1000,1.039457465372263e-4,train_fit_end_to_end,89,211,0.05238336556937274,lambda.min,0.04537813324757803,0.077830113686212593,-0.11423314903877908,-0.00554890556666145,0.05037149560509139,0.10212152009971308,0.18315180357810057,1000,8.240743309893662e-5,train_fit_end_to_end
Kelvin Beachum,Blocker,845,201,569,-0.04163511014696285,lambda.min,-0.04836705079790218,0.1010809142487742,-0.249394240573284,-0.11276447673400808,-0.04760221927451849,0.01380275342500761,0.1604328646374937,1000,1.039457465372263e-4,train_fit_end_to_end,21,78,0.14064553635988017,lambda.min,0.13625945305746062,0.08410666879577851,-0.02900755220380267,0.08186372980055617,0.13978847726140875,0.1957131928308115,0.2928201980923133,1000,8.240743309893662e-5,train_fit_end_to_end
Jon Runyan,Blocker,943,202,575,-0.04322900075503838,lambda.min,-0.04652101463325531,0.099495590805666,-0.2335633133608434,-0.11244354567887756,-0.04858068150719139,0.02218932749052501,0.15891357294184444,1000,1.039457465372263e-4,train_fit_end_to_end,24,82,0.13677480644551027,lambda.min,0.1318794115235263,0.08693948592005621,-0.04019482742610315,0.0752354865853109,0.13318190259704954,0.18875657024913717,0.30100278105616884,1000,8.240743309893662e-5,train_fit_end_to_end
Lachavious Simmons,Blocker,5,203,576,-0.04333308235733395,lambda.min,-0.04270187497876993,0.04683635095567558,-0.15736879238961107,-0.06010097888560876,-0.04908848457217883,0,0.00760680191420857,1000,1.039457465372263e-4,train_fit_end_to_end,204,405,-0.00183454785280779,lambda.min,-0.00213713033107261,0.00556675748561399,-0.01360847584139447,-0.00631756281313355,-3.1353640498035535e-4,0.00184111471015809,0.00750823810807919,1000,8.240743309893662e-5,train_fit_end_to_end
Dan Moore Jr.,Blocker,913,204,577,-0.04360525794271491,lambda.min,-0.04926915704618456,0.09599820321003544,-0.244802439365112,-0.10779073743247532,-0.0461469897761653,0.01651813604985541,0.12833737811849666,1000,1.039457465372263e-4,train_fit_end_to_end,285,799,-0.07444080012899477,lambda.min,-0.07518047774977181,0.10065528303084394,-0.27428711658478033,-0.141515338254745,-0.07562839101220528,-0.00940179217987017,0.11872944881476244,1000,8.240743309893662e-5,train_fit_end_to_end
Will Fries,Blocker,12,205,578,-0.04435474359433739,lambda.min,-0.03865020235858648,0.02667761010215542,-0.08875750848124067,-0.05898610029266001,-0.03855547419258036,-0.02024020591572565,0,1000,1.039457465372263e-4,train_fit_end_to_end,187,363,0.00232475973307634,lambda.min,0.0029722465420593,0.00448502375659602,-0.00168125705774361,0,0.00193415971848525,0.00416194010381824,0.01549201961962636,1000,8.240743309893662e-5,train_fit_end_to_end
Max Garcia,Blocker,779,206,589,-0.04695832496384447,lambda.min,-0.04676454983071854,0.1057717099458806,-0.26830453822779593,-0.11633591268968954,-0.04451395603263196,0.0281389685509573,0.1462266066798258,1000,1.039457465372263e-4,train_fit_end_to_end,55,147,0.08352954323083508,lambda.min,0.08180351036507645,0.08856450745999594,-0.09506990105023112,0.02056249368551234,0.08533311125441977,0.14372199247170775,0.24517538272303596,1000,8.240743309893662e-5,train_fit_end_to_end
Adam Pankey,Blocker,1,207,592,-0.0490556415233396,lambda.min,-0.04773885508100521,0.05367197678013679,-0.1788684040087946,-0.06273913045421473,-0.05978955302518582,0,0,1000,1.039457465372263e-4,train_fit_end_to_end,212,447,-0.00533504816823211,lambda.min,-0.00484690618723617,0.00523356244875866,-0.01779116857354749,-0.00683022566507318,-0.00629751386609458,0,0,1000,8.240743309893662e-5,train_fit_end_to_end
Marcus Henry,Blocker,4,208,594,-0.04937060433686038,lambda.min,-0.04712776183737537,0.05129953995567367,-0.16248377925719973,-0.06721439105006317,-0.05488117295461472,0,0,1000,1.039457465372263e-4,train_fit_end_to_end,208,432,-0.00373184304751365,lambda.min,-0.00318338827604183,0.0030700092546668,-0.00903802333136399,-0.00517171650884474,-0.00385259662841316,0,0,1000,8.240743309893662e-5,train_fit_end_to_end
Austin Blythe,Blocker,9,209,600,-0.05165359883377179,lambda.min,-0.04650449860494101,0.07575363684694118,-0.20155515347618325,-0.10279141082507276,-0.0442228487443993,0.00346364148318214,0.08952907009023604,1000,1.039457465372263e-4,train_fit_end_to_end,200,396,-0.00122806837224495,lambda.min,-3.603906680047975e-4,0.00695183119460621,-0.01361679336544498,-0.00545443028530191,0,0.00430749299601022,0.01380445716105322,1000,8.240743309893662e-5,train_fit_end_to_end
Connor Mcgovern,Blocker,907,210,601,-0.05173123023440697,lambda.min,-0.05288574323011359,0.06468288526527816,-0.1818081274439008,-0.09212085184616577,-0.05319655447064873,-0.01119533649518692,0.07336740106579406,1000,1.039457465372263e-4,train_fit_end_to_end,320,908,-0.13072686163824845,lambda.min,-0.12845552161974377,0.10909476030804378,-0.3372335967962305,-0.20515760140417583,-0.1284532243039515,-0.05277299748290429,0.08772399512329172,1000,8.240743309893662e-5,train_fit_end_to_end
Lane Johnson,Blocker,735,211,602,-0.05236374664770676,lambda.min,-0.05097087450239714,0.08980053366748944,-0.22365628857404168,-0.1129592969600382,-0.05411353390335959,0.006798504228816,0.12667298084707404,1000,1.039457465372263e-4,train_fit_end_to_end,50,141,0.08899364659655869,lambda.min,0.08790269241832982,0.08205886724937293,-0.07344678146787365,0.03503274185324719,0.08884147208702169,0.14305721694434873,0.243857760521129,1000,8.240743309893662e-5,train_fit_end_to_end
Terron Armstead,Blocker,356,212,603,-0.0525008517914791,lambda.min,-0.04180987205194386,0.3085240359488113,-0.5860087532601662,-0.25561155282179965,-0.06517849554724622,0.16913802508612585,0.6106782233473271,1000,1.039457465372263e-4,train_fit_end_to_end,214,466,-0.00777296502056699,lambda.min,-0.01328974997077162,0.06882217428002603,-0.14331187553133973,-0.06017450919500684,-0.01165721470205336,0.03437523295926853,0.11901515857426836,1000,8.240743309893662e-5,train_fit_end_to_end
John Leglue,Blocker,393,213,608,-0.05473856353123162,lambda.min,-0.05084087989835798,0.05997126925375785,-0.17464445624977876,-0.08873179865936041,-0.05343126879878236,-0.00547237558799571,0.06311263451846416,1000,1.039457465372263e-4,train_fit_end_to_end,58,152,0.08035726555088057,lambda.min,0.0738744165447046,0.06632648936640374,-0.0583867655753994,0.03004609128919526,0.07634850831197312,0.11745890862551878,0.1973387157920291,1000,8.240743309893662e-5,train_fit_end_to_end
Jon Toth,Blocker,7,214,611,-0.05582677979163954,lambda.min,-0.05394065741186697,0.05571185985622529,-0.18006210833970948,-0.0780730599486531,-0.06410286026340078,0,0,1000,1.039457465372263e-4,train_fit_end_to_end,201,397,-0.0012287162693159,lambda.min,-5.490335734914842e-4,0.00160580721935778,-0.00354218821316356,-0.00149082925348594,0,0,0.00313967863036612,1000,8.240743309893662e-5,train_fit_end_to_end
Michael Dunn,Blocker,129,215,612,-0.05594351462535386,lambda.min,-0.05096235383084916,0.07350852016106474,-0.20195863053110852,-0.09767092551200177,-0.05249110695124008,0,0.07157900321045478,1000,1.039457465372263e-4,train_fit_end_to_end,290,821,-0.08098716757853312,lambda.min,-0.07650563866293388,0.10266493481503476,-0.30322420173284664,-0.13755145715525668,-0.07316955191694327,3.892094094823588e-4,0.05966321365988484,1000,8.240743309893662e-5,train_fit_end_to_end
Aj Jackson,Blocker,52,216,614,-0.05817532872536479,lambda.min,-0.07468272464531649,0.16813516719291524,-0.42600641150501894,-0.21943891235607957,0,0.06923610359985101,0.14968813142833198,1000,1.039457465372263e-4,train_fit_end_to_end,258,706,-0.04741303185173608,lambda.min,-0.05156075327298579,0.08680486571737187,-0.24155868752010104,-0.106190471061131,-0.03284843344467765,0,0.0637202255787086,1000,8.240743309893662e-5,train_fit_end_to_end
Laremy Tunsil,Blocker,228,217,617,-0.06010763267645384,lambda.min,-0.05636496074964525,0.1395211124200548,-0.35890220392891253,-0.1511971531856783,-0.04301458704844697,0.05121729671289619,0.16738874602992868,1000,1.039457465372263e-4,train_fit_end_to_end,40,125,0.10019014619008608,lambda.min,0.0934886076500034,0.04875927531887194,0.00416128453796197,0.055996662711475353,0.09133398357656047,0.12621475146537203,0.1961986393418803,1000,8.240743309893662e-5,train_fit_end_to_end
D'Ante Smith,Blocker,48,218,618,-0.06068375026888579,lambda.min,-0.04430940923320277,0.0380634571026645,-0.11754997852198688,-0.07541998991265203,-0.04401491571178614,-0.0087295039806651,0,1000,1.039457465372263e-4,train_fit_end_to_end,252,680,-0.04222065933264144,lambda.min,-0.03933166576175728,0.04396254587256683,-0.14134815437212356,-0.0609523853845858,-0.04431702173639064,0,0.00385588636655802,1000,8.240743309893662e-5,train_fit_end_to_end
David Bakhtiari,Blocker,26,219,623,-0.06379934074870472,lambda.min,-0.04984394497650379,0.05212531320354345,-0.1558304637986551,-0.08835953187826515,-0.05464795266981075,0,0,1000,1.039457465372263e-4,train_fit_end_to_end,163,317,0.00865973557150931,lambda.min,0.0099384872105762,0.01191563646865158,0,0,0.00839378446317458,0.01398520672309049,0.03889492600068991,1000,8.240743309893662e-5,train_fit_end_to_end
Prince Tega Wanogho,Blocker,4,220,628,-0.06567391137048029,lambda.min,-0.0653347128543424,0.05149976453227105,-0.18846824137205523,-0.09944764945872432,-0.05627246472508724,-0.02710980980272144,0,1000,1.039457465372263e-4,train_fit_end_to_end,213,450,-0.0055266565794111,lambda.min,-0.00535705885182368,0.00474048835859351,-0.01657874243111526,-0.00738198534854426,-0.00586171908318109,-8.397899017541106e-4,0,1000,8.240743309893662e-5,train_fit_end_to_end
Cornelius Lucas,Blocker,473,221,635,-0.06792921665646183,lambda.min,-0.06779483087753778,0.07999763537396003,-0.20550019423961752,-0.12440205309843085,-0.07086923775938925,-0.01418309183182028,0.09419054197875965,1000,1.039457465372263e-4,train_fit_end_to_end,138,281,0.0199774002568726,lambda.min,0.01789793442067102,0.07448270168842637,-0.12980353110988593,-0.03268539922709444,0.01947479766810496,0.0681654955589173,0.15463095535161497,1000,8.240743309893662e-5,train_fit_end_to_end
Landon Young,Blocker,66,222,637,-0.06851153777496756,lambda.min,-0.07987626086497204,0.092773125081171,-0.311776144551171,-0.13284157221405754,-0.06112443573878085,0,0.0452511660168606,1000,1.039457465372263e-4,train_fit_end_to_end,108,238,0.03517202079189721,lambda.min,0.03039988005391592,0.03847054495179466,-0.01805032535558942,0,0.03900651326540544,0.04821555930350701,0.11935999539302627,1000,8.240743309893662e-5,train_fit_end_to_end
Lucas Niang,Blocker,450,223,641,-0.07160682572368825,lambda.min,-0.0782193725637659,0.10790776101167789,-0.2922844526928646,-0.15150920609174875,-0.0788366801105331,-0.01112070985719453,0.1442249886552863,1000,1.039457465372263e-4,train_fit_end_to_end,137,278,0.02037760187906142,lambda.min,0.01520621034284754,0.07198262493359846,-0.12116112946931556,-0.03341002132772609,0.01552618357613136,0.06249047224150404,0.1560618269728949,1000,8.240743309893662e-5,train_fit_end_to_end
Daryl Williams,Blocker,942,224,642,-0.07162009064194404,lambda.min,-0.07516769983056726,0.08884940922794654,-0.2478311689320336,-0.1342342101025933,-0.08012319553443834,-0.01268867821892367,0.10764439090397368,1000,1.039457465372263e-4,train_fit_end_to_end,95,218,0.04963264571996972,lambda.min,0.03823307219908654,0.08157926642871485,-0.1192883613672384,-0.01539546465006134,0.03746554290382137,0.09646241884680712,0.19078374160790448,1000,8.240743309893662e-5,train_fit_end_to_end
Orlando Brown,Blocker,993,225,644,-0.07205631062737147,lambda.min,-0.07300454041407341,0.1084308247513854,-0.2688377334907855,-0.14371737549436536,-0.07473476668913728,-0.01074865522423697,0.15033065828210093,1000,1.039457465372263e-4,train_fit_end_to_end,225,540,-0.01671904337417885,lambda.min,-0.01682616096673524,0.10621655703749784,-0.2354342271505529,-0.09050199851357736,-0.01500917013300392,0.05584987644777362,0.18913708175022056,1000,8.240743309893662e-5,train_fit_end_to_end
Ronnie Stanley,Blocker,57,226,645,-0.07221478783598362,lambda.min,-0.05130121167305872,0.05977306597739112,-0.15683608069705415,-0.097535938404195,-0.0669085180649571,0,0.03640167932722461,1000,1.039457465372263e-4,train_fit_end_to_end,181,347,0.00439557986077688,lambda.min,0.01018803565808439,0.015071197005219,0,0.00212809823521801,0.00484694450286743,0.01093272401641548,0.05362418680009624,1000,8.240743309893662e-5,train_fit_end_to_end
Stone Forsythe,Blocker,11,227,646,-0.07353086648575444,lambda.min,-0.06224786558296921,0.06573695474034283,-0.2111602705099482,-0.09815118501956842,-0.07590962498854345,0,0,1000,1.039457465372263e-4,train_fit_end_to_end,190,371,0.00146410742334488,lambda.min,0.0028023862841543,0.0053643174562813,-0.00102635556874405,0,0,0.00347095109272086,0.0171209120809705,1000,8.240743309893662e-5,train_fit_end_to_end
Attauyo Nsekhe,Blocker,14,228,648,-0.07359879370696519,lambda.min,-0.05881691841978375,0.06169321642570949,-0.1880806644603548,-0.0951285833781641,-0.07311558027859011,0,0,1000,1.039457465372263e-4,train_fit_end_to_end,193,382,7.147131097471416e-4,lambda.min,0.00256415780042898,0.00460388204434462,-3.2434119202825345e-4,0,0,0.00308415121333826,0.01654051068803329,1000,8.240743309893662e-5,train_fit_end_to_end
Laken Tomlinson,Blocker,976,229,649,-0.07409139965829868,lambda.min,-0.0722804777386995,0.0670247128499865,-0.2022006560820581,-0.12053423873448564,-0.07026321013851905,-0.03033335913062707,0.06299830064207264,1000,1.039457465372263e-4,train_fit_end_to_end,57,150,0.08114343638948075,lambda.min,0.07841466455041031,0.11225369296489886,-0.16436030956048592,0.00560949192118985,0.08651615663183787,0.15917467502820545,0.27525032739789146,1000,8.240743309893662e-5,train_fit_end_to_end
Walker Little,Blocker,190,230,650,-0.0745042191190429,lambda.min,-0.06901572450490359,0.13505675192576944,-0.29195901250534007,-0.16665185826503903,-0.08285772212742418,0.01744364566843866,0.2272821811422345,1000,1.039457465372263e-4,train_fit_end_to_end,263,720,-0.05319948027504534,lambda.min,-0.04912749105390252,0.111327139659672,-0.29106272003786576,-0.12149417045690028,-0.04435183553315083,0.04269049426117946,0.12161595737154808,1000,8.240743309893662e-5,train_fit_end_to_end
Braden Smith,Blocker,566,231,653,-0.07478403799212376,lambda.min,-0.07543130097677651,0.101249005030623,-0.25051631449745043,-0.1443958214105412,-0.08190517890082694,-0.01603803646567099,0.14656981723037427,1000,1.039457465372263e-4,train_fit_end_to_end,36,110,0.11481232604352724,lambda.min,0.1106996420357586,0.07000593683220863,-0.0291596898039092,0.06553986667677157,0.10988295142546908,0.15812746506200265,0.24831381210370593,1000,8.240743309893662e-5,train_fit_end_to_end
Jamarco Jones,Blocker,156,232,654,-0.07512727441048718,lambda.min,-0.07378143700485483,0.11290734231103158,-0.25958973270089647,-0.1545449498159547,-0.08782202968935691,-0.00863604627201869,0.18275722357063895,1000,1.039457465372263e-4,train_fit_end_to_end,66,174,0.06926768866860326,lambda.min,0.06605164856934365,0.03291724158574104,0.00472804981741238,0.04270925220050417,0.06391851950813662,0.0874366397274138,0.1370724044116398,1000,8.240743309893662e-5,train_fit_end_to_end
Myron Cunningham,Blocker,14,233,657,-0.07692329080892635,lambda.min,-0.0675844429528082,0.06124650401330338,-0.20071000495253957,-0.10013156944605953,-0.07699770791485418,-0.01395359363622272,0,1000,1.039457465372263e-4,train_fit_end_to_end,188,365,0.00207519283512481,lambda.min,0.00308586870509444,0.00449583484181495,-0.00139221659376768,0,0.00144898484714126,0.00447173597416325,0.01495989068399004,1000,8.240743309893662e-5,train_fit_end_to_end
Austin Reiter,Blocker,359,234,660,-0.08002190942068878,lambda.min,-0.08400726267612846,0.16920117025263146,-0.39003759974031493,-0.19383295794343608,-0.08228227180626342,0.019151094115778,0.27031261028168385,1000,1.039457465372263e-4,train_fit_end_to_end,236,592,-0.02421332235289718,lambda.min,-0.02597503557278306,0.06976664428139998,-0.17512261323003014,-0.07500673954771472,-0.02071138893857135,0.0297006456953982,0.0915402750939956,1000,8.240743309893662e-5,train_fit_end_to_end
Jordan Simmons,Blocker,32,235,661,-0.08054567404973109,lambda.min,-0.07351445366235235,0.05678654255722053,-0.18867039740195912,-0.10694870371744485,-0.07825568435324587,-0.02013499412014308,0,1000,1.039457465372263e-4,train_fit_end_to_end,283,792,-0.07197072637509683,lambda.min,-0.07537064241201058,0.07749006342162436,-0.2556600711742039,-0.09254544589438768,-0.0872596484526027,-5.063593029006274e-4,0.00272433723439191,1000,8.240743309893662e-5,train_fit_end_to_end
Matt Skura,Blocker,615,236,662,-0.08090032701471556,lambda.min,-0.08345031792453897,0.11088987350262886,-0.30835348270843854,-0.15562458411944546,-0.08356717290156732,-0.00456462449246432,0.13245714855606278,1000,1.039457465372263e-4,train_fit_end_to_end,99,222,0.04787666208175904,lambda.min,0.04745029799026128,0.11859647806009328,-0.2052609523505136,-0.02956458332682455,0.06090995733938016,0.13768720943219348,0.24167087342339952,1000,8.240743309893662e-5,train_fit_end_to_end
Terence Steele,Blocker,721,237,665,-0.08391732423908635,lambda.min,-0.08134403040579384,0.1296041836699758,-0.31889966608678794,-0.1719981087819806,-0.08835758369230562,6.824135921428294e-5,0.19433771045897724,1000,1.039457465372263e-4,train_fit_end_to_end,17,73,0.14810807256992137,lambda.min,0.14830484016793047,0.11253007443322254,-0.10137332732169028,0.07068552017618492,0.16437853533332075,0.234056075726016,0.32944415833576024,1000,8.240743309893662e-5,train_fit_end_to_end
Brandon Knight,Blocker,2,238,670,-0.08560128348238498,lambda.min,-0.08460157563013919,0.0913543697212609,-0.2962703229678584,-0.11095334409313803,-0.10197387751408638,0,0,1000,1.039457465372263e-4,train_fit_end_to_end,215,474,-0.00849763474313738,lambda.min,-0.00790446280951408,0.00819943019640678,-0.02525919791588516,-0.01127015456894113,-0.00951345351806257,0,0,1000,8.240743309893662e-5,train_fit_end_to_end
Jesse Davis,Blocker,858,239,673,-0.08747981773411655,lambda.min,-0.08636997264493539,0.06477885526131709,-0.21342894982802543,-0.1293672144685254,-0.08709297937791324,-0.04521414417095308,0.04534692165625845,1000,1.039457465372263e-4,train_fit_end_to_end,224,526,-0.01519766250427545,lambda.min,-0.0150910710667533,0.1197258139329524,-0.2505879942137931,-0.09715661117978902,-0.00951146290336152,0.07167584451596654,0.2125385886330021,1000,8.240743309893662e-5,train_fit_end_to_end
Alex Bars,Blocker,32,240,679,-0.0920230215755513,lambda.min,-0.104490347386821,0.16496947571488002,-0.40282577127110664,-0.2202015198254267,-0.11636085764198632,0.00334828434335095,0.2346587983326862,1000,1.039457465372263e-4,train_fit_end_to_end,279,781,-0.06890064388982355,lambda.min,-0.0658264261464445,0.08132357149847586,-0.2688582719904184,-0.10406886825422086,-0.05801375156820675,-4.0321010873610886e-4,0.03496522024185955,1000,8.240743309893662e-5,train_fit_end_to_end
Nick Leverett,Blocker,13,241,681,-0.09230409811104402,lambda.min,-0.07562202059329638,0.07970782182529722,-0.24778417560491975,-0.11884108808527792,-0.09851813375610909,0,0,1000,1.039457465372263e-4,train_fit_end_to_end,197,392,-8.046363951375451e-4,lambda.min,0.00108333647265336,0.0032958043303377,-0.00259563894317272,0,0,0.00103896112031918,0.01122984033096503,1000,8.240743309893662e-5,train_fit_end_to_end
Phil Haynes,Blocker,152,242,686,-0.09793387575501424,lambda.min,-0.06395563156917754,0.0869208098423,-0.20784846802954637,-0.1288827749791099,-0.07299962948807454,0,0.12955856745291383,1000,1.039457465372263e-4,train_fit_end_to_end,84,202,0.05694721827397672,lambda.min,0.05615972386423449,0.03783311223801486,0,0.03016936784128061,0.04836628948000489,0.0763312118676095,0.14073447224251273,1000,8.240743309893662e-5,train_fit_end_to_end
Brian Winters,Blocker,16,243,688,-0.09851756267903372,lambda.min,-0.08580606676487226,0.0605490153250561,-0.19491191417894768,-0.13057574562100205,-0.08563641340459989,-0.0422900249477663,0,1000,1.039457465372263e-4,train_fit_end_to_end,194,385,5.38890342106876e-4,lambda.min,0.00125281229800612,0.00666573935669301,-0.00938776553298755,-0.00368307654943427,0,0.00333167697598481,0.01945473312739173,1000,8.240743309893662e-5,train_fit_end_to_end
Andrew Wylie,Blocker,491,244,690,-0.09883395273250502,lambda.min,-0.09942066329613086,0.09759462216014596,-0.28431683483878395,-0.16711205325935968,-0.09707343063064164,-0.02700910879831566,0.08372234550528829,1000,1.039457465372263e-4,train_fit_end_to_end,282,791,-0.0719586986412104,lambda.min,-0.06893116705850494,0.10742107011795766,-0.2942443022491041,-0.14046489450599908,-0.06654813814065981,0.005984431715052,0.1204010901869783,1000,8.240743309893662e-5,train_fit_end_to_end
Justin Britt,Blocker,623,245,691,-0.09897038456706192,lambda.min,-0.09811015113561046,0.08633857913459107,-0.2563715970355685,-0.15420985981133023,-0.1031933611960114,-0.04434972655833168,0.08569550337333078,1000,1.039457465372263e-4,train_fit_end_to_end,121,260,0.02877537608216548,lambda.min,0.0239125435100614,0.11264730649221516,-0.2214102467902012,-0.05574759885850294,0.03303210944746651,0.10736239960028038,0.209888950601659,1000,8.240743309893662e-5,train_fit_end_to_end
Jedrick Wills Jr.,Blocker,676,246,693,-0.09971202505050732,lambda.min,-0.11445723649362304,0.11066731692780887,-0.32958744865457784,-0.18650667774853869,-0.11339512397012184,-0.04641206941761831,0.1073451965632946,1000,1.039457465372263e-4,train_fit_end_to_end,334,947,-0.1832539819663827,lambda.min,-0.17961909062153156,0.14531672011874527,-0.46266929988454647,-0.27737985572138824,-0.1707815906474354,-0.07379732561977412,0.07457314109475852,1000,8.240743309893662e-5,train_fit_end_to_end
David Quessenberry,Blocker,1014,247,695,-0.10139390571282789,lambda.min,-0.0989932871973918,0.09623614213204472,-0.28036085508629843,-0.16172455634144922,-0.09986352074102196,-0.03157897788224127,0.09803519176183588,1000,1.039457465372263e-4,train_fit_end_to_end,278,780,-0.06798347775141228,lambda.min,-0.06944434427065613,0.10066356564056796,-0.2638549879018185,-0.13736436355141998,-0.07228518271883827,-0.00166031499064739,0.13427761586907774,1000,8.240743309893662e-5,train_fit_end_to_end
Netane Muti,Blocker,325,248,697,-0.10185596590578631,lambda.min,-0.1039556335563378,0.12539589100310056,-0.3393673916661568,-0.1886665681099322,-0.1059738292769098,-0.02275250485501001,0.15307143394729555,1000,1.039457465372263e-4,train_fit_end_to_end,343,963,-0.2358926787618108,lambda.min,-0.2326206140438595,0.11815413286887903,-0.4736624181949689,-0.3145031955479012,-0.2291175538246033,-0.14580807814420582,-0.00930022355702811,1000,8.240743309893662e-5,train_fit_end_to_end
Geron Christian Sr.,Blocker,471,249,698,-0.10236780869155555,lambda.min,-0.11491196477728977,0.1570887676050449,-0.4275811385032518,-0.21856444576144468,-0.11135151674775064,0.00159336993559708,0.16731783434377143,1000,1.039457465372263e-4,train_fit_end_to_end,68,176,0.06892651002651815,lambda.min,0.06577248254652276,0.07940470527945684,-0.10072919923348876,0.01617247405015696,0.06731092605914864,0.1221387987014443,0.21044245275074552,1000,8.240743309893662e-5,train_fit_end_to_end
Cedric Ogbuehi,Blocker,41,250,699,-0.10239234765736543,lambda.min,-0.07542012306740013,0.07268957215836624,-0.20424622653640745,-0.1335536218947294,-0.10087211364574468,0,0,1000,1.039457465372263e-4,train_fit_end_to_end,273,761,-0.0637594925415815,lambda.min,-0.05688848405481925,0.05949312570478949,-0.19522820002165456,-0.08134816772123318,-0.07519234328189958,0,0,1000,8.240743309893662e-5,train_fit_end_to_end
Teven Jenkins,Blocker,133,251,701,-0.10281647595146932,lambda.min,-0.0942988101410946,0.1058749287560872,-0.2887849056065026,-0.17595407086865517,-0.09696072781713888,-0.0126276251802542,0.10581552308336632,1000,1.039457465372263e-4,train_fit_end_to_end,326,923,-0.14409664865478722,lambda.min,-0.13331842861686713,0.12264775735799548,-0.3986966907598708,-0.217432610537166,-0.1286918807347957,-0.031916358594801283,0.05227563683995082,1000,8.240743309893662e-5,train_fit_end_to_end
Alex Leatherwood,Blocker,1027,252,704,-0.10464249386466354,lambda.min,-0.1083703624859006,0.09068917164809266,-0.2788029534740583,-0.17131547237753,-0.11114084419757224,-0.04328418177610431,0.06846600090875847,1000,1.039457465372263e-4,train_fit_end_to_end,275,769,-0.06497736109137947,lambda.min,-0.06632916754203808,0.1099807885158864,-0.28083748725911395,-0.1399609119396271,-0.06651198122124241,0.0146513924813012,0.1377122576958282,1000,8.240743309893662e-5,train_fit_end_to_end
Taylor Moton,Blocker,884,253,711,-0.1087030167608723,lambda.min,-0.1127302657007347,0.1085426144798872,-0.3281665492671857,-0.18153294012238255,-0.11288592278515064,-0.03631508091479386,0.10322375910468752,1000,1.039457465372263e-4,train_fit_end_to_end,10,57,0.17499134121022275,lambda.min,0.1705829335781007,0.07488056976690133,0.01529535931106026,0.11630848479158191,0.176912295367208,0.2224863598139034,0.30474874195739315,1000,8.240743309893662e-5,train_fit_end_to_end
Quinn Meinerz,Blocker,601,254,713,-0.10910180682250126,lambda.min,-0.09655559145062811,0.1166647494628478,-0.30426279063969486,-0.17505771816635757,-0.10212689367618664,-0.02360766025452584,0.1398365729305942,1000,1.039457465372263e-4,train_fit_end_to_end,62,165,0.07192754188453493,lambda.min,0.07187291478769291,0.10985858675581003,-0.16484865292131115,0.0053343453203947,0.08776758739576118,0.1540238922812079,0.2414522120194383,1000,8.240743309893662e-5,train_fit_end_to_end
Trystan Colon,Blocker,143,255,719,-0.11277157758311496,lambda.min,-0.12460861681319987,0.09242410409503823,-0.30939079467620156,-0.181664438056804,-0.1211996132687928,-0.06524118826425157,0.0453489977837204,1000,1.039457465372263e-4,train_fit_end_to_end,102,226,0.0439911569204864,lambda.min,0.03771798665076583,0.0348260122847114,-0.01333906593411954,0.00721723070337679,0.03817014194444283,0.06153894092530997,0.11177166732295564,1000,8.240743309893662e-5,train_fit_end_to_end
Elgton Jenkins,Blocker,410,256,720,-0.1135367444426984,lambda.min,-0.09670728915650773,0.11938667796074176,-0.32400150398234573,-0.1782744448807472,-0.10270673790720349,-0.01663869087166756,0.14960310987334696,1000,1.039457465372263e-4,train_fit_end_to_end,306,866,-0.1042360792222194,lambda.min,-0.09831515200054348,0.08257412971695713,-0.2633622689591355,-0.15135767329558236,-0.1011877630714359,-0.04194982301664663,0.06455298253814004,1000,8.240743309893662e-5,train_fit_end_to_end
Jaylon Moore,Blocker,123,257,722,-0.114774969855247,lambda.min,-0.09755459397692794,0.10052780373888312,-0.24597325514083912,-0.16679661757908484,-0.11627567793584025,-0.03854434655947961,0.13445562693872182,1000,1.039457465372263e-4,train_fit_end_to_end,74,189,0.06381496688619225,lambda.min,0.05979173283360174,0.03430355189097282,0,0.03327857350406978,0.05756712893188916,0.08181125215535948,0.1327283115191263,1000,8.240743309893662e-5,train_fit_end_to_end
Chris Hubbard,Blocker,34,258,723,-0.11510083291021568,lambda.min,-0.08672473869322524,0.08169041122907311,-0.22860957366068105,-0.15111310507490175,-0.11538691369317412,0,0,1000,1.039457465372263e-4,train_fit_end_to_end,266,742,-0.05790897005118234,lambda.min,-0.05467484937809661,0.05540139346364083,-0.17902592209062757,-0.0751511509248509,-0.06889408772988118,0,0,1000,8.240743309893662e-5,train_fit_end_to_end
Parker Ehinger,Blocker,7,259,724,-0.11586148457876744,lambda.min,-0.10497535190799095,0.10631339073079948,-0.33547397271173457,-0.146186689256831,-0.13789376321390184,0,0,1000,1.039457465372263e-4,train_fit_end_to_end,217,481,-0.00886674564996824,lambda.min,-0.00673553562644182,0.00627527415786085,-0.0168466938415521,-0.01135238416112451,-0.00966025515820685,0,0,1000,8.240743309893662e-5,train_fit_end_to_end
James Hudson III,Blocker,270,260,725,-0.11618061009783348,lambda.min,-0.11421373232471654,0.1706678120389242,-0.4399650651454391,-0.22984723708379864,-0.11941909036086826,0.0106880058171856,0.20575541058543276,1000,1.039457465372263e-4,train_fit_end_to_end,318,901,-0.12381387578784551,lambda.min,-0.0975975112723565,0.17893101605460948,-0.4809024940232991,-0.21575318809591992,-0.10267667596964423,0.05981188577399127,0.14502749030458817,1000,8.240743309893662e-5,train_fit_end_to_end
Rashawn Slater,Blocker,932,261,728,-0.118031009948338,lambda.min,-0.12824086944166,0.09946551777906884,-0.32785608717105175,-0.19300828346123128,-0.12799132211562253,-0.065527033324234693,0.0759712407622844,1000,1.039457465372263e-4,train_fit_end_to_end,11,58,0.17383589401489308,lambda.min,0.16784579156132468,0.10543764267767942,-0.06225933707919512,0.09896954679367466,0.1753286266035202,0.2464621397909228,0.35206453133919907,1000,8.240743309893662e-5,train_fit_end_to_end
Jordan Mailata,Blocker,781,262,729,-0.11885993273063453,lambda.min,-0.11673360111764744,0.10137581383676889,-0.30262794759287975,-0.18432031892603207,-0.12277607361719248,-0.0509996131710891,0.09650274058037772,1000,1.039457465372263e-4,train_fit_end_to_end,235,590,-0.02402695247337216,lambda.min,-0.02511592954112419,0.0821619488969901,-0.18124321644233415,-0.08079206921428293,-0.0276554014228272,0.02726644172536255,0.13966049114226614,1000,8.240743309893662e-5,train_fit_end_to_end
Riley Reiff,Blocker,539,263,731,-0.11967791057910553,lambda.min,-0.1200735081167125,0.0582273740046508,-0.2275585124937736,-0.15919327063241845,-0.11995532437330804,-0.08739872496300764,0.0031489690330196,1000,1.039457465372263e-4,train_fit_end_to_end,39,122,0.1019153353922741,lambda.min,0.09440413184639589,0.08644271109679688,-0.0798622235593648,0.0367746049547356,0.099380758613438,0.16046818487913145,0.2538324376103651,1000,8.240743309893662e-5,train_fit_end_to_end
Isaiah Williams,Blocker,6,264,733,-0.12072137478308342,lambda.min,-0.11034286762350648,0.11259897775968532,-0.37537807475249046,-0.15278020357835123,-0.14536198590387464,0,0,1000,1.039457465372263e-4,train_fit_end_to_end,220,489,-0.00976602264893261,lambda.min,-0.00771646846789555,0.00753860919653727,-0.02116196421567631,-0.0124894959362759,-0.01091535554420332,0,0,1000,8.240743309893662e-5,train_fit_end_to_end
Aaron Brewer,Blocker,452,265,735,-0.1228167295456994,lambda.min,-0.135924248315924,0.08152327796782903,-0.30150174918516676,-0.1888132646160648,-0.13469276692253257,-0.0836269900009081,0.02791047625703103,1000,1.039457465372263e-4,train_fit_end_to_end,348,968,-0.3729994001302416,lambda.min,-0.3600901060344242,0.11962225211265412,-0.589391124150961,-0.44371048896303233,-0.3577283980027619,-0.2763765363887717,-0.13463476701343335,1000,8.240743309893662e-5,train_fit_end_to_end
Kolton Miller,Blocker,1057,266,741,-0.1259607298817619,lambda.min,-0.12812438051262498,0.06851004295730018,-0.26407360251332773,-0.17252894049015477,-0.12933844206715917,-0.08491586207906604,0.00854772409700593,1000,1.039457465372263e-4,train_fit_end_to_end,37,116,0.10853083839989616,lambda.min,0.10195159135868238,0.08982160325253606,-0.07598121519381523,0.04235194945330431,0.10634734340273594,0.15828055114152884,0.2714379330553967,1000,8.240743309893662e-5,train_fit_end_to_end
Trent Williams,Blocker,812,267,742,-0.12654755553516206,lambda.min,-0.1264934483693713,0.08942538370207684,-0.2785509569993321,-0.18985663496506316,-0.13604048280315445,-0.0695861039750029,0.06635150057385394,1000,1.039457465372263e-4,train_fit_end_to_end,9,55,0.17854086092684016,lambda.min,0.1776364960973835,0.07810095130010337,0.02009106613776261,0.12588392431436102,0.1802067005089391,0.23752001865288583,0.31173505619907543,1000,8.240743309893662e-5,train_fit_end_to_end
Mike Mcglinchey,Blocker,392,268,745,-0.1283325294350653,lambda.min,-0.1283681626151455,0.08080408266442614,-0.2674453247858329,-0.18048035215108707,-0.13473895516170675,-0.08137429302603455,0.05196179980214438,1000,1.039457465372263e-4,train_fit_end_to_end,277,777,-0.06704270474812361,lambda.min,-0.06385140857465525,0.11177325897351698,-0.29419240886013576,-0.13209233876282497,-0.06078049188809441,0.01933873028485475,0.12945826180952164,1000,8.240743309893662e-5,train_fit_end_to_end
Taylor Decker,Blocker,479,269,751,-0.13192752430636212,lambda.min,-0.12187353797691862,0.10539280179728158,-0.31669028151352513,-0.19209911925094383,-0.12414450509423224,-0.05662396087170736,0.09018148666059853,1000,1.039457465372263e-4,train_fit_end_to_end,112,243,0.03397302658485547,lambda.min,0.02747091869456644,0.07698218773847505,-0.12026216037568264,-0.0270347563431053,0.02571559966767,0.07904599437598435,0.1811257832666908,1000,8.240743309893662e-5,train_fit_end_to_end
A.J. Cann,Blocker,215,270,752,-0.13273911314074702,lambda.min,-0.12262712854751846,0.10557179201656694,-0.3039575068782999,-0.20930689272296849,-0.12163439184237151,-0.04231185401699446,0.08077387592319582,1000,1.039457465372263e-4,train_fit_end_to_end,189,366,0.00205095162102136,lambda.min,-4.51623204602382e-4,0.04523399107526269,-0.10037782882769088,-0.02924286722501653,0.00245085637377841,0.0293397721159901,0.07970446857068852,1000,8.240743309893662e-5,train_fit_end_to_end
Michael Deiter,Blocker,530,271,754,-0.13296446074725587,lambda.min,-0.13128050871291455,0.0919399855115872,-0.2962732842309056,-0.19516872289175136,-0.13478815943364866,-0.07316143186044359,0.06398163238487833,1000,1.039457465372263e-4,train_fit_end_to_end,72,185,0.06488068598806297,lambda.min,0.05530975550243549,0.07096748535920178,-0.08390876029022076,0.00624958398832795,0.05540286023746092,0.10626252461184012,0.18984647574170976,1000,8.240743309893662e-5,train_fit_end_to_end
Bryan Bulaga,Blocker,44,272,755,-0.13368705891377083,lambda.min,-0.09643068021993918,0.0937431128635879,-0.26152023852835027,-0.17370468149425514,-0.1306844153124953,0,0,1000,1.039457465372263e-4,train_fit_end_to_end,144,289,0.01669639321283518,lambda.min,0.01779064932761673,0.02129802691003134,0,0,0.01768792917687272,0.02373482859664573,0.0712258166258202,1000,8.240743309893662e-5,train_fit_end_to_end
Michael Jordan,Blocker,558,273,757,-0.13403240471158845,lambda.min,-0.13382405525102617,0.09553689304122606,-0.30695221513595133,-0.198670973067796,-0.13919978491243967,-0.07518695762327109,0.06114615157625627,1000,1.039457465372263e-4,train_fit_end_to_end,186,361,0.00270431498815092,lambda.min,0.0033252314802707,0.10319574024181764,-0.224678282713966,-0.06225744783035953,0.0172187567506053,0.0768558604650365,0.17050842636820415,1000,8.240743309893662e-5,train_fit_end_to_end
Rodger Saffold,Blocker,808,274,759,-0.1355193645201554,lambda.min,-0.13355774918887622,0.08587977445197562,-0.2952653027998383,-0.19165991329461124,-0.13670963525865815,-0.0797337011070193,0.03694606059156889,1000,1.039457465372263e-4,train_fit_end_to_end,18,74,0.1478054887798506,lambda.min,0.14075889835943628,0.07261224611379076,-0.01269661473936297,0.09414986827646955,0.14298614496923298,0.1914399848491012,0.2761329630884606,1000,8.240743309893662e-5,train_fit_end_to_end
Tyre Phillips,Blocker,344,275,761,-0.1377550750336015,lambda.min,-0.13379706627456206,0.14589172286063393,-0.4159307717677386,-0.24060520316631137,-0.12557948838637792,-0.03024073910709309,0.15010400198732163,1000,1.039457465372263e-4,train_fit_end_to_end,272,758,-0.06320786290621402,lambda.min,-0.0515558804634642,0.10755719997199814,-0.26269876274322257,-0.12556115258371212,-0.04389691909694739,0.03361733025917435,0.12807580192088103,1000,8.240743309893662e-5,train_fit_end_to_end
Cam Robinson,Blocker,753,276,762,-0.13785526117494018,lambda.min,-0.14101777909876337,0.05975480572806535,-0.2671340661419786,-0.1767425328809633,-0.13956509852760374,-0.10567462977343133,-0.02162519879911072,1000,1.039457465372263e-4,train_fit_end_to_end,147,294,0.01457694664967011,lambda.min,0.01848097537156168,0.09043460265185088,-0.16000536721505595,-0.04221218406446724,0.01313209904690037,0.08205124563527033,0.1941179180896353,1000,8.240743309893662e-5,train_fit_end_to_end
Nick Martin,Blocker,9,277,764,-0.13815554894830634,lambda.min,-0.11990496961260458,0.15832153468711016,-0.4989799801852086,-0.1972641564019359,-0.1484876389825976,0.01793624285655337,0.06544194026737601,1000,1.039457465372263e-4,train_fit_end_to_end,219,487,-0.00938205824285617,lambda.min,-0.00646418247973088,0.01096602656087881,-0.02621868913870477,-0.01514408982712773,-0.00778895922192583,0.00293944470311423,0.00898211622727047,1000,8.240743309893662e-5,train_fit_end_to_end
Julie'N Davenport,Blocker,247,278,766,-0.13964620043318168,lambda.min,-0.1288979034216552,0.18846971596918535,-0.4169497982088598,-0.2777857043048027,-0.14445421724813118,-0.01394773018943761,0.30152964992604336,1000,1.039457465372263e-4,train_fit_end_to_end,293,830,-0.08282222833069498,lambda.min,-0.08007512815806303,0.1097331566459083,-0.3060548840314465,-0.15520088098611973,-0.07681114485616476,0.01115761543361221,0.09853955575666898,1000,8.240743309893662e-5,train_fit_end_to_end
Colby Gossett,Blocker,68,279,768,-0.14086505502352625,lambda.min,-0.12602498018247668,0.12910466907195942,-0.3732164843925187,-0.21183377915269536,-0.13729645023966858,-0.03938592546727824,0.11933733064256394,1000,1.039457465372263e-4,train_fit_end_to_end,255,692,-0.04395267995057669,lambda.min,-0.04014593133022112,0.05058142936285728,-0.15484224802934027,-0.06469151274780681,-0.0473410660268149,0.00633747105330196,0.02378608125431274,1000,8.240743309893662e-5,train_fit_end_to_end
Alex Mack,Blocker,1020,280,770,-0.14233932886258127,lambda.min,-0.14125251713791315,0.09445958456172862,-0.33056139297202736,-0.20152515845570976,-0.1407410422370119,-0.07875784909629069,0.04242667698051955,1000,1.039457465372263e-4,train_fit_end_to_end,209,433,-0.00398392566425947,lambda.min,-0.01093273072559045,0.14342683775468618,-0.31304519004765874,-0.11140225125589996,-0.00340813225183396,0.09662373856129376,0.23305345055126003,1000,8.240743309893662e-5,train_fit_end_to_end
Chris Reed,Blocker,479,281,774,-0.14464413929905742,lambda.min,-0.14672273756306695,0.07751487560487162,-0.3011428534323419,-0.20080505996205317,-0.14377072562219398,-0.0901215841960216,-0.00276174182253619,1000,1.039457465372263e-4,train_fit_end_to_end,16,66,0.15886821134196055,lambda.min,0.14981728721301477,0.04652312906054879,0.05725318085167258,0.11730228829571691,0.1504808599029371,0.18155511418992396,0.23708124421219515,1000,8.240743309893662e-5,train_fit_end_to_end
Iosua Opeta,Blocker,152,282,775,-0.14495843663802807,lambda.min,-0.14281352808838166,0.08882729825833757,-0.32780554528481437,-0.19877269711860035,-0.136281110161862,-0.08465483327914534,0.00996271351396612,1000,1.039457465372263e-4,train_fit_end_to_end,329,927,-0.1465606824297775,lambda.min,-0.1444685669463128,0.09414787494075576,-0.3393483886992128,-0.20348984812232368,-0.13207222670627414,-0.08825339296026462,0.00314448059762815,1000,8.240743309893662e-5,train_fit_end_to_end
Casey Tucker,Blocker,11,283,776,-0.14536040918304566,lambda.min,-0.11911654551283354,0.1251147336320407,-0.3912738874160897,-0.18550888948708505,-0.15406219795224155,0,0,1000,1.039457465372263e-4,train_fit_end_to_end,228,550,-0.01775240795616628,lambda.min,-0.01359589230214577,0.01374706580828385,-0.03951034094594621,-0.02289958112961155,-0.01797218863658835,0,0,1000,8.240743309893662e-5,train_fit_end_to_end
Ryan Mccollum,Blocker,94,284,780,-0.14969218785383445,lambda.min,-0.1342614148251323,0.07915993935398562,-0.2873065712482777,-0.1877777239660332,-0.14037954949391593,-0.0764420174899206,0.01311799069356991,1000,1.039457465372263e-4,train_fit_end_to_end,305,865,-0.10399352489439374,lambda.min,-0.10172013955907291,0.0728090310307889,-0.24965635643613443,-0.15163484915047118,-0.08872890205853157,-0.05550878195932347,0.00548941108983194,1000,8.240743309893662e-5,train_fit_end_to_end
Jake Matthews,Blocker,779,285,783,-0.15292591534198785,lambda.min,-0.15374170566032463,0.08707042920994536,-0.31732550884765914,-0.21214458332543396,-0.1577782318607563,-0.10204415215154952,0.03719004316460293,1000,1.039457465372263e-4,train_fit_end_to_end,119,255,0.02933270221097283,lambda.min,0.02621024793266416,0.0814746932022021,-0.13422351686681896,-0.0324701524742566,0.024907564836751,0.07964799169873552,0.18584533401350783,1000,8.240743309893662e-5,train_fit_end_to_end
Corey Levin,Blocker,43,286,786,-0.15450601321834617,lambda.min,-0.15441399801661393,0.10016662632527767,-0.3783595718566858,-0.20838065063903663,-0.14596850303577466,-0.08152408128181471,0,1000,1.039457465372263e-4,train_fit_end_to_end,151,299,0.01316142951862942,lambda.min,0.01101930041857384,0.02008693489710106,-0.02730410645701007,-0.00230414175892315,0.01004367908601744,0.02370225305739836,0.0507039965467081,1000,8.240743309893662e-5,train_fit_end_to_end
Solomon Kindley,Blocker,109,287,790,-0.1566265417700863,lambda.min,-0.1478467271565484,0.1210698789313038,-0.3784442363092804,-0.24948578992521925,-0.14759075691720325,-0.03891662280530932,0.02146361809927049,1000,1.039457465372263e-4,train_fit_end_to_end,257,703,-0.04655965295366421,lambda.min,-0.04540825487478547,0.03910388919014752,-0.13431596084880804,-0.0648761888118597,-0.04228941263387742,-0.01374537568377652,0.00387708058778326,1000,8.240743309893662e-5,train_fit_end_to_end
Rashod Hill,Blocker,309,288,801,-0.16698595508266834,lambda.min,-0.1402361652724401,0.14221679623781025,-0.3812957976632207,-0.23561538310843405,-0.16006630974838554,-0.05767598688583335,0.22468539463114184,1000,1.039457465372263e-4,train_fit_end_to_end,46,137,0.09164508742196212,lambda.min,0.08184526120153146,0.08115754908417472,-0.08419110969119409,0.03115053267913131,0.08294568644319024,0.14011409147963097,0.22695728855582517,1000,8.240743309893662e-5,train_fit_end_to_end
Robert Hainsey,Blocker,15,289,803,-0.17063301860764624,lambda.min,-0.16656977214024557,0.1162630338580875,-0.4081037579025901,-0.243382051258634,-0.16046275839246354,-0.08558265961549605,0.02376987901484908,1000,1.039457465372263e-4,train_fit_end_to_end,218,484,-0.00900520605110595,lambda.min,-0.00827954244724535,0.00989573214809627,-0.02923210385066493,-0.01443743472013415,-0.00785469319906968,-9.014191059933532e-4,0.00974177956491873,1000,8.240743309893662e-5,train_fit_end_to_end
Tyron Smith,Blocker,560,290,806,-0.17603791525200485,lambda.min,-0.1723769251473703,0.10086996806196712,-0.35235614648481683,-0.24305917553292744,-0.17795936718545835,-0.1091232314344686,0.04187141308454029,1000,1.039457465372263e-4,train_fit_end_to_end,148,295,0.01445281683500754,lambda.min,0.01343060986910022,0.08003133943557414,-0.1410113608567199,-0.04224304564586888,0.0135562581934059,0.06899086204892443,0.17574376484032028,1000,8.240743309893662e-5,train_fit_end_to_end
Joe Haeg,Blocker,262,291,809,-0.17649130610128264,lambda.min,-0.17510210407253218,0.14881979379297317,-0.4650296556023481,-0.2723965908390529,-0.17193939155955068,-0.06684881153785113,0.10294414204534497,1000,1.039457465372263e-4,train_fit_end_to_end,280,787,-0.07099028697552175,lambda.min,-0.07159661618119975,0.13307813070118477,-0.3622611726383963,-0.1546771581969395,-0.06012139546847841,0.02611454381874544,0.14071104954672967,1000,8.240743309893662e-5,train_fit_end_to_end
James Ferentz,Blocker,104,292,815,-0.17872701886540662,lambda.min,-0.14967468915744636,0.09276900387027565,-0.2858982032473186,-0.21594039884426589,-0.16909407016218375,-0.1043161695598178,0.03304089921561092,1000,1.039457465372263e-4,train_fit_end_to_end,237,593,-0.02442850811484016,lambda.min,-0.02141903172033134,0.05810734621507751,-0.1519652171529042,-0.06116808296466446,0,0.02154114460584636,0.06839278433498919,1000,8.240743309893662e-5,train_fit_end_to_end
Sam Cosmi,Blocker,372,293,817,-0.17967339874930163,lambda.min,-0.17707805577321778,0.1122367340231952,-0.3932965915834739,-0.25663133976108105,-0.17529775976440864,-0.09792903630018723,0.03864123864781339,1000,1.039457465372263e-4,train_fit_end_to_end,294,833,-0.0834498195175405,lambda.min,-0.08331350257701911,0.08471545214932891,-0.25901678650631577,-0.1399959089226814,-0.08317161320461569,-0.02460415184177811,0.07836305430443921,1000,8.240743309893662e-5,train_fit_end_to_end
Jawaan Taylor,Blocker,956,294,818,-0.17981423194263949,lambda.min,-0.17799942524233694,0.08151990166584375,-0.3316325295801384,-0.2344570631986367,-0.18119923973756247,-0.12363402980470596,-0.0079318982077447309,1000,1.039457465372263e-4,train_fit_end_to_end,15,64,0.1654850736931609,lambda.min,0.16780681761963123,0.08364018237031924,-0.00754346601741969,0.1120271270499902,0.17062180620980788,0.22346293356860664,0.32453357419049034,1000,8.240743309893662e-5,train_fit_end_to_end
Joe Noteboom,Blocker,30,295,819,-0.18112217758435237,lambda.min,-0.15798831365627145,0.14352788763687366,-0.4829380245187605,-0.23446872563925408,-0.19817493057457583,-0.01857534373202234,0,1000,1.039457465372263e-4,train_fit_end_to_end,173,336,0.00533065995060382,lambda.min,0.00597519134748099,0.01311004850887609,-0.01193338861264575,0,0.00610751551936719,0.01224393861632305,0.0353304638024973,1000,8.240743309893662e-5,train_fit_end_to_end
Tom Compton,Blocker,515,296,820,-0.1822599158715096,lambda.min,-0.16587317232533544,0.1448330092752101,-0.4153003239318415,-0.2626673125298786,-0.17530888992166532,-0.07704421307086906,0.14111126784539138,1000,1.039457465372263e-4,train_fit_end_to_end,317,900,-0.12320639723488976,lambda.min,-0.11286733011869028,0.13551245915687854,-0.3614620065048234,-0.2072585082316406,-0.11534388898370124,-0.01576138175966233,0.1486860367253829,1000,8.240743309893662e-5,train_fit_end_to_end
Ty Sambrailo,Blocker,117,297,821,-0.18402580437264512,lambda.min,-0.1463785191116161,0.10937788794427251,-0.3055961957971679,-0.22955409545505084,-0.17778100167119745,-0.07088273928373759,0.06873396616023657,1000,1.039457465372263e-4,train_fit_end_to_end,86,204,0.05628830184672093,lambda.min,0.05322062062339506,0.04379492087389788,0,0.01529866984185945,0.04758400806242026,0.08240333659183582,0.15359624166682048,1000,8.240743309893662e-5,train_fit_end_to_end
Matt Pryor,Blocker,363,298,822,-0.1841997279929772,lambda.min,-0.20020140956210736,0.1289795370725466,-0.4767229267331736,-0.2804655459711921,-0.19392927177486743,-0.11002200017853551,0.02029656449616565,1000,1.039457465372263e-4,train_fit_end_to_end,139,282,0.0198389095012312,lambda.min,0.01618260877095117,0.08268281691498909,-0.16748117019242925,-0.03740771627133872,0.01934530377794425,0.07747855352223551,0.1591393167460244,1000,8.240743309893662e-5,train_fit_end_to_end
Jonah Williams,Blocker,863,299,829,-0.1880927042989279,lambda.min,-0.19045809091787105,0.08322997922241762,-0.34633732069819606,-0.24850828063177588,-0.19035166753818705,-0.13371672458429829,-0.02827199406765721,1000,1.039457465372263e-4,train_fit_end_to_end,152,300,0.01289015665049759,lambda.min,0.01012948567014066,0.07758596816926276,-0.13899318979366448,-0.04173315560489413,0.00930258261011953,0.06339898775230962,0.15870247797953912,1000,8.240743309893662e-5,train_fit_end_to_end
Dennis Daley,Blocker,535,300,831,-0.1894648997000183,lambda.min,-0.18527483032564743,0.14392581038788976,-0.46391826910495726,-0.2851822282309179,-0.183441438204286,-0.08444703116892387,0.0932471261382225,1000,1.039457465372263e-4,train_fit_end_to_end,345,965,-0.2500701119646678,lambda.min,-0.2273081729996382,0.184011733039366,-0.5812605361755322,-0.35971581632286814,-0.23374784907913232,-0.06805024308704305,0.08008833341117537,1000,8.240743309893662e-5,train_fit_end_to_end
Will Holden,Blocker,65,301,834,-0.19218927789033655,lambda.min,-0.17262609020377506,0.13377246012202468,-0.4106128674040643,-0.27239995606092254,-0.17761506259958365,-0.07621139028871535,0.06192081874746479,1000,1.039457465372263e-4,train_fit_end_to_end,314,890,-0.1184703267391448,lambda.min,-0.12118708105143693,0.10154350684725716,-0.3380204595222289,-0.17445309689559646,-0.09911210837584752,-0.0551384928360742,0.03211761288619547,1000,8.240743309893662e-5,train_fit_end_to_end
Storm Norton,Blocker,901,302,839,-0.1945798773051818,lambda.min,-0.19883573470945848,0.06610412216997469,-0.3262651305692437,-0.24533432232569372,-0.19906659350958955,-0.15469052323312632,-0.06879575925366911,1000,1.039457465372263e-4,train_fit_end_to_end,288,809,-0.07725334046137891,lambda.min,-0.07820419845642464,0.0948429193224246,-0.24655641139588785,-0.14150342902184415,-0.08243091636963715,-0.01635095435499907,0.11186584594668995,1000,8.240743309893662e-5,train_fit_end_to_end
Fred Johnson,Blocker,93,303,840,-0.19621159696587728,lambda.min,-0.15717907227228958,0.1972561739499535,-0.4818142471614897,-0.2964166077325866,-0.18764606040001364,-0.0268307519857741,0.2699138563621745,1000,1.039457465372263e-4,train_fit_end_to_end,140,284,0.0191337286552435,lambda.min,0.02142458777236125,0.01886252419031583,-0.01689758365495221,0.00776281580258615,0.02153355239683137,0.03388374978628742,0.0600787700089462,1000,8.240743309893662e-5,train_fit_end_to_end
Matt Nelson,Blocker,609,304,842,-0.19709249649588417,lambda.min,-0.19879094911313944,0.08348050920955999,-0.3738189978119805,-0.25323214484948164,-0.19884467221919536,-0.14289282952285057,-0.03926702083288316,1000,1.039457465372263e-4,train_fit_end_to_end,120,257,0.02909785604348216,lambda.min,0.02446539288847299,0.10802775906996737,-0.1985919389832717,-0.04571395266826199,0.02913486428492196,0.10349254209676764,0.22105190665204583,1000,8.240743309893662e-5,train_fit_end_to_end
Duane Brown,Blocker,839,305,845,-0.19881221889146308,lambda.min,-0.19700606843486268,0.1053616817253382,-0.4003568627108174,-0.2735234912107121,-0.20166577780183403,-0.12469903510443922,0.00435865701458659,1000,1.039457465372263e-4,train_fit_end_to_end,327,925,-0.14598862794651488,lambda.min,-0.13575860197817874,0.12096026661140524,-0.3630996547318092,-0.2237864872636409,-0.13091234510246413,-0.05427303917594603,0.10080840208990458,1000,8.240743309893662e-5,train_fit_end_to_end
Alex Barshaba,Blocker,12,306,846,-0.19931788233450265,lambda.min,-0.16950956349731636,0.1696538734667822,-0.5190175839868448,-0.24927083371446176,-0.22960850577962305,0,0,1000,1.039457465372263e-4,train_fit_end_to_end,223,510,-0.01188786973831976,lambda.min,-0.00759277916030427,0.00688037246870345,-0.0176066250254777,-0.01383132489245646,-0.01061253610840784,0,0,1000,8.240743309893662e-5,train_fit_end_to_end
Nate Solder,Blocker,750,307,849,-0.2002963303123649,lambda.min,-0.20066670501746028,0.07847032219027963,-0.3432161627979401,-0.2538307253759342,-0.20563174754189312,-0.15103005992580182,-0.03392977528575647,1000,1.039457465372263e-4,train_fit_end_to_end,245,635,-0.0322244442348126,lambda.min,-0.03603422740782625,0.0951691651068245,-0.2179072725151096,-0.10271595598497436,-0.03786228009846558,0.02783706654698318,0.152176185836706,1000,8.240743309893662e-5,train_fit_end_to_end
Jack Anderson,Blocker,88,308,855,-0.21416868312288312,lambda.min,-0.18219824227210507,0.11926108002237534,-0.37647136516429935,-0.25749681650993805,-0.21225350415130992,-0.1033758925906864,0,1000,1.039457465372263e-4,train_fit_end_to_end,135,276,0.02142582223356029,lambda.min,0.02176716254386728,0.03326714034772553,-0.01457326624622925,-0.00170383106491641,0.02314629022721164,0.03343783207952897,0.10315139349031276,1000,8.240743309893662e-5,train_fit_end_to_end
Penei Sewell,Blocker,926,309,862,-0.2217682889619106,lambda.min,-0.2300772874650514,0.08825204183107208,-0.3987340530782045,-0.2885812039360508,-0.2327756956745491,-0.17732529082805765,-0.05785142788782256,1000,1.039457465372263e-4,train_fit_end_to_end,202,401,-0.00147249097960507,lambda.min,-0.00391130107504125,0.11519532082614815,-0.22580920122607143,-0.0862381926961727,0.00112065682595031,0.07731059668029897,0.21353184346429877,1000,8.240743309893662e-5,train_fit_end_to_end
Justin Herron,Blocker,310,310,863,-0.22465688974286657,lambda.min,-0.22181317096551456,0.08740986657351066,-0.3937629452105923,-0.280203096316389,-0.22157284616490863,-0.16215206765762227,-0.05480146159028739,1000,1.039457465372263e-4,train_fit_end_to_end,22,79,0.13912203995863898,lambda.min,0.1359113181150388,0.0506697347286311,0.03697720293964068,0.10097519608131368,0.13694985310977795,0.1719482204707976,0.233100051384533,1000,8.240743309893662e-5,train_fit_end_to_end
Dillon Radunz,Blocker,112,311,865,-0.2275236687883116,lambda.min,-0.2211637278402128,0.16835798831937485,-0.5885498241142859,-0.3244272435945185,-0.2073709697986316,-0.10075817923597846,0.08476911638516298,1000,1.039457465372263e-4,train_fit_end_to_end,232,581,-0.02299752549571483,lambda.min,-0.0282342567699634,0.04442412488950632,-0.12963553402662284,-0.05137143263833139,-0.02559966282372503,0.00519740031532742,0.0415169236412255,1000,8.240743309893662e-5,train_fit_end_to_end
Hakeem Adeniji,Blocker,507,312,868,-0.22923829395141035,lambda.min,-0.2204817283491548,0.14369491637478604,-0.5364139514253473,-0.30391234848717624,-0.20964994457041455,-0.12013664334146124,0.02372496385533522,1000,1.039457465372263e-4,train_fit_end_to_end,338,954,-0.19874607972795197,lambda.min,-0.18700400552127716,0.14106208993874034,-0.4560600843985884,-0.28831081046329543,-0.1804120481667428,-0.08469879137108974,0.06279169752070812,1000,8.240743309893662e-5,train_fit_end_to_end
Charlie Heck,Blocker,708,313,870,-0.23893486094065508,lambda.min,-0.24820008082977013,0.09396840877674598,-0.4288717769431877,-0.3078741035725747,-0.2456841949115744,-0.18594934405528113,-0.05436570191488264,1000,1.039457465372263e-4,train_fit_end_to_end,344,964,-0.24855456809942572,lambda.min,-0.2428995581757514,0.16033770733087122,-0.550391014314051,-0.3594233883941256,-0.23807108722321585,-0.13106800261669138,0.06028736480810814,1000,8.240743309893662e-5,train_fit_end_to_end
George Fant,Blocker,750,314,876,-0.243443067329843,lambda.min,-0.24496578422245643,0.07399307629635775,-0.38423906382474415,-0.29259844767354826,-0.2475107628642243,-0.1990421979924588,-0.09427753949908142,1000,1.039457465372263e-4,train_fit_end_to_end,309,880,-0.11332979425701815,lambda.min,-0.10676710640557673,0.11013501696798782,-0.328776820532019,-0.1807152894450238,-0.10711231081860814,-0.03107529936012872,0.09331905230358246,1000,8.240743309893662e-5,train_fit_end_to_end
Bobby Massie,Blocker,698,315,879,-0.2460320229722475,lambda.min,-0.2422389007090174,0.1170544796355076,-0.46622538732923263,-0.32152999527444587,-0.23895937627185443,-0.16512851741915494,-0.00654869458852233,1000,1.039457465372263e-4,train_fit_end_to_end,210,443,-0.00499280537249493,lambda.min,-0.00110550958259706,0.10721827109436038,-0.22610979711258825,-0.07142606319151862,-0.00112227719667139,0.07310148412834677,0.20116755230561192,1000,8.240743309893662e-5,train_fit_end_to_end
Jackson Barton,Blocker,7,316,882,-0.247257731167514,lambda.min,-0.2382586172577974,0.17622597502487614,-0.6008626178116602,-0.34022869014958584,-0.17607751875466893,-0.14570853710575882,0,1000,1.039457465372263e-4,train_fit_end_to_end,233,585,-0.02319217246512843,lambda.min,-0.0209800795327404,0.01426802045634681,-0.04758890485165831,-0.03236910615327509,-0.01901056199952158,-0.01358860303012495,0,1000,8.240743309893662e-5,train_fit_end_to_end
Jake Curhan,Blocker,367,317,883,-0.24788454654996592,lambda.min,-0.2352601098842023,0.0934823090412438,-0.40954217847719887,-0.2978535767484296,-0.2371839477545162,-0.17752089429232984,-0.03959399717696405,1000,1.039457465372263e-4,train_fit_end_to_end,303,860,-0.1008083853055662,lambda.min,-0.09963638362989397,0.10835693617882788,-0.3319824469794824,-0.1709613199068536,-0.08794947643144331,-0.02147875404775942,0.08775138398661465,1000,8.240743309893662e-5,train_fit_end_to_end
Dion Dawkins,Blocker,842,318,891,-0.2587227870194369,lambda.min,-0.2550293127301325,0.13504719515637836,-0.507256825944967,-0.34672777917147185,-0.25615693921430827,-0.1643138253684101,0.01121719393694434,1000,1.039457465372263e-4,train_fit_end_to_end,4,36,0.2153642527158098,lambda.min,0.21105674338327068,0.07176927363872497,0.06840388638227145,0.1634594818414228,0.2119253388185236,0.2609396541836754,0.35006079022231945,1000,8.240743309893662e-5,train_fit_end_to_end
Brandon Shell,Blocker,489,319,892,-0.2600949242821538,lambda.min,-0.25749976333620556,0.08660758796928351,-0.4116887438361247,-0.3162459262074911,-0.26391511503887355,-0.20405153548104696,-0.06824866985887867,1000,1.039457465372263e-4,train_fit_end_to_end,308,871,-0.107519076867662,lambda.min,-0.10394997003422175,0.07914440277425312,-0.2529887864163997,-0.1617215385529587,-0.10205811017174202,-0.04958813458230059,0.0555723431448933,1000,8.240743309893662e-5,train_fit_end_to_end
Robert Jones,Blocker,72,320,893,-0.26060410641422405,lambda.min,-0.21106707308170297,0.20969963834780625,-0.5382319257438839,-0.35481564674530164,-0.2542141559735034,-0.05343538942094676,0.22980457789345676,1000,1.039457465372263e-4,train_fit_end_to_end,156,308,0.00999951139665229,lambda.min,0.0119545950325293,0.01955293137894147,-0.0245844100058162,0,0.01232809387729872,0.02304625153851842,0.05373270138432497,1000,8.240743309893662e-5,train_fit_end_to_end
D.J. Humphries,Blocker,970,321,899,-0.26819716515119507,lambda.min,-0.27601310374977406,0.08386724349583222,-0.43308541811564266,-0.3326335990821442,-0.2786283488997688,-0.2234636225978067,-0.11093093712425028,1000,1.039457465372263e-4,train_fit_end_to_end,333,946,-0.1723112622086954,lambda.min,-0.16771562930135497,0.13538702051852042,-0.4221403655583873,-0.2605760445288173,-0.16418338861761814,-0.08159148006060046,0.10297155973112238,1000,8.240743309893662e-5,train_fit_end_to_end
Tommy Doyle,Blocker,34,322,902,-0.27520766078376996,lambda.min,-0.2604105471660833,0.1140831185050717,-0.49679894374579736,-0.33474540508349815,-0.26213776147570367,-0.18194686945813152,-0.04233131341110577,1000,1.039457465372263e-4,train_fit_end_to_end,286,801,-0.07491929863243824,lambda.min,-0.0748322390771023,0.0806461351754976,-0.2805948274221554,-0.10053525604042528,-0.0855254455203813,-0.00304134379276469,0.01109137600106078,1000,8.240743309893662e-5,train_fit_end_to_end
Liam Eichenberg,Blocker,904,323,906,-0.28010714012762683,lambda.min,-0.275237342635832,0.10180967292818097,-0.4750137318613164,-0.34339905197345627,-0.2818782610000409,-0.20854463227374345,-0.06994209955063475,1000,1.039457465372263e-4,train_fit_end_to_end,339,959,-0.22138931548167615,lambda.min,-0.20546027389422555,0.13285321017866006,-0.47067120007420704,-0.2956618408220088,-0.20223690062127833,-0.11280101881786084,0.05079195742040472,1000,8.240743309893662e-5,train_fit_end_to_end
Mark Glowinski,Blocker,747,324,910,-0.28315554573600155,lambda.min,-0.2872500258604632,0.08096399300550833,-0.44933208379577794,-0.34121990492076687,-0.28528927930935477,-0.2379659300449023,-0.12543340222565566,1000,1.039457465372263e-4,train_fit_end_to_end,161,314,0.00912892563318749,lambda.min,0.00183908707883903,0.100848964625693,-0.2112445199393029,-0.06741732445283569,0.00913520088330905,0.07778434929362574,0.1753465993352419,1000,8.240743309893662e-5,train_fit_end_to_end
Calvin Anderson,Blocker,157,325,911,-0.2853739179663104,lambda.min,-0.26793869146158134,0.19783560367552355,-0.6105286321807085,-0.4229295218316772,-0.2645552182071452,-0.12184324422684426,0.10816010888325336,1000,1.039457465372263e-4,train_fit_end_to_end,195,386,-1.3592019883304496e-4,lambda.min,-0.0068298397103603,0.06438216030469837,-0.13153757315445397,-0.05527643528386641,-0.00227964480381789,0.04637493888049505,0.11003035900110922,1000,8.240743309893662e-5,train_fit_end_to_end
Christian Darrisaw,Blocker,573,326,912,-0.2876394048228965,lambda.min,-0.28522713564437496,0.0891988669218978,-0.44494081331793894,-0.3450550331449255,-0.2877469681465854,-0.2325595361404375,-0.08769910750398109,1000,1.039457465372263e-4,train_fit_end_to_end,295,834,-0.08448782803698382,lambda.min,-0.07779738174165252,0.13371742254581115,-0.32293205126819396,-0.17085268275148424,-0.08080767411324127,0.01873621227672049,0.1783213912475298,1000,8.240743309893662e-5,train_fit_end_to_end
Spencer Brown,Blocker,547,327,914,-0.2892159890140336,lambda.min,-0.2966597178470314,0.11371402617299632,-0.5066022607916062,-0.3775674675803421,-0.29845160944017324,-0.2214663397123459,-0.0689586100279374,1000,1.039457465372263e-4,train_fit_end_to_end,244,621,-0.02966766101211327,lambda.min,-0.0290755036204665,0.11720898747974148,-0.2644901160430763,-0.11011518838074216,-0.02565267695127966,0.05779777402394837,0.18285003778549885,1000,8.240743309893662e-5,train_fit_end_to_end
Colton Mckivitz,Blocker,70,328,915,-0.2905338769473589,lambda.min,-0.1966962350357493,0.182173056622658,-0.46173625746675673,-0.34302666908139917,-0.2948398543528889,0,0,1000,1.039457465372263e-4,train_fit_end_to_end,313,885,-0.11541249227277516,lambda.min,-0.09844360722728351,0.10143119803082028,-0.32387666405590376,-0.1444646080138832,-0.1324517375266251,0,0,1000,8.240743309893662e-5,train_fit_end_to_end
Blake Hance,Blocker,590,329,918,-0.29237124929200126,lambda.min,-0.295067484216583,0.09690517522377802,-0.4945727476404654,-0.356808084496025,-0.294415644731831,-0.23109088711491732,-0.10641455585392216,1000,1.039457465372263e-4,train_fit_end_to_end,250,670,-0.03977568406740379,lambda.min,-0.04406676150808101,0.09457926474337598,-0.2466503727250452,-0.10835697169702133,-0.04161847467100669,0.02036345455968469,0.1311715580412273,1000,8.240743309893662e-5,train_fit_end_to_end
Cameron Erving,Blocker,497,330,922,-0.29753372917235055,lambda.min,-0.2928882510200879,0.09398254903390102,-0.4714723748583662,-0.3573424830635629,-0.2924863378368856,-0.22958768534405796,-0.10546097074617287,1000,1.039457465372263e-4,train_fit_end_to_end,262,715,-0.05023087521491189,lambda.min,-0.05128814465492554,0.0863513613821088,-0.21223289434126896,-0.11190314445459744,-0.05106292980367397,0.00874159088372676,0.11361056397454009,1000,8.240743309893662e-5,train_fit_end_to_end
Eric Fisher,Blocker,672,331,923,-0.299139099224723,lambda.min,-0.2985411278136172,0.09254290501341268,-0.4785574733328179,-0.35714563095464297,-0.301512605163982,-0.23710018111713,-0.12061670820480155,1000,1.039457465372263e-4,train_fit_end_to_end,261,714,-0.05020602450778711,lambda.min,-0.04996160497897189,0.11571216748195168,-0.28024918371336965,-0.1317829962156048,-0.04374931385916644,0.03010303012030084,0.16206156589499424,1000,8.240743309893662e-5,train_fit_end_to_end
Isaiah Prince,Blocker,307,332,932,-0.3105539677384247,lambda.min,-0.30598222423220806,0.1060039631292282,-0.4995568510680629,-0.3744399611240294,-0.30748310624383746,-0.2428752604714154,-0.0792684281203247,1000,1.039457465372263e-4,train_fit_end_to_end,80,196,0.0599149554117816,lambda.min,0.05281422534561439,0.07786993660071463,-0.11786565667165996,0.00846582347550267,0.06173304100346714,0.10623432208675944,0.18454626322828863,1000,8.240743309893662e-5,train_fit_end_to_end
Blake Brandel,Blocker,62,333,937,-0.3221639511855468,lambda.min,-0.3014629276625714,0.1327228199934827,-0.5539869956905438,-0.3910358425478978,-0.30657810600720015,-0.2098144128846945,-0.05297617554578213,1000,1.039457465372263e-4,train_fit_end_to_end,136,277,0.02128832560015811,lambda.min,0.02158709399990032,0.02179843558620919,-0.01521293588559734,0.00534731873928329,0.02002592757054585,0.03613913285656928,0.06686044519985647,1000,8.240743309893662e-5,train_fit_end_to_end
La'El Collins,Blocker,461,334,938,-0.3258668210135439,lambda.min,-0.31684374489307765,0.11407750226954834,-0.4975879932882334,-0.3988551410146357,-0.33344274601003443,-0.25143138095511175,-0.05112156949631433,1000,1.039457465372263e-4,train_fit_end_to_end,101,224,0.04632346842261407,lambda.min,0.03914709598323121,0.07016244275486762,-0.10253428149115192,-0.00591105952087792,0.03890358854892463,0.08679867094594826,0.16719795590760148,1000,8.240743309893662e-5,train_fit_end_to_end
Morgan Moses,Blocker,832,335,939,-0.3281360623758915,lambda.min,-0.3273713828415935,0.0894840874116959,-0.5069711089489374,-0.3821147300506468,-0.32830431980727315,-0.2700177974548682,-0.15011146501947228,1000,1.039457465372263e-4,train_fit_end_to_end,301,853,-0.09658174048189325,lambda.min,-0.09900687765614828,0.1178862862520029,-0.3174248620465216,-0.18037324941007263,-0.09832036573339262,-0.0182654805347497,0.1313909097088213,1000,8.240743309893662e-5,train_fit_end_to_end
Matt Peart,Blocker,318,336,941,-0.3302027666905945,lambda.min,-0.32131942664626356,0.0978706161722884,-0.5054734510640173,-0.3830429262237862,-0.33054401980476844,-0.2643819656142629,-0.1055519040043961,1000,1.039457465372263e-4,train_fit_end_to_end,251,674,-0.04069758300090757,lambda.min,-0.04591547346063103,0.0966858132308344,-0.2485677177386161,-0.11063339788547302,-0.04188418545838075,0.02337122122027745,0.13404995273648748,1000,8.240743309893662e-5,train_fit_end_to_end
Marcus Cannon,Blocker,182,337,942,-0.3339149840665074,lambda.min,-0.3144295270934145,0.12106430364746693,-0.550621381247048,-0.3812126347195347,-0.3270662652011328,-0.23724335467020535,0,1000,1.039457465372263e-4,train_fit_end_to_end,281,788,-0.07101900811225491,lambda.min,-0.06188166229251272,0.12868688218367616,-0.35315603106331117,-0.1501635619553705,-0.04041557258568507,0.04474466480893382,0.11180065067396285,1000,8.240743309893662e-5,train_fit_end_to_end
Trey Pipkins III,Blocker,150,338,944,-0.3432685083498477,lambda.min,-0.26593169891993074,0.22179178776403197,-0.6133349580081836,-0.4410196719408022,-0.3361253305990573,-0.0877037530598872,0.13307570369495045,1000,1.039457465372263e-4,train_fit_end_to_end,82,200,0.05909247818446125,lambda.min,0.06026088710875287,0.03777825979378833,0.00468765613132439,0.02952487796169798,0.05572546032368397,0.08728978723870104,0.14221962278656658,1000,8.240743309893662e-5,train_fit_end_to_end
Kaleb McGary,Blocker,761,339,945,-0.34952910279340466,lambda.min,-0.3520787524498142,0.08153597467820847,-0.4993454929772662,-0.408903581260931,-0.3535458190267988,-0.30065349437975686,-0.1776787512855413,1000,1.039457465372263e-4,train_fit_end_to_end,319,905,-0.12641358811953313,lambda.min,-0.1283473543014144,0.12324645037135172,-0.3653472319294072,-0.21187033285820983,-0.12509920763451549,-0.03934118537962628,0.10758755486579236,1000,8.240743309893662e-5,train_fit_end_to_end
Isaiah Wynn,Blocker,739,340,947,-0.35678750056372455,lambda.min,-0.3561846317846165,0.11237859041792524,-0.5685202658163756,-0.42860099074154473,-0.3593226161975085,-0.2838005497919388,-0.13154110891168863,1000,1.039457465372263e-4,train_fit_end_to_end,143,287,0.0180803880199547,lambda.min,0.00961156363373494,0.09966768996500104,-0.17856428495222834,-0.05889702654081404,0.00880855387844306,0.0791099324214189,0.20658515914612116,1000,8.240743309893662e-5,train_fit_end_to_end
Conor Mcdermott,Blocker,102,341,948,-0.3728166361650486,lambda.min,-0.2819161343974584,0.2306061605228774,-0.5830231565255715,-0.4632187199818889,-0.34659666957110413,-0.1236087274354386,0.21984899033489672,1000,1.039457465372263e-4,train_fit_end_to_end,342,962,-0.224450996507371,lambda.min,-0.2066456074979591,0.1849509434679803,-0.606304346641905,-0.29808245017006507,-0.2348649319470009,-0.0454769970482928,0.03396681133378027,1000,8.240743309893662e-5,train_fit_end_to_end
Korey Cunningham,Blocker,105,342,950,-0.3807053990331459,lambda.min,-0.368453952082168,0.1267571491483369,-0.5950933467718102,-0.4552054592566104,-0.3793139648432995,-0.29024905391353595,-0.09149812079320647,1000,1.039457465372263e-4,train_fit_end_to_end,321,910,-0.1333272125331963,lambda.min,-0.12399777839370026,0.09338860164529927,-0.3126313591952553,-0.1882020447967814,-0.10406654586308156,-0.0709330532459984,0.01510544372505011,1000,8.240743309893662e-5,train_fit_end_to_end
Cameron Fleming,Blocker,243,343,954,-0.3946238446548706,lambda.min,-0.3657733429412873,0.1304806733762965,-0.593430019221161,-0.4587607818898081,-0.3777198231078947,-0.27711392690595965,-0.0688271624156862,1000,1.039457465372263e-4,train_fit_end_to_end,111,242,0.0340749168668605,lambda.min,0.03380952682354971,0.06278212233151051,-0.09561971594525784,-0.00418998384655704,0.03491722919982775,0.07432050752631894,0.15330903525086792,1000,8.240743309893662e-5,train_fit_end_to_end
Taylor Lewan,Blocker,742,344,957,-0.42111422326297154,lambda.min,-0.41814943685714817,0.07387664273692178,-0.5642429609338623,-0.4638400747337863,-0.4191029513468645,-0.3728265152538234,-0.2649218294562093,1000,1.039457465372263e-4,train_fit_end_to_end,70,180,0.06690939857462652,lambda.min,0.07678731140675331,0.13971629878755454,-0.22575609786782352,-0.01951527642041015,0.08727829311732627,0.18707388940800057,0.2969507616038253,1000,8.240743309893662e-5,train_fit_end_to_end
Bobby Hart,Blocker,87,345,958,-0.4240419240977082,lambda.min,-0.3539320391608701,0.19409556657330204,-0.6155117619580867,-0.500327321105011,-0.4030952403256278,-0.2551421551286002,0.02106096090283911,1000,1.039457465372263e-4,train_fit_end_to_end,254,689,-0.04384531296283803,lambda.min,-0.03810393954828606,0.04880375481161484,-0.14496825934112556,-0.07279982561246776,-0.02816781894668564,0.00173142472976573,0.02766271062592243,1000,8.240743309893662e-5,train_fit_end_to_end
Yodny Cajuste,Blocker,64,346,959,-0.4274611272004678,lambda.min,-0.35209597202444193,0.20991185618415856,-0.6324806913765212,-0.5257611864102488,-0.41396078365545885,-0.1921889202475277,0,1000,1.039457465372263e-4,train_fit_end_to_end,267,745,-0.05867328923607952,lambda.min,-0.05819940772871204,0.08355838968919414,-0.2650288936831682,-0.10030059171952874,-0.03470521067033355,0.00120147346927548,0.05222127477206095,1000,8.240743309893662e-5,train_fit_end_to_end
Le'Raven Clark,Blocker,65,347,967,-0.6059912350467215,lambda.min,-0.4046484927968548,0.3885930621732893,-1.0036961324426603,-0.7148605535424016,-0.6221259427964742,0,0,1000,1.039457465372263e-4,train_fit_end_to_end,330,931,-0.15515723283229782,lambda.min,-0.1185912630897936,0.1186950802330226,-0.34109387678580466,-0.1867618669990508,-0.17698323729332405,0,0,1000,8.240743309893662e-5,train_fit_end_to_end
Ryan Jensen,Blocker,492,348,968,-0.6533080110174754,lambda.min,-0.641928878915027,0.12123928750756548,-0.8643759590240201,-0.7238386690863429,-0.6473003693834753,-0.5604764886864908,-0.38392625199772945,1000,1.039457465372263e-4,train_fit_end_to_end,13,61,0.1692889738769593,lambda.min,0.15960455684745073,0.04489188687753971,0.06827727489918121,0.13114775348831978,0.16049789311640672,0.18971573324261137,0.24519738988758172,1000,8.240743309893662e-5,train_fit_end_to_end
Jeremiah Owusu-Koramoah,Rusher,132,1,3,0.6403550645535263,lambda.min,0.6180241323553349,0.1764997974977828,0.2123598306702952,0.5142913962605097,0.6370753352313434,0.7370435009574504,0.9103958981839908,1000,1.039457465372263e-4,train_fit_end_to_end,345,576,-0.0225124824890549,lambda.min,-0.02229839515895042,0.01963495685086863,-0.06327619903647287,-0.03521238325489171,-0.02236832703535955,-0.00825196634683498,0.01418105848331961,1000,8.240743309893662e-5,train_fit_end_to_end
Troy Reeder,Rusher,144,2,6,0.5852974048308763,lambda.min,0.5511042815637428,0.17323711567024594,0.18847896809088724,0.4411868318847784,0.5644276845999734,0.6754249329099168,0.8539928033345601,1000,1.039457465372263e-4,train_fit_end_to_end,146,290,0.0166154965524818,lambda.min,0.01522439292386028,0.06530437811721913,-0.07572075889331345,-0.03875712064159058,0.01106938484429535,0.05180503558875123,0.1608294710790572,1000,8.240743309893662e-5,train_fit_end_to_end
Jermaine Carter Jr.,Rusher,193,3,7,0.5524418466717124,lambda.min,0.5418485899737664,0.12908765544199866,0.2618455028643581,0.4553239073339277,0.5512411538069151,0.6318092789642459,0.7728060017384014,1000,1.039457465372263e-4,train_fit_end_to_end,496,771,-0.06519798562077318,lambda.min,-0.06219505242240725,0.02640005337773041,-0.11148254384364868,-0.08020092620339529,-0.06262626746936215,-0.04468018778976639,-0.00996064916954239,1000,8.240743309893662e-5,train_fit_end_to_end
Adam Gotsis,Rusher,538,4,10,0.509792355140149,lambda.min,0.4985017544068685,0.10161768993424013,0.29696898949008915,0.4327930441254512,0.5017098459255714,0.5655110038963126,0.6983021718809955,1000,1.039457465372263e-4,train_fit_end_to_end,383,627,-0.03105045199374657,lambda.min,-0.02234012644945066,0.08678791309500627,-0.17339372309337894,-0.08413895675671562,-0.02736758001413375,0.03294393151228999,0.1533377189304757,1000,8.240743309893662e-5,train_fit_end_to_end
Josh Allen,Rusher,560,5,11,0.5094025938034916,lambda.min,0.5009666781085091,0.1884337271586657,0.16858989536483343,0.365257073714692,0.4971073519129132,0.6202320692109405,0.9187613359751736,1000,1.039457465372263e-4,train_fit_end_to_end,32,35,0.21784094618604935,lambda.min,0.2220451205800807,0.1718668356674479,-0.09844568178687184,0.09524249120136705,0.21410163020236817,0.3490236086865494,0.5556737494370982,1000,8.240743309893662e-5,train_fit_end_to_end
Patrick Queen,Rusher,214,6,12,0.4773101327645706,lambda.min,0.4721690835351854,0.13824563610795487,0.19039229961607995,0.3867262273003393,0.4785013444476409,0.5602551220776616,0.723152038862793,1000,1.039457465372263e-4,train_fit_end_to_end,521,808,-0.07665179205540336,lambda.min,-0.07222587859247426,0.02598769067559053,-0.12400458027505708,-0.08998932888995251,-0.07224265120828789,-0.05417015743629392,-0.02352201437990437,1000,8.240743309893662e-5,train_fit_end_to_end
Taven Bryan,Rusher,390,7,13,0.47530040888608943,lambda.min,0.4631719280918363,0.14009550532686105,0.17642006434475763,0.370468513698139,0.47102199957082613,0.565148359789762,0.7154017044423466,1000,1.039457465372263e-4,train_fit_end_to_end,179,368,0.00156809746926899,lambda.min,0.00493919966895559,0.12141584715476648,-0.1628856552852685,-0.10019253404236857,0.00216866813791046,0.07422531943643737,0.27507834442632006,1000,8.240743309893662e-5,train_fit_end_to_end
Tae Crowder,Rusher,195,8,14,0.4746376099105192,lambda.min,0.4664477035166899,0.1062558172046174,0.23923278027162137,0.40859297434840847,0.47571376271387866,0.5397754506251282,0.6443853764233141,1000,1.039457465372263e-4,train_fit_end_to_end,470,735,-0.05677457515226653,lambda.min,-0.05540246410647045,0.03082682244973283,-0.11067176494496114,-0.07716820766884913,-0.05623850545986636,-0.03482205195512914,0.00796483473646881,1000,8.240743309893662e-5,train_fit_end_to_end
Aaron Donald,Rusher,1231,9,15,0.46909983657754306,lambda.min,0.4653794708362532,0.08373395306591809,0.29055624637964533,0.4148290543082215,0.4683506655706591,0.5202458580329817,0.6270860914262245,1000,1.039457465372263e-4,train_fit_end_to_end,57,75,0.1453201388412973,lambda.min,0.14342448811582884,0.12948108577048162,-0.11208354690964624,0.06008323628538988,0.1421695320242665,0.22754987463703508,0.3984751362061855,1000,8.240743309893662e-5,train_fit_end_to_end
Darius Philon,Rusher,378,10,17,0.43700819447950906,lambda.min,0.43663912865816673,0.10287089631942138,0.21192262111499216,0.3698109599661212,0.4480404237029997,0.5077328208865552,0.6117355531916525,1000,1.039457465372263e-4,train_fit_end_to_end,403,649,-0.03521487220957498,lambda.min,-0.02738841078277951,0.06910143765224991,-0.14193148647998266,-0.07739025508510154,-0.03600900647492416,0.01445551271200454,0.1313512864082032,1000,8.240743309893662e-5,train_fit_end_to_end
Kamu Grugier-Hill,Rusher,222,11,18,0.4358937305680595,lambda.min,0.4199332728397526,0.11082432273774716,0.2056892454092548,0.34707500633581634,0.416089244236423,0.4922311123704444,0.6360239514454359,1000,1.039457465372263e-4,train_fit_end_to_end,537,829,-0.08269186594154199,lambda.min,-0.07763598392826924,0.02926982857685939,-0.1362068134927135,-0.09744894188295548,-0.07672648220266778,-0.05788187307339298,-0.02199745845922906,1000,8.240743309893662e-5,train_fit_end_to_end
Myles Garrett,Rusher,674,12,19,0.4288447258659992,lambda.min,0.4264623197263317,0.08359626206365518,0.26475284594715387,0.37246828020909434,0.4279181707154954,0.48255937073623834,0.5787417248046196,1000,1.039457465372263e-4,train_fit_end_to_end,3,3,0.4928888809850467,lambda.min,0.4738908256221661,0.1772728434762632,0.13547686945458284,0.34597159788103027,0.47614446216181633,0.5954464868072117,0.8359533513093397,1000,8.240743309893662e-5,train_fit_end_to_end
Jay Tufele,Rusher,69,13,21,0.4220427167753794,lambda.min,0.34646998317702504,0.2542228062073603,-0.08038934693922098,0.16237631336966918,0.38270784532291513,0.5454981721962799,0.7704831183042621,1000,1.039457465372263e-4,train_fit_end_to_end,242,455,-0.00657262745170787,lambda.min,-0.01066852267554406,0.01556238825888537,-0.04554825655630784,-0.02010607938090545,-0.00896708271892029,0,0.01350737943286693,1000,8.240743309893662e-5,train_fit_end_to_end
Davon Hamilton,Rusher,542,14,22,0.42015418138462157,lambda.min,0.4091096776617958,0.10837536405969132,0.17380242368687077,0.3407991684655167,0.41571764039671766,0.4848026093781245,0.6019765392147626,1000,1.039457465372263e-4,train_fit_end_to_end,576,889,-0.11780750782661532,lambda.min,-0.11258370885924568,0.06648820889168841,-0.22425878320535125,-0.1611351078655988,-0.1213995646634331,-0.07183414301583378,0.03339659736264986,1000,8.240743309893662e-5,train_fit_end_to_end
Vita Vea,Rusher,243,15,26,0.40376774042758423,lambda.min,0.3915888223775843,0.16711976055698247,0.0385949463116135,0.28616150981116817,0.40276890681073063,0.5018649509291557,0.711135786049323,1000,1.039457465372263e-4,train_fit_end_to_end,314,538,-0.01648547572426049,lambda.min,-0.01341536369368807,0.06733125966672063,-0.1202583277874535,-0.06482475784345275,-0.02215922354866967,0.02663470682929187,0.14018120886236932,1000,8.240743309893662e-5,train_fit_end_to_end
Christian Kirksey,Rusher,205,16,27,0.3978735488226279,lambda.min,0.3837590606948605,0.12065001966604016,0.17411628963341222,0.29228499588316614,0.3830306864847726,0.4664497477028853,0.6367399801161095,1000,1.039457465372263e-4,train_fit_end_to_end,545,841,-0.08709209752828126,lambda.min,-0.08123208907214279,0.0292937129271952,-0.13861488180666037,-0.10090595135410274,-0.0816867837172674,-0.06133776175886561,-0.02795614478455801,1000,8.240743309893662e-5,train_fit_end_to_end
Folorunso Fatukasi,Rusher,760,17,28,0.3976394618610139,lambda.min,0.39847943868417873,0.1292202473895074,0.1281918856457224,0.31240295145330693,0.4008248000554381,0.48861790693484425,0.6446399888876836,1000,1.039457465372263e-4,train_fit_end_to_end,620,958,-0.21715603526496144,lambda.min,-0.20636213344819895,0.0521515597579936,-0.30234209329781525,-0.24379400558414516,-0.20566290495838913,-0.17290979508263146,-0.10044704281951986,1000,8.240743309893662e-5,train_fit_end_to_end
Roy Robertson-Harris,Rusher,644,18,29,0.3954306734312006,lambda.min,0.39531164437594063,0.064905600569293,0.2672664388285868,0.3501408632032312,0.3988915984816592,0.4404508416936415,0.5126283949746597,1000,1.039457465372263e-4,train_fit_end_to_end,350,582,-0.02309000910815806,lambda.min,-0.02447579014732374,0.08895269496075191,-0.18176386344007672,-0.08828219929992842,-0.02616444149526249,0.03239534559100882,0.1632564000303201,1000,8.240743309893662e-5,train_fit_end_to_end
Quinnen Williams,Rusher,799,19,32,0.3787502894365878,lambda.min,0.3775389402058521,0.13588603625134513,0.10208289274024304,0.2935554935452248,0.3773634076468853,0.4654309952624932,0.6362148170275032,1000,1.039457465372263e-4,train_fit_end_to_end,129,234,0.03833873607863558,lambda.min,0.04317492246295125,0.11475838962885984,-0.17810585578715515,-0.03564546889892131,0.03962602995028695,0.12074511979252452,0.26772670967153345,1000,8.240743309893662e-5,train_fit_end_to_end
Maurice Hurst,Rusher,57,20,33,0.37755615838146506,lambda.min,0.3061941578728488,0.20576356022493392,-0.07516351882601159,0.22177445727309164,0.3183070461025046,0.4593662475918273,0.6069217867154307,1000,1.039457465372263e-4,train_fit_end_to_end,227,436,-0.00411718212835435,lambda.min,-0.00885734607382471,0.01372224773980607,-0.04438322857810238,-0.0140969618698829,-0.00578163395111901,0,0.00785711618746726,1000,8.240743309893662e-5,train_fit_end_to_end
Daquan Jones,Rusher,783,21,34,0.3718201340736445,lambda.min,0.3739755328625857,0.1402964004451064,0.06499352640544497,0.2861406819106376,0.3779450543169782,0.4715528939933445,0.6347992259232285,1000,1.039457465372263e-4,train_fit_end_to_end,492,766,-0.06428450691451057,lambda.min,-0.05694213839033884,0.11508517765177968,-0.2421195114327633,-0.14148123854087466,-0.0646594401498621,0.01699105929851517,0.19820441511566372,1000,8.240743309893662e-5,train_fit_end_to_end
Derick Roberson,Rusher,60,22,36,0.371219962160467,lambda.min,0.3336909762116409,0.1876268511753512,-0.01952146690165292,0.19598315166617375,0.34024489454164064,0.4628174824255415,0.700136399156723,1000,1.039457465372263e-4,train_fit_end_to_end,59,83,0.13496420849305496,lambda.min,0.12971851267977388,0.0908241007760438,-0.00100952562780388,0.07777736459182052,0.10215616298576558,0.1735880615835179,0.313319601752629,1000,8.240743309893662e-5,train_fit_end_to_end
Robert Quinn,Rusher,497,23,37,0.37007554134613857,lambda.min,0.35533271501355085,0.12516313598568082,0.11399104193916662,0.26953549874451,0.3526953094465458,0.44096097831906467,0.6044883442945103,1000,1.039457465372263e-4,train_fit_end_to_end,1,1,0.5426370590625982,lambda.min,0.522338455724209,0.1519840158875207,0.21124164942334483,0.4203412345857849,0.5331094250983712,0.6306680384224881,0.7888766182681711,1000,8.240743309893662e-5,train_fit_end_to_end
D.J. Jones,Rusher,765,24,38,0.3669103166666892,lambda.min,0.35908061125116675,0.09933301270560056,0.13197702318245075,0.30348367254016206,0.3654199867621081,0.4259738389139751,0.5357300668070865,1000,1.039457465372263e-4,train_fit_end_to_end,504,783,-0.06962171336573944,lambda.min,-0.0696758916872337,0.11908280797598772,-0.2695469137379347,-0.15871788543932247,-0.08189923248958343,0.00548491102231365,0.191444414687848,1000,8.240743309893662e-5,train_fit_end_to_end
Matt Milano,Rusher,211,25,41,0.35740586469971486,lambda.min,0.35543294242171247,0.12102902544134916,0.09262389254403816,0.280264967202869,0.36422543948129593,0.4347275137319756,0.577473580693944,1000,1.039457465372263e-4,train_fit_end_to_end,344,575,-0.02238663457011245,lambda.min,-0.02285990023469344,0.07183038993016223,-0.123750830078264,-0.07905328089116019,-0.0329050485362858,0.01865312850327963,0.14040372352661118,1000,8.240743309893662e-5,train_fit_end_to_end
Michael Dwumfour,Rusher,96,26,45,0.343967966018095,lambda.min,0.29377705359261186,0.15652870276613637,0,0.20195625434223644,0.31435749393047174,0.40559239333008,0.5577863980794998,1000,1.039457465372263e-4,train_fit_end_to_end,124,225,0.04527836253295331,lambda.min,0.03832103870445898,0.06245600423846231,-0.05247227105690318,-0.01268588738890582,0.02172248362298371,0.08092685181435333,0.18205223118928424,1000,8.240743309893662e-5,train_fit_end_to_end
Nathan Shepherd,Rusher,616,27,46,0.3377286774856888,lambda.min,0.32697831969599334,0.1387853625248,0.04264899473207941,0.23714896165352975,0.332735155710062,0.42409392912904215,0.5814621566693519,1000,1.039457465372263e-4,train_fit_end_to_end,616,952,-0.1885067220723309,lambda.min,-0.17942017260890583,0.0438984857896677,-0.267186901421707,-0.2073836729709132,-0.1800471698384712,-0.14915143912132484,-0.09511924379828432,1000,8.240743309893662e-5,train_fit_end_to_end
Malcom Brown,Rusher,902,28,47,0.334993100753039,lambda.min,0.3324258112433741,0.06746784929604271,0.2030672163704791,0.2883695787705894,0.3331458299760111,0.3769937002683986,0.4577219925215096,1000,1.039457465372263e-4,train_fit_end_to_end,447,704,-0.04706735813256582,lambda.min,-0.03776132079871186,0.1466619332001894,-0.2741052984050445,-0.14509363276048828,-0.04666734782395702,0.0606845793128012,0.2719623004196786,1000,8.240743309893662e-5,train_fit_end_to_end
Tim Settle,Rusher,222,29,48,0.33464203685891314,lambda.min,0.33327893764189265,0.09069270531466796,0.1550470849150696,0.2699034867998904,0.330221114580133,0.40141566920306054,0.5032966636217737,1000,1.039457465372263e-4,train_fit_end_to_end,517,803,-0.07539970197633135,lambda.min,-0.07297487647488286,0.02606700236647756,-0.12856112425670896,-0.08997941334479799,-0.07279223420650642,-0.05442796516418053,-0.02428445168691185,1000,8.240743309893662e-5,train_fit_end_to_end
Alex Singleton,Rusher,105,30,50,0.33109115748514795,lambda.min,0.3222371846334152,0.17604810958793823,8.674609437177564e-4,0.19420183203424804,0.3206928187339606,0.44749651351449415,0.64663919404763,1000,1.039457465372263e-4,train_fit_end_to_end,184,375,0.00137161984826671,lambda.min,2.6853659488861655e-4,0.02513577464563519,-0.04540238318781338,-0.01798024743522238,4.938162903012216e-4,0.01841786302972236,0.04890320891912679,1000,8.240743309893662e-5,train_fit_end_to_end
Cody Barton,Rusher,36,31,51,0.3298362139551708,lambda.min,0.31081879096555376,0.12715192415160223,0.03058997635454016,0.22948458630879895,0.3174857623444147,0.4025784322343178,0.5328626868091493,1000,1.039457465372263e-4,train_fit_end_to_end,155,322,0.00723635546123635,lambda.min,0.00616089046385828,0.00768635058648496,-0.01083764757377024,0.00197499805989824,0.00661556894992089,0.01186608897767846,0.01885660445892742,1000,8.240743309893662e-5,train_fit_end_to_end
Zach Kerr,Rusher,123,32,54,0.32074964737787304,lambda.min,0.30644505535760064,0.169931474807952,-0.01968264161893978,0.1920014498323874,0.30422985673063496,0.41986659338856025,0.6329433268263838,1000,1.039457465372263e-4,train_fit_end_to_end,430,682,-0.04256448616228145,lambda.min,-0.04070986803448526,0.02486963175475416,-0.08959018495892795,-0.05713068646771516,-0.04027397053873141,-0.02250921886160533,0.00762822698939955,1000,8.240743309893662e-5,train_fit_end_to_end
"David Long, Jr.",Rusher,107,33,55,0.32053957254317694,lambda.min,0.3089745368569209,0.17103275132972984,-0.04308655194296181,0.20037664256176507,0.30966918800165466,0.42563492446413953,0.6347472364468482,1000,1.039457465372263e-4,train_fit_end_to_end,316,542,-0.01679821263670791,lambda.min,-0.01697866736449915,0.01918231749258803,-0.05672272993769975,-0.02975479517925077,-0.01632712338943161,-0.00416003191445417,0.01982307078691033,1000,8.240743309893662e-5,train_fit_end_to_end
T.J. Watt,Rusher,489,34,57,0.3101627301726755,lambda.min,0.30401191008587675,0.09517456544496466,0.1045968543209132,0.2427399693602068,0.30880268882944306,0.3664203288645864,0.4748825064808591,1000,1.039457465372263e-4,train_fit_end_to_end,2,2,0.5311722523030512,lambda.min,0.4982814850769928,0.1860632698804529,0.1297023942352293,0.3742395691724596,0.511141302772913,0.6281835333290103,0.8460279341210839,1000,8.240743309893662e-5,train_fit_end_to_end
Jonathan Marshall,Rusher,99,35,60,0.3024824406078191,lambda.min,0.28075749326305893,0.11284696697192652,0.01970216940473621,0.2017419584771085,0.2849193360536323,0.3602926975675338,0.4852077259648114,1000,1.039457465372263e-4,train_fit_end_to_end,375,618,-0.02911895201321034,lambda.min,-0.02777945947511526,0.02425011727068594,-0.07848572791332985,-0.04382439516726566,-0.02447589693008393,-0.00937417478307803,0.00972720372987533,1000,8.240743309893662e-5,train_fit_end_to_end
Jadeveon Clowney,Rusher,509,36,61,0.3012267628670964,lambda.min,0.28644859677927204,0.1114916517464812,0.03535542500439408,0.22194623212596157,0.2943053287158034,0.3627675174165734,0.48426217468758737,1000,1.039457465372263e-4,train_fit_end_to_end,17,17,0.2865910853455379,lambda.min,0.26416057814885013,0.19514789856652853,-0.0773640017061263,0.1212014390712814,0.26313366067742233,0.39066283280868375,0.6585062927210547,1000,8.240743309893662e-5,train_fit_end_to_end
J.J. Watt,Rusher,392,37,62,0.29618397270351676,lambda.min,0.2720932776033023,0.1916043725441724,-0.03597459423224985,0.12061480128475442,0.2483090987508775,0.4089157781278035,0.6650926313312444,1000,1.039457465372263e-4,train_fit_end_to_end,131,239,0.03457072924161106,lambda.min,0.02945392576894215,0.10832708006876245,-0.13045226240948504,-0.05571043041928143,0.0168839685643108,0.09525000328497704,0.26463639948791495,1000,8.240743309893662e-5,train_fit_end_to_end
Jacob Martin,Rusher,549,38,63,0.29618245344670324,lambda.min,0.2874869968218431,0.1171978457881332,0.04969969397703941,0.2067117290236088,0.2943245891945188,0.3630326875566203,0.5223595452002918,1000,1.039457465372263e-4,train_fit_end_to_end,137,256,0.02925564977915477,lambda.min,0.0365462703406996,0.08781104175711275,-0.13046174939750263,-0.02440706168643976,0.0341966640697955,0.09328753324444074,0.2127443833412656,1000,8.240743309893662e-5,train_fit_end_to_end
Milton Williams,Rusher,540,39,64,0.2950369122312691,lambda.min,0.2999448769828997,0.10222861798525716,0.10326095917672014,0.23129360061420012,0.3026886940839072,0.363205621017979,0.5021762613266817,1000,1.039457465372263e-4,train_fit_end_to_end,448,705,-0.04718265845271999,lambda.min,-0.04260818548228499,0.07968668890660326,-0.17876283057162376,-0.10024229008377554,-0.04667170900587578,0.00998091061951482,0.1288453036800794,1000,8.240743309893662e-5,train_fit_end_to_end
Bryan Mone,Rusher,563,40,67,0.286148452567931,lambda.min,0.2759666185275778,0.11444178564741454,0.04556585670570179,0.20095990857104415,0.275644767966547,0.3514640873591497,0.49631266894470055,1000,1.039457465372263e-4,train_fit_end_to_end,110,179,0.06703898510468417,lambda.min,0.07138539567151993,0.2233213893540363,-0.2039842258620324,-0.12986963775216195,0.07913352130697829,0.18668009649808043,0.5771436566901159,1000,8.240743309893662e-5,train_fit_end_to_end
Grady Jarrett,Rusher,974,41,68,0.28117741577110894,lambda.min,0.282090277944481,0.09249642364038478,0.08648836007321574,0.22292489124840617,0.288387047560941,0.34825876116016163,0.44748688607403886,1000,1.039457465372263e-4,train_fit_end_to_end,619,957,-0.2132096706301824,lambda.min,-0.20468428478375267,0.069392617643817045,-0.32872781040973337,-0.2546674087231646,-0.209918306320321,-0.15766158718701875,-0.06749518157532364,1000,8.240743309893662e-5,train_fit_end_to_end
Josh Bynes,Rusher,119,42,71,0.2746501487851237,lambda.min,0.2614157016282664,0.12367445378463623,0.00347921546386292,0.17199145665058,0.26383545620957166,0.34645319922691953,0.48841759074585345,1000,1.039457465372263e-4,train_fit_end_to_end,433,686,-0.04343481333698117,lambda.min,-0.04197065792919108,0.01961351872634844,-0.08033903686506899,-0.05518327034690105,-0.04130505089734837,-0.02811883325121856,-0.00564369585823623,1000,8.240743309893662e-5,train_fit_end_to_end
Tremaine Edmunds,Rusher,182,43,72,0.27438830758519367,lambda.min,0.2623703699281073,0.1398884011282946,-0.04314662746598864,0.17953513519441627,0.2678781834457204,0.36153484431807487,0.5154519843309284,1000,1.039457465372263e-4,train_fit_end_to_end,468,733,-0.05650186792663113,lambda.min,-0.05686054049696444,0.02444303589444608,-0.10283103752051705,-0.07274249292214852,-0.05682328889297272,-0.03979088074655013,-0.00998736130134686,1000,8.240743309893662e-5,train_fit_end_to_end
Garret Wallow,Rusher,46,44,73,0.2728962136572445,lambda.min,0.2533476184651602,0.10978166872294404,0.03897009601768113,0.17541743567845727,0.25942354925003774,0.33117226089575114,0.45659097261729487,1000,1.039457465372263e-4,train_fit_end_to_end,244,457,-0.00677425252811074,lambda.min,-0.00660125947789769,0.01180685826283692,-0.03369480229955679,-0.01337212527769585,-0.00460323060312268,0.0019982308571462,0.01115865715803211,1000,8.240743309893662e-5,train_fit_end_to_end
Micah Parsons,Rusher,388,45,74,0.27223891063341477,lambda.min,0.2659755759439277,0.132510063957825,-0.03159440120284515,0.18040165897123853,0.2714811428705052,0.35533958950648137,0.5120662042619255,1000,1.039457465372263e-4,train_fit_end_to_end,13,13,0.3059237917312393,lambda.min,0.2926975020594943,0.14259192848171648,0.0162593967654645,0.1959768803016939,0.2903918163423611,0.3954143861729163,0.5473823658530117,1000,8.240743309893662e-5,train_fit_end_to_end
Jonathan Bostic,Rusher,48,46,76,0.27121408017614757,lambda.min,0.24688817255340229,0.11199160915622988,0,0.16901043979644473,0.24818742714539385,0.3283484806871755,0.45581835504957186,1000,1.039457465372263e-4,train_fit_end_to_end,251,464,-0.00769843842106131,lambda.min,-0.00884027180332186,0.01144263495011887,-0.03739394315567505,-0.01514805598600228,-0.00587184186035518,-4.834863615595815e-4,0.00656828906296446,1000,8.240743309893662e-5,train_fit_end_to_end
Maliek Collins,Rusher,843,47,82,0.2668522183376993,lambda.min,0.25876620761257974,0.0975000562278964,0.07238916000130748,0.19092913144325263,0.25673693023257355,0.3240032561629647,0.46601772875219255,1000,1.039457465372263e-4,train_fit_end_to_end,598,924,-0.14460766174906908,lambda.min,-0.13363519961298065,0.08527712185140628,-0.280056416846484,-0.19555317284560175,-0.13882034695631962,-0.07879925223537756,0.04748265180049256,1000,8.240743309893662e-5,train_fit_end_to_end
David Moa,Rusher,53,48,83,0.266746417676708,lambda.min,0.23221871640627936,0.2046879775974781,-0.1554465591315488,0.0731122586486796,0.2339881868395977,0.3899209011904853,0.5643525612531949,1000,1.039457465372263e-4,train_fit_end_to_end,280,502,-0.01076213283266525,lambda.min,-0.01274763635402118,0.01846067548512588,-0.05085271866514611,-0.0251963863332243,-0.01422946433491636,0,0.02232450745366474,1000,8.240743309893662e-5,train_fit_end_to_end
Jerry Hughes,Rusher,359,49,84,0.26387478637253947,lambda.min,0.26338298291780676,0.11929394888255108,0.00484093567836011,0.18840432691105044,0.2695610288296216,0.3429157962293685,0.4889136980143895,1000,1.039457465372263e-4,train_fit_end_to_end,370,610,-0.02783431910804233,lambda.min,-0.02998300466750728,0.0843851150242325,-0.17476564223402605,-0.09351054839529158,-0.03604660498037811,0.0224882321818888,0.15500779529091707,1000,8.240743309893662e-5,train_fit_end_to_end
Eli Ankou,Rusher,114,50,85,0.26386315951036204,lambda.min,0.24731876051549573,0.2048345498468786,-0.09091764302171798,0.08240033123228213,0.2386712550982685,0.3859905231380101,0.666082051710765,1000,1.039457465372263e-4,train_fit_end_to_end,414,661,-0.03817644619198485,lambda.min,-0.03694640814902573,0.02525380999441856,-0.08936656201992636,-0.05317737353197048,-0.03596369971884107,-0.01950191976164381,0.00938695052051576,1000,8.240743309893662e-5,train_fit_end_to_end
Khalil Mack,Rusher,186,51,86,0.26297375093420716,lambda.min,0.25214115015348537,0.10219212971285536,0.02155670233744733,0.19073710366489832,0.2592233565619951,0.3239920426766736,0.43296608182106205,1000,1.039457465372263e-4,train_fit_end_to_end,4,4,0.4502533169153443,lambda.min,0.4304140365297079,0.2192204523911867,-0.01686372459003934,0.26628562128342126,0.42590354209074033,0.5951834627170466,0.8337142314585396,1000,8.240743309893662e-5,train_fit_end_to_end
Dre'Mont Jones,Rusher,783,52,87,0.259766023380383,lambda.min,0.2672895069352332,0.08306775916725515,0.08800975149391423,0.2133101116862716,0.27504598113783735,0.32470459468949053,0.4163040871224533,1000,1.039457465372263e-4,train_fit_end_to_end,101,162,0.0734802899528177,lambda.min,0.07642385466031423,0.18615686493779748,-0.22543621393384675,-0.06743274394908157,0.06206905933895582,0.19947689029277368,0.4730539054370709,1000,8.240743309893662e-5,train_fit_end_to_end
Breiden Fehoko,Rusher,145,53,88,0.25777987870332125,lambda.min,0.24495392572569208,0.13610660262835234,-0.03613264932053284,0.15222429950494612,0.2546978873338119,0.344445256734461,0.47487067255129933,1000,1.039457465372263e-4,train_fit_end_to_end,406,652,-0.03561862506970933,lambda.min,-0.03448286801911963,0.02887996320626802,-0.09183074588661394,-0.05376613498752274,-0.03381390333381966,-0.01495341553034347,0.01999401537709595,1000,8.240743309893662e-5,train_fit_end_to_end
Jabari Zuniga,Rusher,39,54,90,0.2537819893967828,lambda.min,0.22691964041545865,0.17808791430590243,-0.14202732502017107,0.12264933091460958,0.24070374719824789,0.3594218480125311,0.5202967857662181,1000,1.039457465372263e-4,train_fit_end_to_end,103,164,0.07211705591325085,lambda.min,0.06690184442552187,0.0804438976211776,-0.02233278499855123,-0.00459439919034649,0.0768214234305502,0.10547052672692582,0.2596516454212608,1000,8.240743309893662e-5,train_fit_end_to_end
Mike Purcell,Rusher,458,55,91,0.2509956414250298,lambda.min,0.2428934203456638,0.19041482384754063,-0.12073174509288526,0.11640613713319424,0.24668878518308104,0.37819447538979273,0.5922987467791879,1000,1.039457465372263e-4,train_fit_end_to_end,607,937,-0.15963607052872075,lambda.min,-0.1527907511081083,0.04392616550911825,-0.23605848841292804,-0.1811893407732972,-0.15350848833623515,-0.12294644616246105,-0.06546350947737666,1000,8.240743309893662e-5,train_fit_end_to_end
Aaron James Klein,Rusher,67,56,92,0.2503459144436846,lambda.min,0.23860761490309557,0.09947564680181638,0.03259249136614489,0.17242108490163963,0.2430109079973787,0.3133402244357255,0.4140735108708875,1000,1.039457465372263e-4,train_fit_end_to_end,348,579,-0.02272388683330298,lambda.min,-0.02132380107370631,0.01785035947625334,-0.06060690911966155,-0.03236682722350614,-0.01908371273058309,-0.00785889524064172,0.00813941429905125,1000,8.240743309893662e-5,train_fit_end_to_end
Tyrel Dodson,Rusher,29,57,93,0.24930288555262664,lambda.min,0.20955553945020228,0.2494465018277655,-0.15625712491054705,-0.02014995415353277,0.2425551138455501,0.3818079583302234,0.673666894451584,1000,1.039457465372263e-4,train_fit_end_to_end,173,355,0.00352338700320443,lambda.min,-4.0051646652466646e-4,0.01413310893796195,-0.02624039938606891,-0.0110679029276496,-1.5082111161538424e-4,0.01098750987587641,0.02481287738967454,1000,8.240743309893662e-5,train_fit_end_to_end
Zach Cunningham,Rusher,130,58,95,0.2425297249450736,lambda.min,0.22742844548427227,0.18454962649656192,-0.1494996545011547,0.10021957122875874,0.23221242539589723,0.3641160938669643,0.5650493231996693,1000,1.039457465372263e-4,train_fit_end_to_end,455,717,-0.0516174502761316,lambda.min,-0.05165191644178903,0.02134844520950433,-0.09411118898247652,-0.06671004540378632,-0.05144620004925214,-0.03708325301079519,-0.01174296288689767,1000,8.240743309893662e-5,train_fit_end_to_end
Jonathan Allen,Rusher,896,59,96,0.2422961988353011,lambda.min,0.24504071516855885,0.05230210795300061,0.1352144908092096,0.21317901842095432,0.24770394878303909,0.28150756855442305,0.3358160806638392,1000,1.039457465372263e-4,train_fit_end_to_end,9,9,0.330785458645428,lambda.min,0.3216056174886104,0.19044912452023133,-0.0585916267904638,0.18696020093189003,0.33055211658260947,0.45890616175525367,0.6835927866421729,1000,8.240743309893662e-5,train_fit_end_to_end
Josh Sweat,Rusher,475,60,102,0.23401814344650643,lambda.min,0.22118603738373063,0.1196142858992602,-0.00937641930188527,0.1446354620536253,0.21217879461585243,0.2994062726395318,0.46615286769047687,1000,1.039457465372263e-4,train_fit_end_to_end,36,42,0.1979168537043352,lambda.min,0.19663726720249147,0.1487420564066497,-0.08488244231777448,0.08911904173066157,0.19468780246467615,0.29794213623880794,0.4983075367215099,1000,8.240743309893662e-5,train_fit_end_to_end
Jordyn Brooks,Rusher,198,61,104,0.23370175105503824,lambda.min,0.22300476772405672,0.15081875995676103,-0.05881144820904584,0.11793331446368818,0.2242666291986176,0.3225489141501363,0.5276338828259406,1000,1.039457465372263e-4,train_fit_end_to_end,210,416,-0.00265015180729515,lambda.min,-0.00524373670968024,0.0667508139364128,-0.0977455270622258,-0.06006752653855431,-0.0139511861929883,0.03416990561289769,0.14979014166293944,1000,8.240743309893662e-5,train_fit_end_to_end
Joshua Kaindoh,Rusher,41,62,106,0.2319792459005025,lambda.min,0.20380945455722452,0.1386203845762374,0,0.0872131820317815,0.23534272072729323,0.28477363586539173,0.45790095589053553,1000,1.039457465372263e-4,train_fit_end_to_end,237,449,-0.00543154605680084,lambda.min,-0.00874750457377063,0.0122908707044954,-0.03912930363639541,-0.01537054746856764,-0.00647053396253353,0,0.01275930180612621,1000,8.240743309893662e-5,train_fit_end_to_end
Genard Avery,Rusher,111,63,107,0.23086633731534853,lambda.min,0.22732405474934073,0.14657082972585006,-0.04104641636759954,0.12255762178879136,0.22259227609044013,0.32863849476697526,0.5225921942579592,1000,1.039457465372263e-4,train_fit_end_to_end,145,288,0.01756225826250432,lambda.min,0.02027899663499648,0.07367732840470627,-0.07432231080145237,-0.04384127880993029,0.01786762446687317,0.05860414942272826,0.19172302208519448,1000,8.240743309893662e-5,train_fit_end_to_end
Ndamukong Suh,Rusher,310,64,108,0.23052124179922137,lambda.min,0.22869073866597023,0.14661189730581628,-0.05571071100855552,0.13328042550700786,0.22479888196328648,0.3215744582574229,0.5064735902480969,1000,1.039457465372263e-4,train_fit_end_to_end,263,479,-0.00867010946756549,lambda.min,-0.00466141858927275,0.08181827656605026,-0.1475606168361057,-0.0636055821332436,-0.00928541890853208,0.04648417110619666,0.1665341481417887,1000,8.240743309893662e-5,train_fit_end_to_end
Sheldon Rankins,Rusher,729,65,109,0.23010411745343623,lambda.min,0.21942297321018253,0.10802834887913185,-0.02299840398778218,0.1544425710027514,0.2288823317993376,0.29558421676356506,0.4099730503235836,1000,1.039457465372263e-4,train_fit_end_to_end,114,186,0.06452243203033764,lambda.min,0.06892760487594685,0.1416774872733942,-0.16695885275205904,-0.03283997215915252,0.0531667682671815,0.16969383065437207,0.3733158927556161,1000,8.240743309893662e-5,train_fit_end_to_end
Roquan Smith,Rusher,258,66,110,0.22974122455728108,lambda.min,0.22864108743164316,0.11280484510689186,0.02009018324292107,0.15017390748122583,0.22730966886243453,0.30607162001960014,0.4535651210875815,1000,1.039457465372263e-4,train_fit_end_to_end,567,875,-0.10863774322729317,lambda.min,-0.105462464709595,0.02995028196150768,-0.16292153272405577,-0.1259819862371941,-0.10580221752562928,-0.08519725508826587,-0.04446533535877495,1000,8.240743309893662e-5,train_fit_end_to_end
Derrick Brown,Rusher,736,67,111,0.2226680612431902,lambda.min,0.2161447707878076,0.10351995938699056,-0.019306836104705,0.15769225217728874,0.225505640113022,0.2858741227227316,0.3970382764371024,1000,1.039457465372263e-4,train_fit_end_to_end,186,377,0.00133336599330535,lambda.min,-0.0020223144827625,0.12136260960729288,-0.20783238747649757,-0.09180834842161006,-0.01395118683737494,0.08236804403890088,0.25629723253497005,1000,8.240743309893662e-5,train_fit_end_to_end
Larrell Murchison,Rusher,216,68,112,0.22100884132752543,lambda.min,0.20917804038905655,0.14702451770793448,-0.09661273883563594,0.10401737497966794,0.2154868327231741,0.3099503657195907,0.4866084520773367,1000,1.039457465372263e-4,train_fit_end_to_end,534,824,-0.08130524911318959,lambda.min,-0.07732483312354585,0.03096682680525976,-0.13612023001182277,-0.09840631125681806,-0.07623874105920589,-0.05661440422746358,-0.01908390294700532,1000,8.240743309893662e-5,train_fit_end_to_end
Mario Addison,Rusher,336,69,113,0.22097463271396783,lambda.min,0.22471780236416272,0.16528425596399593,-0.10774769849432762,0.11669105005773096,0.22488803705945895,0.33316928372962673,0.5520704418668652,1000,1.039457465372263e-4,train_fit_end_to_end,48,60,0.1707997918053333,lambda.min,0.16485578898560163,0.11677486730538172,-0.04646361507901347,0.0802142287301305,0.16036005057149813,0.2483491300352601,0.3995911351451006,1000,8.240743309893662e-5,train_fit_end_to_end
Tershawn Wharton,Rusher,609,70,114,0.2205124620027985,lambda.min,0.22489785955692296,0.08931225992671776,0.04834885246386668,0.16642459917704264,0.22312198073378145,0.2871506015727604,0.40526270769148703,1000,1.039457465372263e-4,train_fit_end_to_end,474,739,-0.05734268419513103,lambda.min,-0.06002307967093114,0.08024376831852077,-0.19872519427761448,-0.11616569672500636,-0.06605115850974633,-0.00883326170695659,0.11407962236826638,1000,8.240743309893662e-5,train_fit_end_to_end
Josh Woods,Rusher,31,71,115,0.21823788308530415,lambda.min,0.1941377169795696,0.15128935250047393,-0.06432555021065595,0.10356763200083488,0.19191269169539793,0.3025573528462649,0.4843966651612281,1000,1.039457465372263e-4,train_fit_end_to_end,189,381,7.820366347921007e-4,lambda.min,-0.00163127858389652,0.01158111302460174,-0.02561354022201687,-0.00826798521440514,-0.0011855212024398,0.00464051020442139,0.01995487847903899,1000,8.240743309893662e-5,train_fit_end_to_end
Micah Kiser,Rusher,30,72,116,0.21696199801073723,lambda.min,0.21073643690964036,0.1540679183059403,-0.02137976465030013,0.08651922755049726,0.21850781288101315,0.28806586638708753,0.5513406907841074,1000,1.039457465372263e-4,train_fit_end_to_end,178,367,0.00195562391956803,lambda.min,0.00152242785375698,0.01481953517460777,-0.02499088186505268,-0.00891240498251618,0,0.01130871281163376,0.0306184843100825,1000,8.240743309893662e-5,train_fit_end_to_end
Malik Mcdowell,Rusher,873,73,118,0.21031067863045744,lambda.min,0.21350790549601395,0.08871304329335829,0.03149901772221387,0.15625486579239806,0.2164173740645498,0.2713492551987049,0.37726278472157226,1000,1.039457465372263e-4,train_fit_end_to_end,116,192,0.06217374500684047,lambda.min,0.06275744121541972,0.1636680338165627,-0.23019647849982555,-0.0526023479478532,0.05623009097349682,0.17681134431556494,0.39079832739274306,1000,8.240743309893662e-5,train_fit_end_to_end
Kyle Peko,Rusher,196,74,120,0.20647913512896107,lambda.min,0.21850083126289824,0.13179399993803567,-0.04927608848674904,0.13176638561824475,0.220826127450868,0.3080116903143416,0.46016663452336903,1000,1.039457465372263e-4,train_fit_end_to_end,121,209,0.05345209838485709,lambda.min,0.05238061605335399,0.10966137699686249,-0.09357114416538072,-0.0454782828767719,0.05871394365082435,0.11355943354168956,0.295918131808349,1000,8.240743309893662e-5,train_fit_end_to_end
Malcolm Roach,Rusher,265,75,121,0.2056950889361307,lambda.min,0.19681110612230113,0.06147063500816843,0.06700529461617886,0.16166554722513027,0.20027626332953535,0.23657836505376567,0.3120371262892584,1000,1.039457465372263e-4,train_fit_end_to_end,560,864,-0.1037680717189706,lambda.min,-0.09771394178299736,0.04062738734230856,-0.1778838656490518,-0.1260832858971254,-0.09768120423988788,-0.06964956733425194,-0.02099575754893531,1000,8.240743309893662e-5,train_fit_end_to_end
Chris Jones,Rusher,661,76,122,0.20538988859171092,lambda.min,0.2011315456147002,0.12127092436610014,-0.05215732388072169,0.1292490293897514,0.20494907554428915,0.28101374832195625,0.43256605035366774,1000,1.039457465372263e-4,train_fit_end_to_end,24,27,0.24531403103109825,lambda.min,0.2357500223350043,0.15691668341103435,-0.05563695394982083,0.12608123582272107,0.23887950261959465,0.35178030256424114,0.5422274140204791,1000,8.240743309893662e-5,train_fit_end_to_end
Javon Hargrave,Rusher,958,77,125,0.20234814040099197,lambda.min,0.1939519094509111,0.1169698511833115,-0.03880890359535593,0.11995910400407368,0.18827072184353183,0.2655647844424573,0.4327993536313246,1000,1.039457465372263e-4,train_fit_end_to_end,34,38,0.20924062042638564,lambda.min,0.2044153084698102,0.1949709197887112,-0.1653026712919649,0.05822848533473271,0.20151319017631963,0.3426553539846212,0.5846407135619011,1000,8.240743309893662e-5,train_fit_end_to_end
Bobby Wagner,Rusher,221,78,126,0.20231842952412796,lambda.min,0.18814865307044729,0.13483643356492478,-0.07370119556313734,0.09231989746345812,0.1915097735564319,0.28292624522406407,0.4321732998175958,1000,1.039457465372263e-4,train_fit_end_to_end,542,837,-0.08537164763789697,lambda.min,-0.08514971915501611,0.02605531706126595,-0.133686774529539,-0.10326344112026006,-0.08500517308699913,-0.06706868346808421,-0.03408317040845535,1000,8.240743309893662e-5,train_fit_end_to_end
Poona Ford,Rusher,957,79,127,0.2020831368063004,lambda.min,0.2040112700777094,0.07935060707500356,0.05124346687609479,0.15051495040489796,0.20358318174039017,0.25682301441840955,0.36564450348405886,1000,1.039457465372263e-4,train_fit_end_to_end,585,903,-0.12461514033893484,lambda.min,-0.12437937676029252,0.11201169452017884,-0.3060490102715102,-0.2047296857224871,-0.13876417430790086,-0.05097308215981696,0.12788836334949694,1000,8.240743309893662e-5,train_fit_end_to_end
Darrell Taylor,Rusher,328,80,128,0.20198840636245377,lambda.min,0.19702391382358056,0.11593973578291926,-0.05181955315552527,0.12503612141297693,0.20013126348403937,0.27442917397477473,0.41290031927513177,1000,1.039457465372263e-4,train_fit_end_to_end,97,157,0.07630526408455734,lambda.min,0.07447544047524335,0.0976793125757478,-0.09363167937746528,0.0039543677611472,0.06473225819611192,0.1377467660083294,0.265661476102064,1000,8.240743309893662e-5,train_fit_end_to_end
L.J. Collier,Rusher,266,81,129,0.20063478390170048,lambda.min,0.19927592920255568,0.06624565414389631,0.07363895874141078,0.15664193661065487,0.1981677321039765,0.2462863358881271,0.3273483962999225,1000,1.039457465372263e-4,train_fit_end_to_end,565,873,-0.10825675279560457,lambda.min,-0.10451622685929216,0.03405244369681036,-0.17005369179453017,-0.12649921177559237,-0.10530716587264856,-0.08111454975471508,-0.03730277290539466,1000,8.240743309893662e-5,train_fit_end_to_end
Rakeem Nunez-Roches,Rusher,182,82,130,0.1995553149860544,lambda.min,0.18395527822907295,0.1333808350158312,-0.062386264149166,0.09461707868838826,0.18020534934552124,0.27502329181909113,0.4540507837825053,1000,1.039457465372263e-4,train_fit_end_to_end,501,778,-0.06715263748521405,lambda.min,-0.0651652265959704,0.02527758769441246,-0.11841393825481976,-0.08201791177508556,-0.06423099607193239,-0.0476202820935848,-0.01792474281489238,1000,8.240743309893662e-5,train_fit_end_to_end
Azeez Al-Shaair,Rusher,146,83,131,0.19653444055892028,lambda.min,0.1929038223302976,0.16642229015206011,-0.11847275088668156,0.07377259823059848,0.18558004843467968,0.2972729519336658,0.5403751846735775,1000,1.039457465372263e-4,train_fit_end_to_end,503,782,-0.069094475232289,lambda.min,-0.06590099554285984,0.02519019124831631,-0.11496150434925367,-0.0826607576279555,-0.0667758228842427,-0.04688247805698101,-0.01535723953325732,1000,8.240743309893662e-5,train_fit_end_to_end
Bryce Huff,Rusher,240,84,133,0.1947336874044121,lambda.min,0.18426098713756384,0.08658102486278675,0.00203689451409551,0.1257875541440447,0.19024085303909372,0.24307441520839587,0.3492923355301211,1000,1.039457465372263e-4,train_fit_end_to_end,439,694,-0.04410597337772062,lambda.min,-0.04045036578234774,0.05702359488087383,-0.13593867795226447,-0.08241378010837005,-0.04415777588335033,-0.00557018796490422,0.0884313510577513,1000,8.240743309893662e-5,train_fit_end_to_end
Lawrence Guy,Rusher,566,85,134,0.1942215862640392,lambda.min,0.20195574411171496,0.12370919659190054,-0.03123478249118657,0.11831848237426149,0.19803795402578012,0.2893099313170973,0.4396566319177419,1000,1.039457465372263e-4,train_fit_end_to_end,478,744,-0.05820943032415789,lambda.min,-0.05634142892289801,0.08529186818523811,-0.2068155326552053,-0.11635178029484862,-0.06271500931229398,1.8554683632073833e-4,0.11943097633419472,1000,8.240743309893662e-5,train_fit_end_to_end
Jordan Hicks,Rusher,297,86,135,0.19411438039236692,lambda.min,0.18637600827584355,0.1124902453848468,-0.03818454403105971,0.11302216434835698,0.19164644042470524,0.2660155157792866,0.38706523019060135,1000,1.039457465372263e-4,train_fit_end_to_end,577,891,-0.1186024571252676,lambda.min,-0.11697937943707952,0.02924528844984656,-0.17346818326197644,-0.1370603134763985,-0.11716624258968912,-0.09694904100261902,-0.05804616783553507,1000,8.240743309893662e-5,train_fit_end_to_end
Kevin Givens,Rusher,322,87,136,0.19391999802976195,lambda.min,0.17702189757498143,0.11468524397552576,-0.07493005584099928,0.10628105391030006,0.18636336198559625,0.25145281335906366,0.3774657201556937,1000,1.039457465372263e-4,train_fit_end_to_end,573,886,-0.11656690108096072,lambda.min,-0.114350299071162,0.03422234671864696,-0.1811856934019731,-0.1380561434147876,-0.1134821355491894,-0.08918892610473472,-0.05245594509513622,1000,8.240743309893662e-5,train_fit_end_to_end
Jalen Reeves-Maybin,Rusher,172,88,137,0.19390159413993016,lambda.min,0.17456482168120993,0.1674937426510668,-0.1941473681389984,0.06683276498287796,0.1826840087927167,0.29273449510863764,0.4873606808576746,1000,1.039457465372263e-4,train_fit_end_to_end,525,813,-0.07829640541148132,lambda.min,-0.07669803139810552,0.0241017857817916,-0.12314250983637864,-0.09393093091537875,-0.07564397362282133,-0.06130296770004691,-0.03125260870211312,1000,8.240743309893662e-5,train_fit_end_to_end
Duke Riley,Rusher,56,89,138,0.1937780396230464,lambda.min,0.21107572087379653,0.1429057271178169,-0.04644656379342141,0.10737643303502598,0.2093371034568293,0.3063015982793753,0.5018889197215971,1000,1.039457465372263e-4,train_fit_end_to_end,270,490,-0.00977397597302361,lambda.min,-0.00861533551054171,0.01334917325069938,-0.03479341842404687,-0.01749447357775758,-0.00833521668451339,2.0127116573497028e-4,0.01785889214722718,1000,8.240743309893662e-5,train_fit_end_to_end
Zack Baun,Rusher,51,90,139,0.19124942601579897,lambda.min,0.17283587782442378,0.11044495377432872,-0.034524220257479137,0.09616659712856215,0.1733752579616824,0.24875018952176528,0.3872769346670613,1000,1.039457465372263e-4,train_fit_end_to_end,322,548,-0.01747599538469576,lambda.min,-0.01626521114478986,0.01895872669318701,-0.05880903412801681,-0.02736640895435569,-0.01548244353148797,-0.00376442060000367,0.01768881705745619,1000,8.240743309893662e-5,train_fit_end_to_end
Cole Holcomb,Rusher,212,91,141,0.18952689766905792,lambda.min,0.1817165963584214,0.14857590334263637,-0.08867154467036709,0.07673723652200097,0.18064630957876707,0.27672277461240113,0.4748593473228417,1000,1.039457465372263e-4,train_fit_end_to_end,512,795,-0.07281231845374733,lambda.min,-0.07147855508435928,0.02915031187328678,-0.12600498619517703,-0.0897470639827378,-0.07242640690374136,-0.05389009178892941,-0.01017799478270431,1000,8.240743309893662e-5,train_fit_end_to_end
Al Woods,Rusher,791,92,142,0.1879235519773114,lambda.min,0.1871364112110103,0.06956141557504633,0.05556333973928013,0.14220268953110252,0.18824900411117407,0.23257656647401836,0.3183911276049756,1000,1.039457465372263e-4,train_fit_end_to_end,584,902,-0.12457404750419374,lambda.min,-0.12066363288630176,0.07710523605929011,-0.2600411133377369,-0.17275288247148926,-0.1260131722222567,-0.07222949643449467,0.04272895746408568,1000,8.240743309893662e-5,train_fit_end_to_end
Alex Highsmith,Rusher,554,93,143,0.18706739034572292,lambda.min,0.19569709231878468,0.13102250089384815,-0.05570007588774198,0.1052367894493402,0.19835796134095485,0.2877334027958889,0.44812912865448495,1000,1.039457465372263e-4,train_fit_end_to_end,86,126,0.10013483220518243,lambda.min,0.09892213772701092,0.12062305820755258,-0.12083455570859558,0.01223287730182031,0.09601167255270313,0.1829735647576952,0.3376653330468289,1000,8.240743309893662e-5,train_fit_end_to_end
Pete Werner,Rusher,66,94,145,0.18565969653767417,lambda.min,0.1932181515474458,0.1169740929684416,-0.02451031805442932,0.1064599817232608,0.18936583589059275,0.2676983816130396,0.430580221113983,1000,1.039457465372263e-4,train_fit_end_to_end,365,603,-0.02645699379821772,lambda.min,-0.02424576895788587,0.01809479936895964,-0.05943155705637049,-0.03614965734520294,-0.02376185995348381,-0.01188746059978879,0.01048396849682725,1000,8.240743309893662e-5,train_fit_end_to_end
Elandon Roberts,Rusher,128,95,146,0.18464221489223032,lambda.min,0.1816351477417515,0.14452825671097436,-0.09163945183057425,0.08161910737535821,0.18232918874153276,0.27732086517718846,0.4722403986030064,1000,1.039457465372263e-4,train_fit_end_to_end,441,697,-0.04450899078235301,lambda.min,-0.04268109340255816,0.01979264775292988,-0.08097516136333,-0.05584353191819206,-0.04272395278583631,-0.02934166314736457,-0.00344401026073112,1000,8.240743309893662e-5,train_fit_end_to_end
Eddie Goldman,Rusher,431,96,148,0.18035020142809657,lambda.min,0.18824814421505548,0.08340954131645056,0.02322711678855271,0.13371755782296121,0.19026242384772535,0.2442020997547824,0.3376445194839768,1000,1.039457465372263e-4,train_fit_end_to_end,549,848,-0.09115961832168518,lambda.min,-0.08894447587853942,0.06456780137480674,-0.19438413806179336,-0.1376013630251562,-0.09642332983611317,-0.04468129550055177,0.05157035960970792,1000,8.240743309893662e-5,train_fit_end_to_end
Jordan Jenkins,Rusher,243,97,151,0.17544343890933384,lambda.min,0.17735473506428676,0.10789489301555236,-0.03534813617249528,0.10372712213695384,0.1866481217690728,0.2556977842525726,0.3648604425326968,1000,1.039457465372263e-4,train_fit_end_to_end,123,213,0.0522068706260161,lambda.min,0.04355999796350677,0.11912185810597647,-0.10475558927804496,-0.05893628351545359,0.03909639663442849,0.11114841167329167,0.30994250285517955,1000,8.240743309893662e-5,train_fit_end_to_end
Davon Godchaux,Rusher,753,98,153,0.17473799551444946,lambda.min,0.18025750066554025,0.09291356915247312,0.01058877643630204,0.11450187247602524,0.1803587885999144,0.24434131234327225,0.36128132874717667,1000,1.039457465372263e-4,train_fit_end_to_end,602,932,-0.1553675570133076,lambda.min,-0.15041204103294356,0.06925199068059214,-0.27124033592967517,-0.19796392550487757,-0.15429289481072034,-0.10760002147055804,-0.00916039145604417,1000,8.240743309893662e-5,train_fit_end_to_end
Dawuane Smoot,Rusher,509,99,154,0.17451899666357337,lambda.min,0.1740213837379818,0.10657940480960051,-0.03682645882098243,0.1025426553826104,0.16878207823855668,0.24988051429528035,0.3689996988886726,1000,1.039457465372263e-4,train_fit_end_to_end,305,529,-0.01550633302998094,lambda.min,-0.00831512379380798,0.09592949704347845,-0.16959011809250105,-0.08104754407508441,-0.01562297483895295,0.05433930859845245,0.1905123335756897,1000,8.240743309893662e-5,train_fit_end_to_end
Danielle Hunter,Rusher,275,100,156,0.17406050369848697,lambda.min,0.17621658521297928,0.08873592683342671,-0.01918584689824379,0.12154662832438495,0.18286469129394903,0.2409150739864677,0.32402078796616635,1000,1.039457465372263e-4,train_fit_end_to_end,60,85,0.13243589589017088,lambda.min,0.13333880691392247,0.17532344167588806,-0.11342436322187031,-0.01822676111537462,0.1281848853346547,0.24406435043294708,0.5120845671373816,1000,8.240743309893662e-5,train_fit_end_to_end
Star Lotulelei,Rusher,416,101,158,0.1726076674895543,lambda.min,0.19048901582432287,0.14695974669394885,-0.07820676887097483,0.0901796714123244,0.1836068703155629,0.28284845760295113,0.4993320638127302,1000,1.039457465372263e-4,train_fit_end_to_end,161,331,0.00615723297098291,lambda.min,0.00772597709791234,0.11749896108240386,-0.16313749793205018,-0.08502286236486722,-0.00514030262872465,0.07853445634780898,0.2706615462235889,1000,8.240743309893662e-5,train_fit_end_to_end
Kenneth Murray Jr.,Rusher,93,102,159,0.1725630625347604,lambda.min,0.1843867507674221,0.1353985723236092,-0.06575970699146744,0.08809354974812292,0.1806212078793123,0.2760740333938442,0.4554914833536793,1000,1.039457465372263e-4,train_fit_end_to_end,412,659,-0.03759132627720581,lambda.min,-0.03430121083080256,0.02232298014683665,-0.07918519463815765,-0.04925795659432297,-0.03369768159426365,-0.0185036106274799,0.00450837648683456,1000,8.240743309893662e-5,train_fit_end_to_end
Maxx Crosby,Rusher,753,103,160,0.17235735782886563,lambda.min,0.17674120941542107,0.06047576852569523,0.04905235805307065,0.13613223396979815,0.18185840344232265,0.2167107311226116,0.29111591059767983,1000,1.039457465372263e-4,train_fit_end_to_end,88,130,0.09641337910245698,lambda.min,0.08742861838707172,0.1477999023523716,-0.167019478068115,-0.02179712080270677,0.07612379465573628,0.17782482123652843,0.4095797871195672,1000,8.240743309893662e-5,train_fit_end_to_end
Mike Daniels,Rusher,89,104,162,0.1666749746090802,lambda.min,0.12243129220257774,0.1035085339364098,0,0.0121162819575999,0.1493091894072786,0.21071921315407569,0.3014296456764314,1000,1.039457465372263e-4,train_fit_end_to_end,382,626,-0.0307870577276689,lambda.min,-0.03012551392003233,0.02717822869507407,-0.09436905527963624,-0.04726413657783367,-0.02452655377637086,-0.00942702645218451,0,1000,8.240743309893662e-5,train_fit_end_to_end
Khyiris Tonga,Rusher,267,105,167,0.15845791704503712,lambda.min,0.15580234766974593,0.12293849990238773,-0.09901892180660124,0.07728922637090972,0.16333815414883412,0.23772357493478893,0.39022936889005583,1000,1.039457465372263e-4,train_fit_end_to_end,548,845,-0.0901228375999153,lambda.min,-0.08883412143642297,0.02862372465257717,-0.1445153453118038,-0.10777765459749523,-0.08863268304930107,-0.06919634725235221,-0.03278338257190159,1000,8.240743309893662e-5,train_fit_end_to_end
Dre Greenlaw,Rusher,23,106,168,0.1579940546600421,lambda.min,0.1377145694507882,0.07629013705976888,0,0.07688325739950745,0.14412304689434646,0.1931269083817052,0.2740804461236288,1000,1.039457465372263e-4,train_fit_end_to_end,185,376,0.00136916879348935,lambda.min,-2.3886287690931977e-4,0.00854897037080656,-0.02347122771970435,-0.00178527355216638,3.570953173785748e-4,0.00535808219317728,0.01105799407551848,1000,8.240743309893662e-5,train_fit_end_to_end
Reggie Ragland,Rusher,97,107,170,0.15699986265614882,lambda.min,0.16024787317963105,0.12489704240405158,-0.08020736195237486,0.06852009568740379,0.15588468755770934,0.2457080497739455,0.4093960385299124,1000,1.039457465372263e-4,train_fit_end_to_end,405,651,-0.03550046932640166,lambda.min,-0.03467536952832749,0.01788588455700466,-0.07242721045739332,-0.04693966333161227,-0.03372057794529038,-0.02215588241823578,-0.0018658723053227,1000,8.240743309893662e-5,train_fit_end_to_end
Drue Tranquill,Rusher,123,108,171,0.1565922331105423,lambda.min,0.14590743351286806,0.15086978459212863,-0.15128045905490728,0.04772728397513449,0.15107133829555347,0.24449801936985585,0.449317959004884,1000,1.039457465372263e-4,train_fit_end_to_end,464,727,-0.0557615354190371,lambda.min,-0.05356172899673706,0.01810068445702451,-0.09167186723668282,-0.0652562345094237,-0.05276313524636611,-0.04101534932483086,-0.02043173107653523,1000,8.240743309893662e-5,train_fit_end_to_end
John Cominsky,Rusher,12,109,172,0.15657613279935867,lambda.min,0.15520744688793084,0.14872966821260702,-0.07503977592789794,0.03993916312374639,0.14473156139250576,0.24943933077035343,0.5068668165517157,1000,1.039457465372263e-4,train_fit_end_to_end,153,311,0.00949693310314084,lambda.min,0.00870480845106073,0.01501449250122867,-0.01743488354429452,-0.00117144420162766,0.0074990524491113,0.01872936672273608,0.04197687606674984,1000,8.240743309893662e-5,train_fit_end_to_end
Christian Wilkins,Rusher,799,110,173,0.15632824969454714,lambda.min,0.16214692567387795,0.10185398951660814,-0.04568888011629127,0.093366226765064,0.16654667713516713,0.2340955508844565,0.3467750300501393,1000,1.039457465372263e-4,train_fit_end_to_end,526,814,-0.07832836710854951,lambda.min,-0.07427254578386712,0.08356509569295321,-0.2253173061293586,-0.1343185337689976,-0.07905562781586281,-0.01845483949675704,0.10403738486729786,1000,8.240743309893662e-5,train_fit_end_to_end
Montravius Adams,Rusher,384,111,175,0.15276409164345703,lambda.min,0.15174286314422453,0.06472788535013713,0.01842903504382376,0.1113259042803379,0.15184127683396925,0.19686696480061672,0.2685522321260322,1000,1.039457465372263e-4,train_fit_end_to_end,575,888,-0.11690689518873476,lambda.min,-0.11457755794536974,0.04115902218842731,-0.1992068541230146,-0.14200195829922344,-0.1131889247848972,-0.08618560199251116,-0.03468636123067184,1000,8.240743309893662e-5,train_fit_end_to_end
Deion Jones,Rusher,193,112,177,0.1497491517468354,lambda.min,0.1372965953059345,0.1886856467900195,-0.2528885687581499,0.01541862066290844,0.14166872791694551,0.26464722354183057,0.4991872817149994,1000,1.039457465372263e-4,train_fit_end_to_end,528,816,-0.07875566177075857,lambda.min,-0.07715745110819058,0.02538259514683501,-0.12446437284134096,-0.09488860326048612,-0.07812314643436673,-0.05916721932502659,-0.02875966977365532,1000,8.240743309893662e-5,train_fit_end_to_end
Alim Mcneill,Rusher,548,113,178,0.14734394968866046,lambda.min,0.14562602006449074,0.07396231142173923,-0.00168672156928149,0.09742806824409296,0.1461409152512836,0.19254579162080093,0.29593202219183073,1000,1.039457465372263e-4,train_fit_end_to_end,85,124,0.10082248056338572,lambda.min,0.0978607224604921,0.1583992643764087,-0.16953592339351128,-0.01251157503829933,0.0825470241695401,0.1957936382863937,0.430646665688137,1000,8.240743309893662e-5,train_fit_end_to_end
Ed Oliver,Rusher,699,114,180,0.14717783587719746,lambda.min,0.15537301589674143,0.12226559701004348,-0.0755987462697032,0.07566609923404638,0.15628942564981402,0.23042188453789467,0.40985984491808214,1000,1.039457465372263e-4,train_fit_end_to_end,366,605,-0.02669649201332796,lambda.min,-0.02298071044847198,0.11538208759800728,-0.2139618966546193,-0.10917336484626013,-0.03141107194413563,0.0502752639234579,0.23560611340382975,1000,8.240743309893662e-5,train_fit_end_to_end
Joey Bosa,Rusher,524,115,181,0.1457574738907597,lambda.min,0.13981628398570406,0.13475304397684512,-0.13955931623028567,0.05672235479611118,0.14608910659702448,0.22749191844686265,0.401321517687965,1000,1.039457465372263e-4,train_fit_end_to_end,16,16,0.29021564960884855,lambda.min,0.2875788815975307,0.10928831560804048,0.074595510512294,0.21686438510971603,0.28920585465298343,0.3619857759355154,0.49073256237694113,1000,8.240743309893662e-5,train_fit_end_to_end
Darius Leonard,Rusher,128,116,182,0.14572981969926552,lambda.min,0.144426657039744,0.13320026463794962,-0.11486397557093708,0.0526782561210005,0.14639974570614167,0.23617022893144732,0.4014012610962832,1000,1.039457465372263e-4,train_fit_end_to_end,397,643,-0.03428650960121643,lambda.min,-0.03308438375946276,0.02223346026197078,-0.07638287111320011,-0.04714528306747351,-0.03338603043966193,-0.01795254503828217,0.00971505030720692,1000,8.240743309893662e-5,train_fit_end_to_end
Sharif Finch,Rusher,15,117,184,0.1437417287945289,lambda.min,0.11480663780763696,0.1562134736767597,-0.08633605250225103,-0.03954029425541192,0.1294718772344487,0.21541208690929292,0.42494313171669185,1000,1.039457465372263e-4,train_fit_end_to_end,176,362,0.00247086513533947,lambda.min,-0.00126000502536303,0.00655407702338977,-0.01496186851014228,-0.00633657985697394,0,0.00329765821793538,0.01024754029237972,1000,8.240743309893662e-5,train_fit_end_to_end
Mike Pennel,Rusher,269,118,185,0.14359858114906277,lambda.min,0.13474548166089126,0.16628920294624627,-0.1693952746201257,0.02301452405267311,0.12972832160447942,0.24917503049689813,0.4665857129414104,1000,1.039457465372263e-4,train_fit_end_to_end,508,789,-0.07141783805388939,lambda.min,-0.06892879998614403,0.03416130522124035,-0.13439893046291257,-0.09268937729673848,-0.06839149710013609,-0.04666290763696687,-5.048820659870816e-4,1000,8.240743309893662e-5,train_fit_end_to_end
Fletcher Cox,Rusher,889,119,187,0.14242177012236884,lambda.min,0.13267418627439084,0.1195354910239657,-0.10769260642281309,0.04827881035132342,0.13050667136589,0.2133140230693149,0.3707593572048517,1000,1.039457465372263e-4,train_fit_end_to_end,480,749,-0.05976494566429335,lambda.min,-0.06287559985000926,0.15414896539381062,-0.29096149392124016,-0.1902278828268637,-0.07686101697219788,0.03650064154635918,0.29626217326716436,1000,8.240743309893662e-5,train_fit_end_to_end
Brennan Scarlett,Rusher,84,120,188,0.14177338691996533,lambda.min,0.12415523395786722,0.0849223418857509,-0.05373011549181757,0.06876426891118546,0.13040572095533975,0.18239285178247097,0.28498545911467765,1000,1.039457465372263e-4,train_fit_end_to_end,418,667,-0.03927207255873385,lambda.min,-0.03642038753371907,0.016638442025401,-0.07036929342658427,-0.04617630707689058,-0.03594610443724926,-0.02530841623601908,-0.0069884248839115,1000,8.240743309893662e-5,train_fit_end_to_end
Tarron Jackson,Rusher,204,121,190,0.1403039817280339,lambda.min,0.13753408002185566,0.16961907847623806,-0.20304527156646895,0.02223743402468942,0.14029627362504254,0.2542624626460477,0.45891738010957095,1000,1.039457465372263e-4,train_fit_end_to_end,363,600,-0.02562926961675931,lambda.min,-0.02067335863344749,0.06898533238904316,-0.12241500569640064,-0.07300863847277254,-0.02986627314285617,0.01977429030881159,0.1332618452665762,1000,8.240743309893662e-5,train_fit_end_to_end
Anthony Walker Jr.,Rusher,127,122,191,0.13990825417829983,lambda.min,0.1338051477984701,0.14559322976268993,-0.15357900310545936,0.03366589948878763,0.1342245747675319,0.2293407661429878,0.41904504077188853,1000,1.039457465372263e-4,train_fit_end_to_end,152,307,0.01008934031462961,lambda.min,0.00814550583806393,0.06758003702967133,-0.08170949487128171,-0.04823506817350749,7.421590261835779e-4,0.0487776633946289,0.16366529154670612,1000,8.240743309893662e-5,train_fit_end_to_end
Brent Urban,Rusher,168,123,192,0.1398140308447094,lambda.min,0.12275083478331653,0.1558342109118583,-0.20012600552539228,0.02018148049768643,0.13821028262619006,0.23549538867816536,0.4014138578373039,1000,1.039457465372263e-4,train_fit_end_to_end,499,775,-0.06654620432967681,lambda.min,-0.06556696530643648,0.03290544137451046,-0.13410360682603234,-0.08721411358172772,-0.06455043115671256,-0.04139211960434381,-0.00640013560770042,1000,8.240743309893662e-5,train_fit_end_to_end
Johnathan Hankins,Rusher,765,124,195,0.13595656553319518,lambda.min,0.1427444011416225,0.0969420009130106,-0.04647153309616736,0.0799681388023034,0.14438695581277355,0.2090933326939803,0.3223474999675487,1000,1.039457465372263e-4,train_fit_end_to_end,618,956,-0.20686764675350405,lambda.min,-0.19869861273714196,0.04838247656311002,-0.28968594918583906,-0.23264353938741653,-0.1981447280435678,-0.16581688775443626,-0.10301547189113576,1000,8.240743309893662e-5,train_fit_end_to_end
Hassan Ridgeway,Rusher,454,125,198,0.13566073784750216,lambda.min,0.13885480585030985,0.14453219115811408,-0.1457387038749398,0.04376356988028185,0.13908606242926014,0.2330295246323404,0.4175243682793781,1000,1.039457465372263e-4,train_fit_end_to_end,134,249,0.03101026686258635,lambda.min,0.03413016776130696,0.12723922033047994,-0.15439105627976948,-0.06621591210650689,0.01560754174001833,0.1156178384044474,0.31519436716938887,1000,8.240743309893662e-5,train_fit_end_to_end
Nick Bolton,Rusher,150,126,201,0.13331882554297983,lambda.min,0.129563067281753,0.13587910264310887,-0.14183591053441635,0.04022029157295787,0.12796908759619222,0.23185139359423795,0.3850031049397208,1000,1.039457465372263e-4,train_fit_end_to_end,399,645,-0.03462677860128727,lambda.min,-0.03313491747743904,0.02246991458367048,-0.07669132674054309,-0.04881865536383439,-0.03377136897189053,-0.01760830358064032,0.01093251661380055,1000,8.240743309893662e-5,train_fit_end_to_end
Greg Rousseau,Rusher,307,127,202,0.13213223993951503,lambda.min,0.13305516397175993,0.11491144387199582,-0.09841211259706303,0.06076733080211354,0.13324790881467785,0.21436859703551453,0.3491974691898136,1000,1.039457465372263e-4,train_fit_end_to_end,67,98,0.1224017353124963,lambda.min,0.1259629089311074,0.13702496516516816,-0.10026227007671676,0.01677089203906665,0.12188460601627074,0.2190490516873908,0.414282476396079,1000,8.240743309893662e-5,train_fit_end_to_end
Clelin Ferrell,Rusher,221,128,205,0.12905125374655743,lambda.min,0.13254678601990744,0.10147569319910868,-0.06347462548294339,0.06335346250440427,0.129932299445288,0.20072552106858027,0.3282967038021879,1000,1.039457465372263e-4,train_fit_end_to_end,351,583,-0.0231110107452641,lambda.min,-0.02433743229872827,0.07246894591533981,-0.1210634921651923,-0.08313291450516432,-0.03760733523865192,0.01813546361405385,0.13769820544465433,1000,8.240743309893662e-5,train_fit_end_to_end
Monty Rice,Rusher,44,129,206,0.12813350460147205,lambda.min,0.1152055688147652,0.1043304688174441,-0.08930239065975841,0.04879907123721996,0.11398179747557284,0.18241364651207403,0.32041390199637393,1000,1.039457465372263e-4,train_fit_end_to_end,309,533,-0.01619479515314147,lambda.min,-0.01609418998148738,0.01389628108307972,-0.04570077216977627,-0.02556224410792754,-0.01536643392964171,-0.00586505765991057,0.00908533874667175,1000,8.240743309893662e-5,train_fit_end_to_end
Vernon Butler,Rusher,342,130,208,0.12683112390653517,lambda.min,0.12200155953306192,0.10924084222969174,-0.10867381601970326,0.0495258203081253,0.12812386852865304,0.19932473941555412,0.32448043574072666,1000,1.039457465372263e-4,train_fit_end_to_end,163,335,0.00566911584039361,lambda.min,0.00490937568746439,0.09019877901957957,-0.14171040284420672,-0.06267073643359031,-0.00135625794606497,0.06531890986495766,0.20099303024376217,1000,8.240743309893662e-5,train_fit_end_to_end
Haason Reddick,Rusher,415,131,209,0.1267561306821792,lambda.min,0.12755621601284178,0.08850271187804215,-0.05098472627325515,0.07198635929951105,0.12924269272833017,0.18795534184760632,0.2983830491969733,1000,1.039457465372263e-4,train_fit_end_to_end,65,96,0.12299093276704733,lambda.min,0.11648226641884356,0.10718373895385014,-0.08894486473879976,0.0433447503739702,0.11530764466860766,0.1904269174661189,0.3275845188540844,1000,8.240743309893662e-5,train_fit_end_to_end
Damion Square,Rusher,268,132,210,0.1257831581804216,lambda.min,0.1461148010901947,0.09352378548465302,-0.02612798722260464,0.08409493689342405,0.14137143543837888,0.20425095250366568,0.34424296389187403,1000,1.039457465372263e-4,train_fit_end_to_end,138,258,0.02895970457355768,lambda.min,0.02483661539031913,0.09978501475330114,-0.1155242623579372,-0.06114991192905018,0.01864066793198287,0.08398720059257603,0.2387196742763807,1000,8.240743309893662e-5,train_fit_end_to_end
Angelo Blackson,Rusher,681,133,211,0.12561866669314187,lambda.min,0.12753358257097955,0.09570061599493754,-0.05085797894805834,0.06001020688850483,0.12892796804382997,0.19020984634131535,0.3139146663257908,1000,1.039457465372263e-4,train_fit_end_to_end,432,685,-0.04337746179244619,lambda.min,-0.04314274983686721,0.11859338528778812,-0.2391039038253361,-0.13367281437173756,-0.05389336648342174,0.03365168209384631,0.20359194497714697,1000,8.240743309893662e-5,train_fit_end_to_end
Reginald Mckenzie,Rusher,43,134,213,0.12485913754217928,lambda.min,0.11646240575834742,0.0985363787104538,-8.144881441658992e-4,0.02518043306630277,0.1317187067617424,0.16484555219445426,0.32865579053750477,1000,1.039457465372263e-4,train_fit_end_to_end,279,501,-0.01049494837281559,lambda.min,-0.01039999184204753,0.01104875139710668,-0.03681979751018326,-0.01675852127383501,-0.00893011139853492,-0.00216160888620747,0.00741236213331742,1000,8.240743309893662e-5,train_fit_end_to_end
Daviyon Nixon,Rusher,91,135,215,0.12439079555788704,lambda.min,0.11533917210608634,0.13471550403687024,-0.12257181920383547,0.01594893125314962,0.1106821799194144,0.20841190344108151,0.3915504764650043,1000,1.039457465372263e-4,train_fit_end_to_end,408,654,-0.03660531318736236,lambda.min,-0.03475910292902345,0.01900550016401049,-0.07413033198192828,-0.04655081191345835,-0.03385468756363962,-0.02140374809494456,7.778251128270521e-4,1000,8.240743309893662e-5,train_fit_end_to_end
Shaq Thompson,Rusher,180,136,216,0.12435278581215505,lambda.min,0.12838577960192377,0.11993711843044538,-0.10821732067451408,0.04679065002704755,0.130189154124081,0.2122127643728598,0.3607304009394715,1000,1.039457465372263e-4,train_fit_end_to_end,519,805,-0.0764237134299798,lambda.min,-0.07464595798594434,0.02420571278852731,-0.12192770383586814,-0.09015819097538769,-0.07458324707006728,-0.0584942483848276,-0.02920424399987922,1000,8.240743309893662e-5,train_fit_end_to_end
Justin Madubuike,Rusher,595,137,217,0.12391739411745609,lambda.min,0.12146821468961,0.09673410176906842,-0.0887365950188836,0.06659713699304297,0.1296627791559885,0.1869473842225946,0.293723075428431,1000,1.039457465372263e-4,train_fit_end_to_end,376,619,-0.02915364767766232,lambda.min,-0.02665697193061238,0.09509035793078235,-0.193980692052012,-0.09304961999214124,-0.03311674196020485,0.03136299743421936,0.1666583453304254,1000,8.240743309893662e-5,train_fit_end_to_end
Damien Wilson,Rusher,225,138,218,0.12332506977324488,lambda.min,0.11610431896924228,0.15965048306587906,-0.19754746280153573,0.01451217132654085,0.11493576119601,0.21745349288209825,0.4349799398542375,1000,1.039457465372263e-4,train_fit_end_to_end,568,876,-0.10939691511417196,lambda.min,-0.10652431977248808,0.02506658032052584,-0.15539669861239697,-0.12405778453980776,-0.10619954449703332,-0.0891287293468812,-0.05824257457386334,1000,8.240743309893662e-5,train_fit_end_to_end
Derrick Barnes,Rusher,154,139,219,0.12284441603984624,lambda.min,0.11788555916265712,0.0897927260789585,-0.05814732939378162,0.05468411929063691,0.12175906795525047,0.17893301214753826,0.2880122573795117,1000,1.039457465372263e-4,train_fit_end_to_end,498,773,-0.06551290554009984,lambda.min,-0.06295671768523176,0.02204158270440707,-0.10759036107040734,-0.07614024310025852,-0.06296428321279651,-0.04845532820076675,-0.02120669170141969,1000,8.240743309893662e-5,train_fit_end_to_end
Denzel Perryman,Rusher,116,140,221,0.12228754783859296,lambda.min,0.12202213836915786,0.16907078490010255,-0.17875664783590642,0.00234068860508211,0.1158971376070107,0.22954829897147816,0.4888085499589347,1000,1.039457465372263e-4,train_fit_end_to_end,479,747,-0.05936644780668619,lambda.min,-0.05746089340699509,0.02005591160145549,-0.09567200116475694,-0.07192550162407585,-0.05692969610384964,-0.04304972302951712,-0.01952987687147188,1000,8.240743309893662e-5,train_fit_end_to_end
Odafe Oweh,Rusher,457,141,222,0.1221331496234417,lambda.min,0.11387627096545636,0.12690544950766475,-0.1424399675911404,0.03106361856038582,0.12089871918270276,0.20079381480934777,0.35653017744163934,1000,1.039457465372263e-4,train_fit_end_to_end,75,111,0.11288882992935612,lambda.min,0.1156542298459449,0.10717846963152428,-0.09843458911451268,0.04497984273917272,0.114089378504139,0.1876820684178288,0.3253277184955689,1000,8.240743309893662e-5,train_fit_end_to_end
Kenny Clark,Rusher,1032,142,223,0.12162136363152838,lambda.min,0.1270249537879107,0.09604584248753918,-0.05464179557071312,0.06018145179806918,0.12406147252606271,0.18964523512550893,0.3137481852403252,1000,1.039457465372263e-4,train_fit_end_to_end,141,263,0.0275748279720728,lambda.min,0.02538825204866872,0.15859198860582047,-0.243398015309404,-0.09359345464010094,0.02054231378977444,0.13034689164487523,0.3496899263270105,1000,8.240743309893662e-5,train_fit_end_to_end
Rashaan Evans,Rusher,87,143,224,0.11953430687697576,lambda.min,0.11241054292849684,0.10715854242423002,-0.10527902182491965,0.04450520600811544,0.11181526992577692,0.18370953711389515,0.30984943959437733,1000,1.039457465372263e-4,train_fit_end_to_end,431,683,-0.0429722541998889,lambda.min,-0.04195818874676197,0.01524975626139594,-0.07332168235373981,-0.05191577872728529,-0.04107607041611486,-0.03213151896620628,-0.01316222194757784,1000,8.240743309893662e-5,train_fit_end_to_end
T.J. Slaton,Rusher,328,144,225,0.11907627388102364,lambda.min,0.1230983443164404,0.13668339449340589,-0.14880935359697434,0.03019060463286296,0.12424724654521396,0.21651309840191116,0.39635421002860327,1000,1.039457465372263e-4,train_fit_end_to_end,515,800,-0.07462659142281422,lambda.min,-0.07212066962318851,0.03499925491592477,-0.14413599913464892,-0.09613831712672848,-0.07150706352961012,-0.0485990757975008,-0.00428953697252826,1000,8.240743309893662e-5,train_fit_end_to_end
Chapelle Russell,Rusher,18,145,226,0.11894440424088086,lambda.min,0.11155974409688164,0.10495851070020248,-0.06189109646528382,0.03675280000534597,0.10307693221007916,0.17770337766826896,0.3174819458090604,1000,1.039457465372263e-4,train_fit_end_to_end,195,391,-4.55809974587277e-4,lambda.min,-0.00117555232247827,0.00730759444627354,-0.01396821488366884,-0.00646262607726647,-0.00181599004463687,0.00374885113291374,0.01313995854810099,1000,8.240743309893662e-5,train_fit_end_to_end
Zaven Collins,Rusher,70,146,227,0.11864308182232132,lambda.min,0.11723386400625509,0.1054618894907672,-0.09587677938993244,0.04495111988564816,0.11842140042971971,0.19047494055904693,0.3190635750667662,1000,1.039457465372263e-4,train_fit_end_to_end,373,616,-0.02884927803297388,lambda.min,-0.02786429714496758,0.01477869382288557,-0.0573642593136692,-0.03751636006658905,-0.02767393626902741,-0.01712720672803138,-8.440922342586846e-4,1000,8.240743309893662e-5,train_fit_end_to_end
Isaiah Simmons,Rusher,179,147,228,0.11812889370584335,lambda.min,0.11751183324264364,0.11207737746084416,-0.1054115850615421,0.04499657832145713,0.11541187836676212,0.19455321089566943,0.326393065472659,1000,1.039457465372263e-4,train_fit_end_to_end,540,835,-0.0849244827371892,lambda.min,-0.08337015294363541,0.02273765994919899,-0.12830020111500953,-0.099114036902227,-0.08271395045275245,-0.06820233742679209,-0.03810214314477788,1000,8.240743309893662e-5,train_fit_end_to_end
Marcus Davenport,Rusher,262,148,229,0.1181185519029701,lambda.min,0.10544024651748043,0.13424129298021825,-0.13047323761750013,0.00159683879530406,0.09996156215301658,0.19492739928696629,0.3757747478093075,1000,1.039457465372263e-4,train_fit_end_to_end,33,37,0.2116596852069808,lambda.min,0.20570822500717095,0.1578941768442023,-0.05958838733495042,0.09490251772829356,0.18946554265439053,0.3096691965186154,0.5427090743890143,1000,8.240743309893662e-5,train_fit_end_to_end
Noah Spence,Rusher,28,149,232,0.1169068528018236,lambda.min,0.10287960262993098,0.06896684358428042,0,0.06485544925495311,0.10097623454191464,0.15417272169388127,0.23068706201978903,1000,1.039457465372263e-4,train_fit_end_to_end,269,488,-0.00964206327788928,lambda.min,-0.01001805857246399,0.01034058934972349,-0.03692626304587469,-0.0148029807820445,-0.00722979015335511,-0.00119221023522529,0,1000,8.240743309893662e-5,train_fit_end_to_end
Calais Campbell,Rusher,799,150,233,0.1167944397459622,lambda.min,0.12532915181352175,0.11907535465953946,-0.10673161089964868,0.04312288304904858,0.1244592805857228,0.20851965402683392,0.3391449697991569,1000,1.039457465372263e-4,train_fit_end_to_end,591,913,-0.1363903556500977,lambda.min,-0.1335034834926508,0.10709631866047578,-0.2962657539367407,-0.21709780696173267,-0.14338094080177485,-0.07032012039516772,0.10706653427888004,1000,8.240743309893662e-5,train_fit_end_to_end
Efe Obada,Rusher,218,151,236,0.11346555800732697,lambda.min,0.1127530771943258,0.10401767590520795,-0.10142023693542092,0.04873083671229882,0.11619051453173304,0.17871528888596375,0.322972745769495,1000,1.039457465372263e-4,train_fit_end_to_end,25,28,0.24064233485008696,lambda.min,0.22531812125929301,0.19996579401841097,-0.07651256644638742,0.09701265318201134,0.1997927476908304,0.35458053678330115,0.6495438570087236,1000,8.240743309893662e-5,train_fit_end_to_end
Carl Davis Jr.,Rusher,359,152,238,0.11193362089420818,lambda.min,0.11881100203319198,0.142281338058214,-0.14524674060417986,0.02287569104764901,0.11636080403115293,0.2112882128659364,0.4113635630789422,1000,1.039457465372263e-4,train_fit_end_to_end,507,786,-0.07033488361405689,lambda.min,-0.06692277709653753,0.07063624124602116,-0.17163097691897675,-0.1195234395546269,-0.07924871770227915,-0.02586695417754907,0.09637149522278032,1000,8.240743309893662e-5,train_fit_end_to_end
Jonathan Greenard,Rusher,274,153,241,0.10815993461611297,lambda.min,0.11248782383328836,0.0974495377751109,-0.0807343763155668,0.04633866272962619,0.11935033126651905,0.17779733696593591,0.2986579489356118,1000,1.039457465372263e-4,train_fit_end_to_end,41,48,0.1927475995912653,lambda.min,0.1904947029298255,0.1409033991769051,-0.05749533224248238,0.08631599622543491,0.1749190083563271,0.28559966063802017,0.49100847715063933,1000,8.240743309893662e-5,train_fit_end_to_end
Kentavius Street,Rusher,475,154,242,0.10714324651149902,lambda.min,0.10584645880409838,0.12947627977513962,-0.16307907458443116,0.02570515882238205,0.10740813052568889,0.19246616140847805,0.3555321458676239,1000,1.039457465372263e-4,train_fit_end_to_end,162,334,0.00571399230149127,lambda.min,0.01081745568424731,0.09356159235065424,-0.15388063091488385,-0.05844826940029721,0.00469669053632294,0.0724686627821724,0.2104721059734521,1000,8.240743309893662e-5,train_fit_end_to_end
Trey Hendrickson,Rusher,491,155,244,0.10684150341615174,lambda.min,0.10790720276399152,0.11118361258809556,-0.10269018702574416,0.03262298897323507,0.10326272837070204,0.1862413291654905,0.32142905466590066,1000,1.039457465372263e-4,train_fit_end_to_end,14,14,0.2916616170284403,lambda.min,0.28185861731336537,0.12103332322392626,0.0299725490044516,0.20406134760099703,0.2922238443985913,0.36859242188802166,0.501986706387276,1000,8.240743309893662e-5,train_fit_end_to_end
Sione Takitaki,Rusher,52,156,247,0.10550919037915828,lambda.min,0.09674741119763032,0.12799967068650406,-0.15255849082923542,0.01081297902248688,0.09680125582742229,0.19083009910348744,0.3273395833705503,1000,1.039457465372263e-4,train_fit_end_to_end,346,577,-0.02252123480498992,lambda.min,-0.02256065873585949,0.012514913687157,-0.04596821515314275,-0.03140846390405674,-0.02243497167503565,-0.01389478769880241,0.00210121194481656,1000,8.240743309893662e-5,train_fit_end_to_end
Malik Harrison,Rusher,40,157,248,0.10529817643220024,lambda.min,0.09971235628290284,0.11372856568336348,-0.1326475849973714,0.0229251243384855,0.1089393088919212,0.18558816974633283,0.3008627441627154,1000,1.039457465372263e-4,train_fit_end_to_end,306,530,-0.01565643658919055,lambda.min,-0.01612907894892273,0.00992367751747785,-0.03730398506837801,-0.02284812930636846,-0.01561909482371949,-0.00897811284626408,0.00205634761975229,1000,8.240743309893662e-5,train_fit_end_to_end
Javon Kinlaw,Rusher,200,158,249,0.10411897436584971,lambda.min,0.08821891294557697,0.13586682311718218,-0.14085698686292258,-0.01033196073333532,0.07138905369169722,0.184079274204926,0.3823416329016487,1000,1.039457465372263e-4,train_fit_end_to_end,117,197,0.0595157273146621,lambda.min,0.05467582871341012,0.12655434997682682,-0.11732720912051038,-0.04952869921955628,0.04278441215529295,0.13048611079593794,0.34361825969736487,1000,8.240743309893662e-5,train_fit_end_to_end
Alton Robinson,Rusher,184,159,250,0.10400334689950178,lambda.min,0.1002641053429594,0.13976069893278045,-0.16264423956055463,0.00588000425541362,0.10000241526842252,0.19903316090929776,0.35756593953436655,1000,1.039457465372263e-4,train_fit_end_to_end,505,784,-0.06963634892857394,lambda.min,-0.06711417958771576,0.032353075429855833,-0.12912177485685455,-0.08933175077347268,-0.06783371997215668,-0.04589571708296071,-6.56002563435656e-4,1000,8.240743309893662e-5,train_fit_end_to_end
Charles Omenihu,Rusher,283,160,251,0.1035960352426884,lambda.min,0.09857451189790528,0.12189740267099625,-0.13012581067733017,0.01179622694731369,0.09583564443515366,0.18181121559985913,0.34284845320749213,1000,1.039457465372263e-4,train_fit_end_to_end,551,850,-0.0956808007762295,lambda.min,-0.09193657474209148,0.02906097051943848,-0.1482352952910284,-0.11189211711330312,-0.09180711569494995,-0.07166918902559094,-0.03721618900231853,1000,8.240743309893662e-5,train_fit_end_to_end
Linval Joseph,Rusher,682,161,252,0.10147362720121128,lambda.min,0.11863519045508478,0.11193918722864048,-0.10569391782414776,0.04617143278408205,0.122781345671518,0.2050134703134901,0.31305599368643405,1000,1.039457465372263e-4,train_fit_end_to_end,596,921,-0.14402233815802162,lambda.min,-0.1363130554623461,0.06118705753670511,-0.23757586436412623,-0.1820094437057711,-0.14145551101469434,-0.09347734244514876,-0.00788314708015443,1000,8.240743309893662e-5,train_fit_end_to_end
Demarcus Walker,Rusher,490,162,254,0.0992420993894868,lambda.min,0.09539063347655331,0.13179501106680358,-0.17209675321524348,0.01306283561095295,0.10199904379756032,0.18548613407334535,0.3367195446590781,1000,1.039457465372263e-4,train_fit_end_to_end,149,301,0.01203409029543002,lambda.min,0.01461143726795392,0.12241418432830396,-0.1761256829075739,-0.08621802023389477,1.0378764195951434e-4,0.09356221716186408,0.28800093268740756,1000,8.240743309893662e-5,train_fit_end_to_end
Ernest Jones,Rusher,80,163,255,0.09885361245287844,lambda.min,0.08271200892754071,0.17972436866947997,-0.2470230175932052,-0.05030448181995578,0.08876971405755188,0.21472579330253375,0.4413047898601253,1000,1.039457465372263e-4,train_fit_end_to_end,417,665,-0.03907537275569406,lambda.min,-0.03956460960319913,0.01731350465155893,-0.07490682827685634,-0.05043653174417903,-0.03936008159214847,-0.02800297733789452,-0.00616575164728153,1000,8.240743309893662e-5,train_fit_end_to_end
Anthony Barr,Rusher,180,164,256,0.09817815676326395,lambda.min,0.0941561683423654,0.0825595185139253,-0.08589972307432543,0.04143857481066417,0.10079141385483983,0.15061067398955863,0.2475621982358718,1000,1.039457465372263e-4,train_fit_end_to_end,546,842,-0.08794980772305688,lambda.min,-0.08442013161576233,0.02651166328363514,-0.138201910815639,-0.10121887580341196,-0.0843265745753632,-0.06625312906372839,-0.03405014363799914,1000,8.240743309893662e-5,train_fit_end_to_end
Fred Warner,Rusher,214,165,257,0.0978401947654134,lambda.min,0.09509862769744588,0.10643949895049104,-0.1069171147224144,0.02140108934332713,0.09307891491175518,0.1670139653621009,0.30359196449660125,1000,1.039457465372263e-4,train_fit_end_to_end,379,623,-0.03010885359268065,lambda.min,-0.03064213393743716,0.06485835546662506,-0.12513928740116254,-0.08081003063968553,-0.04082462897098943,0.0071994329893743,0.1168776518003026,1000,8.240743309893662e-5,train_fit_end_to_end
Frankie Luvu,Rusher,82,166,258,0.09781624420016068,lambda.min,0.09747219932013852,0.1289657714283286,-0.14926671417018336,0.00772170600528129,0.09607543016523548,0.18868470742784713,0.33290353693714914,1000,1.039457465372263e-4,train_fit_end_to_end,329,558,-0.01881932906188477,lambda.min,-0.01756929441158015,0.01606998483420286,-0.04894055678825829,-0.02809557267884457,-0.01804563745284205,-0.00688760487467937,0.01261438961986283,1000,8.240743309893662e-5,train_fit_end_to_end
Myles Adams,Rusher,38,167,260,0.09680640602474858,lambda.min,0.07314067526311008,0.16517660498341946,-0.1893801239548336,-0.08139291114816294,0.04035390531027923,0.21524383494384616,0.3724762735435379,1000,1.039457465372263e-4,train_fit_end_to_end,275,495,-0.01026675401889394,lambda.min,-0.01434202326757858,0.01490294673434481,-0.04700118303868231,-0.02519953761840196,-0.01521580464815389,0,0.00672787825426061,1000,8.240743309893662e-5,train_fit_end_to_end
D.J. Reader,Rusher,709,168,261,0.09425835834261344,lambda.min,0.09729672824302212,0.10833368491920416,-0.10546813407556696,0.02175129177829959,0.09486220588339876,0.17460756382171885,0.3046591421942324,1000,1.039457465372263e-4,train_fit_end_to_end,557,859,-0.09939710868330566,lambda.min,-0.09445262567873568,0.08523821835575751,-0.24152797066867415,-0.1574845044467257,-0.10263385681088724,-0.03745619971934228,0.08250535658135688,1000,8.240743309893662e-5,train_fit_end_to_end
Austin Johnson,Rusher,810,169,262,0.09310001800762426,lambda.min,0.09668911398300106,0.1109555602488916,-0.13628351027595556,0.02776840292846979,0.1048045023861898,0.17064916215929654,0.29827595340612967,1000,1.039457465372263e-4,train_fit_end_to_end,581,896,-0.12238130715189484,lambda.min,-0.11716437146179176,0.08214861433715448,-0.2577468313838066,-0.176824193171521,-0.12337077872322032,-0.0615323682673317,0.04928940037401691,1000,8.240743309893662e-5,train_fit_end_to_end
Justin Hamilton,Rusher,318,170,263,0.09295728555090514,lambda.min,0.0920665865468126,0.16079437272148206,-0.24505081522059236,-0.00873385869110472,0.10225457799200131,0.20437763230323427,0.3742520544676132,1000,1.039457465372263e-4,train_fit_end_to_end,588,907,-0.12904181835042294,lambda.min,-0.12240842647032518,0.04392098881935875,-0.2085695359835014,-0.1525997384331614,-0.1223775817481298,-0.09339408446968143,-0.03601406131891001,1000,8.240743309893662e-5,train_fit_end_to_end
Phil Hoskins,Rusher,31,171,264,0.09275686773890876,lambda.min,0.05992438200062998,0.189600881880859,-0.24613869202491692,-0.08137173271135031,0.04273373137328851,0.19836587165870312,0.4404857496009679,1000,1.039457465372263e-4,train_fit_end_to_end,58,81,0.13751128413057914,lambda.min,0.136481415645806,0.16228220511966923,-0.03501902322656991,-0.01300767226026571,0.16289560677951942,0.1924719078804984,0.5125732727041374,1000,8.240743309893662e-5,train_fit_end_to_end
James Lynch,Rusher,382,172,265,0.09273007831906949,lambda.min,0.09186954540762628,0.1358946234927752,-0.20255839273448684,0.00552004449108996,0.10326920410103949,0.18802177166159412,0.33271877167040953,1000,1.039457465372263e-4,train_fit_end_to_end,566,874,-0.1086210280263225,lambda.min,-0.10617245087153852,0.03470504608042975,-0.1787566888533137,-0.12917688696746576,-0.10424326327393268,-0.08104630784223919,-0.04265060133844474,1000,8.240743309893662e-5,train_fit_end_to_end
Kwon Alexander,Rusher,104,173,266,0.09235899443376594,lambda.min,0.0882282281830872,0.13128003494242568,-0.18593188322622528,0.00736333897196511,0.09736494255902416,0.1807849211431831,0.3190929476685673,1000,1.039457465372263e-4,train_fit_end_to_end,91,135,0.09338216994934412,lambda.min,0.08488525018723836,0.13610029198804902,-0.07214756609136935,-0.03325868173252822,0.09441280880273446,0.14416197851536142,0.41496153722530427,1000,8.240743309893662e-5,train_fit_end_to_end
Patrick O'Connor,Rusher,17,174,267,0.0921732534522267,lambda.min,0.08985824548260082,0.1303562228253007,-0.09153280653741244,-0.01911653400632908,0.08056569263172128,0.16232626012027362,0.40000231969732025,1000,1.039457465372263e-4,train_fit_end_to_end,142,279,0.02023929062028067,lambda.min,0.01831183652118101,0.02224619649424875,-0.01533516384449938,7.632473474808912e-4,0.01593500166850663,0.03256343191149157,0.0672427880215964,1000,8.240743309893662e-5,train_fit_end_to_end
Vincent Taylor,Rusher,51,175,268,0.09125102244688126,lambda.min,0.07269643772509421,0.18967745960977225,-0.24038900266582708,-0.06098935467249827,0.0299941861614647,0.250439774796783,0.4147772407323938,1000,1.039457465372263e-4,train_fit_end_to_end,321,547,-0.01745821544366023,lambda.min,-0.01943618806766408,0.01765241591390202,-0.05451424879523928,-0.02959518769458796,-0.02282634635726115,0,0.00469320554849444,1000,8.240743309893662e-5,train_fit_end_to_end
T.J. Edwards,Rusher,145,176,269,0.08869399031690654,lambda.min,0.08345823637416208,0.09722375082575012,-0.1200905535671139,0.0195930633141924,0.0846095419298871,0.14667004042821347,0.2769401066624863,1000,1.039457465372263e-4,train_fit_end_to_end,463,726,-0.05530782026670321,lambda.min,-0.05467782406201856,0.02006159053234842,-0.09570773348684908,-0.06809600880129867,-0.05371849301087174,-0.04078292798496744,-0.0152033963072881,1000,8.240743309893662e-5,train_fit_end_to_end
Amen Ogbongbemiga,Rusher,22,177,270,0.0886748147897293,lambda.min,0.07786808977648835,0.1298906246638397,-0.1326720343301713,-0.01838585285668789,0.06723686367014327,0.16574729087474335,0.3497240379492016,1000,1.039457465372263e-4,train_fit_end_to_end,108,173,0.0693883004195082,lambda.min,0.06935231226956172,0.08613622020095485,-0.02804690467048867,-0.0069760035140023,0.07464549855205488,0.1023699509470084,0.2791951175982453,1000,8.240743309893662e-5,train_fit_end_to_end
Mario Edwards Jr.,Rusher,247,178,271,0.0883709555261339,lambda.min,0.09466816523959004,0.1213138912892849,-0.12706464853476435,0.00852444799294762,0.0925785607705782,0.17313460922955498,0.34425457024833717,1000,1.039457465372263e-4,train_fit_end_to_end,72,104,0.11775604480954176,lambda.min,0.11055305274950092,0.13921471700985924,-0.09755166567917252,-0.00166259336043987,0.09662806628912908,0.20208930569374564,0.41279819204704665,1000,8.240743309893662e-5,train_fit_end_to_end
Andrew Dowell,Rusher,6,179,274,0.08743244341272496,lambda.min,0.07847224798131912,0.07525227901866702,0,0.00964925653649779,0.0972932859290142,0.10961617484310532,0.2603603195794923,1000,1.039457465372263e-4,train_fit_end_to_end,159,326,0.00674418638625412,lambda.min,0.00543094430564099,0.0062197234048001,-0.00237877071448665,0,0.0057962174791991,0.00973489918269234,0.01911200332131403,1000,8.240743309893662e-5,train_fit_end_to_end
Dylan Cole,Rusher,21,180,275,0.08724072282852777,lambda.min,0.07274177264547962,0.1823959327255377,-0.2587573484083486,-0.05917053033911437,0.06805429462031419,0.19474040766648185,0.4418111706916949,1000,1.039457465372263e-4,train_fit_end_to_end,221,427,-0.00338472418750778,lambda.min,-0.00386084922434956,0.01818479621386281,-0.04154716393591108,-0.01638857031609136,-0.00319323317354363,0.009293279536325,0.02900277538578842,1000,8.240743309893662e-5,train_fit_end_to_end
Deforest Buckner,Rusher,1155,181,276,0.0867942887521877,lambda.min,0.09031507537294887,0.06329885030632419,-0.03482755336183951,0.04869248109881097,0.09253244888802996,0.1302036202087979,0.21407099777278976,1000,1.039457465372263e-4,train_fit_end_to_end,105,169,0.07134429154156459,lambda.min,0.06875484854443963,0.13689175104748694,-0.1789008727500433,-0.02921067202674747,0.0673857243527265,0.1592276669425979,0.3371946273162109,1000,8.240743309893662e-5,train_fit_end_to_end
Alec Ogletree,Rusher,160,182,277,0.08666322426573374,lambda.min,0.07891039574620627,0.1143849580201467,-0.14456623843376148,0.00850820560952696,0.08168258821103572,0.15342906994866223,0.2999053121087803,1000,1.039457465372263e-4,train_fit_end_to_end,506,785,-0.0697941241326828,lambda.min,-0.06865597796048593,0.02218616781259196,-0.1136356557653996,-0.08351446894141568,-0.06764293229535401,-0.05248497012132765,-0.02572436599880172,1000,8.240743309893662e-5,train_fit_end_to_end
Julian Stanford,Rusher,21,183,279,0.08629898276400468,lambda.min,0.08144639663100159,0.0830758578338386,-0.04828698042605644,0.01376583277346259,0.07977782960671015,0.13966938477025068,0.258629638007128,1000,1.039457465372263e-4,train_fit_end_to_end,228,437,-0.00430357292508907,lambda.min,-0.00411340210507552,0.00850973805578783,-0.02322843306345626,-0.00958748254574945,-0.0035558237088782,0.0024299354582054,0.01108448357794833,1000,8.240743309893662e-5,train_fit_end_to_end
Chris Williams,Rusher,86,184,281,0.08503802289155078,lambda.min,0.08211678699777436,0.11509795062989288,-0.17116182049785478,0.00845078639180226,0.0955011609830841,0.16388711513849707,0.2794339200085829,1000,1.039457465372263e-4,train_fit_end_to_end,371,611,-0.0278406974771356,lambda.min,-0.02685943944266757,0.01605616699404155,-0.05798261579721727,-0.03709782961665042,-0.02673733107778888,-0.01478893055026704,0.00212014875276596,1000,8.240743309893662e-5,train_fit_end_to_end
Justin Hollins,Rusher,97,185,282,0.0847071702085934,lambda.min,0.09403493839857303,0.08398888374956025,-0.07269018660263343,0.03816898433712699,0.0939032656122932,0.1550986006847239,0.25384634898142994,1000,1.039457465372263e-4,train_fit_end_to_end,87,129,0.09642796468646384,lambda.min,0.09023634909312445,0.11612952557137024,-0.03628161860232875,-0.01212785865298797,0.10738539837541192,0.13956607053496772,0.36583606076858016,1000,8.240743309893662e-5,train_fit_end_to_end
Amani Bledsoe,Rusher,75,186,283,0.08144200637661397,lambda.min,0.07543267052195367,0.16765791910754022,-0.1979883412219879,-0.06556101388589727,0.07782531094042539,0.19977794287162143,0.38374071905970497,1000,1.039457465372263e-4,train_fit_end_to_end,404,650,-0.03525292977274164,lambda.min,-0.03242890667046892,0.02157188181446618,-0.07740781400000256,-0.04720458125866803,-0.03206364344019664,-0.01660370281179238,0.00465800763048824,1000,8.240743309893662e-5,train_fit_end_to_end
Jihad Ward,Rusher,387,187,284,0.08104261286717136,lambda.min,0.08237233595712944,0.08575890261391574,-0.09108033640695942,0.02395621971034137,0.08402507361882483,0.13928200525817305,0.24257412240735157,1000,1.039457465372263e-4,train_fit_end_to_end,278,500,-0.01043270657331573,lambda.min,-0.01223790708068325,0.0892044312861149,-0.15622196538843464,-0.07956969131012971,-0.02239217276286772,0.04593764088381918,0.18260328289170816,1000,8.240743309893662e-5,train_fit_end_to_end
Joe Thomas,Rusher,17,188,285,0.08079335048680145,lambda.min,0.07428171067468302,0.06766484840252733,-0.05161599127120326,0.02697076445292439,0.0739008065199252,0.12473593042008876,0.20574780727761535,1000,1.039457465372263e-4,train_fit_end_to_end,151,305,0.01059522047227423,lambda.min,0.00884302823711168,0.01405517429718128,-0.01261476669198229,-0.0018246667023996,0.00696332206719977,0.01782177283572132,0.03831862559076075,1000,8.240743309893662e-5,train_fit_end_to_end
Brandon Graham,Rusher,47,189,286,0.07870267645380377,lambda.min,0.06153082860663019,0.05281328017317029,0,0.01051123838332526,0.0605848956848825,0.1013898188775438,0.16728943038030358,1000,1.039457465372263e-4,train_fit_end_to_end,296,519,-0.01374575426637465,lambda.min,-0.01471447980859083,0.01310031196932134,-0.04634874126539946,-0.02155348328930916,-0.01251498346495526,-0.00515389209104526,0,1000,8.240743309893662e-5,train_fit_end_to_end
E.J. Speed,Rusher,30,190,287,0.07845098209441848,lambda.min,0.07945404207445333,0.14083806253195497,-0.16430428677477332,-0.02168676407256588,0.07418858181168131,0.16721434610773428,0.3806563635099115,1000,1.039457465372263e-4,train_fit_end_to_end,289,512,-0.01216317233942225,lambda.min,-0.01203731361589673,0.01395146238387217,-0.03722013969146427,-0.0217476464623328,-0.01262952777835968,-0.00318205290817425,0.01750469745974299,1000,8.240743309893662e-5,train_fit_end_to_end
Michael Pierce,Rusher,347,191,289,0.07805667069883346,lambda.min,0.07222726042419435,0.12258657929556677,-0.18042035685034377,-0.0010121311293959,0.08438575685180577,0.15683431075634924,0.2840692144770826,1000,1.039457465372263e-4,train_fit_end_to_end,181,370,0.00146483824615604,lambda.min,-0.0041031055726962,0.1156112165387088,-0.16485825667673415,-0.09848463076242173,-0.01611839167005142,0.06491754555870549,0.24471751330176425,1000,8.240743309893662e-5,train_fit_end_to_end
Gerald McCoy,Rusher,15,192,290,0.07761482087289659,lambda.min,0.0684879296011657,0.06309246425697371,0,0,0.08528523519638656,0.10609435134373156,0.1885086058721194,1000,1.039457465372263e-4,train_fit_end_to_end,201,404,-0.00165398266105315,lambda.min,-0.00352547460455513,0.00555404642323524,-0.01935895202890305,-0.00440446492982323,-8.485314108136336e-4,0,3.927616542558798e-7,1000,8.240743309893662e-5,train_fit_end_to_end
Za'Darius Smith,Rusher,16,193,291,0.07642864947124081,lambda.min,0.05143202697549866,0.05177658565021545,0,0,0.05997353605213934,0.0940178579700191,0.1552554690614045,1000,1.039457465372263e-4,train_fit_end_to_end,206,411,-0.00235328069941955,lambda.min,-0.00451518911068325,0.00683243064252828,-0.02591766069202017,-0.00592670803607037,-0.00150574134318883,0,0,1000,8.240743309893662e-5,train_fit_end_to_end
Joe Bachie,Rusher,25,194,292,0.07606692361290553,lambda.min,0.06993743821508265,0.07573308752321425,-0.06437054761387884,0.01828034519660386,0.07126687347991423,0.12261393342040244,0.2081907637784837,1000,1.039457465372263e-4,train_fit_end_to_end,256,470,-0.0080869439995058,lambda.min,-0.00918080602716895,0.00758412630916227,-0.02567707636197381,-0.01423189157329905,-0.00858130175070845,-0.0033390597956005,0.00268859267799607,1000,8.240743309893662e-5,train_fit_end_to_end
Sam Eguavoen,Rusher,99,195,294,0.07423326307479296,lambda.min,0.078059098987895,0.10268714099399048,-0.10136023692064644,0.0087923673408646,0.06959097811154903,0.14077557373157368,0.2948307934884518,1000,1.039457465372263e-4,train_fit_end_to_end,133,248,0.03121554157826932,lambda.min,0.03312385723720782,0.06291029312309915,-0.04211759463207042,-0.02060031277433991,0.03462442032123702,0.06124936829464511,0.18776204927874224,1000,8.240743309893662e-5,train_fit_end_to_end
Daniel Archibong,Rusher,15,196,296,0.07354709268400544,lambda.min,0.06757137023983509,0.07187188498805208,-0.00986834999272419,0,0.08199893754191898,0.10266602293027656,0.22395687217609167,1000,1.039457465372263e-4,train_fit_end_to_end,194,390,-4.0281308522384287e-4,lambda.min,-0.00109280308442899,0.00381652565729884,-0.00877731141292393,-0.00381361305227677,0,0.00165405182850229,0.0049718477831981,1000,8.240743309893662e-5,train_fit_end_to_end
Tyeler Davison,Rusher,370,197,298,0.07329066685719175,lambda.min,0.08708654060136915,0.13854145538180382,-0.18199205776512808,-0.01424870639389133,0.08733017371401551,0.18331816932626463,0.3514667554733185,1000,1.039457465372263e-4,train_fit_end_to_end,587,906,-0.12720161050947568,lambda.min,-0.1221596565249302,0.0427587013340886,-0.2026405591669889,-0.1519743268874723,-0.12400039802503764,-0.092328356888859,-0.04029736124609121,1000,8.240743309893662e-5,train_fit_end_to_end
Morgan Fox,Rusher,506,198,299,0.07323872454539868,lambda.min,0.08123561751040724,0.12444018414904928,-0.16019466827126405,9.090107603279808e-4,0.08410363875138915,0.16651954173791036,0.312913787895293,1000,1.039457465372263e-4,train_fit_end_to_end,578,892,-0.11888992916204916,lambda.min,-0.10987773079845582,0.06911832880940534,-0.22790507527751433,-0.16210335753164723,-0.11410488892750852,-0.06496295487841403,0.0453714543656965,1000,8.240743309893662e-5,train_fit_end_to_end
Benning Potoa'E,Rusher,7,199,300,0.07243115865639266,lambda.min,0.05969057293449257,0.06336106434639703,0,0,0.07727273570558471,0.09220219811947876,0.20320901899060537,1000,1.039457465372263e-4,train_fit_end_to_end,172,354,0.00368987482641211,lambda.min,0.00207239516612717,0.00250030873592938,-7.1135724301097e-4,0,0.0011847380360649,0.00412836177826853,0.00710515341054564,1000,8.240743309893662e-5,train_fit_end_to_end
Wyatt Ray,Rusher,56,200,301,0.07189815510061943,lambda.min,0.06044744347149478,0.1481947273651684,-0.21807572985043555,-0.05262246524267915,0.06675788788807002,0.1717571611331496,0.33294250430212513,1000,1.039457465372263e-4,train_fit_end_to_end,327,556,-0.01858173342563446,lambda.min,-0.01858816973675852,0.01310319024428885,-0.04862380051255163,-0.02603794971638469,-0.01654944290530531,-0.00923001886102333,8.229246375205503e-7,1000,8.240743309893662e-5,train_fit_end_to_end
Malcolm Smith,Rusher,104,201,303,0.07133466199805982,lambda.min,0.06334137456720579,0.1025329103385225,-0.1492837843943418,2.471851778364992e-4,0.06809719796475312,0.13668632469221087,0.24306356904812443,1000,1.039457465372263e-4,train_fit_end_to_end,420,669,-0.03957793772825173,lambda.min,-0.03982783427354769,0.01642972700970285,-0.0704585007872618,-0.05132379174976238,-0.03951208969073974,-0.02890989421498151,-0.00765662856872881,1000,8.240743309893662e-5,train_fit_end_to_end
Anthony Hitchens,Rusher,113,202,306,0.06867135261129148,lambda.min,0.06408097069915643,0.1503084206859998,-0.22304284005117755,-0.04025545083913007,0.06537867805747605,0.17032037185534904,0.34518894947272866,1000,1.039457465372263e-4,train_fit_end_to_end,391,637,-0.03248353176092732,lambda.min,-0.03279311636903629,0.01973667324144767,-0.07294811196853006,-0.04670118783954266,-0.0328300291987407,-0.01920387067370787,0.00360353059655166,1000,8.240743309893662e-5,train_fit_end_to_end
Isaiah Buggs,Rusher,291,203,309,0.06609593282465923,lambda.min,0.06409478187038029,0.132958069436944,-0.17835135284273396,-0.03545073833078673,0.05702534628451005,0.15495557994195047,0.32869635856181495,1000,1.039457465372263e-4,train_fit_end_to_end,558,862,-0.10275099942836476,lambda.min,-0.09843136413869635,0.03446107721841828,-0.16595554707147506,-0.1211024718142804,-0.0990324327818837,-0.0765836379121375,-0.02935911897361246,1000,8.240743309893662e-5,train_fit_end_to_end
Tyler Lancaster,Rusher,384,204,311,0.06591880558313751,lambda.min,0.06765432784885735,0.13073831447389497,-0.17470640970056495,-0.0211683873350851,0.06221154927966685,0.1556298267461249,0.3332792239178992,1000,1.039457465372263e-4,train_fit_end_to_end,589,909,-0.13250243585861177,lambda.min,-0.12881725672715202,0.03727360542005006,-0.2004981116825766,-0.15341070239109855,-0.12907259099693535,-0.10376074342164526,-0.05369468276081741,1000,8.240743309893662e-5,train_fit_end_to_end
Demario Davis,Rusher,264,205,312,0.06514154803518839,lambda.min,0.06168974935669783,0.1334764717840281,-0.21605908985864236,-0.02574007327871179,0.06510687669233103,0.1517768283858065,0.30796582920222376,1000,1.039457465372263e-4,train_fit_end_to_end,150,303,0.01096456585911645,lambda.min,0.00859631256477147,0.13248668562683388,-0.15667740374611985,-0.10166132457064116,-0.00623222849651283,0.07529065534837102,0.3204532506020726,1000,8.240743309893662e-5,train_fit_end_to_end
Zach Sieler,Rusher,499,206,314,0.06489035966163574,lambda.min,0.06189563959070222,0.10031961053949125,-0.1234214471840452,-0.00884975034408618,0.05502085739827021,0.12820819310517462,0.2759026715537558,1000,1.039457465372263e-4,train_fit_end_to_end,262,478,-0.00860265883524638,lambda.min,-0.00938990771054003,0.1213997001589684,-0.2031927347234486,-0.0994997691666762,-0.01912150903641563,0.06423555146552687,0.26696353110635335,1000,8.240743309893662e-5,train_fit_end_to_end
Larry Ogunjobi,Rusher,820,207,315,0.06418412152606123,lambda.min,0.07051354370924261,0.1187151234871334,-0.1634447361886244,-0.00666042593083378,0.06849170649555478,0.14972769830434396,0.3054688761453216,1000,1.039457465372263e-4,train_fit_end_to_end,50,65,0.1617780580710101,lambda.min,0.15877355323874917,0.14236910635435854,-0.11778545171282807,0.05792750666295242,0.1593087036783974,0.2604168401896297,0.441814151040554,1000,8.240743309893662e-5,train_fit_end_to_end
Matt Ioannidis,Rusher,686,208,316,0.06395662599372277,lambda.min,0.05578960880968631,0.16703767863614552,-0.28024297021536576,-0.05225543471563237,0.05956608870683672,0.1731708318007279,0.3663412682242718,1000,1.039457465372263e-4,train_fit_end_to_end,422,672,-0.04023644830830646,lambda.min,-0.03954069892494701,0.10801789227001052,-0.2178227405568777,-0.1191839606090695,-0.04712779386204754,0.03215823494746603,0.1825950609037845,1000,8.240743309893662e-5,train_fit_end_to_end
Khaleke Hudson,Rusher,4,209,318,0.06289215631192371,lambda.min,0.06172858625694871,0.04663701356457,0,0.0378357991614183,0.04484632408269309,0.08457092009726724,0.15897320944095172,1000,1.039457465372263e-4,train_fit_end_to_end,166,345,0.00465165084581742,lambda.min,0.00459133905157351,0.00328441157842487,0,0.00283606450606524,0.00390299297210218,0.0067663906795636,0.01117866963274775,1000,8.240743309893662e-5,train_fit_end_to_end
Robert Nkemdiche,Rusher,271,210,319,0.06109491344166711,lambda.min,0.06368712704111251,0.0940557865511076,-0.10439443396168828,5.532878498389662e-4,0.05803432002781075,0.1203921349329051,0.28314340122119175,1000,1.039457465372263e-4,train_fit_end_to_end,541,836,-0.08514727317359333,lambda.min,-0.08281504560512756,0.03799120263058983,-0.155575838350255,-0.10791022285742384,-0.08470017727072043,-0.05860436024267111,-0.00493177666970101,1000,8.240743309893662e-5,train_fit_end_to_end
William Gholston,Rusher,145,211,321,0.06013357921480042,lambda.min,0.0579963326270627,0.10854447542282694,-0.158312464796403,-0.0128489492043061,0.06033628929691372,0.1348733706305538,0.2691169711603429,1000,1.039457465372263e-4,train_fit_end_to_end,488,760,-0.06347115519688398,lambda.min,-0.06149639732228548,0.02196465891467238,-0.10674039180966542,-0.07652908147816116,-0.06098820785295933,-0.0466118694521716,-0.02132660492153241,1000,8.240743309893662e-5,train_fit_end_to_end
Roy Lopez,Rusher,646,212,323,0.05957152044235028,lambda.min,0.05302455192076216,0.1177231992830129,-0.18706637261873008,-0.02105939177195431,0.05776763234472561,0.13194736003285473,0.27794729827854586,1000,1.039457465372263e-4,train_fit_end_to_end,543,838,-0.08556749591521279,lambda.min,-0.08603486486394625,0.11464401157324522,-0.2434734402566925,-0.1766720271608186,-0.1061701478672998,-0.01945525724590769,0.16893656614246247,1000,8.240743309893662e-5,train_fit_end_to_end
Willie Gay,Rusher,113,213,324,0.05909765791234765,lambda.min,0.06086060268736273,0.14267946009675261,-0.21689210528244873,-0.03709233887258267,0.0633400118613868,0.1531554257223816,0.3507152197280584,1000,1.039457465372263e-4,train_fit_end_to_end,384,628,-0.03147278354708546,lambda.min,-0.0297142349741388,0.0260297129710822,-0.0796664896601487,-0.04795756712585692,-0.03008052078709705,-0.01171486915588629,0.02395844699690802,1000,8.240743309893662e-5,train_fit_end_to_end
Jamir Jones,Rusher,62,214,325,0.05892163247614691,lambda.min,0.0613965352808623,0.10736133822806417,-0.16052640201461665,-0.00958972072357132,0.06413696075472114,0.13489365939823594,0.2583854711572919,1000,1.039457465372263e-4,train_fit_end_to_end,395,641,-0.03385502256045446,lambda.min,-0.03285324711607449,0.0189459084368769,-0.06875316188069665,-0.04632502977660346,-0.03240698265326969,-0.02007832729329549,0.00487145270664769,1000,8.240743309893662e-5,train_fit_end_to_end
Bruce Hector,Rusher,46,215,326,0.05878558931369589,lambda.min,0.04699788949810586,0.06773911619892053,-0.06815128265784931,0,0.0471386195177928,0.1024957152593563,0.16958361609695624,1000,1.039457465372263e-4,train_fit_end_to_end,335,565,-0.02000452685308016,lambda.min,-0.01965306340218512,0.01400725288641242,-0.05065991691405421,-0.02835613025865296,-0.01839879143240242,-0.00847862679770838,0,1000,8.240743309893662e-5,train_fit_end_to_end
Ryan Kerrigan,Rusher,223,216,330,0.05569372134936615,lambda.min,0.04303335518614814,0.1538225210842146,-0.26277586302136363,-0.06189343572270087,0.0589891652671513,0.15297658117183496,0.32088655759446016,1000,1.039457465372263e-4,train_fit_end_to_end,569,877,-0.11106839203664116,lambda.min,-0.10940058870338948,0.02855946785285896,-0.1627473325224367,-0.12853242237743218,-0.11016018421035988,-0.09022567831313906,-0.05437163343331083,1000,8.240743309893662e-5,train_fit_end_to_end
Solomon Thomas,Rusher,702,217,331,0.05517169505955091,lambda.min,0.06494698430242925,0.06370482880039219,-0.05945882067059721,0.02331514482785858,0.06383603887273273,0.10721907609413948,0.19452556553300196,1000,1.039457465372263e-4,train_fit_end_to_end,98,158,0.07596185838803703,lambda.min,0.0697186914152795,0.17312440831278514,-0.2073242575157871,-0.06912077340342032,0.0619629568609754,0.18988132094250337,0.4359550026997057,1000,8.240743309893662e-5,train_fit_end_to_end
Quinton Jefferson,Rusher,884,218,335,0.05276720204722695,lambda.min,0.06298792564092577,0.09822090126651288,-0.14375638686337375,0.00156311672477037,0.06537866658172667,0.1310755387682399,0.2440585000444561,1000,1.039457465372263e-4,train_fit_end_to_end,144,283,0.01980995074597805,lambda.min,0.01215116789268432,0.10927158317647624,-0.1809170977028902,-0.06559910096274411,0.00893713778521376,0.08421141543234213,0.2355694409238053,1000,8.240743309893662e-5,train_fit_end_to_end
Sheldon Day,Rusher,304,219,336,0.0483267463362635,lambda.min,0.02862955004760278,0.19936570569925685,-0.3992049407419266,-0.09827476034708132,0.03943555450917715,0.16992028522279023,0.38838083149211783,1000,1.039457465372263e-4,train_fit_end_to_end,22,22,0.25910935653785644,lambda.min,0.23259465689566217,0.1719054890581913,-0.09784887022639306,0.10369740065865292,0.24019125250053475,0.35688407736170036,0.5451723965597334,1000,8.240743309893662e-5,train_fit_end_to_end
Jacoby Stevens,Rusher,9,220,338,0.04742568887228691,lambda.min,0.03927889915888309,0.04139844994331724,0,0,0.05132799629906758,0.06201855906294217,0.12548096577306622,1000,1.039457465372263e-4,train_fit_end_to_end,193,388,-2.625091847827197e-4,lambda.min,-0.00116375853269553,0.0026825817546701,-0.008718215738209,-0.00128269099786963,0,0,0.00113765576520933,1000,8.240743309893662e-5,train_fit_end_to_end
Xavier Williams,Rusher,38,221,340,0.04688590347858461,lambda.min,0.03508384462918025,0.04019138933351522,0,0,0.0233157594278539,0.06446279128078133,0.12510180664362192,1000,1.039457465372263e-4,train_fit_end_to_end,293,516,-0.01306453531044631,lambda.min,-0.01257590056511623,0.01466587138381294,-0.05043898343956864,-0.01835029010829931,-0.0130903676039183,0,0,1000,8.240743309893662e-5,train_fit_end_to_end
Yetur Gross-Matos,Rusher,271,222,343,0.04641944440341387,lambda.min,0.05320807575947393,0.1419728438665942,-0.23957678845187996,-0.03696687792164641,0.0585061475800356,0.15620117432194963,0.30020318345683644,1000,1.039457465372263e-4,train_fit_end_to_end,18,18,0.2720666838460094,lambda.min,0.24015398749355993,0.2708454866889199,-0.08914771228947199,-0.01521370740570976,0.2669188991572893,0.3951740699007178,0.8124525657448527,1000,8.240743309893662e-5,train_fit_end_to_end
Darryl Johnson,Rusher,12,223,346,0.04490876735219628,lambda.min,0.04229397722955656,0.10698373052021812,-0.14433951083022703,-0.0298414105725029,0.03673191277336139,0.10896310236412426,0.2740351754507695,1000,1.039457465372263e-4,train_fit_end_to_end,208,414,-0.00251330215875279,lambda.min,-0.00337401280768689,0.00834332292952601,-0.02189542363696576,-0.00888886503514822,-0.00282902167116242,0.0028529996302521,0.01057954446863448,1000,8.240743309893662e-5,train_fit_end_to_end
Quinton Bohanna,Rusher,233,224,347,0.04428867595108883,lambda.min,0.04041950444036901,0.16367366131701686,-0.2799839129781093,-0.07079450610428398,0.04237543105782872,0.15200074467424116,0.35504155164166923,1000,1.039457465372263e-4,train_fit_end_to_end,552,851,-0.09607071679950384,lambda.min,-0.09223511735543408,0.03062424033814778,-0.1557495773748868,-0.11238336508821004,-0.09187641709765132,-0.07199975200810318,-0.03348552225286673,1000,8.240743309893662e-5,train_fit_end_to_end
Benardrick Mckinney,Rusher,32,225,348,0.04425193864589602,lambda.min,0.04980558424473238,0.1534890612276273,-0.22508515710179536,-0.05846305264927606,0.04113947110770841,0.1531147227589258,0.3679678079362479,1000,1.039457465372263e-4,train_fit_end_to_end,307,531,-0.0157090262557905,lambda.min,-0.01421552509595953,0.01631741283109242,-0.04459409883688663,-0.02565215136710406,-0.01491543244598683,-0.00225796854252445,0.01816417396598232,1000,8.240743309893662e-5,train_fit_end_to_end
Carlos Basham Jr.,Rusher,43,226,349,0.04407059230139576,lambda.min,0.04556052072050316,0.17919050172300996,-0.24572490995445329,-0.1195272180523113,0,0.2112103793040285,0.3988878378586261,1000,1.039457465372263e-4,train_fit_end_to_end,340,571,-0.02175844128510459,lambda.min,-0.01959802412587958,0.02584402288375877,-0.07451713315068792,-0.03357311804525867,-0.02551034765704936,0,0.01300490714097982,1000,8.240743309893662e-5,train_fit_end_to_end
Carter Coughlin,Rusher,25,227,350,0.04357472260267887,lambda.min,0.04341988644363998,0.11655254279254974,-0.18395872280349215,-0.03620956143217241,0.04007058569331306,0.12133569779003414,0.26989312871556875,1000,1.039457465372263e-4,train_fit_end_to_end,277,498,-0.01039063092557734,lambda.min,-0.01002310292631182,0.01192594463852513,-0.03417400889497219,-0.01864603399664998,-0.00887678713032697,-6.389382704993533e-4,0.00975625324815265,1000,8.240743309893662e-5,train_fit_end_to_end
Noah Dawkins,Rusher,1,228,351,0.04349464677433604,lambda.min,0.04260425537455654,0.0476896650458674,0,0,0.0526192147689771,0.0557361708283149,0.15550717487038584,1000,1.039457465372263e-4,train_fit_end_to_end,165,341,0.00475264587760109,lambda.min,0.00453804635849301,0.00489465491572141,0,0,0.00564367656657762,0.00617619350473691,0.01597395883400315,1000,8.240743309893662e-5,train_fit_end_to_end
Hardy Nickerson,Rusher,1,229,353,0.0428204064809027,lambda.min,0.0422911983646933,0.04644609200126559,0,0,0.05148410327425873,0.05546988415783848,0.1543318062686061,1000,1.039457465372263e-4,train_fit_end_to_end,168,349,0.00426489293394053,lambda.min,0.0038458780140363,0.0041502403827454,0,0,0.0048775080301995,0.00564650478983867,0.01380878060867813,1000,8.240743309893662e-5,train_fit_end_to_end
Jermaine Johnson II,Rusher,1,230,354,0.0427541122952501,lambda.min,0.04196874464911346,0.04800879464999155,0,0,0.05157970512897866,0.05493322367518651,0.1611056654964297,1000,1.039457465372263e-4,train_fit_end_to_end,167,348,0.00428953215127109,lambda.min,0.00415261741764562,0.00454723905425043,0,0,0.00505287834986609,0.00575035673031331,0.01494210897426993,1000,8.240743309893662e-5,train_fit_end_to_end
Raequan Williams,Rusher,45,231,355,0.04260230692698689,lambda.min,0.0310828877319102,0.03481033290861309,0,0,0.0212763004666975,0.05918627882404788,0.10767791407791752,1000,1.039457465372263e-4,train_fit_end_to_end,120,206,0.05589072048299657,lambda.min,0.05266531381586855,0.05867320821255061,0,0,0.06449848404266019,0.07423513651850235,0.1920298263033385,1000,8.240743309893662e-5,train_fit_end_to_end
Logan Wilson,Rusher,122,232,357,0.04147486164479987,lambda.min,0.04969547316270372,0.15114601556486915,-0.22282680323025655,-0.05675067219363253,0.04301541645135849,0.14617436672192485,0.3781380373500723,1000,1.039457465372263e-4,train_fit_end_to_end,456,718,-0.05213816387145288,lambda.min,-0.04885328994241671,0.02074556972422478,-0.08986124040423464,-0.06285514560230791,-0.04884194973987184,-0.03481520339426793,-0.00735425080117358,1000,8.240743309893662e-5,train_fit_end_to_end
Calvin Munson,Rusher,5,233,358,0.04102732567676847,lambda.min,0.04122198412386419,0.03218673332189321,0,0.02091888843669019,0.03605494590352341,0.05992512042273559,0.11920907683493252,1000,1.039457465372263e-4,train_fit_end_to_end,180,369,0.0015506528027764,lambda.min,0.00163679658892161,0.00207445592098907,-6.869592589044592e-4,0,9.956978359197664e-4,0.00253211688883985,0.00695519992750163,1000,8.240743309893662e-5,train_fit_end_to_end
Woodrow Hamilton,Rusher,27,234,360,0.04037896502324045,lambda.min,0.03881210992023645,0.05060114424034454,-0.02611266474325233,-0.00213630699950516,0.03404127265995151,0.0694522780693038,0.14895630697653228,1000,1.039457465372263e-4,train_fit_end_to_end,294,517,-0.01318228354368443,lambda.min,-0.01222707296816795,0.00918930330388308,-0.03099632595633903,-0.01865805280214543,-0.01098806077136789,-0.00621500717181831,6.131502600943799e-4,1000,8.240743309893662e-5,train_fit_end_to_end
Dorian O'Daniel,Rusher,5,235,364,0.03887886096099803,lambda.min,0.03720721126480391,0.03263484426715156,0,0.00973749061800053,0.03785150976048144,0.05259263558130978,0.11410146983670826,1000,1.039457465372263e-4,train_fit_end_to_end,187,379,0.00111210836799213,lambda.min,5.447564842751908e-4,0.00290590257506293,-0.00591561681863077,-0.00106931313616438,0,0.0026871156787675,0.00606883322813456,1000,8.240743309893662e-5,train_fit_end_to_end
Del'Shawn Phillips,Rusher,33,236,365,0.0387199533927475,lambda.min,0.05166237877735104,0.15680160637447196,-0.2216581597315291,-0.06032224679926992,0.04517025702278166,0.14751109061261442,0.37678356294280735,1000,1.039457465372263e-4,train_fit_end_to_end,333,563,-0.01934246568021675,lambda.min,-0.01512746286434606,0.02029445867184232,-0.05475435636350018,-0.02959307868740178,-0.01508533759137657,0.00130499084050403,0.0201136313887672,1000,8.240743309893662e-5,train_fit_end_to_end
Tyler Shelvin,Rusher,66,237,366,0.03777329202479471,lambda.min,0.04428424597055473,0.05865654961995919,-0.04127646041030743,0,0.03213706305494202,0.08148566704516902,0.16796102728474532,1000,1.039457465372263e-4,train_fit_end_to_end,362,599,-0.02520404997326762,lambda.min,-0.02185785319071491,0.02578155931402567,-0.07834201635007128,-0.03522924061150036,-0.02491870353540718,0,0.01214859498400927,1000,8.240743309893662e-5,train_fit_end_to_end
Daniel Ekuale,Rusher,139,238,367,0.03761181317817928,lambda.min,0.04559151976430574,0.14791212797691536,-0.25502450288160233,-0.05170501938457771,0.04621317020748596,0.15322894451875702,0.31814246146666686,1000,1.039457465372263e-4,train_fit_end_to_end,29,32,0.23086240402926672,lambda.min,0.23222001531743455,0.19004589467048483,-0.04686884743110984,0.11629853001162808,0.18716954681196984,0.35091295078979384,0.6250188036781802,1000,8.240743309893662e-5,train_fit_end_to_end
Albert Huggins,Rusher,239,239,368,0.03688370552551067,lambda.min,0.03664368938767151,0.10285459911485692,-0.14167568227531982,-0.03908480265166549,0.02986026131456547,0.10006318868425994,0.2611949882452732,1000,1.039457465372263e-4,train_fit_end_to_end,564,872,-0.10811148175326286,lambda.min,-0.1020057361914411,0.03742769831933445,-0.17542513120640113,-0.1267818779200999,-0.10202768756458096,-0.0776991163190808,-0.0255297025186825,1000,8.240743309893662e-5,train_fit_end_to_end
Curtis Robinson,Rusher,33,240,369,0.03671433233633419,lambda.min,0.02991753708759467,0.02776699488511376,-0.00458265479948922,0,0.02982438233477085,0.0481497848943925,0.08908224415042464,1000,1.039457465372263e-4,train_fit_end_to_end,315,539,-0.01664544052197538,lambda.min,-0.0164245591375423,0.01423571725921689,-0.04902882041638803,-0.02384083195952791,-0.01442214904078232,-0.00466074794838501,0,1000,8.240743309893662e-5,train_fit_end_to_end
Austin Calitro,Rusher,6,241,370,0.03614631805142111,lambda.min,0.03128065835884323,0.03474084130258517,0,0,0.03794951120734536,0.04828487842567653,0.10979148825358484,1000,1.039457465372263e-4,train_fit_end_to_end,154,315,0.00897240144073791,lambda.min,0.00892136890717744,0.00994726833565804,0,0,0.01049401468521718,0.01208863160196895,0.03300695533878563,1000,8.240743309893662e-5,train_fit_end_to_end
Azur Kamara,Rusher,23,242,371,0.03558267872061646,lambda.min,0.03188262460903846,0.09252530429678288,-0.1313866201619237,-0.03727477505441509,0.02843893642937604,0.09166481399589366,0.22312486474889573,1000,1.039457465372263e-4,train_fit_end_to_end,284,506,-0.01139970273802395,lambda.min,-0.01137088758551429,0.01176373530943276,-0.0346447130249079,-0.0189802167429105,-0.0115222702908163,-0.00279108098511114,0.00950581777019285,1000,8.240743309893662e-5,train_fit_end_to_end
Jamin Davis,Rusher,147,243,372,0.03531028765153587,lambda.min,0.03067178974756578,0.14804019755212855,-0.2536240985222619,-0.06930934302667716,0.03372187710647434,0.1293066867719651,0.31203838956557545,1000,1.039457465372263e-4,train_fit_end_to_end,190,383,7.035297906791303e-4,lambda.min,0.00330192727771672,0.07648182961027004,-0.10045859530501967,-0.05989956528330695,-0.00466672565296793,0.04516526952467813,0.17589405085751628,1000,8.240743309893662e-5,train_fit_end_to_end
Braxton Hoyett,Rusher,16,244,373,0.03515702333586471,lambda.min,0.02745778796369707,0.02939570298316794,0,0,0.02678611971301609,0.04936195139534277,0.0901017921789559,1000,1.039457465372263e-4,train_fit_end_to_end,231,440,-0.00476729180675008,lambda.min,-0.00521413707311667,0.00656384124731213,-0.02307546356888719,-0.00737170293771526,-0.00426150261045284,0,0,1000,8.240743309893662e-5,train_fit_end_to_end
Myles Jack,Rusher,218,245,375,0.03416518952257253,lambda.min,0.03387136182013844,0.1078954406601278,-0.1784232859352591,-0.03784794364392085,0.03367584047559489,0.1042163303441132,0.24978671787036016,1000,1.039457465372263e-4,train_fit_end_to_end,522,810,-0.07732582284442067,lambda.min,-0.07500806971031067,0.02331575092195615,-0.11961765327623036,-0.09146608418594256,-0.07403727308370481,-0.05861513093536393,-0.03024426275670926,1000,8.240743309893662e-5,train_fit_end_to_end
Henry Anderson,Rusher,33,246,378,0.03324226925042088,lambda.min,0.0322254280253872,0.08551867054021749,-0.0932957883263194,-0.03594964005993724,0.00524944840830893,0.0986218058389503,0.2099754919314231,1000,1.039457465372263e-4,train_fit_end_to_end,312,536,-0.01639763397346329,lambda.min,-0.01663931601561378,0.01638514495071365,-0.05277329724948874,-0.0247636397670942,-0.01759901212841805,-0.00254769260226438,0.0031923998088686,1000,8.240743309893662e-5,train_fit_end_to_end
Eric Banks,Rusher,39,247,379,0.03278311184103472,lambda.min,0.02664943525235361,0.07973986451282485,-0.0998411705728493,-0.04152743658410562,0.00824777196412083,0.08392330377553259,0.18571557924838952,1000,1.039457465372263e-4,train_fit_end_to_end,304,528,-0.01549837262484153,lambda.min,-0.01507802240561984,0.01078160850541604,-0.03941057482383189,-0.02157303104255255,-0.01364559210941021,-0.00878058665660362,0.00117838571707214,1000,8.240743309893662e-5,train_fit_end_to_end
T.Y. Mcgill,Rusher,46,248,380,0.03185093674275308,lambda.min,0.02875191962626092,0.07841125162565613,-0.10863178804579487,-0.02417245049398898,0.00476669317639111,0.09624678266206312,0.1795973171424343,1000,1.039457465372263e-4,train_fit_end_to_end,338,568,-0.02036611607990681,lambda.min,-0.0196447702889539,0.0158074446322005,-0.05546703303610948,-0.02775417428327606,-0.01734914131019629,-0.00822906385261355,0,1000,8.240743309893662e-5,train_fit_end_to_end
Nick Bosa,Rusher,649,249,382,0.03142808913517794,lambda.min,0.03211848918982087,0.1128101635581826,-0.1978436288717728,-0.04648205431944827,0.03429925454088523,0.10698194696298843,0.25081716420624284,1000,1.039457465372263e-4,train_fit_end_to_end,5,5,0.4298007752864575,lambda.min,0.412817270057003,0.1504642896921648,0.12736917135981626,0.30957894222145577,0.4152167822421988,0.5186129198799607,0.6845848776912344,1000,8.240743309893662e-5,train_fit_end_to_end
Derek Barnett,Rusher,459,250,383,0.03133965453858539,lambda.min,0.01110807388675886,0.1160301949972552,-0.1870625218688067,-0.07459016998182699,0.00524074921850707,0.08790898267100684,0.2610837213251532,1000,1.039457465372263e-4,train_fit_end_to_end,198,399,-0.00142526052557516,lambda.min,0.00197959247227081,0.09099480820196318,-0.1620364568330166,-0.06277934161862157,-0.00128024777627593,0.05846473128139608,0.18961341223537617,1000,8.240743309893662e-5,train_fit_end_to_end
John Franklin-Myers,Rusher,476,251,385,0.03110139584688957,lambda.min,0.02680075105141863,0.12522467267437065,-0.23116416961911157,-0.05388096524505269,0.02816402046378184,0.1111724295780283,0.2708102124197507,1000,1.039457465372263e-4,train_fit_end_to_end,119,205,0.05607316119617298,lambda.min,0.05449704866184114,0.11707002309709304,-0.14741763736401758,-0.03018892037165953,0.04822086356984464,0.13537679404143377,0.2911010214646585,1000,8.240743309893662e-5,train_fit_end_to_end
Vince Biegel,Rusher,2,252,386,0.03087096357311223,lambda.min,0.02926789682143091,0.05565692277297501,-0.05285164560627883,-0.01615214792852971,0.01526441967561877,0.06162886050484121,0.15437487529401275,1000,1.039457465372263e-4,train_fit_end_to_end,177,364,0.00218334635904488,lambda.min,0.00140685413809033,0.00724662442963445,-0.0136180328732232,-0.00379049665407751,0,0.00678137858446057,0.01758381657443861,1000,8.240743309893662e-5,train_fit_end_to_end
Teair Tart,Rusher,489,253,387,0.03083499804827631,lambda.min,0.02357838568456601,0.12964186857023427,-0.2648981720180775,-0.05216385210089501,0.03297942043721277,0.11333362999300818,0.23897747049792128,1000,1.039457465372263e-4,train_fit_end_to_end,606,936,-0.1580606477291527,lambda.min,-0.1521488845722794,0.04703058810063915,-0.2400523088167489,-0.18396774756808237,-0.1537942470855874,-0.12240263672779786,-0.05734483038318468,1000,8.240743309893662e-5,train_fit_end_to_end
Kevin Minter,Rusher,6,254,388,0.03035735658397488,lambda.min,0.02765159641726209,0.08002730783423859,-0.11076080412495665,-0.03109815611095307,0.01967375253053693,0.07684853977611557,0.20304429202179664,1000,1.039457465372263e-4,train_fit_end_to_end,196,393,-8.996439063288335e-4,lambda.min,-5.472477364918001e-4,0.00974257561357591,-0.01979945508271879,-0.0069175247639341,-5.761679284106633e-4,0.0056502561345293,0.01966473692514763,1000,8.240743309893662e-5,train_fit_end_to_end
Freedom Akinmoladun,Rusher,27,255,389,0.0299623571949949,lambda.min,0.02135969009852454,0.02360614991342211,0,0,0.01600195057486281,0.03893811101524624,0.07509524876338126,1000,1.039457465372263e-4,train_fit_end_to_end,274,494,-0.01012488629714223,lambda.min,-0.01000992332561296,0.01139922941740223,-0.03891479693137747,-0.0144900267887527,-0.01019753676121841,0,0,1000,8.240743309893662e-5,train_fit_end_to_end
Danny Shelton,Rusher,255,256,392,0.02858693513027425,lambda.min,0.02757686600234184,0.11890514293216271,-0.2117426506127726,-0.04914896967450515,0.02616526678956735,0.11099912825860124,0.2511551774715768,1000,1.039457465372263e-4,train_fit_end_to_end,563,870,-0.1069248997246416,lambda.min,-0.10269525158902731,0.03041386698622315,-0.16196467107694845,-0.12386946199658534,-0.1016978229852648,-0.08144731455989068,-0.0443833053789659,1000,8.240743309893662e-5,train_fit_end_to_end
Daron Payne,Rusher,1019,257,394,0.02703839292710016,lambda.min,0.02247453061875085,0.06505039346536308,-0.1000691118893914,-0.01943255830515656,0.02419705122787921,0.06365247264523488,0.14330505213890685,1000,1.039457465372263e-4,train_fit_end_to_end,580,894,-0.1193543786776401,lambda.min,-0.1175634630252793,0.0864722853068096,-0.2789018803535338,-0.17875507641868307,-0.12006221669981296,-0.060627485636633,0.05807109958309328,1000,8.240743309893662e-5,train_fit_end_to_end
La'Darius Hamilton,Rusher,2,258,398,0.02550508089518342,lambda.min,0.02255294810773083,0.02368048681076469,0,0,0.02792678924370868,0.03327517716946364,0.07574024705618412,1000,1.039457465372263e-4,train_fit_end_to_end,183,374,0.00140411113548865,lambda.min,0.0010513325052031,0.00108931003219513,0,0,0.00102988928525973,0.00193466008847096,0.00328404490254768,1000,8.240743309893662e-5,train_fit_end_to_end
Ben Niemann,Rusher,125,259,399,0.02444834108781329,lambda.min,0.02485388899539151,0.16139580438119155,-0.2837171693382428,-0.08442518344378702,0.02393175954381606,0.12809814831414396,0.3380729518528229,1000,1.039457465372263e-4,train_fit_end_to_end,416,664,-0.0389186378366772,lambda.min,-0.03691736061975427,0.0265365483524834,-0.084685075274647,-0.05632586967556768,-0.03862863418043623,-0.01823802082919177,0.0190810160252239,1000,8.240743309893662e-5,train_fit_end_to_end
Josey Jewell,Rusher,11,260,401,0.02389724379649821,lambda.min,0.02603035649311047,0.02744864985494363,-0.00365994776406698,0,0.02599938624852897,0.03689653803405356,0.09256261027739349,1000,1.039457465372263e-4,train_fit_end_to_end,222,428,-0.00340608946227405,lambda.min,-0.00305308300735405,0.00570319662345575,-0.01670299666294084,-0.00593377676487148,-0.00265368855625377,0.00122908524550725,0.00521711685438062,1000,8.240743309893662e-5,train_fit_end_to_end
Bobby Brown III,Rusher,30,261,407,0.02289604994412379,lambda.min,0.02710002009780231,0.08675287511142324,-0.1076674057737681,-0.03770431962373331,0.01561868058112243,0.08048797835812438,0.22124796397740415,1000,1.039457465372263e-4,train_fit_end_to_end,302,525,-0.01515050433654213,lambda.min,-0.01356455710560539,0.01323652774108762,-0.0408454150633416,-0.02155394195930217,-0.01400364247893965,-0.00255142560016217,0.00687411713899966,1000,8.240743309893662e-5,train_fit_end_to_end
Ty Summers,Rusher,6,262,408,0.02255121873327016,lambda.min,0.02616302449333691,0.03388738481752038,-0.01373373098056935,0,0.02581417592342787,0.03848909463684161,0.11028414603540115,1000,1.039457465372263e-4,train_fit_end_to_end,199,400,-0.00145967367830007,lambda.min,-0.00128400108914539,0.00440762494085233,-0.01091635215196263,-0.00405299127112967,0,0.00234541596312712,0.00606080225653636,1000,8.240743309893662e-5,train_fit_end_to_end
P.J. Williams,Rusher,13,263,409,0.0219377345137641,lambda.min,0.01559863311234913,0.11608616409702396,-0.18760404163660907,-0.06603502600694841,0.00557739193665183,0.09228193606797798,0.26426225897691236,1000,1.039457465372263e-4,train_fit_end_to_end,54,70,0.1500308114708848,lambda.min,0.148857406356855,0.124731718318975,-0.01985659053571741,0.07708525682416822,0.1089695504011167,0.2068500153197777,0.4028053826803042,1000,8.240743309893662e-5,train_fit_end_to_end
Chris Rumph II,Rusher,74,264,410,0.0213372099764967,lambda.min,0.01939232272871414,0.14085205346336152,-0.26343794591480424,-0.07261417924476432,0.02442437092736183,0.11680037159942182,0.276561491025919,1000,1.039457465372263e-4,train_fit_end_to_end,427,678,-0.0416392296941553,lambda.min,-0.03957306891692294,0.01773147121275319,-0.07471716274376858,-0.05241776704619808,-0.0399045480601345,-0.02736730437094695,-0.00575626150162222,1000,8.240743309893662e-5,train_fit_end_to_end
Christian Elliss,Rusher,3,265,411,0.02132415013170373,lambda.min,0.0205534456594997,0.02393156040297446,0,0,0.02255346121128795,0.0301664280751504,0.08176890425950968,1000,1.039457465372263e-4,train_fit_end_to_end,188,380,0.00103247631194416,lambda.min,0.00100131268113865,0.00123440936741539,0,0,5.860565577824478e-4,0.00170174376582997,0.0041303606101895,1000,8.240743309893662e-5,train_fit_end_to_end
Brian Burns,Rusher,418,266,412,0.02104790056749277,lambda.min,0.01728054626557031,0.10530837848447364,-0.1955903090588428,-0.04624120928089977,0.01997779996164963,0.0846600536612564,0.2221587026105006,1000,1.039457465372263e-4,train_fit_end_to_end,94,151,0.08053342072897358,lambda.min,0.08081788263303628,0.12452301967268048,-0.1251051715039694,-0.01171589027175552,0.0750657095185317,0.16248949265881174,0.3474459593268313,1000,8.240743309893662e-5,train_fit_end_to_end
John Jenkins,Rusher,218,267,413,0.02100710973531527,lambda.min,0.03733169794983482,0.1794826075162318,-0.25829108979275256,-0.08495411789393055,0.01983762160859653,0.13096939903236485,0.4582765387672355,1000,1.039457465372263e-4,train_fit_end_to_end,535,825,-0.08153763951270898,lambda.min,-0.07350990431394061,0.04347616154691243,-0.157771547538261,-0.10257637891660716,-0.07462671590708952,-0.04426857326166201,0.0175535832734686,1000,8.240743309893662e-5,train_fit_end_to_end
Bradlee Anae,Rusher,27,268,414,0.02010450542624329,lambda.min,0.01315387840260877,0.03777780218163942,-0.05645417015353577,-0.0100879577087182,0,0.03726515082701708,0.09251565704623874,1000,1.039457465372263e-4,train_fit_end_to_end,295,518,-0.01327872359546825,lambda.min,-0.01268077970727792,0.0102990968659389,-0.03722494635299764,-0.01875408057824756,-0.01073306780355309,-0.00480142028022961,0,1000,8.240743309893662e-5,train_fit_end_to_end
Shaka Toney,Rusher,69,269,415,0.0197175995982078,lambda.min,0.01349754227507129,0.1633885918775329,-0.28396816710090483,-0.09964513304682196,0.00713054869800143,0.1232578155003395,0.3660370328747323,1000,1.039457465372263e-4,train_fit_end_to_end,115,188,0.06423517392048711,lambda.min,0.06115300285545554,0.07448186782238962,-0.04197195566898395,0.00115326063421274,0.0535435873717662,0.10576660059528604,0.23008625395618565,1000,8.240743309893662e-5,train_fit_end_to_end
Carlos Dunlap,Rusher,366,270,417,0.01931487725002002,lambda.min,0.02524848514657794,0.10587752263713786,-0.19028295550426616,-0.04730552583077792,0.02439194245976719,0.09672600850434653,0.2390417312287355,1000,1.039457465372263e-4,train_fit_end_to_end,10,10,0.3237275352485258,lambda.min,0.3229128422659467,0.2199824870009404,-0.08628941224612376,0.1582828189013415,0.3170200838715369,0.48135931416377375,0.7397492955296472,1000,8.240743309893662e-5,train_fit_end_to_end
Justin Houston,Rusher,418,271,422,0.0187236523302718,lambda.min,0.01755499922997237,0.14733249733691348,-0.2808207055340996,-0.07604014438945675,0.0204702922118779,0.12025888690521822,0.2970107225469168,1000,1.039457465372263e-4,train_fit_end_to_end,68,99,0.12012903161860708,lambda.min,0.12256253352478136,0.10916249352309584,-0.08200319759908364,0.0428004419109647,0.12166516323668744,0.19886909229455743,0.3391162998562484,1000,8.240743309893662e-5,train_fit_end_to_end
Akeem Davis-Gaither,Rusher,19,272,423,0.01829338523624872,lambda.min,0.02216585024943325,0.08401282128093766,-0.13622047807207033,-0.03523827276773266,0.02196893703842976,0.07809086686164611,0.1915661290150894,1000,1.039457465372263e-4,train_fit_end_to_end,268,486,-0.00937298694935487,lambda.min,-0.00923769731872802,0.00816647673816275,-0.02629890540948449,-0.01470133907888929,-0.00871687516644303,-0.00342275231611725,0.00499201736285098,1000,8.240743309893662e-5,train_fit_end_to_end
Will Bradley-King,Rusher,49,273,424,0.01808297234520997,lambda.min,0.00841913266560567,0.1254889159751274,-0.20534596774517583,-0.08541303359741842,0,0.09216270814074878,0.2630734533942135,1000,1.039457465372263e-4,train_fit_end_to_end,238,451,-0.00571819104440274,lambda.min,-0.00567788351363506,0.02286054245621016,-0.05491200919535976,-0.01834736555286006,-0.00190872538490086,0.01345796221167532,0.02872433656948519,1000,8.240743309893662e-5,train_fit_end_to_end
Zaire Franklin,Rusher,41,274,425,0.01802017285515258,lambda.min,0.02002573666126703,0.14083751584111134,-0.23763937245375932,-0.08230648666735871,0.01973280149339658,0.1120849299191284,0.309176420145095,1000,1.039457465372263e-4,train_fit_end_to_end,352,584,-0.02319153161310564,lambda.min,-0.02173077557925238,0.01398183742926423,-0.04906173773870717,-0.03137915998580416,-0.02192231781861061,-0.01233615553311185,0.00637419384258993,1000,8.240743309893662e-5,train_fit_end_to_end
Nick Kwiatkoski,Rusher,3,275,427,0.01692464587208141,lambda.min,0.01614362151838386,0.03863202347671565,-0.05323291304341134,-0.01646553481016352,0.00627757953089165,0.0410518583456591,0.10134045242096794,1000,1.039457465372263e-4,train_fit_end_to_end,191,384,6.984422259743253e-4,lambda.min,8.471004183030185e-4,0.00398827407329458,-0.0062954680398091,-0.00248043041568375,3.114880528945294e-4,0.00395204262482025,0.00906363060556613,1000,8.240743309893662e-5,train_fit_end_to_end
Jordan Evans,Rusher,7,276,429,0.01556809186326239,lambda.min,0.0173529878706178,0.0705001622804839,-0.11157622335068224,-0.03128713866566859,0.01660556547359427,0.06012278859479621,0.1719930092758475,1000,1.039457465372263e-4,train_fit_end_to_end,203,407,-0.00208074689903844,lambda.min,-0.00138548362333702,0.00815140032354773,-0.01725241363645651,-0.00795535146010433,-1.3897279104522575e-4,0.00516350540378312,0.01311856546324696,1000,8.240743309893662e-5,train_fit_end_to_end
Andrew Billings,Rusher,106,277,430,0.01528340827041368,lambda.min,0.01320408037547872,0.10992422072845676,-0.19193538938414864,-0.0648429281379035,0.01336685027641229,0.08234602139361036,0.2320478762152514,1000,1.039457465372263e-4,train_fit_end_to_end,435,688,-0.04368425843144365,lambda.min,-0.04226575954107467,0.01979170537719568,-0.08379938053595322,-0.05424927408891512,-0.04220970644112602,-0.02872750745901997,-0.00375689456628562,1000,8.240743309893662e-5,train_fit_end_to_end
Jarran Reed,Rusher,902,278,431,0.01470343782160462,lambda.min,0.01345573617978078,0.12065706682349728,-0.2367726293979304,-0.06088884991080559,0.01397077423442079,0.094393236012655,0.2474160137142853,1000,1.039457465372263e-4,train_fit_end_to_end,536,828,-0.08265710558095192,lambda.min,-0.07906636374956214,0.11127363684520564,-0.26373398512682317,-0.16300273298868934,-0.09265029153064724,-0.01050705624518608,0.17167205402052085,1000,8.240743309893662e-5,train_fit_end_to_end
Harvey Langi,Rusher,3,279,433,0.01413294682876498,lambda.min,0.01437922751808025,0.01655050734514553,0,0,0.01455301071391511,0.02125907462357224,0.05623911247323424,1000,1.039457465372263e-4,train_fit_end_to_end,192,387,-2.0966906236007197e-4,lambda.min,-2.593251752872583e-4,6.328374390538978e-4,-0.0020483936870844,-4.1448864679413926e-4,0,0,5.496924696424719e-4,1000,8.240743309893662e-5,train_fit_end_to_end
Charles Harris,Rusher,551,280,434,0.01379364605063624,lambda.min,0.00632751340560196,0.09957907625090044,-0.18970274925862052,-0.06086982723564326,0.00473213772389702,0.06975565660119147,0.21151935431748556,1000,1.039457465372263e-4,train_fit_end_to_end,442,698,-0.04485503053708862,lambda.min,-0.04121608520471453,0.11436864310281684,-0.22911481212520127,-0.1292462037238119,-0.04769970960768827,0.03411983752163569,0.191829000075444,1000,8.240743309893662e-5,train_fit_end_to_end
Jacob Phillips,Rusher,30,281,435,0.0128440815259457,lambda.min,0.00701621881931707,0.12949301823817613,-0.25917116285732056,-0.08310442929678344,0,0.10475773949142504,0.22990609038180573,1000,1.039457465372263e-4,train_fit_end_to_end,122,210,0.05324313393456416,lambda.min,0.05291605626674797,0.07273054021023445,-0.03634594771410361,-0.0053679619177125,0.05476914478482361,0.08441653087630471,0.22292853743589297,1000,8.240743309893662e-5,train_fit_end_to_end
Tanner Vallejo,Rusher,29,282,437,0.01250411906289609,lambda.min,0.00621371504095297,0.1535255634199031,-0.26369835839603645,-0.10403065492785464,-0.0028966479389435,0.10591328873546822,0.336618520905088,1000,1.039457465372263e-4,train_fit_end_to_end,250,463,-0.00753152868203979,lambda.min,-0.00778859292588281,0.01710023633026333,-0.04064254525284034,-0.01948896655198159,-0.00885494902513397,0.00325968552285853,0.02674410976262971,1000,8.240743309893662e-5,train_fit_end_to_end
Justin Lawler,Rusher,7,283,438,0.01174377769246533,lambda.min,0.01119929359053209,0.08730167409327252,-0.14121616030914,-0.05415387694023912,0,0.07250939090255748,0.1859561334850595,1000,1.039457465372263e-4,train_fit_end_to_end,211,417,-0.00279733221222424,lambda.min,-0.00199762486363955,0.00969617087874735,-0.02118303523528777,-0.00878842770222877,-0.00168011949784143,0.00538767945221553,0.01542557331144758,1000,8.240743309893662e-5,train_fit_end_to_end
Patrick Johnson,Rusher,14,284,440,0.01093377032261042,lambda.min,0.00724954072107701,0.05570524792365777,-0.0998402868134045,-0.03493980344148525,0.00636498117050165,0.04216669660037578,0.12174656057686692,1000,1.039457465372263e-4,train_fit_end_to_end,182,372,0.00143725172710075,lambda.min,0.00118991581606063,0.01401173532808354,-0.01881326719818231,-0.00962821966861988,-0.00109738817803252,0.00912301970726256,0.0338940886623747,1000,8.240743309893662e-5,train_fit_end_to_end
A.J. Epenesa,Rusher,229,285,441,0.01073942655168705,lambda.min,0.00221879144018811,0.1465754876924781,-0.31497348232336275,-0.08964162525704264,0.01333554817789808,0.10414486415623248,0.2602303475207178,1000,1.039457465372263e-4,train_fit_end_to_end,84,123,0.10185889782752598,lambda.min,0.09619649506093664,0.13615686455405718,-0.10330791828560838,-0.01195473950824865,0.07858117686368771,0.1851941897050709,0.405862177322681,1000,8.240743309893662e-5,train_fit_end_to_end
De'Vondre Campbell,Rusher,150,286,442,0.00906357539704635,lambda.min,-0.01741937752333156,0.21554069270609777,-0.42320416192460847,-0.16418710043811555,-0.02385660872607529,0.12814576336386663,0.4039435708728714,1000,1.039457465372263e-4,train_fit_end_to_end,454,716,-0.05118720045441668,lambda.min,-0.05046497424513838,0.02417990902061882,-0.0973139826745854,-0.06630596827369237,-0.0503224239911296,-0.03464009785680851,-0.00353131875735054,1000,8.240743309893662e-5,train_fit_end_to_end
Travin Howard,Rusher,19,287,444,0.00846154813971129,lambda.min,0.01180417375549796,0.1114743499570062,-0.18066904931527372,-0.07780482958803357,0.00309931013042358,0.10231343502574151,0.2533428293188022,1000,1.039457465372263e-4,train_fit_end_to_end,282,504,-0.01097339926358743,lambda.min,-0.0094953899382539,0.0160139200250174,-0.04380533409538879,-0.01969054573606378,-0.0089867722001613,0,0.01853585008901029,1000,8.240743309893662e-5,train_fit_end_to_end
Nick Vigil,Rusher,133,288,447,0.00636495385410688,lambda.min,0.001149033982782,0.15999474481371315,-0.3112522906650102,-0.11488620744942864,0.00216509530394498,0.1177797381958434,0.2955561071409257,1000,1.039457465372263e-4,train_fit_end_to_end,486,756,-0.061674771475128,lambda.min,-0.06017400259708627,0.02529910993808142,-0.11189576608227204,-0.07849456900205898,-0.05879673081343884,-0.04302974554194089,-0.0130730101428455,1000,8.240743309893662e-5,train_fit_end_to_end
Germaine Pratt,Rusher,152,289,448,0.00604834273816714,lambda.min,-0.00120906884891243,0.15567568080019992,-0.3216107128324785,-0.10123552040939604,0.00847918566037127,0.11070174818124633,0.2768549085411794,1000,1.039457465372263e-4,train_fit_end_to_end,497,772,-0.06551243723190708,lambda.min,-0.06416963570465362,0.0228036886023433,-0.10839949879233542,-0.07959726973444481,-0.06381832804631257,-0.04879261978359412,-0.02128042151872527,1000,8.240743309893662e-5,train_fit_end_to_end
Neville Hewitt,Rusher,101,290,449,0.00517156507743814,lambda.min,0.00385982423878993,0.1719807266620024,-0.32362728307188254,-0.11413859234807316,0.0105000859499135,0.11351981492090844,0.33244448641271473,1000,1.039457465372263e-4,train_fit_end_to_end,461,724,-0.05393320261689788,lambda.min,-0.05134396884692377,0.02106990677568274,-0.0921465332676437,-0.06630942858227251,-0.05132887607938231,-0.03765030167501086,-0.01044086759086219,1000,8.240743309893662e-5,train_fit_end_to_end
Rashad Weaver,Rusher,3,291,450,0.00491431643460914,lambda.min,0.00319033883474783,0.00603975179827198,-0.00428993333649685,0,0,0.00677778201955736,0.01563808100389731,1000,1.039457465372263e-4,train_fit_end_to_end,200,403,-0.00158753479820505,lambda.min,-0.00169730849519926,0.00222869162186056,-0.00807742291760988,-0.0024342937665697,-0.0012876676488299,0,0,1000,8.240743309893662e-5,train_fit_end_to_end
Osa Odighizuwa,Rusher,729,292,451,0.00471062576526314,lambda.min,0.00304505939335657,0.13155033066191493,-0.2847243574576059,-0.0722269424133267,0.01233514894564655,0.09383762747718376,0.234545616796781,1000,1.039457465372263e-4,train_fit_end_to_end,605,935,-0.15725340554174105,lambda.min,-0.14967281148249176,0.08131474653662527,-0.2795907301142333,-0.20839469854219111,-0.1578878077290165,-0.1011912736475003,0.03244756091300646,1000,8.240743309893662e-5,train_fit_end_to_end
Sam Kamara,Rusher,45,293,452,0.00407639602139396,lambda.min,0.01315065944204417,0.08341231679675244,-0.1583297296389977,-0.04226705146213019,0.02171902302833785,0.07294709888697767,0.15759380458406044,1000,1.039457465372263e-4,train_fit_end_to_end,367,606,-0.02679352394937651,lambda.min,-0.02492384223349795,0.0155982611079897,-0.05723782763626727,-0.03544702222772277,-0.02491149512684135,-0.01308258044104693,0.00109876007430802,1000,8.240743309893662e-5,train_fit_end_to_end
Kristian Welch,Rusher,9,294,453,0.00389449392340195,lambda.min,0.00242599730735741,0.10121517518079076,-0.18294718685243427,-0.06479814896276355,-0.00943464189479362,0.06443831052726054,0.22436289652213764,1000,1.039457465372263e-4,train_fit_end_to_end,226,435,-0.00407164258782037,lambda.min,-0.00396689167822157,0.01116072842314282,-0.02486729353481594,-0.01134443543197847,-0.00465681594235475,0.00307159331281134,0.0191297426403276,1000,8.240743309893662e-5,train_fit_end_to_end
Ross Blacklock,Rusher,551,295,455,0.00363057891600867,lambda.min,0.00455230736382575,0.08112746448234369,-0.1538821536503292,-0.04863926235496906,0.00636162613737079,0.05890516794209434,0.1456429881278457,1000,1.039457465372263e-4,train_fit_end_to_end,127,231,0.04166732454996718,lambda.min,0.03100683749614906,0.1649488928312788,-0.19988788418396897,-0.10528336194927362,0.01215160173359026,0.14059027494395132,0.4046777667969874,1000,8.240743309893662e-5,train_fit_end_to_end
Forrest Merrill,Rusher,43,296,460,0.00154953877614787,lambda.min,9.46888985632118e-4,0.11400963368743734,-0.23091622756737185,-0.07810555491748455,0,0.07856351811285003,0.21076186695037807,1000,1.039457465372263e-4,train_fit_end_to_end,334,564,-0.01980887946504315,lambda.min,-0.0189703660218535,0.01302141937775546,-0.04524596437907609,-0.02770082386060177,-0.0187752376285622,-0.01089867156223069,0.0022753219775389,1000,8.240743309893662e-5,train_fit_end_to_end
Eric Wilson,Rusher,45,297,464,-0.00268765793745185,lambda.min,-0.00882095739633826,0.16567068797300255,-0.30492121128991734,-0.13454037630140833,-0.01566082182330066,0.10476836050717168,0.32077414665018444,1000,1.039457465372263e-4,train_fit_end_to_end,313,537,-0.01641251215119367,lambda.min,-0.01563625127671778,0.02034967885001939,-0.05349216852575394,-0.03035320991439222,-0.01602936464682679,-0.00109831311881141,0.02414889066062811,1000,8.240743309893662e-5,train_fit_end_to_end
Greg Gaines,Rusher,1009,298,466,-0.00343155755821232,lambda.min,-0.00510370681373791,0.07830791845320192,-0.15058936779618926,-0.05908266358916041,-0.00311912686161369,0.04421321216262756,0.1587507426560256,1000,1.039457465372263e-4,train_fit_end_to_end,356,591,-0.0241297460952212,lambda.min,-0.02455929660068422,0.13216990990208363,-0.2570821804706274,-0.12195093726401612,-0.03428802097317056,0.06455578797328834,0.24780728406983432,1000,8.240743309893662e-5,train_fit_end_to_end
Anthony Levine Sr.,Rusher,5,299,467,-0.00394886703827508,lambda.min,-0.00524343889546431,0.02539224483377728,-0.05839684740486288,-0.02374416427980133,0,0.01382004330013956,0.04079939724400333,1000,1.039457465372263e-4,train_fit_end_to_end,215,421,-0.00287531136428222,lambda.min,-0.00279691239932549,0.00354361063661559,-0.01123047351620047,-0.00452653189855202,-0.00291574164832022,0,0.00136044243070744,1000,8.240743309893662e-5,train_fit_end_to_end
Kenny Young,Rusher,121,300,468,-0.00399007835311582,lambda.min,-0.0068573606414966,0.1719142111976558,-0.35261153520290855,-0.11793452667047896,6.430522292468783e-4,0.10888594788209466,0.3133813749686433,1000,1.039457465372263e-4,train_fit_end_to_end,491,765,-0.0642548380461742,lambda.min,-0.0633036499032329,0.02250737513777622,-0.10877536495668208,-0.0780103058243842,-0.06416410179175308,-0.0484339299182379,-0.0194365508678658,1000,8.240743309893662e-5,train_fit_end_to_end
Blake Martinez,Rusher,33,301,469,-0.00488120922600833,lambda.min,0.00129769891176516,0.08088770290016899,-0.14710076275200692,-0.06656511443246806,0,0.06863544023162507,0.15854705983540884,1000,1.039457465372263e-4,train_fit_end_to_end,281,503,-0.01080561077120564,lambda.min,-0.00999693246069117,0.01978545957601067,-0.05095761214492608,-0.02287710774533292,-0.00608537495678567,0,0.02073384164314703,1000,8.240743309893662e-5,train_fit_end_to_end
Andrew Brown,Rusher,13,302,471,-0.00587606041564438,lambda.min,-0.00680941334935472,0.03208873187426998,-0.0768958757965393,-0.03219371522693427,0,0.01394355977504059,0.05366249423379333,1000,1.039457465372263e-4,train_fit_end_to_end,253,467,-0.00786705772201056,lambda.min,-0.00766841606301531,0.00612515797542631,-0.0213654455712441,-0.0110033751643655,-0.00631591066701973,-0.00417235071557031,0,1000,8.240743309893662e-5,train_fit_end_to_end
Clay Johnston,Rusher,17,303,472,-0.00738740260831922,lambda.min,-0.01762720545358221,0.11134850128449444,-0.2318209375771437,-0.09382797410318308,-0.02148224863510596,0.06474330851970134,0.19376630696374245,1000,1.039457465372263e-4,train_fit_end_to_end,283,505,-0.01100789963025443,lambda.min,-0.01172795278188612,0.00973149344918985,-0.03173328921751844,-0.01818499798686314,-0.01131638429275141,-0.0039236715565716,0.00396245468874204,1000,8.240743309893662e-5,train_fit_end_to_end
Marvin Wilson,Rusher,23,304,474,-0.00778118825838117,lambda.min,-0.00619868666254382,0.0132862461028835,-0.04093160280576084,-0.01301993460506841,0,0,0.01426678520388097,1000,1.039457465372263e-4,train_fit_end_to_end,285,507,-0.01154217288104712,lambda.min,-0.01069055888694159,0.01248196153260963,-0.04084022796497576,-0.01544878017659537,-0.01125516804309438,0,0,1000,8.240743309893662e-5,train_fit_end_to_end
Curtis Weaver,Rusher,4,305,475,-0.00779405776002816,lambda.min,-0.00663679603185212,0.00833848646673311,-0.02717427516767769,-0.0107443102137408,-0.00374708802720223,0,0,1000,1.039457465372263e-4,train_fit_end_to_end,223,429,-0.00361445064366387,lambda.min,-0.00326302766708049,0.00359039362344434,-0.01154947761645182,-0.00487608446495436,-0.00357074739208957,0,0,1000,8.240743309893662e-5,train_fit_end_to_end
Daelin Hayes,Rusher,4,306,478,-0.00829804003553283,lambda.min,-0.00957250013499871,0.01146144730271443,-0.03789940940313572,-0.01416303095489076,-0.00783708731232146,0,0,1000,1.039457465372263e-4,train_fit_end_to_end,216,422,-0.00292228024430071,lambda.min,-0.00275363750658247,0.00309661093862542,-0.01036642399185209,-0.00396446158606594,-0.00312306988295289,0,0,1000,8.240743309893662e-5,train_fit_end_to_end
Ogbonnia Okoronkwo,Rusher,141,307,479,-0.00834625969704077,lambda.min,1.289887480467395e-4,0.18626451666861937,-0.34602209063703543,-0.1376896276435999,-2.940822304186935e-4,0.1370474037406066,0.36002019947418434,1000,1.039457465372263e-4,train_fit_end_to_end,529,817,-0.07947964896734591,lambda.min,-0.07711109553514381,0.02997214663910425,-0.13336696207269494,-0.09908587382736468,-0.07689068603659854,-0.05521463607703424,-0.01814901934362916,1000,8.240743309893662e-5,train_fit_end_to_end
Leki Fotu,Rusher,424,308,480,-0.00837394794488243,lambda.min,0.0034390605741688,0.10516759906659576,-0.21282700049309963,-0.05792917173384411,6.368564080157295e-4,0.0716984241457421,0.214918823073882,1000,1.039457465372263e-4,train_fit_end_to_end,600,929,-0.14862104601731507,lambda.min,-0.14646692155329277,0.0341927189857559,-0.21266043621905936,-0.16897565534749115,-0.1456628674233374,-0.12521962272264744,-0.07781550307099011,1000,8.240743309893662e-5,train_fit_end_to_end
Jordan Elliott,Rusher,585,309,481,-0.0084342843119958,lambda.min,-0.00747327128377088,0.12074327798362312,-0.24064787090390036,-0.08986284846247561,-0.00843562902402463,0.07317328944932977,0.2323967611999812,1000,1.039457465372263e-4,train_fit_end_to_end,617,955,-0.1991644957143025,lambda.min,-0.1939605299937769,0.0430702528430732,-0.27664078655529,-0.2231954167946023,-0.1942558719145556,-0.1641262294567591,-0.10735544448905925,1000,8.240743309893662e-5,train_fit_end_to_end
Jerry Tillery,Rusher,963,310,482,-0.00943082335538935,lambda.min,-0.00809856020787136,0.09397061301855862,-0.20898313717252215,-0.06865439435219015,-0.0031130494433877,0.05371805286095467,0.17717231085012422,1000,1.039457465372263e-4,train_fit_end_to_end,347,578,-0.02269394185839417,lambda.min,-0.01955319698972115,0.11831715844065908,-0.2252559380990998,-0.1092872613192893,-0.0252942854873317,0.06248941177709614,0.22265802098773807,1000,8.240743309893662e-5,train_fit_end_to_end
Ulysees Gilbert III,Rusher,10,311,485,-0.01128188376508988,lambda.min,-0.01305237293183929,0.06351564525819149,-0.13125812081775343,-0.05157408111059208,-0.01488666223504681,0.03217624905331667,0.1068432858592616,1000,1.039457465372263e-4,train_fit_end_to_end,240,453,-0.00581941341097854,lambda.min,-0.00624090875633969,0.00598112895974945,-0.01883107160667648,-0.0100269148176148,-0.00602454020874218,-0.00107509979771736,0.00294732177507811,1000,8.240743309893662e-5,train_fit_end_to_end
Akiem Hicks,Rusher,395,312,486,-0.01156014819107922,lambda.min,-0.00582578919128151,0.15345821987363373,-0.31051146159378196,-0.11152205725158187,-8.626410098289139e-4,0.09847949802435098,0.2851194538057905,1000,1.039457465372263e-4,train_fit_end_to_end,31,34,0.22062526016184303,lambda.min,0.21103918431569463,0.2253318167561097,-0.14176261026141387,0.03488774375832489,0.20909079906776876,0.37152392130077183,0.6691385730568062,1000,8.240743309893662e-5,train_fit_end_to_end
Steve Mclendon,Rusher,84,313,487,-0.01157194082771643,lambda.min,-0.01947440651926703,0.12097636529471029,-0.29091130757063327,-0.0957767518386332,-0.00905610486673514,0.06886727624535899,0.17933151471309855,1000,1.039457465372263e-4,train_fit_end_to_end,419,668,-0.03928315411224782,lambda.min,-0.03860657076443265,0.0175269969581471,-0.0731895171028607,-0.05080449829218824,-0.03749982279053363,-0.02623337692188123,-0.00686847571631274,1000,8.240743309893662e-5,train_fit_end_to_end
Trevis Gipson,Rusher,256,314,488,-0.01195161055847621,lambda.min,-0.02435036889409799,0.115215432070967,-0.2590350338011453,-0.09664166990674106,-0.02584201161176893,0.05331292118013849,0.20445595336467612,1000,1.039457465372263e-4,train_fit_end_to_end,64,95,0.12424199347047686,lambda.min,0.1216033029770118,0.14824847122238363,-0.1101549315544121,0.0079350992577497809,0.1053297319587263,0.2175427190890408,0.44757784251765653,1000,8.240743309893662e-5,train_fit_end_to_end
Michael Dogbe,Rusher,358,315,489,-0.01212331704086996,lambda.min,-0.00921763636976867,0.17109276992836928,-0.3368498005114793,-0.12570971738524273,-0.01231751084705854,0.0992345850364183,0.33548978773820964,1000,1.039457465372263e-4,train_fit_end_to_end,224,431,-0.00369019745194003,lambda.min,-0.00978015076252917,0.12740124818216067,-0.17437212238825284,-0.1155494420577816,-0.02190640588529636,0.05572992102151315,0.29860938388206476,1000,8.240743309893662e-5,train_fit_end_to_end
Justin Zimmer,Rusher,194,316,490,-0.01214125239288903,lambda.min,8.568720165906807e-4,0.1259115895991146,-0.26261262282130393,-0.08748685347248125,0.01470749705441322,0.09871245247834395,0.20979761268273656,1000,1.039457465372263e-4,train_fit_end_to_end,212,418,-0.00282934760853706,lambda.min,-3.339391667847943e-4,0.0476952496711432,-0.07717659830943423,-0.03567353104893237,-0.00700425645091529,0.02900736329862321,0.10274086624938496,1000,8.240743309893662e-5,train_fit_end_to_end
Armon Watts,Rusher,841,317,491,-0.01293052582166932,lambda.min,-0.0023300378431761,0.09235676110590936,-0.1728267459424833,-0.06741325243831452,-0.00508541303290518,0.0593774292483917,0.18003814156942252,1000,1.039457465372263e-4,train_fit_end_to_end,112,182,0.06587398830346522,lambda.min,0.0747025227449015,0.14118992826666044,-0.17801473969481893,-0.02946069322375995,0.07062915381283275,0.1756426535119693,0.35587260454786396,1000,8.240743309893662e-5,train_fit_end_to_end
Denico Autry,Rusher,637,318,492,-0.01361222243645275,lambda.min,-0.01139720076259092,0.1001110490705017,-0.2182632280426597,-0.07756712110644823,-0.00860846838642202,0.05907307470108319,0.15710127957412784,1000,1.039457465372263e-4,train_fit_end_to_end,71,103,0.11776822643879097,lambda.min,0.11178233443081204,0.14732902393685376,-0.13660777336149188,-4.954177716684971e-4,0.09625076157159172,0.21363647864878704,0.40240078545925034,1000,8.240743309893662e-5,train_fit_end_to_end
DeAngelo Malone,Rusher,1,319,493,-0.01375004883158358,lambda.min,-0.01430952968099284,0.01555990943150316,-0.05211984873701673,-0.01931604459517881,-0.01546008044582628,0,0,1000,1.039457465372263e-4,train_fit_end_to_end,204,408,-0.00221178354630564,lambda.min,-0.00228963092558083,0.00242440574610011,-0.00851647796503456,-0.00306620531802561,-0.00251130609574202,0,0,1000,8.240743309893662e-5,train_fit_end_to_end
Jabril Cox,Rusher,1,320,495,-0.01430399234413166,lambda.min,-0.01392489668289413,0.01587050853742099,-0.05307722599763286,-0.02012513398038159,-0.01491229748261596,0,0,1000,1.039457465372263e-4,train_fit_end_to_end,205,410,-0.00228658943063073,lambda.min,-0.00211219225745722,0.00233187193230046,-0.00792915393735745,-0.00321849287137435,-0.00229850304519269,0,0,1000,8.240743309893662e-5,train_fit_end_to_end
Samuel Eguavoen,Rusher,1,321,497,-0.01490526473148337,lambda.min,-0.01405956772160157,0.0157047950953677,-0.05209074373678332,-0.01875586341511627,-0.01783416959769818,0,0,1000,1.039457465372263e-4,train_fit_end_to_end,209,415,-0.00258431182406199,lambda.min,-0.00248403240871522,0.00285208056373903,-0.01002473678436933,-0.00327298060714554,-0.00309574468867912,0,0,1000,8.240743309893662e-5,train_fit_end_to_end
Grant Stuard,Rusher,1,322,498,-0.01572531470561105,lambda.min,-0.01444484091319046,0.01639847694400401,-0.0552049299614103,-0.02113380426825818,-0.01687390121772412,0,0,1000,1.039457465372263e-4,train_fit_end_to_end,219,425,-0.00309032571835471,lambda.min,-0.00317090358282013,0.00354522684157403,-0.01186765160624311,-0.00421527665568099,-0.00347936351497085,0,0,1000,8.240743309893662e-5,train_fit_end_to_end
Bravvion Roy,Rusher,427,323,499,-0.01581079603055284,lambda.min,-0.00562232888774948,0.11508832351346115,-0.22284646757364732,-0.08099511647254029,-0.0136292665765619,0.06840765147688613,0.23141543055318853,1000,1.039457465372263e-4,train_fit_end_to_end,594,918,-0.14358334175761855,lambda.min,-0.13908831556426146,0.03982389007592522,-0.221345397070209,-0.16456762887385196,-0.13950415127572874,-0.1129599469209621,-0.06058244231285513,1000,8.240743309893662e-5,train_fit_end_to_end
Antwaun Woods,Rusher,94,324,500,-0.01593048346418249,lambda.min,-0.01784081656759873,0.10060656629687834,-0.21202851699998385,-0.09032644422186362,-0.01656945259128701,0.05325173032208736,0.17006659677432823,1000,1.039457465372263e-4,train_fit_end_to_end,437,691,-0.04386139837501579,lambda.min,-0.04275432596972935,0.01926636114257336,-0.08307801832133965,-0.05450475293244555,-0.04243109456007778,-0.03048077537247033,-0.00409448821193173,1000,8.240743309893662e-5,train_fit_end_to_end
Nate Orchard,Rusher,1,325,501,-0.01717364883230757,lambda.min,-0.01708641652540776,0.01923905501750142,-0.06250534808520462,-0.0227507373972684,-0.01961377903810058,0,0,1000,1.039457465372263e-4,train_fit_end_to_end,213,419,-0.00286153588037102,lambda.min,-0.00274743564368091,0.0030599455362836,-0.0103462813434472,-0.00374168665339975,-0.00327137004032803,0,0,1000,8.240743309893662e-5,train_fit_end_to_end
Devon Kennard,Rusher,157,326,504,-0.01782082937022428,lambda.min,-0.00631723931141617,0.15521229133703315,-0.3282912618850369,-0.11775635308617194,-0.00513935805189891,0.10136252897179177,0.286358690233081,1000,1.039457465372263e-4,train_fit_end_to_end,520,807,-0.07660062535581898,lambda.min,-0.07435435703937217,0.02474676660798083,-0.12443897995222632,-0.09152156459583036,-0.0740164105964342,-0.05777301456871818,-0.02734051349211411,1000,8.240743309893662e-5,train_fit_end_to_end
Tyrell Adams,Rusher,1,327,506,-0.01817584045091282,lambda.min,-0.01665703743806075,0.01851793588639543,-0.06206562434894475,-0.02389976614402187,-0.02036253893881698,0,0,1000,1.039457465372263e-4,train_fit_end_to_end,218,424,-0.00306058514994516,lambda.min,-0.00273914425059006,0.00304206644537153,-0.01026220629668409,-0.00392852316598963,-0.00337424013724143,0,0,1000,8.240743309893662e-5,train_fit_end_to_end
Patrick Jones II,Rusher,67,328,507,-0.0184622314225193,lambda.min,-0.00666708704518069,0.08053625696564502,-0.15579840631611933,-0.06269290407349294,-0.0123596234580753,0.04444082453026061,0.16310260578873667,1000,1.039457465372263e-4,train_fit_end_to_end,428,679,-0.04221406129986119,lambda.min,-0.03961156551236907,0.01891352096472576,-0.07946989593024756,-0.05228911373621345,-0.03845793243320951,-0.02628612641239137,-0.00443352290921803,1000,8.240743309893662e-5,train_fit_end_to_end
Kevin Pierre-Louis,Rusher,13,329,508,-0.01895312651733132,lambda.min,-0.01986142513490496,0.06522006818188315,-0.15465213604607422,-0.06754322495121158,-0.01794877692350659,0.0339228063358316,0.08944937305817488,1000,1.039457465372263e-4,train_fit_end_to_end,273,493,-0.00994022558380534,lambda.min,-0.01016028917780633,0.00759211063497256,-0.02595301856082479,-0.01508013709414314,-0.01018485546058288,-0.00333608586834634,0,1000,8.240743309893662e-5,train_fit_end_to_end
Cassius Marsh Sr.,Rusher,46,330,509,-0.01903834369793864,lambda.min,-0.01773229720354647,0.08810282901151005,-0.1944708114578875,-0.07580787650579567,-0.01837783931917989,0.04132572715605399,0.15441005767379343,1000,1.039457465372263e-4,train_fit_end_to_end,125,228,0.04364740954048999,lambda.min,0.04521364379375856,0.076070208616295,-0.05108905868660988,-0.01880185161880814,0.0400982819460633,0.08174986735922057,0.2423024340009102,1000,8.240743309893662e-5,train_fit_end_to_end
Pita Taumoepenu,Rusher,1,331,510,-0.01939214726709486,lambda.min,-0.01749487335193199,0.01939694763147693,-0.06611730886977348,-0.02528120039256007,-0.02209358724664022,0,0,1000,1.039457465372263e-4,train_fit_end_to_end,220,426,-0.00311821200791062,lambda.min,-0.0028918690465923,0.00315718584714949,-0.01045193918239701,-0.00407638833752684,-0.0035346164664274,0,0,1000,8.240743309893662e-5,train_fit_end_to_end
Tim Ward,Rusher,120,332,512,-0.01998960091607794,lambda.min,-6.936208250386821e-4,0.13680398951350128,-0.2876269551709012,-0.09086240933239983,0.00372496948868146,0.09194532079110754,0.24623159788795773,1000,1.039457465372263e-4,train_fit_end_to_end,495,770,-0.06515512632283486,lambda.min,-0.06028633877963599,0.02114377275140982,-0.10387798193372082,-0.07332395937825889,-0.06042490239659952,-0.0455925976270328,-0.01837458747620749,1000,8.240743309893662e-5,train_fit_end_to_end
Justin Strnad,Rusher,69,333,513,-0.0205793271321702,lambda.min,-0.01536102194146155,0.08720778373263408,-0.17849018741398712,-0.07599025708880908,-0.01753420047349302,0.04489061642487985,0.14504062778069393,1000,1.039457465372263e-4,train_fit_end_to_end,423,673,-0.04044146926141773,lambda.min,-0.0381596832354515,0.01893030673958156,-0.07650710198519368,-0.05064484732567702,-0.03776893711184823,-0.02549094767586485,0,1000,8.240743309893662e-5,train_fit_end_to_end
Isaiah Mack,Rusher,35,334,514,-0.02106604100375017,lambda.min,-0.02752854484172777,0.10478406168303742,-0.23515452392553737,-0.11716182519366956,0,0.05787906984170245,0.1405555233568442,1000,1.039457465372263e-4,train_fit_end_to_end,104,167,0.07167029645146925,lambda.min,0.06300262944407385,0.08307207787509018,-0.03283788055684085,-0.01685320583091656,0.07758722131107601,0.10227724454884736,0.259507934870843,1000,8.240743309893662e-5,train_fit_end_to_end
Khalil Davis,Rusher,9,335,516,-0.02176041824904026,lambda.min,-0.01994303405539314,0.02208496220558782,-0.06847292150372451,-0.03278575753498977,-0.01886403569741173,0,0,1000,1.039457465372263e-4,train_fit_end_to_end,246,459,-0.00709831244429615,lambda.min,-0.00626189013468733,0.00659167520653957,-0.02151740307869021,-0.00931138794469415,-0.00762644841003794,0,0,1000,8.240743309893662e-5,train_fit_end_to_end
Nick Thurman,Rusher,17,336,517,-0.02294464713875348,lambda.min,-0.01710358130350934,0.02093119216257242,-0.06315028430224642,-0.03166618083431015,-0.00998665848889737,0,0,1000,1.039457465372263e-4,train_fit_end_to_end,290,513,-0.01225941662587651,lambda.min,-0.01159917331424762,0.01223396888613994,-0.03947385262232207,-0.0162916730921953,-0.0134528559447251,0,0,1000,8.240743309893662e-5,train_fit_end_to_end
Jashon Cornell,Rusher,6,337,518,-0.02317876748227709,lambda.min,-0.02129096467085923,0.02259139717073686,-0.07250338684139207,-0.03309661003686168,-0.02330102051985045,0,0,1000,1.039457465372263e-4,train_fit_end_to_end,235,446,-0.00520589323373602,lambda.min,-0.00467346983923457,0.0049523800836977,-0.01634203866385936,-0.00678720647266853,-0.00546533151461803,0,0,1000,8.240743309893662e-5,train_fit_end_to_end
Trysten Hill,Rusher,216,338,519,-0.02345388698186633,lambda.min,-0.02453628185068613,0.07967241773240331,-0.16758706249940028,-0.08219627655798695,-0.02674838245028497,0.02814152527873885,0.14522533261755027,1000,1.039457465372263e-4,train_fit_end_to_end,378,622,-0.02979977558829523,lambda.min,-0.03000439066476104,0.0605600187034317,-0.13214577225072016,-0.0752567840329305,-0.03418923956994834,0.0108057531600821,0.1002477741208308,1000,8.240743309893662e-5,train_fit_end_to_end
Elerson Smith,Rusher,51,339,520,-0.02364773621034591,lambda.min,-0.02227001856479139,0.05192379470508702,-0.13433059882349543,-0.05438594999442805,-0.0180006588036432,0.01520484724561596,0.06499725003954138,1000,1.039457465372263e-4,train_fit_end_to_end,388,632,-0.03185257332134734,lambda.min,-0.03041673690610105,0.01569386655457049,-0.0622059257625661,-0.0414468885239198,-0.02915107155856552,-0.01926357171835045,0,1000,8.240743309893662e-5,train_fit_end_to_end
Christian Barmore,Rusher,727,340,522,-0.0244799063524059,lambda.min,-0.01850087953581854,0.07945512545225815,-0.16734984538549086,-0.07580803959233781,-0.01895461285616396,0.03718071675341047,0.1318137991341896,1000,1.039457465372263e-4,train_fit_end_to_end,471,736,-0.05689547546009113,lambda.min,-0.05901560454094047,0.12243464545567376,-0.2527964569053795,-0.1516315504803206,-0.0700140979855301,0.01589411571538906,0.2137343181235679,1000,8.240743309893662e-5,train_fit_end_to_end
Delontae Scott,Rusher,5,341,523,-0.02448149246118742,lambda.min,-0.02212068664550182,0.02387783686294153,-0.07612700456913883,-0.03475077904602346,-0.02464142299020356,0,0,1000,1.039457465372263e-4,train_fit_end_to_end,241,454,-0.00591958752760622,lambda.min,-0.00526936951034777,0.00553267332703098,-0.0178474281161231,-0.00789039267295867,-0.00628511898587221,0,0,1000,8.240743309893662e-5,train_fit_end_to_end
Foyesade Oluokun,Rusher,268,342,525,-0.02508392793520036,lambda.min,-0.0306440516369133,0.09245303304570136,-0.22131634838262085,-0.0875234066852332,-0.0311943173587414,0.02996501690869573,0.1386072166809339,1000,1.039457465372263e-4,train_fit_end_to_end,550,849,-0.09477954789337384,lambda.min,-0.09205747763469342,0.0259017485826354,-0.14407226460209607,-0.10918318737691653,-0.09246116209520756,-0.07432829850901512,-0.04233828866472666,1000,8.240743309893662e-5,train_fit_end_to_end
Jonathan Bullard,Rusher,213,343,526,-0.02561543777701507,lambda.min,-0.02469917095529818,0.12698721425706325,-0.2836244706008296,-0.10648945630304096,-0.02542040405270133,0.06034493716386097,0.216879768154554,1000,1.039457465372263e-4,train_fit_end_to_end,544,840,-0.08610229249935457,lambda.min,-0.08216225674432553,0.03079980657493154,-0.1401776545246055,-0.10306797294713964,-0.08297378255975255,-0.06256359664919628,-0.02110481440241043,1000,8.240743309893662e-5,train_fit_end_to_end
Jonathan Ledbetter,Rusher,12,344,531,-0.02733192148132577,lambda.min,-0.01964465834671908,0.01973776755782115,-0.05889361540752032,-0.03437475558287913,-0.0238329892888364,0,0,1000,1.039457465372263e-4,train_fit_end_to_end,254,468,-0.00793849645523128,lambda.min,-0.00724458040738422,0.00743305206434302,-0.02525605229335102,-0.01029910209757998,-0.00854133198021524,0,0,1000,8.240743309893662e-5,train_fit_end_to_end
Eric Kendricks,Rusher,235,345,532,-0.02771071803450162,lambda.min,-0.0238928344062708,0.11148726625063676,-0.24682666085114488,-0.10316754938544784,-0.02243370107399382,0.05075025956064927,0.19819195080242857,1000,1.039457465372263e-4,train_fit_end_to_end,421,671,-0.03985043699129678,lambda.min,-0.03667298966255613,0.07647965261435931,-0.13964441240485648,-0.0985264102632442,-0.05023374813885068,0.00757144207382305,0.1384729067099511,1000,8.240743309893662e-5,train_fit_end_to_end
Levi Onwuzurike,Rusher,504,346,533,-0.02821025422169492,lambda.min,-0.02757398718817145,0.1203001630859011,-0.26675291322031286,-0.10489055390087876,-0.02730450302340893,0.05570679479405696,0.2054354191020789,1000,1.039457465372263e-4,train_fit_end_to_end,462,725,-0.05430576242570083,lambda.min,-0.05317390554250998,0.11841372184775878,-0.2155929255118675,-0.1502262025861345,-0.06561903989374587,0.01451744971777936,0.2147560628002823,1000,8.240743309893662e-5,train_fit_end_to_end
A.J. Johnson,Rusher,29,347,534,-0.02836437483401969,lambda.min,-0.02510080274819907,0.03167858389226573,-0.10216636356478433,-0.04346121270994218,-0.01280408919165352,0,0,1000,1.039457465372263e-4,train_fit_end_to_end,318,544,-0.01691090298719755,lambda.min,-0.01521000398649011,0.01645379629519402,-0.05269805051976742,-0.02306283438018296,-0.01695365139208585,0,0,1000,8.240743309893662e-5,train_fit_end_to_end
Keandre Jones,Rusher,2,348,535,-0.0291315193661685,lambda.min,-0.0267008316889659,0.03034133390802403,-0.1075249764052008,-0.03821561126990085,-0.0331455739873841,0,0,1000,1.039457465372263e-4,train_fit_end_to_end,232,441,-0.00478076305247933,lambda.min,-0.00462574739266447,0.00509874476467642,-0.01656442729700386,-0.00634133344179922,-0.00542348015845093,0,0,1000,8.240743309893662e-5,train_fit_end_to_end
Frank Herron,Rusher,2,349,536,-0.02919123922490702,lambda.min,-0.02915188841498795,0.03164463825034191,-0.10486976890111012,-0.03776687504663673,-0.03471189198257322,0,0,1000,1.039457465372263e-4,train_fit_end_to_end,229,438,-0.00453309148432715,lambda.min,-0.00430642602927436,0.00471475001592597,-0.01522752648417942,-0.00573598560566024,-0.00529941013636127,0,0,1000,8.240743309893662e-5,train_fit_end_to_end
Emmanuel Ellerbee,Rusher,2,350,537,-0.02952002866383876,lambda.min,-0.02818271039797194,0.03043744058185546,-0.10511883085310016,-0.03795018455744566,-0.03501674920724002,0,0,1000,1.039457465372263e-4,train_fit_end_to_end,230,439,-0.00454501229041261,lambda.min,-0.00420267423359847,0.00457626553743704,-0.01500033423330437,-0.00577598498278125,-0.00531449444124817,0,0,1000,8.240743309893662e-5,train_fit_end_to_end
Dennis Gardeck,Rusher,119,351,538,-0.02982397358721918,lambda.min,-0.02679635668201381,0.11764382566850848,-0.2563259294410269,-0.10480597068294324,-0.02412508996827726,0.05525870561885455,0.19926293955780572,1000,1.039457465372263e-4,train_fit_end_to_end,457,719,-0.05279263782983747,lambda.min,-0.05148755031938378,0.01773071740451986,-0.08819749081067449,-0.06269346787232855,-0.05137074087028014,-0.03940382549836881,-0.01769882964426791,1000,8.240743309893662e-5,train_fit_end_to_end
Austin Faoliu,Rusher,17,352,539,-0.03010108715547441,lambda.min,-0.02476400689321412,0.02589653363802108,-0.07926796615500767,-0.04271233677985693,-0.02442085656402939,0,0,1000,1.039457465372263e-4,train_fit_end_to_end,239,452,-0.00581573027516375,lambda.min,-0.00470341489244323,0.00555177501970976,-0.01847336632812976,-0.00798155351623255,-0.0035309404462063,0,0,1000,8.240743309893662e-5,train_fit_end_to_end
Darius Hodges,Rusher,6,353,541,-0.03261155680931703,lambda.min,-0.03102204564943036,0.02428249554507671,-0.085772185390957,-0.04532079822177772,-0.02673209567012371,-0.01745191175217889,0,1000,1.039457465372263e-4,train_fit_end_to_end,249,462,-0.00733564452153676,lambda.min,-0.00684146336821183,0.00566504604308494,-0.01983815089200843,-0.00994153689183918,-0.00609458416256512,-0.00294538140908564,0,1000,8.240743309893662e-5,train_fit_end_to_end
Caleb Johnson,Rusher,2,354,542,-0.03284537943434661,lambda.min,-0.03151038007142727,0.03533315335889506,-0.11788722708767307,-0.0424039396418607,-0.03922304931421319,0,0,1000,1.039457465372263e-4,train_fit_end_to_end,234,445,-0.00506412793285864,lambda.min,-0.00470163091001356,0.00499859108994289,-0.01655670164628504,-0.00644810707585332,-0.00593682460652614,0,0,1000,8.240743309893662e-5,train_fit_end_to_end
Danny Trevathan,Rusher,10,355,543,-0.03310229358372594,lambda.min,-0.03163808778379252,0.05099775595070706,-0.15145230915902336,-0.06144455448116306,-0.02170761612132796,0.00616365367313351,0.04393164364756854,1000,1.039457465372263e-4,train_fit_end_to_end,272,492,-0.00981388456702688,lambda.min,-0.00964257819249114,0.00719484200890734,-0.02623602197430697,-0.01407984784676388,-0.00902189063002054,-0.00348327397424492,0,1000,8.240743309893662e-5,train_fit_end_to_end
Alexander Johnson,Rusher,65,356,544,-0.03312779755708264,lambda.min,-0.02509978396776289,0.11444744337664102,-0.25215392266682607,-0.09923140009045912,-0.02168945649576956,0.05565413741403682,0.1882301536101602,1000,1.039457465372263e-4,train_fit_end_to_end,135,253,0.03016811294397289,lambda.min,0.03252699942033034,0.08181649543981336,-0.06980077207024701,-0.03575238426397118,0.02611999951326297,0.07270025058989371,0.22393109198766936,1000,8.240743309893662e-5,train_fit_end_to_end
K.J. Wright,Rusher,64,357,546,-0.033198292894370617,lambda.min,-0.01981049654619497,0.1699714769066223,-0.3597758759744937,-0.13897112413924295,-0.0119402681357704,0.0936359615968369,0.30945112793396906,1000,1.039457465372263e-4,train_fit_end_to_end,409,656,-0.03724364773341438,lambda.min,-0.03544836766663811,0.01669160378623992,-0.06793032764272548,-0.04616210516168544,-0.0354873230965703,-0.02455891259808607,-0.00357713033468743,1000,8.240743309893662e-5,train_fit_end_to_end
Tyquan Lewis,Rusher,298,358,547,-0.03438346724648464,lambda.min,-0.03927640690754395,0.1065016575904794,-0.25529183259508387,-0.10808282583067892,-0.03684452243856357,0.036377742167093,0.16306104198926996,1000,1.039457465372263e-4,train_fit_end_to_end,107,172,0.06957551237393432,lambda.min,0.07120867213135498,0.09444239138978672,-0.09909442097376982,0.00174185989992826,0.06928390724065234,0.13576081261632872,0.26297977006623735,1000,8.240743309893662e-5,train_fit_end_to_end
Kamal Martin,Rusher,2,359,548,-0.0344795789360869,lambda.min,-0.03182585941964263,0.03668712573717445,-0.12073853819523132,-0.04456254027135908,-0.03910350412364596,0,0,1000,1.039457465372263e-4,train_fit_end_to_end,236,448,-0.00536846046265214,lambda.min,-0.00486337234351431,0.00519642903964245,-0.01694156389909316,-0.00678977367876033,-0.00622383821298531,0,0,1000,8.240743309893662e-5,train_fit_end_to_end
Devin White,Rusher,28,360,549,-0.03475540912803727,lambda.min,-0.05194282926708732,0.13642902668640686,-0.29287321037456754,-0.1529651962009178,-0.05446395271123901,0.03937440569081497,0.21831438957301372,1000,1.039457465372263e-4,train_fit_end_to_end,323,551,-0.01799932347586889,lambda.min,-0.0188852936383604,0.01224488113083615,-0.0431581686299133,-0.02706117574693574,-0.01911399138004654,-0.01040817185011146,0.00551699904230124,1000,8.240743309893662e-5,train_fit_end_to_end
Ledarius Mack,Rusher,11,361,551,-0.03505696873947105,lambda.min,-0.03430478179278277,0.05153065909930551,-0.14200633606641533,-0.07225985971055315,-0.0380259665126696,0,0.0603514186851913,1000,1.039457465372263e-4,train_fit_end_to_end,288,511,-0.01194853844031912,lambda.min,-0.01117885684996762,0.00985844116156149,-0.03216322815911472,-0.01835309407473476,-0.01058626680786354,-0.00336462039249787,0.00301949387537178,1000,8.240743309893662e-5,train_fit_end_to_end
Dexter Lawrence,Rusher,893,362,554,-0.03570994114978011,lambda.min,-0.03601835796927882,0.11340236060621496,-0.26151770557417925,-0.11354270385296526,-0.03785559045478985,0.03514222175198171,0.18943081049305868,1000,1.039457465372263e-4,train_fit_end_to_end,595,919,-0.14363552223058212,lambda.min,-0.1371731581590326,0.08171614341343653,-0.2855636541625659,-0.1958390584060936,-0.1417079574773378,-0.08362157950595975,0.03012836233037797,1000,8.240743309893662e-5,train_fit_end_to_end
Mack Wilson Sr.,Rusher,38,363,556,-0.03617056267762313,lambda.min,-0.03844812733401094,0.08905945887305017,-0.22440031634823487,-0.0986814097191058,-0.03252413113526949,0.02691895202579263,0.11042389116158098,1000,1.039457465372263e-4,train_fit_end_to_end,357,594,-0.02447806824588889,lambda.min,-0.02405571793965246,0.01038996388663116,-0.04443638115018285,-0.03194427935338292,-0.02385193286244111,-0.0163645553647022,-0.00406532844757423,1000,8.240743309893662e-5,train_fit_end_to_end
Broderick Washington,Rusher,356,364,557,-0.03653185421358258,lambda.min,-0.05301655514573044,0.11919352379320744,-0.29505360254090324,-0.12787790480919123,-0.04726275775613423,0.02670703397039114,0.17647822763453272,1000,1.039457465372263e-4,train_fit_end_to_end,276,496,-0.01027380250462461,lambda.min,-0.01113040899642387,0.0730684726638354,-0.13336451080398942,-0.06430600290816707,-0.01515688697844987,0.03506358535660639,0.14826203981850652,1000,8.240743309893662e-5,train_fit_end_to_end
Yannick Ngakoue,Rusher,672,365,558,-0.03658779603501065,lambda.min,-0.03863075137442783,0.12021056504521604,-0.29437429070744936,-0.11424161647379494,-0.03453141763883886,0.0459602195252518,0.17974809335957703,1000,1.039457465372263e-4,train_fit_end_to_end,21,21,0.26039896399175616,lambda.min,0.2535729725634175,0.13680492036846598,-0.02127418348215788,0.1610291584252363,0.2508010048094951,0.3519694634744689,0.5219785029166109,1000,8.240743309893662e-5,train_fit_end_to_end
Luke Gifford,Rusher,6,366,560,-0.03759998602536223,lambda.min,-0.03750726510265886,0.05200397673580274,-0.1688018035012551,-0.05938100323128421,-0.04008080143095661,0,0.02510903412053669,1000,1.039457465372263e-4,train_fit_end_to_end,265,482,-0.00889796934884053,lambda.min,-0.00877199820917225,0.00800689189460254,-0.02764460006995447,-0.01246866111799958,-0.00929929009972936,-0.0014924139296953,0,1000,8.240743309893662e-5,train_fit_end_to_end
Grover Stewart,Rusher,872,367,563,-0.0388497741330291,lambda.min,-0.0379227012183866,0.09762964647049197,-0.230942434435279,-0.10079762563181786,-0.03781914128594094,0.02885472950960613,0.1543418693920671,1000,1.039457465372263e-4,train_fit_end_to_end,592,914,-0.13792755394890605,lambda.min,-0.13749268178020216,0.12026919433540288,-0.3095817443707002,-0.23159386332593115,-0.15641830659080483,-0.06708645941715048,0.1316711220810051,1000,8.240743309893662e-5,train_fit_end_to_end
Cory Littleton,Rusher,102,368,564,-0.03947117950648278,lambda.min,-0.0372091259071446,0.13678447966318388,-0.30318068341669924,-0.12968964516934997,-0.03780054391081747,0.0535378786609685,0.2320466761550413,1000,1.039457465372263e-4,train_fit_end_to_end,472,737,-0.05728554569404267,lambda.min,-0.05569434592453145,0.01833954335225783,-0.08907509455465223,-0.06819796636837494,-0.05607722441298664,-0.0442277197754342,-0.01704739173237994,1000,8.240743309893662e-5,train_fit_end_to_end
Joe Tryon-Shoyinka,Rusher,42,369,570,-0.04181758258656221,lambda.min,-0.03449127914703608,0.12617684276781346,-0.2813905783820631,-0.1226591375365458,-0.03731452992901434,0.04779332911450592,0.2163881073675736,1000,1.039457465372263e-4,train_fit_end_to_end,113,184,0.06513379082179771,lambda.min,0.06112758524915583,0.08209506717697376,-0.03824976130686658,-0.00554410000463012,0.05144345962346001,0.10049798630734842,0.2594077012360451,1000,8.240743309893662e-5,train_fit_end_to_end
Eddie Yarbrough,Rusher,3,370,571,-0.04252076083285799,lambda.min,-0.04395570176306376,0.03480293735313911,-0.12099056787109384,-0.06701180783363014,-0.03643232722880825,-0.01913271279348178,0,1000,1.039457465372263e-4,train_fit_end_to_end,243,456,-0.0067221753844893,lambda.min,-0.00643790729134272,0.00513046696687014,-0.01768520062422547,-0.01032411526236949,-0.00565679002326631,-0.00280538840686015,0,1000,8.240743309893662e-5,train_fit_end_to_end
Von Miller,Rusher,466,371,572,-0.04279059080617574,lambda.min,-0.04030435800945993,0.08688751691876115,-0.21635738394067505,-0.0932023141545252,-0.0371282994195754,0.0185194122424303,0.11500429606656094,1000,1.039457465372263e-4,train_fit_end_to_end,39,45,0.19634826916869855,lambda.min,0.18897151069443832,0.1357069895362901,-0.06411578288087055,0.09002592729555882,0.184824807791101,0.2861568250571823,0.45156536270943326,1000,8.240743309893662e-5,train_fit_end_to_end
Ta'Quon Graham,Rusher,341,372,573,-0.04292712907144072,lambda.min,-0.05704534663702906,0.21121815426216745,-0.49598084606818793,-0.18594000657120907,-0.0474143315336869,0.07532024772635118,0.3637089812867171,1000,1.039457465372263e-4,train_fit_end_to_end,572,884,-0.11537290332774244,lambda.min,-0.11223049384161864,0.0361640059056603,-0.18308605740356831,-0.13699714328668455,-0.11250577013618368,-0.08896030357295717,-0.03670302024609748,1000,8.240743309893662e-5,train_fit_end_to_end
John Penisini,Rusher,350,373,574,-0.04311337408768222,lambda.min,-0.04981264174458803,0.09626650450954068,-0.24519483147774157,-0.11516086059228955,-0.04814444832005425,0.01663298785917904,0.13933952494883514,1000,1.039457465372263e-4,train_fit_end_to_end,561,868,-0.10458106128713496,lambda.min,-0.1021585705752056,0.03490719504471831,-0.16999057968004438,-0.1250258680891468,-0.1017239361601724,-0.08013091678732,-0.03013058222640348,1000,8.240743309893662e-5,train_fit_end_to_end
Kevin Strong,Rusher,95,374,579,-0.0445154286446255,lambda.min,-0.03694831856093834,0.12402196676709132,-0.25036636428547837,-0.12538805615990106,-0.04794165480819015,0.03734028261979457,0.22173475467413703,1000,1.039457465372263e-4,train_fit_end_to_end,444,700,-0.04590430664644853,lambda.min,-0.04461897984125252,0.02190436310153587,-0.08615159534890386,-0.05889910388289827,-0.04563702280897175,-0.03021776543944442,0,1000,8.240743309893662e-5,train_fit_end_to_end
Nathan Landman,Rusher,3,375,580,-0.04464274620966122,lambda.min,-0.04318921712792205,0.04513576085656818,-0.14384758996940056,-0.05938942272917991,-0.05038012017431635,0,0,1000,1.039457465372263e-4,train_fit_end_to_end,247,460,-0.00715006730209031,lambda.min,-0.00671733982684977,0.00666024248311063,-0.02175567488860621,-0.00926574868832555,-0.00798489714385236,0,0,1000,8.240743309893662e-5,train_fit_end_to_end
Cam Brown,Rusher,7,376,581,-0.04496024175375706,lambda.min,-0.04270025208428833,0.06148183294253277,-0.19128523759420377,-0.07130866790583117,-0.04114439087546122,0.00569117085171047,0.03793974381758756,1000,1.039457465372263e-4,train_fit_end_to_end,259,473,-0.00845812203713329,lambda.min,-0.00785288295566371,0.00825555927040047,-0.0269231303507651,-0.0109463571800651,-0.00956908830376981,0,8.742908525270464e-4,1000,8.240743309893662e-5,train_fit_end_to_end
Charles Snowden,Rusher,3,377,582,-0.04498214113408299,lambda.min,-0.04069146087902504,0.04619200372926996,-0.1528051821984142,-0.0582585878398985,-0.0509065940441432,0,0,1000,1.039457465372263e-4,train_fit_end_to_end,248,461,-0.00722437683878451,lambda.min,-0.00657851142316729,0.00711405653845167,-0.02271714123725688,-0.00928424702895015,-0.00808680607986987,0,0,1000,8.240743309893662e-5,train_fit_end_to_end
Isaac Rochell,Rusher,131,378,583,-0.04499232603563878,lambda.min,-0.03916358635243311,0.14131454417282094,-0.32552797687084534,-0.13134970370092391,-0.03782456718740423,0.05843342425277233,0.2224327404782769,1000,1.039457465372263e-4,train_fit_end_to_end,510,793,-0.07234148234435901,lambda.min,-0.0700824899109946,0.02274844191260784,-0.11697354509899048,-0.08455763880365265,-0.06945175454709908,-0.055487551820316,-0.02601880167034906,1000,8.240743309893662e-5,train_fit_end_to_end
Lavonte David,Rusher,9,379,584,-0.04566794969773116,lambda.min,-0.04815757266183287,0.07373437949214667,-0.20035558245977383,-0.09837470979954722,-0.04771742073777492,0,0.09554803619014764,1000,1.039457465372263e-4,train_fit_end_to_end,271,491,-0.00979359444235669,lambda.min,-0.00961434326546519,0.00975411597772307,-0.02889245314617024,-0.01591300317200397,-0.00958232111753033,-0.00319858757064259,0.00902397057077681,1000,8.240743309893662e-5,train_fit_end_to_end
Margus Hunt,Rusher,156,380,585,-0.04598994236467531,lambda.min,-0.03205268536193217,0.17867408342568572,-0.35620229724610025,-0.15252684843922,-0.03366208244986946,0.08564264417071585,0.3239208384585943,1000,1.039457465372263e-4,train_fit_end_to_end,509,790,-0.07186276544118816,lambda.min,-0.07019311984733839,0.0252662486670061,-0.11867196118584487,-0.08748868878463639,-0.07124187734360014,-0.05235091858830168,-0.02230188416390063,1000,8.240743309893662e-5,train_fit_end_to_end
Emeke Egbule,Rusher,14,381,586,-0.04605316677728029,lambda.min,-0.03538113272227079,0.03943973062582935,-0.12561664899842925,-0.06344917568052275,-0.0276660842068256,0,0,1000,1.039457465372263e-4,train_fit_end_to_end,297,520,-0.01378522537315966,lambda.min,-0.01147395817732914,0.01253521671306707,-0.04094914580249612,-0.01789549196039343,-0.01349152694424726,0,0,1000,8.240743309893662e-5,train_fit_end_to_end
Jamien Sherwood,Rusher,26,382,587,-0.04633429845679143,lambda.min,-0.04636865494969125,0.07606675811571605,-0.19878672064354233,-0.09542559849190904,-0.04733923430354767,0,0.1051193485349584,1000,1.039457465372263e-4,train_fit_end_to_end,324,552,-0.0183134245086928,lambda.min,-0.01789233997448587,0.01065581655670625,-0.03973467641413628,-0.02477468715760296,-0.01732609953295643,-0.00974836476051532,0,1000,8.240743309893662e-5,train_fit_end_to_end
Marcus Allen,Rusher,8,383,588,-0.04637466710634361,lambda.min,-0.04436919460915525,0.02654048484270863,-0.102887680911073,-0.06025403945812369,-0.03988439830962523,-0.02034473750600765,0,1000,1.039457465372263e-4,train_fit_end_to_end,267,485,-0.00931573774692932,lambda.min,-0.00907528584395673,0.00590355182079067,-0.02212398386767826,-0.01307804057798321,-0.00848824826455956,-0.00533248996157826,0,1000,8.240743309893662e-5,train_fit_end_to_end
Raekwon Davis,Rusher,491,384,590,-0.04757127688011765,lambda.min,-0.04124804561146746,0.10230486780742994,-0.23904241030712123,-0.1108391906612858,-0.04078235155435553,0.02629590619977141,0.1656373036294788,1000,1.039457465372263e-4,train_fit_end_to_end,612,943,-0.16914320415851297,lambda.min,-0.1622252953667438,0.04157696782255131,-0.24531435043932703,-0.19076705224018087,-0.1602451816017485,-0.13388637127100222,-0.0852110121761012,1000,8.240743309893662e-5,train_fit_end_to_end
Ladarius Hamilton,Rusher,34,385,591,-0.04860350505620795,lambda.min,-0.04614910302129952,0.08495599351699681,-0.23232660238221345,-0.10102292013828,-0.027107067539386,0.0213491839115104,0.07039391649063265,1000,1.039457465372263e-4,train_fit_end_to_end,354,587,-0.02339137859688734,lambda.min,-0.02367129434922468,0.01541626185449117,-0.05638328685796624,-0.03460813301497974,-0.02253801233668201,-0.01103383790013382,0,1000,8.240743309893662e-5,train_fit_end_to_end
Anthony Pittman,Rusher,20,386,593,-0.04906660493913941,lambda.min,-0.04908548428448683,0.14105104911705194,-0.3294458290572653,-0.14598988911370844,-0.04590314210894945,0.06206422315157937,0.19600997350546628,1000,1.039457465372263e-4,train_fit_end_to_end,319,545,-0.01697191279528479,lambda.min,-0.01621086002014583,0.01755462111726355,-0.05263580443733735,-0.02757602036218037,-0.01624700488789052,-6.661995003114732e-4,0.00969536561514424,1000,8.240743309893662e-5,train_fit_end_to_end
Dalvin Tomlinson,Rusher,857,387,595,-0.05002365970416964,lambda.min,-0.05074393156094202,0.09572853277025307,-0.2473776162532179,-0.11202366855522836,-0.04866201999121983,0.01317671565263077,0.13331775034890286,1000,1.039457465372263e-4,train_fit_end_to_end,364,602,-0.0260161391775917,lambda.min,-0.01808697816562213,0.10851512315738313,-0.19660009532605677,-0.1028027489798858,-0.02606234990226365,0.05662399058273917,0.20562253343625045,1000,8.240743309893662e-5,train_fit_end_to_end
Austin Bryant,Rusher,311,388,596,-0.05043914591974677,lambda.min,-0.0502153847893121,0.1381874763965727,-0.2842246082532831,-0.15279641327665255,-0.05733930348679254,0.04270900618739319,0.24701398479267764,1000,1.039457465372263e-4,train_fit_end_to_end,111,181,0.06603362853862027,lambda.min,0.06819813178302163,0.10422478264413536,-0.1038817359143968,-0.00783445035188695,0.06371604932738811,0.1360894121814578,0.29950038079701774,1000,8.240743309893662e-5,train_fit_end_to_end
Blake Cashman,Rusher,7,389,597,-0.0512529239402411,lambda.min,-0.04575257444751928,0.04826620848917495,-0.15312983065362742,-0.06815572367028226,-0.05537908991097285,0,0,1000,1.039457465372263e-4,train_fit_end_to_end,266,483,-0.00894823884537851,lambda.min,-0.00766872038435498,0.00789678621540398,-0.02466997330637321,-0.01143875399582932,-0.00969676460216695,0,0,1000,8.240743309893662e-5,train_fit_end_to_end
Brandon Copeland,Rusher,159,390,598,-0.05140025978151422,lambda.min,-0.06997381947141042,0.1561869910663808,-0.4086105960077141,-0.16576646178566512,-0.05903953281025985,0.03744170049393715,0.19958973767759505,1000,1.039457465372263e-4,train_fit_end_to_end,500,776,-0.06702490668798784,lambda.min,-0.06451067601598867,0.0261873026387274,-0.11177840761676557,-0.08174385038035999,-0.06621805876216993,-0.04783752327761008,-0.00915746261199142,1000,8.240743309893662e-5,train_fit_end_to_end
Ethan Westbrooks,Rusher,3,391,599,-0.05153648178608595,lambda.min,-0.04927266526040817,0.05510358868282338,-0.18293431891695192,-0.0664983611180029,-0.06070201979386362,0,0,1000,1.039457465372263e-4,train_fit_end_to_end,257,471,-0.00841075202807815,lambda.min,-0.00755752040385402,0.00818071208738506,-0.02758694238425516,-0.01064898825980234,-0.00978555813920874,0,0,1000,8.240743309893662e-5,train_fit_end_to_end
Cortez Broughton,Rusher,3,392,604,-0.05303130381336508,lambda.min,-0.05215093025320602,0.05685216874885646,-0.18662219089062573,-0.06861935345999035,-0.06300569314922075,0,0,1000,1.039457465372263e-4,train_fit_end_to_end,260,475,-0.00853657267664041,lambda.min,-0.00822246234432797,0.00841071833172628,-0.02694401502895019,-0.01089347604080685,-0.01005375843298796,0,0,1000,8.240743309893662e-5,train_fit_end_to_end
Ronald Blair,Rusher,131,393,605,-0.05351050088741473,lambda.min,-0.0531772808999432,0.11463555640469852,-0.2500506693138583,-0.13430476497523836,-0.0628555708994739,0.01913746941046117,0.18540382406854233,1000,1.039457465372263e-4,train_fit_end_to_end,410,657,-0.03732599424323725,lambda.min,-0.03495612483381761,0.02326037023757285,-0.08313240608107839,-0.04983118109293826,-0.03309185233028739,-0.01855096191194854,0.0060777740713698104,1000,8.240743309893662e-5,train_fit_end_to_end
Chauncey Rivers,Rusher,27,394,606,-0.05399762677589773,lambda.min,-0.04612442918407299,0.09747358438377517,-0.2461230204391864,-0.1094094487060404,-0.04936970578701497,0.02206032653493126,0.13368935542163135,1000,1.039457465372263e-4,train_fit_end_to_end,261,477,-0.00859269723764791,lambda.min,-0.00639233414406098,0.01120321306264031,-0.02971776496332883,-0.01491511371162433,-0.00394091037014888,0.00242773335916715,0.01073627300895676,1000,8.240743309893662e-5,train_fit_end_to_end
Kendal Vickers,Rusher,27,395,607,-0.05471368213183385,lambda.min,-0.04040462277197768,0.04169583883536144,-0.12210088795579473,-0.07143676835197915,-0.04309207512393333,0,0,1000,1.039457465372263e-4,train_fit_end_to_end,326,555,-0.01850652028894674,lambda.min,-0.01557947166768626,0.01675220795313085,-0.05371979890125059,-0.02396159239522409,-0.01874162271518863,0,0,1000,8.240743309893662e-5,train_fit_end_to_end
Chandler Jones,Rusher,551,396,609,-0.0548614296829393,lambda.min,-0.05460902180866054,0.10979827702765668,-0.27428534746531674,-0.12798804755367416,-0.0517468338705989,0.02539347710612033,0.1461911989625979,1000,1.039457465372263e-4,train_fit_end_to_end,7,7,0.3400341974638454,lambda.min,0.3117188625848041,0.2565456727689868,-0.13836740803145772,0.12423323854314151,0.3126238216878069,0.4822133858219098,0.8565443889112215,1000,8.240743309893662e-5,train_fit_end_to_end
Kwity Paye,Rusher,495,397,610,-0.05551055733791029,lambda.min,-0.05539426956526987,0.09493652897325426,-0.2527988311237628,-0.11484814507214364,-0.05019274408287352,0.00766371877637584,0.1229321874096626,1000,1.039457465372263e-4,train_fit_end_to_end,225,434,-0.00400743101077343,lambda.min,-0.0013429500008426,0.11902337680072028,-0.1924884015665238,-0.09442313392711577,-0.01043280670919264,0.07950804820011628,0.25840973016253777,1000,8.240743309893662e-5,train_fit_end_to_end
Neville Gallimore,Rusher,175,398,613,-0.05809912571777358,lambda.min,-0.05635055267167826,0.09714097288705224,-0.2572660180883503,-0.1235337122747075,-0.05270746440017514,0.00447658828957821,0.1230628206036393,1000,1.039457465372263e-4,train_fit_end_to_end,164,338,0.00513742405981166,lambda.min,0.00513761016550676,0.06458670274141819,-0.09545420634307006,-0.04333690725106956,-0.00574961155031123,0.04845383787230318,0.15214909314474162,1000,8.240743309893662e-5,train_fit_end_to_end
Hamilcar Rashed Jr.,Rusher,14,399,615,-0.05832810096403504,lambda.min,-0.05209198426429919,0.05683932865215113,-0.18506876496095523,-0.08374982389437709,-0.05591795602567917,0,0,1000,1.039457465372263e-4,train_fit_end_to_end,299,522,-0.01475526253311611,lambda.min,-0.01309460321507568,0.01353187386446859,-0.04369714600368754,-0.01940133315461999,-0.01596918324445484,0,0,1000,8.240743309893662e-5,train_fit_end_to_end
Mctelvin Agim,Rusher,109,400,616,-0.05895123360481112,lambda.min,-0.06055739641968737,0.1710094471240221,-0.37773472200172287,-0.18495663610592408,-0.06275021200415914,0.05619122720998752,0.27187397046791795,1000,1.039457465372263e-4,train_fit_end_to_end,126,230,0.04170302434362596,lambda.min,0.03819994471985837,0.0615445187548879,-0.05510117294793598,-0.00764340236026622,0.0290182969814156,0.07421962754349931,0.18373805126463727,1000,8.240743309893662e-5,train_fit_end_to_end
Abdullah Anderson,Rusher,65,401,619,-0.0607673033497996,lambda.min,-0.0640191723740291,0.21109817082894872,-0.4958002004798715,-0.21573208294470056,-7.419600482545382e-4,0.12186539005130326,0.24097928048775055,1000,1.039457465372263e-4,train_fit_end_to_end,303,527,-0.01549434397777564,lambda.min,-0.01405249223648233,0.01428578581420816,-0.04136693652829358,-0.02566021974421024,-0.01518011733816621,0,0.00507233600217039,1000,8.240743309893662e-5,train_fit_end_to_end
Takkarist Mckinley,Rusher,224,402,620,-0.06199617925217685,lambda.min,-0.06089194628129067,0.09830338910533368,-0.25854941101227014,-0.12669223002172678,-0.06331546551859996,0.00244591044175243,0.135298935241957,1000,1.039457465372263e-4,train_fit_end_to_end,336,566,-0.02007581710665391,lambda.min,-0.01861232123074441,0.0668771873637633,-0.11726938920343606,-0.06925677301624505,-0.02844985695104797,0.02105492669878107,0.13810575458827976,1000,8.240743309893662e-5,train_fit_end_to_end
Devin Bush,Rusher,153,403,621,-0.06287885203319116,lambda.min,-0.06055357687132079,0.11824217965037824,-0.28419582270930205,-0.13542900622340232,-0.0640316063255613,0.0189372556883984,0.16766632156534444,1000,1.039457465372263e-4,train_fit_end_to_end,516,802,-0.07537501924085777,lambda.min,-0.0726956079462942,0.02188749272619431,-0.11430006705022348,-0.08846528787894518,-0.07277211779990246,-0.05804391090702019,-0.02658911064167794,1000,8.240743309893662e-5,train_fit_end_to_end
Chauncey Golston,Rusher,320,404,622,-0.0632668267000168,lambda.min,-0.06477272359246933,0.15838478145628618,-0.38682734519828815,-0.17437576510041153,-0.0602675197792492,0.04726261614732335,0.2370402632958425,1000,1.039457465372263e-4,train_fit_end_to_end,445,701,-0.0462800737436105,lambda.min,-0.04618157118812231,0.06332055944993158,-0.14724511865768364,-0.0929109554921604,-0.05534831845695592,-0.00620567407853722,0.09294810030698351,1000,8.240743309893662e-5,train_fit_end_to_end
Tyson Alualu,Rusher,72,405,624,-0.06436367502308456,lambda.min,-0.04789431333285656,0.04413825034998686,-0.1402626061016969,-0.08114238334331532,-0.03805608637400149,-0.01224588229440563,0,1000,1.039457465372263e-4,train_fit_end_to_end,214,420,-0.00286735268113257,lambda.min,-0.00572097591340234,0.00965850769128247,-0.03025091060551113,-0.00903192975698121,-0.00466370370008881,0,0.00665230638166731,1000,8.240743309893662e-5,train_fit_end_to_end
Joe Gaziano,Rusher,228,406,625,-0.06470959162698073,lambda.min,-0.0762825674707192,0.14055894179134548,-0.39664259130009927,-0.15240750783895646,-0.06478802085679083,0.02076498315107785,0.1577465224912689,1000,1.039457465372263e-4,train_fit_end_to_end,547,843,-0.08828001312410806,lambda.min,-0.08574117968095558,0.03543795546425471,-0.1599909928145786,-0.10800529307402282,-0.08655224326307852,-0.05946582518073672,-0.01978870061650765,1000,8.240743309893662e-5,train_fit_end_to_end
Julian Okwara,Rusher,197,407,626,-0.06559746974991419,lambda.min,-0.05471961284193263,0.10607904618180958,-0.26700364996474835,-0.12609826322789394,-0.05766511465925059,0.01480574039364094,0.15048483036200522,1000,1.039457465372263e-4,train_fit_end_to_end,341,572,-0.022153306105114932,lambda.min,-0.01866172281568082,0.06912659089725563,-0.11622329901554444,-0.07362660597226212,-0.02571058104860312,0.01962385041249891,0.14634577383916714,1000,8.240743309893662e-5,train_fit_end_to_end
Robert Spillane,Rusher,79,408,627,-0.06561166076128191,lambda.min,-0.0657903813403443,0.1551884764532376,-0.3754088777685801,-0.1712962532933689,-0.0587714420298773,0.03787864869634916,0.21394237409806677,1000,1.039457465372263e-4,train_fit_end_to_end,407,653,-0.03648982567843851,lambda.min,-0.03542592664337283,0.02073972299631125,-0.07787953142778727,-0.04933485793632534,-0.03509830281084138,-0.02043852001842047,0.0032417194272819,1000,8.240743309893662e-5,train_fit_end_to_end
Khalen Saunders,Rusher,190,409,629,-0.06574527540223393,lambda.min,-0.07840512814525699,0.14310565733520436,-0.3766052931705469,-0.1599811173831079,-0.07017151940445661,0.02279493639531255,0.1619874280033778,1000,1.039457465372263e-4,train_fit_end_to_end,524,812,-0.07795294428113134,lambda.min,-0.07527940770477529,0.02763193453099495,-0.1283325310905028,-0.09416886670213576,-0.07475127241918289,-0.05610456633793335,-0.02021397321841175,1000,8.240743309893662e-5,train_fit_end_to_end
Kyle Van Noy,Rusher,248,410,630,-0.06597941746414862,lambda.min,-0.05840437285141916,0.1010728816845797,-0.2419993467628942,-0.1304509485108428,-0.06270711130661348,0.01076892110577811,0.14998082363796972,1000,1.039457465372263e-4,train_fit_end_to_end,337,567,-0.02019522232971045,lambda.min,-0.0186477880611212,0.07217915757533419,-0.12983097945688296,-0.07237529118688649,-0.02840258996321627,0.02851160563225219,0.13908012468939512,1000,8.240743309893662e-5,train_fit_end_to_end
Christian Jones,Rusher,18,411,631,-0.06600240660880051,lambda.min,-0.06479174184301062,0.07572945444852856,-0.21562339331852393,-0.11378245859017916,-0.0601235979427846,-0.01211159951160791,0.07220801796211362,1000,1.039457465372263e-4,train_fit_end_to_end,310,534,-0.01625634321903444,lambda.min,-0.01532982990079401,0.00924085038641981,-0.03309820876531483,-0.0216192658858115,-0.01513817860345653,-0.00874975996865806,0.00125301388400065,1000,8.240743309893662e-5,train_fit_end_to_end
A'Shawn Robinson,Rusher,513,412,632,-0.06703552078793401,lambda.min,-0.07619404082541699,0.09787635735804688,-0.271147169261069,-0.14031224625738514,-0.07335454954356413,-0.00961091990332479,0.10457613724610113,1000,1.039457465372263e-4,train_fit_end_to_end,531,820,-0.08070848574976158,lambda.min,-0.08176492623773023,0.07573199288670071,-0.21908282359786055,-0.13437615401394423,-0.08552119931330208,-0.03337081998925421,0.07280316425948226,1000,8.240743309893662e-5,train_fit_end_to_end
Tarell Basham,Rusher,409,413,633,-0.06714066114088363,lambda.min,-0.07945904499624919,0.08639640091984392,-0.25820578378184966,-0.13395735925619365,-0.07819875659091965,-0.01801521556761006,0.08072453514552633,1000,1.039457465372263e-4,train_fit_end_to_end,89,131,0.09580615930064662,lambda.min,0.08917757804049437,0.12631344230832045,-0.12159878653746098,-0.00334403217153934,0.07595510631629811,0.17460233198482833,0.36199685418866046,1000,8.240743309893662e-5,train_fit_end_to_end
David Mayo,Rusher,30,414,634,-0.06789792875331202,lambda.min,-0.0637270156929514,0.08376318031514696,-0.23551133876676952,-0.12456241864332268,-0.05753930309775108,-0.00832422517152402,0.08901360634394861,1000,1.039457465372263e-4,train_fit_end_to_end,359,596,-0.02466230203648669,lambda.min,-0.02435789799533529,0.01372798975538448,-0.05021706378725495,-0.03430279136525057,-0.02427776379915167,-0.01527745948296991,1.6688887567940098e-6,1000,8.240743309893662e-5,train_fit_end_to_end
Tyler Matakevich,Rusher,12,415,636,-0.0680935561822581,lambda.min,-0.06270948320943992,0.1509087892640366,-0.3439444505886525,-0.1721601002402767,-0.07650937802036176,0.02542435802560217,0.2275102408322665,1000,1.039457465372263e-4,train_fit_end_to_end,298,521,-0.0146125760383242,lambda.min,-0.01228131678295573,0.01702102473102211,-0.04471624246572459,-0.02520022519589827,-0.01314670544117186,0,0.02211284696975736,1000,8.240743309893662e-5,train_fit_end_to_end
Jeffery Simmons,Rusher,1230,416,638,-0.06962759233067768,lambda.min,-0.06890596761100896,0.05003912398299445,-0.16735580363938965,-0.10426609950699714,-0.07084744810213109,-0.03649465036292627,0.03051361118325791,1000,1.039457465372263e-4,train_fit_end_to_end,35,39,0.20707386685908172,lambda.min,0.18623930881958928,0.1939139455831011,-0.18639728732588592,0.04838639879450137,0.18963567078613625,0.31936792563260563,0.5576810929130555,1000,8.240743309893662e-5,train_fit_end_to_end
Oren Burks,Rusher,34,417,639,-0.07039514857063203,lambda.min,-0.06639959102037633,0.1449999931315685,-0.3415380842292208,-0.16729804014893673,-0.06731672990962266,0.02062049385284544,0.23802728994839112,1000,1.039457465372263e-4,train_fit_end_to_end,361,598,-0.02517725081651718,lambda.min,-0.02341398580655254,0.01449537204866236,-0.05144891330608089,-0.03382671297317258,-0.02298392309064399,-0.01344893180240116,0.0056823967663478,1000,8.240743309893662e-5,train_fit_end_to_end
Carlos Watkins,Rusher,504,418,640,-0.07044350861206253,lambda.min,-0.07095585957772878,0.12404856879325583,-0.3212536058009312,-0.1524343995498213,-0.0754003563285544,0.01523768732099544,0.17336755426897307,1000,1.039457465372263e-4,train_fit_end_to_end,450,708,-0.04821531883131819,lambda.min,-0.05167073979493092,0.1126595458216789,-0.20412848405302195,-0.14418439729425192,-0.06776360215801883,0.01770111666771479,0.20026235782232435,1000,8.240743309893662e-5,train_fit_end_to_end
Ja'Whaun Bentley,Rusher,243,419,643,-0.07192281538646143,lambda.min,-0.07645313297865163,0.10731199086008684,-0.2992250497886544,-0.1481968687129151,-0.07072735011284256,-0.00106646830993137,0.11892831450494848,1000,1.039457465372263e-4,train_fit_end_to_end,415,663,-0.03864708726396863,lambda.min,-0.03789014127770385,0.06158031397532188,-0.13013258841042144,-0.08370558116961477,-0.04870016268881106,1.787325282826338e-6,0.10338179063861506,1000,8.240743309893662e-5,train_fit_end_to_end
Akeem Spence,Rusher,5,420,647,-0.07356212544040959,lambda.min,-0.07280964634351572,0.08076884325839678,-0.2652900532334599,-0.09659515043778026,-0.08656240912602273,0,0,1000,1.039457465372263e-4,train_fit_end_to_end,286,508,-0.01164204570344711,lambda.min,-0.01064802114789247,0.01135576055986367,-0.0367723018213914,-0.01496668502333261,-0.01339217719627364,0,0,1000,8.240743309893662e-5,train_fit_end_to_end
Quincy Williams,Rusher,148,421,651,-0.07463089207723206,lambda.min,-0.0840115555753294,0.16617548762660125,-0.4249830715529549,-0.19486235799493384,-0.08320580671380964,0.03311165818141743,0.22326299807543568,1000,1.039457465372263e-4,train_fit_end_to_end,539,832,-0.08332051201485492,lambda.min,-0.08010854026611232,0.02225739410523736,-0.12408579874591232,-0.09562797702815884,-0.07932648099802841,-0.06460512655832312,-0.03751497313116307,1000,8.240743309893662e-5,train_fit_end_to_end
C.J. Mosley,Rusher,235,422,652,-0.07465200487961025,lambda.min,-0.07618187346509421,0.11626664769071857,-0.3131422557152768,-0.1505921573885802,-0.07151412452369656,0.00727621088415638,0.12144300002767972,1000,1.039457465372263e-4,train_fit_end_to_end,570,878,-0.1130889765309414,lambda.min,-0.1081407261930924,0.02913849543711479,-0.16919749654474014,-0.12795078572887336,-0.10731024659895244,-0.08778529665474988,-0.0505030839377807,1000,8.240743309893662e-5,train_fit_end_to_end
Rashard Lawrence,Rusher,290,423,655,-0.07575351992746143,lambda.min,-0.07275662953376423,0.08422983883408919,-0.24977715997182576,-0.12679373104706915,-0.07200025475610285,-0.01748837383298875,0.0872172436629672,1000,1.039457465372263e-4,train_fit_end_to_end,130,235,0.03644782905707407,lambda.min,0.0323188495593669,0.1151734109418311,-0.1174094322769456,-0.06931125617702945,0.03080200215054627,0.09243074423139946,0.30853673618118277,1000,8.240743309893662e-5,train_fit_end_to_end
Marquiss Spencer,Rusher,12,424,656,-0.07632966620626655,lambda.min,-0.06475072724646286,0.06653105468700349,-0.2102071402123544,-0.10878048866394711,-0.0657804920458829,0,0,1000,1.039457465372263e-4,train_fit_end_to_end,301,524,-0.01501941995446122,lambda.min,-0.01234924084525944,0.01217628620331244,-0.03637923266905002,-0.0191771470584063,-0.01456470607094742,0,0,1000,8.240743309893662e-5,train_fit_end_to_end
Nick Dzubnar,Rusher,14,425,658,-0.07796121307702644,lambda.min,-0.07549041051353822,0.1099576482674561,-0.32243678844733825,-0.15270382233835544,-0.061809513946023,0,0.10335264347858228,1000,1.039457465372263e-4,train_fit_end_to_end,308,532,-0.01573718362610131,lambda.min,-0.01526600845584958,0.01305344045965774,-0.04398170380161115,-0.02313574220302533,-0.01443890951852697,-0.00466159424496889,0.00384468200998729,1000,8.240743309893662e-5,train_fit_end_to_end
Chase Young,Rusher,325,426,659,-0.07937893463364484,lambda.min,-0.08861967563088505,0.08230639699328753,-0.2362330601389771,-0.14886887290649883,-0.08710794922087255,-0.03389317736690248,0.07514293662178911,1000,1.039457465372263e-4,train_fit_end_to_end,217,423,-0.00296945073856403,lambda.min,-0.00577368269799178,0.08168250516007522,-0.1483559372465058,-0.06500219678874217,-0.00967483610887371,0.04664004408023989,0.16758172579314984,1000,8.240743309893662e-5,train_fit_end_to_end
Kahlil Mckenzie,Rusher,6,427,663,-0.08149238692367111,lambda.min,-0.0768705468957452,0.08046979454303334,-0.2653242863955168,-0.10710799561490858,-0.09509845143518506,0,0,1000,1.039457465372263e-4,train_fit_end_to_end,287,509,-0.01180448985241144,lambda.min,-0.01070071520533064,0.01113390760076327,-0.037097046609872,-0.01539018959562004,-0.01342972582552537,0,0,1000,8.240743309893662e-5,train_fit_end_to_end
Al-Quadin Muhammad,Rusher,550,428,664,-0.08378273351903219,lambda.min,-0.08679626925116816,0.1100383287614873,-0.2937604376271665,-0.1608082569431342,-0.08639100003500041,-0.01123892357733059,0.12729974761746363,1000,1.039457465372263e-4,train_fit_end_to_end,73,107,0.1172135438453904,lambda.min,0.11942046883643082,0.13315649072989696,-0.11430299172028362,0.02372103957822181,0.11378135309002804,0.20770336935203507,0.3976641498721807,1000,8.240743309893662e-5,train_fit_end_to_end
Joe Walker,Rusher,17,429,666,-0.08401270264020037,lambda.min,-0.08226244363907775,0.03627674663135469,-0.1555094581657551,-0.10518155938933266,-0.08232175032923902,-0.05555229175805228,-0.01825553369704993,1000,1.039457465372263e-4,train_fit_end_to_end,330,559,-0.01888285793628252,lambda.min,-0.01820249481518925,0.00951406705371712,-0.03798695412838679,-0.02458695883965109,-0.01750318835394561,-0.01155710397617997,-0.00283491380852118,1000,8.240743309893662e-5,train_fit_end_to_end
Raymond Johnson III,Rusher,121,430,667,-0.08442915144069724,lambda.min,-0.07216607312947983,0.13258793924244305,-0.33396933729553885,-0.15602476154177666,-0.06989851613480746,0.01770240067926389,0.18854355887018345,1000,1.039457465372263e-4,train_fit_end_to_end,169,350,0.00421861663855244,lambda.min,0.00939665481506869,0.08035353534298857,-0.09489958079877202,-0.05879266751393187,0.00464029732630946,0.05320091765865453,0.1949381378793216,1000,8.240743309893662e-5,train_fit_end_to_end
Romeo Okwara,Rusher,89,431,668,-0.08468781733302233,lambda.min,-0.085803342269094,0.1846240388253584,-0.4030607707486887,-0.2242338126530758,-0.108306979945818,0.02895534397202095,0.2859303077189038,1000,1.039457465372263e-4,train_fit_end_to_end,140,262,0.02825715467298153,lambda.min,0.02520862437538539,0.06746887426062845,-0.07725314848624927,-0.03252565950611469,0.01832612061679364,0.06863238010717367,0.18083901240442443,1000,8.240743309893662e-5,train_fit_end_to_end
DeMarcus Lawrence,Rusher,197,432,669,-0.08481661561683296,lambda.min,-0.10207904082066556,0.20190528930182028,-0.5405870898019802,-0.2331346799559289,-0.07831622176846745,0.04160890491515703,0.23700666613363497,1000,1.039457465372263e-4,train_fit_end_to_end,62,88,0.12818109985142867,lambda.min,0.11938967408551432,0.12621506896052592,-0.06081184241352483,0.00936688745194517,0.11205276769009034,0.20190960328968052,0.39474453691219186,1000,8.240743309893662e-5,train_fit_end_to_end
Jamie Collins Sr.,Rusher,103,433,671,-0.08719769815989611,lambda.min,-0.08132665404499785,0.1975531780938268,-0.4736162741629808,-0.2200536034581545,-0.07445657728250711,0.05048345397220307,0.296943720747304,1000,1.039457465372263e-4,train_fit_end_to_end,402,648,-0.03502771912129149,lambda.min,-0.0343748567023988,0.02895739115279735,-0.09206810349290516,-0.05401475326929659,-0.03431880182893848,-0.0152467751315851,0.02157569896439756,1000,8.240743309893662e-5,train_fit_end_to_end
Nick Niemann,Rusher,10,434,672,-0.08747177594761832,lambda.min,-0.08514723298631055,0.05564955989872868,-0.20922907750736025,-0.11730467847723072,-0.08143741203615368,-0.04330637529718204,8.079270547112754e-4,1000,1.039457465372263e-4,train_fit_end_to_end,300,523,-0.01500429791925933,lambda.min,-0.01441399708692325,0.00807940087747319,-0.03195597386159048,-0.01983704692485352,-0.01351439530547258,-0.00834832514797383,-0.0014188916478442,1000,8.240743309893662e-5,train_fit_end_to_end
Joe Schobert,Rusher,261,435,674,-0.08748919909889996,lambda.min,-0.09041092309230958,0.14514154820099748,-0.35362127944081734,-0.18781010051856067,-0.10228650411941932,-0.00254442872183485,0.2287213975313309,1000,1.039457465372263e-4,train_fit_end_to_end,443,699,-0.04560058781485478,lambda.min,-0.0394452540378165,0.0688201226637017,-0.14581321379927115,-0.0926463913339649,-0.04815685062893211,0.0025332968926174,0.1116530661045416,1000,8.240743309893662e-5,train_fit_end_to_end
Everson Griffen,Rusher,375,436,675,-0.0878134785986091,lambda.min,-0.0873252974110593,0.14310302014395107,-0.3627074302304859,-0.18699013310552504,-0.08076590633318068,0.0053070013006651,0.18294557196004368,1000,1.039457465372263e-4,train_fit_end_to_end,23,25,0.2549445223131598,lambda.min,0.2474925754660599,0.15486701798578062,-0.05675004331446505,0.13830450222312407,0.2406423891987918,0.35778386851223026,0.5606348991132928,1000,8.240743309893662e-5,train_fit_end_to_end
Markus Bailey,Rusher,67,437,676,-0.0881228316751801,lambda.min,-0.07316635153465874,0.08968631698072027,-0.23435028195421964,-0.13787594429236366,-0.07533233143102457,-0.01260296425915735,0.10719801849063834,1000,1.039457465372263e-4,train_fit_end_to_end,398,644,-0.03457772724466817,lambda.min,-0.03104360389748357,0.0186442193770508,-0.06983361965788012,-0.04413401468023123,-0.02966810704100408,-0.01633051855384881,-1.0719521127443944e-4,1000,8.240743309893662e-5,train_fit_end_to_end
Victor Dimukeje,Rusher,30,438,677,-0.08818275637361708,lambda.min,-0.0840599139687086,0.07748148147207816,-0.23504815866525508,-0.1374557041007597,-0.08373953930411368,-0.02246747692164562,0.04510722126850694,1000,1.039457465372263e-4,train_fit_end_to_end,358,595,-0.02464059234491401,lambda.min,-0.0234375138555266,0.01603929855731292,-0.05728399066875185,-0.03411858042985741,-0.02292116464052617,-0.01352255875785869,0,1000,8.240743309893662e-5,train_fit_end_to_end
Josh Mauro,Rusher,56,439,678,-0.08878987413511993,lambda.min,-0.09349487709148692,0.16900748442026706,-0.439932476918793,-0.2119856794334404,-0.08134706336418779,0.02621699326328002,0.20254130407277832,1000,1.039457465372263e-4,train_fit_end_to_end,79,115,0.1099893669126673,lambda.min,0.11147009108922536,0.13943678313768576,-0.04679889027765607,-0.01852642461404073,0.13179591031840207,0.1588697133010464,0.45817465867942464,1000,8.240743309893662e-5,train_fit_end_to_end
Kylie Fitts,Rusher,19,440,680,-0.09212558945828676,lambda.min,-0.0839992032597351,0.04439726223959599,-0.17512172619524166,-0.112058864910862,-0.08261967717766995,-0.05257061182202649,0,1000,1.039457465372263e-4,train_fit_end_to_end,325,553,-0.0183647891723643,lambda.min,-0.0174387146084297,0.00835765830061453,-0.03429781935715953,-0.02329500637887041,-0.01733931698868388,-0.01169657791634314,0,1000,8.240743309893662e-5,train_fit_end_to_end
Tipa Galeai,Rusher,78,441,682,-0.0953540973613861,lambda.min,-0.10159178430979454,0.12710877180631316,-0.342275784958734,-0.193076425513721,-0.1035520064298738,-0.01275332719918187,0.15585402985833255,1000,1.039457465372263e-4,train_fit_end_to_end,453,712,-0.04990101591019452,lambda.min,-0.04913469590600129,0.01960968852742332,-0.08812009149920047,-0.06135057771348211,-0.04910569329670999,-0.03672478583301054,-0.01144045925383581,1000,8.240743309893662e-5,train_fit_end_to_end
Cameron Malveaux,Rusher,58,442,683,-0.09585354682890392,lambda.min,-0.07597355843164617,0.12115267329973878,-0.3147579254700256,-0.17410346474814492,-0.05961307477028337,0,0.12241755353289537,1000,1.039457465372263e-4,train_fit_end_to_end,390,634,-0.03218072243855829,lambda.min,-0.03153933265419675,0.02572994190423855,-0.09094670215238998,-0.0469683731663497,-0.02952785043174002,-0.00849099697401691,0,1000,8.240743309893662e-5,train_fit_end_to_end
Frank Clark,Rusher,505,443,684,-0.09611659591067688,lambda.min,-0.09593628653063505,0.11795861959817314,-0.32018774503698255,-0.180788967038513,-0.097485280551922,-0.01082022286519608,0.1253852769333991,1000,1.039457465372263e-4,train_fit_end_to_end,477,743,-0.05796638964399538,lambda.min,-0.05073511950067072,0.08282155992444812,-0.1930356891418945,-0.11162992345074488,-0.05623680577350442,0.0039698788510793,0.1291003587979497,1000,8.240743309893662e-5,train_fit_end_to_end
James Vaughters,Rusher,118,444,685,-0.09732154658411052,lambda.min,-0.10402437160061,0.13920988221821315,-0.39241377270821914,-0.19280871416764064,-0.09655302496166196,-0.0065259290681295,0.138371743588301,1000,1.039457465372263e-4,train_fit_end_to_end,202,406,-0.0020360350198667,lambda.min,0.00389044274309986,0.07180764632019482,-0.0932473219590135,-0.05550859863548963,-0.00145163875842807,0.04091570585372724,0.16844359537614165,1000,8.240743309893662e-5,train_fit_end_to_end
Emmanuel Ogbah,Rusher,608,445,687,-0.09837200419398262,lambda.min,-0.09629620034725392,0.10729596400735032,-0.317938576668063,-0.16611580485416935,-0.08644573355967769,-0.0264019029377488,0.10255498263764308,1000,1.039457465372263e-4,train_fit_end_to_end,53,69,0.15301922261489576,lambda.min,0.15023364414611373,0.1216079610135736,-0.0798662864374921,0.06546010871194993,0.14830246713856954,0.228499192589457,0.40203664250707066,1000,8.240743309893662e-5,train_fit_end_to_end
Chris Wormley,Rusher,897,446,689,-0.09875347807223012,lambda.min,-0.09625480637074074,0.09413841622815164,-0.27768779093781,-0.1581964972934323,-0.09909975045830402,-0.03209319818355812,0.08694960647435217,1000,1.039457465372263e-4,train_fit_end_to_end,61,87,0.12852135586079932,lambda.min,0.11439864988830498,0.14572876303132035,-0.14001204486106136,0.01465269722687552,0.10751172297647268,0.2103498616728112,0.41011252281100025,1000,8.240743309893662e-5,train_fit_end_to_end
Renell Wren,Rusher,47,447,692,-0.09942805865623532,lambda.min,-0.07064619060641304,0.07451471845160926,-0.22230123995371964,-0.13128612106125315,-0.07548497843077753,0,0,1000,1.039457465372263e-4,train_fit_end_to_end,393,639,-0.03327937130780908,lambda.min,-0.02803501253832855,0.02935466001662056,-0.0905670803402873,-0.04359301205064393,-0.03407294759876239,0,0,1000,8.240743309893662e-5,train_fit_end_to_end
Jaleel Johnson,Rusher,386,448,694,-0.09974926117784974,lambda.min,-0.10370185740866672,0.09075144473288284,-0.2810744233338187,-0.16585224717533528,-0.10538491091192397,-0.04247587602948541,0.07499384440852076,1000,1.039457465372263e-4,train_fit_end_to_end,574,887,-0.11675624997045755,lambda.min,-0.11281489213778384,0.04045548516889533,-0.18969303268953555,-0.14098604495170952,-0.11386885914040754,-0.0853744497641755,-0.03586443260443219,1000,8.240743309893662e-5,train_fit_end_to_end
Jonas Griffith,Rusher,63,449,696,-0.1017829014284873,lambda.min,-0.09910286773824796,0.11565728033390953,-0.3130764500820653,-0.185721783699806,-0.09610560649552416,-0.01986826526484498,0.13561079456740907,1000,1.039457465372263e-4,train_fit_end_to_end,425,676,-0.0410582847132574,lambda.min,-0.04016347476204473,0.01954335795255226,-0.07756165116842277,-0.05300660081893325,-0.03979823145754673,-0.02714972424869039,-0.00230207831226493,1000,8.240743309893662e-5,train_fit_end_to_end
Daniel Wise,Rusher,110,450,700,-0.10250233472562204,lambda.min,-0.09994129849554068,0.18322583711947568,-0.451550193301025,-0.22824712487265555,-0.09675194055661844,0.03653521250925505,0.23634054569421417,1000,1.039457465372263e-4,train_fit_end_to_end,466,731,-0.05635743826604735,lambda.min,-0.05424936766271715,0.03431944543044414,-0.12358516227146736,-0.0770891200459605,-0.05415655694058059,-0.03212081059339403,0.01979823883847253,1000,8.240743309893662e-5,train_fit_end_to_end
Ron'Dell Carter,Rusher,10,451,702,-0.10298371786556718,lambda.min,-0.0884915780988346,0.09711472777242897,-0.30743821250451614,-0.13317888596470018,-0.11280262563358828,0,0,1000,1.039457465372263e-4,train_fit_end_to_end,320,546,-0.01727383713970096,lambda.min,-0.01380000731672342,0.01445003555038247,-0.04611219994507164,-0.0216066623666269,-0.01871406263896509,0,0,1000,8.240743309893662e-5,train_fit_end_to_end
Chris Smith,Rusher,59,452,703,-0.10363728118774182,lambda.min,-0.1003954350733298,0.2394955876875557,-0.5096919576857901,-0.28527584405256867,-0.1241944855199999,0.06389073190674491,0.34500908192308916,1000,1.039457465372263e-4,train_fit_end_to_end,118,199,0.05916512371713692,lambda.min,0.06130973020898856,0.10039817611755296,-0.06096127715802035,-0.02860886877069699,0.0652633101812987,0.1087070894424154,0.28932152928200766,1000,8.240743309893662e-5,train_fit_end_to_end
Markus Golden,Rusher,420,453,705,-0.10517348128708362,lambda.min,-0.10117193587295135,0.1392004391580128,-0.38975299412842374,-0.1915285805337067,-0.09809988484196971,-2.1255704793371938e-5,0.14818016895227315,1000,1.039457465372263e-4,train_fit_end_to_end,8,8,0.33393418250166473,lambda.min,0.3255447922046755,0.2200411665508637,-0.03738306262465497,0.14853520650927765,0.30711738049134796,0.4651731553605285,0.7865112749836141,1000,8.240743309893662e-5,train_fit_end_to_end
Davion Taylor,Rusher,43,454,706,-0.10557187642206808,lambda.min,-0.10401104241539597,0.10928222923638373,-0.31276031735850607,-0.17915300358955355,-0.10426707363862442,-0.03609387857251846,0.11056884796761084,1000,1.039457465372263e-4,train_fit_end_to_end,387,631,-0.03183091608860038,lambda.min,-0.03116423640293397,0.01321750691315977,-0.05634560597691201,-0.04023009170429936,-0.03179820826597848,-0.02279577765465591,-0.00490999142030427,1000,8.240743309893662e-5,train_fit_end_to_end
Matthew Judon,Rusher,417,455,707,-0.10644464372430344,lambda.min,-0.10287074631324068,0.10762935742177804,-0.30866625181404145,-0.17716783596722654,-0.10266928656814836,-0.03023245992484557,0.10407059774643496,1000,1.039457465372263e-4,train_fit_end_to_end,44,51,0.18819405890727503,lambda.min,0.18670107727034588,0.10965639357829517,-0.03587475475062278,0.11404135437592725,0.19059646539789127,0.2604310626270637,0.4001205467921331,1000,8.240743309893662e-5,train_fit_end_to_end
Brandin Bryant,Rusher,27,456,708,-0.10667825312962782,lambda.min,-0.1044001447487594,0.0924306164074158,-0.30507709520527587,-0.1546857736903297,-0.11527402765166976,-0.00367165971412503,0.0189792791929443,1000,1.039457465372263e-4,train_fit_end_to_end,349,580,-0.02291622056028062,lambda.min,-0.02083930996866472,0.01523728210333113,-0.05127761036871996,-0.03034232269832237,-0.01822864429914718,-0.01148191910808688,0,1000,8.240743309893662e-5,train_fit_end_to_end
Otito Ogbonnia,Rusher,14,457,709,-0.10673632401220988,lambda.min,-0.09192189678527787,0.090885971589629,-0.27854381381184873,-0.13805454022095923,-0.11328350882467664,0,0,1000,1.039457465372263e-4,train_fit_end_to_end,233,442,-0.00484595940808829,lambda.min,-0.00237112862144844,0.00265173817895549,-0.00733325626012413,-0.00463363254176453,-0.0017026161251454,0,0,1000,8.240743309893662e-5,train_fit_end_to_end
Anthony Rush,Rusher,320,458,710,-0.10820240954502824,lambda.min,-0.10419640254348664,0.12943500555342888,-0.3586133233115057,-0.19529791259758253,-0.10460013031883086,-0.02133710710850693,0.15326815215886128,1000,1.039457465372263e-4,train_fit_end_to_end,582,897,-0.12289683604754544,lambda.min,-0.1186817297045244,0.03313143321502818,-0.1833545801064465,-0.1411017775799951,-0.12024014742073648,-0.09672955934238496,-0.05335766855542635,1000,8.240743309893662e-5,train_fit_end_to_end
Justin Jones,Rusher,503,459,712,-0.10892727229091476,lambda.min,-0.10698716759486553,0.08998008477454116,-0.2986143400529009,-0.16229997555691805,-0.10325127397755147,-0.04726790037969792,0.0531243509833124,1000,1.039457465372263e-4,train_fit_end_to_end,493,767,-0.06455356132268583,lambda.min,-0.06145989505299384,0.07895102789849387,-0.19614307886151897,-0.11816499747922696,-0.06780259834135816,-0.01562069763408024,0.10824897252459512,1000,8.240743309893662e-5,train_fit_end_to_end
Christian Ringo,Rusher,400,460,714,-0.1092577955733008,lambda.min,-0.09912050796246426,0.09808532795892956,-0.2966662134964406,-0.16391456661787693,-0.10019058589069968,-0.03336085457081291,0.08605366154358418,1000,1.039457465372263e-4,train_fit_end_to_end,586,904,-0.12568037038935811,lambda.min,-0.12226567758198384,0.0357332003433729,-0.19041923790774615,-0.1479685177964842,-0.12254558325344006,-0.09867656383306513,-0.05372713594446177,1000,8.240743309893662e-5,train_fit_end_to_end
Rasheem Green,Rusher,850,461,715,-0.10953171543877324,lambda.min,-0.11217752950866,0.08494020492364382,-0.2891493829258688,-0.16440204139273668,-0.11005950819173868,-0.05642629184433024,0.05085978198837358,1000,1.039457465372263e-4,train_fit_end_to_end,42,49,0.19004170103646492,lambda.min,0.1832582027428963,0.1663803251581637,-0.138384470131526,0.06537362906755918,0.180096920484488,0.3074470070147822,0.5062929313658725,1000,8.240743309893662e-5,train_fit_end_to_end
Taylor Stallworth,Rusher,428,462,716,-0.11011247413893706,lambda.min,-0.09913188058331109,0.10746173501932496,-0.3374103594210929,-0.1646982497048301,-0.0947305361048961,-0.02481763942345673,0.10448149739688398,1000,1.039457465372263e-4,train_fit_end_to_end,37,43,0.1976421580572788,lambda.min,0.18629164959718572,0.2370936658065963,-0.15554508711868262,-0.00869678934446411,0.1653602207391446,0.3505415775740038,0.6763324195177731,1000,8.240743309893662e-5,train_fit_end_to_end
Tommy Togiai,Rusher,161,463,717,-0.11173893260983286,lambda.min,-0.10222914358091768,0.1080537236086692,-0.34038507976079846,-0.17377521925682177,-0.0903036054856482,-0.02920985796068619,0.0819947997789281,1000,1.039457465372263e-4,train_fit_end_to_end,475,740,-0.05737854758476039,lambda.min,-0.05432500486937664,0.03529962383912281,-0.12271357571610636,-0.07937996056344943,-0.0545724106263398,-0.03160408957869307,0.01628369236272978,1000,8.240743309893662e-5,train_fit_end_to_end
Shaun Bradley,Rusher,13,464,718,-0.1124847009710581,lambda.min,-0.1048475407453736,0.06675549128881525,-0.2489690128840888,-0.14378283463477445,-0.1013654054621363,-0.06231788079255108,0,1000,1.039457465372263e-4,train_fit_end_to_end,331,561,-0.01893975773671911,lambda.min,-0.01767172331042916,0.01104599254349001,-0.0401030942969587,-0.02462958259150902,-0.01625498530389952,-0.01121075394864579,0,1000,8.240743309893662e-5,train_fit_end_to_end
Samson Ebukam,Rusher,453,465,721,-0.1138126127541212,lambda.min,-0.10542754087954152,0.11286650652135316,-0.3058129346445732,-0.1870817018673634,-0.11294696133487583,-0.03287359081819312,0.12917211529252812,1000,1.039457465372263e-4,train_fit_end_to_end,476,741,-0.05754295634258678,lambda.min,-0.0570565477626532,0.0817915738843777,-0.18663545000650167,-0.11365636925631348,-0.0673071540710279,-0.00529912232117755,0.12219013473179371,1000,8.240743309893662e-5,train_fit_end_to_end
Shaquille Quarterman,Rusher,33,466,726,-0.11629838227117097,lambda.min,-0.11307803730752564,0.15607884147571605,-0.4249339178577176,-0.2216772516845526,-0.11688572312879844,-0.00372668936944734,0.19062608735087064,1000,1.039457465372263e-4,train_fit_end_to_end,374,617,-0.02899817086797533,lambda.min,-0.02728606529552712,0.0165033191798649,-0.05723791789074601,-0.03886258224336483,-0.02759500555791606,-0.01621579518748159,0.00480117706753152,1000,8.240743309893662e-5,train_fit_end_to_end
Randy Gregory,Rusher,304,467,727,-0.11651128552317004,lambda.min,-0.11238936023580412,0.11444502532106576,-0.3431113084157227,-0.189192608513123,-0.1084724126603881,-0.03096615440579448,0.09962320344236454,1000,1.039457465372263e-4,train_fit_end_to_end,40,46,0.1941739235989468,lambda.min,0.19631791047408056,0.16859256983119955,-0.0874220463402401,0.07380037817869343,0.18810937565465147,0.31218841869708736,0.5473540435655242,1000,8.240743309893662e-5,train_fit_end_to_end
Corey Peters,Rusher,458,468,730,-0.11966519859975427,lambda.min,-0.1201079571153721,0.07779616958801022,-0.27185284858412245,-0.17317957694973288,-0.11906172786747118,-0.06758064933963903,0.02642031276017934,1000,1.039457465372263e-4,train_fit_end_to_end,599,928,-0.14664387953272937,lambda.min,-0.14546181409884432,0.03731249551305764,-0.2171340497958,-0.17203545097983092,-0.14538597519079172,-0.1196376550481972,-0.07379536191525492,1000,8.240743309893662e-5,train_fit_end_to_end
Jordan Smith,Rusher,19,469,732,-0.11990652893228931,lambda.min,-0.10695974361235028,0.11087515892934229,-0.33847996517070494,-0.17545592670301952,-0.11768897275415416,0,0.04230161283720259,1000,1.039457465372263e-4,train_fit_end_to_end,342,573,-0.02223212992219838,lambda.min,-0.01894567821659418,0.01640354986892876,-0.05166244278178426,-0.02839141797997601,-0.02318868898665468,-0.00319908403921827,8.512585613402005e-4,1000,8.240743309893662e-5,train_fit_end_to_end
Kyler Fackrell,Rusher,272,470,734,-0.12099732261220723,lambda.min,-0.10988002603345048,0.09329434784811454,-0.2787895899364505,-0.17750978879487966,-0.1144754235417502,-0.04920778412205083,0.08111875262664765,1000,1.039457465372263e-4,train_fit_end_to_end,74,108,0.11671281983172724,lambda.min,0.11915749183066926,0.1441198174610237,-0.11205238723203684,0.00843615190583506,0.10594228753010396,0.213829094710019,0.4267459460150026,1000,8.240743309893662e-5,train_fit_end_to_end
Leonard Williams,Rusher,988,471,736,-0.12292654964345714,lambda.min,-0.115126762958581,0.07363219519826103,-0.25836091526874017,-0.16290607787683592,-0.11583295676256115,-0.0687562974332224,0.04148146534982298,1000,1.039457465372263e-4,train_fit_end_to_end,81,119,0.10446257294731112,lambda.min,0.09918955006413772,0.13369248258526167,-0.14656913540293923,6.822576554027212e-4,0.10210032329814324,0.19059555720124055,0.3742055077314887,1000,8.240743309893662e-5,train_fit_end_to_end
Marquise Copeland,Rusher,113,472,737,-0.12311131435744437,lambda.min,-0.12065181606113048,0.11975149635897504,-0.34570659326423087,-0.200724478314063,-0.11873858517201975,-0.04720541895828164,0.12570073492836606,1000,1.039457465372263e-4,train_fit_end_to_end,490,764,-0.06400462173310215,lambda.min,-0.06080683326984001,0.02409430057886974,-0.10682895732564689,-0.07710141427458775,-0.06019956710750489,-0.04496236112975917,-0.01287323963474467,1000,8.240743309893662e-5,train_fit_end_to_end
Jack Heflin,Rusher,13,473,738,-0.12356160186019292,lambda.min,-0.11913910535278316,0.08262255658604255,-0.2989773625907873,-0.16074156729775135,-0.0969520484131642,-0.07074190797819947,0,1000,1.039457465372263e-4,train_fit_end_to_end,332,562,-0.0192527322862387,lambda.min,-0.01783701643568286,0.01090733485816453,-0.03923959750994069,-0.02472798030295688,-0.01748452757950727,-0.01094330684915723,0,1000,8.240743309893662e-5,train_fit_end_to_end
Caraun Reid,Rusher,19,474,739,-0.1243817614852744,lambda.min,-0.10386153202265348,0.10393331628731012,-0.31198954341812496,-0.15558359235003516,-0.13967509405034312,0,0,1000,1.039457465372263e-4,train_fit_end_to_end,339,570,-0.02152424742425656,lambda.min,-0.01720063492842148,0.0177084828905628,-0.05327759236270229,-0.02658089084007343,-0.02332185530905797,0,0,1000,8.240743309893662e-5,train_fit_end_to_end
Michael Hoecht,Rusher,103,475,740,-0.12493823223697335,lambda.min,-0.09598849297034424,0.19902477158339987,-0.4567482380049268,-0.24639438652173723,-0.11233642715681946,0.05345097247258312,0.28318127460994624,1000,1.039457465372263e-4,train_fit_end_to_end,446,702,-0.0464992231798258,lambda.min,-0.04213989306744976,0.03315764003014858,-0.10407962747984552,-0.06463793390887894,-0.04317756504302445,-0.02011746275959609,0.01764791769732025,1000,8.240743309893662e-5,train_fit_end_to_end
Elijah Lee,Rusher,17,476,743,-0.1269316722249834,lambda.min,-0.12550655000357422,0.09416391200642206,-0.3164117394649377,-0.18713421400007957,-0.11914503373046334,-0.05382049746909907,0.03567539260029928,1000,1.039457465372263e-4,train_fit_end_to_end,343,574,-0.02223844547063348,lambda.min,-0.02143259207066705,0.01205077488138172,-0.04615709681692146,-0.02985521470724122,-0.02019803308979366,-0.01262487273448691,0,1000,8.240743309893662e-5,train_fit_end_to_end
Jahlani Tavai,Rusher,13,477,744,-0.12723468498866292,lambda.min,-0.12427384971314824,0.05563220961750387,-0.23383027949327345,-0.16248301476310478,-0.12272532194698456,-0.08465130899092455,-0.01978577654142604,1000,1.039457465372263e-4,train_fit_end_to_end,245,458,-0.00681590206860973,lambda.min,-0.00580107235328866,0.01514900896964566,-0.03125712755714551,-0.0163724643847871,-0.00660732027543813,0.00322325008431102,0.02948728779493815,1000,8.240743309893662e-5,train_fit_end_to_end
B.J. Hill,Rusher,636,478,746,-0.1295406415657551,lambda.min,-0.1312254452508875,0.12429400890661128,-0.3667147526002532,-0.2160255444886212,-0.1362154734119671,-0.04853551840648527,0.11094331225915664,1000,1.039457465372263e-4,train_fit_end_to_end,20,20,0.2623869966195861,lambda.min,0.25119825662156586,0.18024400573833055,-0.09046774641238628,0.1162840472749366,0.24906697352930637,0.381677216579171,0.6020054604105313,1000,8.240743309893662e-5,train_fit_end_to_end
Tyus Bowser,Rusher,364,479,747,-0.12995990804030047,lambda.min,-0.12752489920159218,0.11000443620583032,-0.33376337800073524,-0.2064770227140863,-0.13051997149386912,-0.05137149761492216,0.08228351144313296,1000,1.039457465372263e-4,train_fit_end_to_end,77,113,0.11175460725896808,lambda.min,0.10823464277259928,0.13269109522171618,-0.10636491668572053,0.01068921134780556,0.09891597023752,0.19356421015624128,0.3920351291893951,1000,8.240743309893662e-5,train_fit_end_to_end
Josh Tupou,Rusher,494,480,748,-0.1299929655986016,lambda.min,-0.1198983151203018,0.10526209300830527,-0.3407206332279516,-0.1842069831452926,-0.116285966382023,-0.04247546603701471,0.06705076315152106,1000,1.039457465372263e-4,train_fit_end_to_end,609,940,-0.1663354604261731,lambda.min,-0.16084542559744022,0.03748700832125141,-0.23336999540259337,-0.18640391205907103,-0.16100377379337041,-0.1366991737141663,-0.0846981017905537,1000,8.240743309893662e-5,train_fit_end_to_end
Mykal Walker,Rusher,52,481,749,-0.1300639193490704,lambda.min,-0.13156264163128023,0.09095606938678684,-0.3115759291761091,-0.18793895523031456,-0.13063396268211253,-0.06998761220383137,0.04700914828200946,1000,1.039457465372263e-4,train_fit_end_to_end,413,660,-0.0378053398249497,lambda.min,-0.0374706265112171,0.01336972459787775,-0.06297190506654739,-0.04655648951783439,-0.03756695186967535,-0.02842048036587163,-0.01150838334850995,1000,8.240743309893662e-5,train_fit_end_to_end
Tashawn Bower,Rusher,41,482,750,-0.1308953683263809,lambda.min,-0.119224214902588,0.14986316833583171,-0.394747780147803,-0.22542334759276852,-0.1335185802720686,-0.0126883229065915,0.1901950221090671,1000,1.039457465372263e-4,train_fit_end_to_end,128,232,0.03896590414966953,lambda.min,0.03999377048113051,0.08098995868782267,-0.05973413663971672,-0.03098986630774159,0.03949507157629378,0.08456538121120552,0.23580126168430995,1000,8.240743309893662e-5,train_fit_end_to_end
John Simon,Rusher,32,483,753,-0.13284118716426538,lambda.min,-0.12021338690183138,0.06399352352909575,-0.23988083211249567,-0.1659334050092076,-0.1220538955437345,-0.07632671556356892,0,1000,1.039457465372263e-4,train_fit_end_to_end,311,535,-0.0163030679219366,lambda.min,-0.01401694249638609,0.01368542898927862,-0.04226173308057588,-0.02375969452294567,-0.01285495495411444,-0.00267643965538411,0.00755880969405287,1000,8.240743309893662e-5,train_fit_end_to_end
Leonard Floyd,Rusher,481,484,756,-0.13388779509333618,lambda.min,-0.13417998381260082,0.0943396982236981,-0.31616414359083567,-0.1990747621210662,-0.1338204384890379,-0.06723484768641823,0.04086701878743497,1000,1.039457465372263e-4,train_fit_end_to_end,47,56,0.17528894921870627,lambda.min,0.1687860430424265,0.16420627152172643,-0.1414328408911065,0.04817674768137013,0.17067413017109298,0.2829891718021023,0.496661462371882,1000,8.240743309893662e-5,train_fit_end_to_end
Shaq Lawson,Rusher,351,485,758,-0.1354543274532924,lambda.min,-0.13359346408112122,0.12680771014091202,-0.3944470603534021,-0.2151139063912647,-0.12973562173380232,-0.04803657028891094,0.1096497965943981,1000,1.039457465372263e-4,train_fit_end_to_end,385,629,-0.03150241153847281,lambda.min,-0.02658244175052692,0.0889375781731322,-0.17239166455582347,-0.09382412798414,-0.03821879625469146,0.02817603082773551,0.17476592144676378,1000,8.240743309893662e-5,train_fit_end_to_end
Marquis Haynes Sr.,Rusher,111,486,760,-0.1359425407130914,lambda.min,-0.13077418683669365,0.1463211404806848,-0.40756473156385514,-0.23280031653073704,-0.13678830158654334,-0.03297824535918112,0.16026428398769887,1000,1.039457465372263e-4,train_fit_end_to_end,30,33,0.22204008723684276,lambda.min,0.21901805250196124,0.16312985124740567,-0.04187980548778505,0.11218285215944276,0.2037754876363152,0.324697787694021,0.5629572399564987,1000,8.240743309893662e-5,train_fit_end_to_end
Jonathan Harris,Rusher,78,487,763,-0.138000379973736,lambda.min,-0.12446448922390543,0.08334828222778573,-0.2920757220791314,-0.1888267994287567,-0.12618139016762267,-0.06889106452258037,0.00851636187710238,1000,1.039457465372263e-4,train_fit_end_to_end,381,625,-0.03057929542841375,lambda.min,-0.02880977654950715,0.01624668462499755,-0.06398395371074182,-0.03873136639835884,-0.02812642873108763,-0.01620108575960753,0,1000,8.240743309893662e-5,train_fit_end_to_end
Shaquil Barrett,Rusher,59,488,765,-0.13846254907095346,lambda.min,-0.13882357969981318,0.13339570255758723,-0.39915711039403934,-0.2346059222534682,-0.1359586697654948,-0.05068780901455404,0.13128867563404228,1000,1.039457465372263e-4,train_fit_end_to_end,76,112,0.11258014125149648,lambda.min,0.1109391254476146,0.1122498832392495,-0.05576908963774167,0.03740927375297915,0.08607667319286384,0.1769314489073595,0.35485550397244225,1000,8.240743309893662e-5,train_fit_end_to_end
Marquel Lee,Rusher,14,489,767,-0.13992355192150133,lambda.min,-0.12842858373299837,0.07403350774665694,-0.27508457539519926,-0.1811371526679124,-0.12712851888925705,-0.07022217632328687,0,1000,1.039457465372263e-4,train_fit_end_to_end,258,472,-0.0084506358687385,lambda.min,-0.0073782394260176,0.00688726781906045,-0.02229678810136016,-0.01214887592386457,-0.00661627632055682,-0.0027427785642341,0.00392553701210791,1000,8.240743309893662e-5,train_fit_end_to_end
Terrell Lewis,Rusher,183,490,769,-0.14157729451542397,lambda.min,-0.141048570371382,0.09133925857604282,-0.32158487706972194,-0.2016346767714348,-0.14044548415150543,-0.07491461736333771,0.03478128668211183,1000,1.039457465372263e-4,train_fit_end_to_end,82,120,0.10309828778244522,lambda.min,0.10728476344694132,0.10271276708027964,-0.07946085699637451,0.03066963684874185,0.10489562269461968,0.17197461354577392,0.3171961161154245,1000,8.240743309893662e-5,train_fit_end_to_end
Adam Butler,Rusher,719,491,771,-0.14286911185254542,lambda.min,-0.14220152281801898,0.07068472455827195,-0.2952499733089912,-0.18541323889319317,-0.14052230304328003,-0.0960157176164614,-0.01322747404533378,1000,1.039457465372263e-4,train_fit_end_to_end,613,945,-0.17205182216979426,lambda.min,-0.16487610204765596,0.07033246705429647,-0.2812211218713792,-0.2158815751724582,-0.1715606442361347,-0.1217428643637366,-0.00135981518330245,1000,8.240743309893662e-5,train_fit_end_to_end
K'Lavon Chaisson,Rusher,117,492,772,-0.14456650526024167,lambda.min,-0.13957224128606743,0.094603855647208,-0.3083606635225874,-0.208104607201179,-0.14351922158357897,-0.07688930363041013,0.05791823778359467,1000,1.039457465372263e-4,train_fit_end_to_end,160,330,0.00618287980618225,lambda.min,0.00572591440293896,0.07635466512569104,-0.08784555906923253,-0.05837383873375625,0.00245267174996359,0.04298312120460869,0.20163707520209947,1000,8.240743309893662e-5,train_fit_end_to_end
Jayon Brown,Rusher,76,493,773,-0.1445701722963504,lambda.min,-0.13913720707399718,0.14828795386210303,-0.3905446138976501,-0.2405621835176226,-0.15049378861482113,-0.04885665693983707,0.17984848624378227,1000,1.039457465372263e-4,train_fit_end_to_end,452,711,-0.04984926460255174,lambda.min,-0.04648998624832896,0.02053202160852736,-0.08291802233443067,-0.06088979037813021,-0.04724059173104018,-0.03287153059241947,-0.00633168506883969,1000,8.240743309893662e-5,train_fit_end_to_end
Kyzir White,Rusher,177,494,777,-0.14691778360257043,lambda.min,-0.1398256659576084,0.10442379959242552,-0.3485969925387447,-0.21096640937718855,-0.1400359533328732,-0.06780996037581112,0.06421547110321645,1000,1.039457465372263e-4,train_fit_end_to_end,487,759,-0.06343798559652149,lambda.min,-0.06156924439494039,0.01875707408179701,-0.09979975940977884,-0.07425037640160062,-0.06153910120577925,-0.0485590107453184,-0.02499262790328051,1000,8.240743309893662e-5,train_fit_end_to_end
Andrew Van Ginkel,Rusher,327,495,778,-0.14853598190279677,lambda.min,-0.13967018826792824,0.1166231579952004,-0.36261650324201394,-0.217281029888774,-0.1379649444451478,-0.05892938712607685,0.08184065012343932,1000,1.039457465372263e-4,train_fit_end_to_end,532,822,-0.08102907855075492,lambda.min,-0.0774564298277057,0.07059550801458372,-0.18842389436153148,-0.12840563539146754,-0.08699826961062843,-0.03529525772696802,0.0888494311606043,1000,8.240743309893662e-5,train_fit_end_to_end
Brandon Williams,Rusher,613,496,779,-0.1492412131904771,lambda.min,-0.13810826436476595,0.11084684054638012,-0.3704211513091884,-0.21074041168133303,-0.132140151315033,-0.06051190937975033,0.06414622150133148,1000,1.039457465372263e-4,train_fit_end_to_end,614,950,-0.18701399662756607,lambda.min,-0.17947783971406842,0.04355639598928127,-0.2647461424442271,-0.20836233378818111,-0.18024308646377504,-0.15086743852778067,-0.09241415749976122,1000,8.240743309893662e-5,train_fit_end_to_end
Preston Smith,Rusher,425,497,781,-0.14977961561151798,lambda.min,-0.14969507919826772,0.11607892810367176,-0.3934129072579592,-0.22356003658139595,-0.1516397370692083,-0.07527645110706509,0.08235325859586325,1000,1.039457465372263e-4,train_fit_end_to_end,28,31,0.236461307983381,lambda.min,0.21783665927996385,0.15130121697560112,-0.06510875311705326,0.1103145212728826,0.2174249017582315,0.31959000199052046,0.52263150850396,1000,8.240743309893662e-5,train_fit_end_to_end
Naquan Jones,Rusher,417,498,782,-0.15285482826170488,lambda.min,-0.13785617833927594,0.0817906818942274,-0.3028561145444816,-0.19382779514742368,-0.13867519406350845,-0.08082634047867894,0.01931083943649923,1000,1.039457465372263e-4,train_fit_end_to_end,593,916,-0.1428131908674672,lambda.min,-0.14235664000205736,0.03785543752736576,-0.21685841182931545,-0.16785944538817482,-0.14346213940498742,-0.11787696352212192,-0.06582306992819723,1000,8.240743309893662e-5,train_fit_end_to_end
Derrek Tuszka,Rusher,133,499,784,-0.15343463451087327,lambda.min,-0.15824657577218826,0.13149206209430875,-0.4286480513230931,-0.24697519171663485,-0.15423000733190212,-0.06623126049131446,0.08872715546615655,1000,1.039457465372263e-4,train_fit_end_to_end,102,163,0.07318629221919112,lambda.min,0.07225541643121663,0.09715403749507616,-0.07530347700332286,0.00636497865081152,0.05863867863570221,0.1307410325283109,0.28351081376182224,1000,8.240743309893662e-5,train_fit_end_to_end
Demetrius Flannigan-Fowles,Rusher,29,500,785,-0.15431027458970936,lambda.min,-0.1420197596907436,0.09213075765655018,-0.32178518158013497,-0.20718142315338525,-0.1395994946368731,-0.07616532345305724,0.02450749345081453,1000,1.039457465372263e-4,train_fit_end_to_end,389,633,-0.03189680793425047,lambda.min,-0.02958122434068661,0.01595647055273602,-0.06213437183360356,-0.04047355299840272,-0.02866799315017947,-0.01815820823863488,-0.00181051262444622,1000,8.240743309893662e-5,train_fit_end_to_end
Blake Lynch,Rusher,64,501,787,-0.15455498492753236,lambda.min,-0.1471307872178887,0.13469282528342827,-0.40495572235724686,-0.23963416729870632,-0.15403601908157394,-0.06077508972494731,0.1337032757002966,1000,1.039457465372263e-4,train_fit_end_to_end,139,259,0.02879914387394772,lambda.min,0.02602995704911503,0.06901408023051449,-0.05914528060135107,-0.03433407919892181,0.02707183929417939,0.05966089113545572,0.19207954345657804,1000,8.240743309893662e-5,train_fit_end_to_end
Jeremiah Attaochu,Rusher,80,502,788,-0.15462600508446012,lambda.min,-0.1519661955443141,0.0971114114414312,-0.3436196053242072,-0.21602289482451081,-0.14630380517558916,-0.08638639471421378,0.03313376550351103,1000,1.039457465372263e-4,train_fit_end_to_end,426,677,-0.04106794345241177,lambda.min,-0.04056504047114985,0.01818237914190344,-0.0786301406191032,-0.05222000129170484,-0.040351266781300243,-0.02860629008851056,-0.00449423784560704,1000,8.240743309893662e-5,train_fit_end_to_end
Krys Barnes,Rusher,102,503,789,-0.15617293140355382,lambda.min,-0.15255641766505337,0.0817963981854901,-0.3088081364475701,-0.2069134909397981,-0.15126562888523043,-0.0966366651838783,0.00393178028556215,1000,1.039457465372263e-4,train_fit_end_to_end,483,753,-0.06146045388457899,lambda.min,-0.05996581024050809,0.01781045133852724,-0.09532413589992472,-0.07187046043526835,-0.05966310939286608,-0.04840819334433791,-0.02458740144981906,1000,8.240743309893662e-5,train_fit_end_to_end
Hamsah Nasirildeen,Rusher,11,504,791,-0.15818639054927944,lambda.min,-0.14348733494341245,0.109130928921773,-0.3831187162578645,-0.22171362497190267,-0.1317324216410713,-0.07285687529648723,0,1000,1.039457465372263e-4,train_fit_end_to_end,353,586,-0.02327379684937775,lambda.min,-0.02028232513106394,0.01489854770101681,-0.04918602262050867,-0.03171849310709565,-0.01992220410445124,-0.01054662917320524,0,1000,8.240743309893662e-5,train_fit_end_to_end
Harold Landry III,Rusher,554,505,792,-0.15909780130845672,lambda.min,-0.15947185925506643,0.10703219255638471,-0.3572356972810896,-0.2342035656601043,-0.16117942049963313,-0.0879884272917067,0.05669724226146629,1000,1.039457465372263e-4,train_fit_end_to_end,12,12,0.3114227508931423,lambda.min,0.29570404591493105,0.16684957206338452,-0.0434939300377184,0.1873218979155541,0.29544137500517903,0.40744226906451897,0.6132602592111194,1000,8.240743309893662e-5,train_fit_end_to_end
David Onyemata,Rusher,481,506,793,-0.16055573337860166,lambda.min,-0.1650976913154918,0.11269142802090172,-0.42374210414483526,-0.2299763973698485,-0.1597081088817494,-0.0894927910942798,0.03574593674754182,1000,1.039457465372263e-4,train_fit_end_to_end,27,30,0.23913979383727765,lambda.min,0.23028620327668956,0.19772520881941053,-0.11394257569715266,0.08405644092273208,0.2098161740047325,0.3738491782123391,0.6341570960476935,1000,8.240743309893662e-5,train_fit_end_to_end
Deatrich Wise Jr.,Rusher,446,507,794,-0.16074769866650787,lambda.min,-0.16170237809349142,0.10220158552057385,-0.35463106264308875,-0.23087169679690991,-0.16392744495225323,-0.0952219519747296,0.04253204474454052,1000,1.039457465372263e-4,train_fit_end_to_end,252,465,-0.007705422511687,lambda.min,-0.00923960744329629,0.1070367562957248,-0.1889310442082993,-0.08703611547375491,-0.0185449166699199,0.05706691278813541,0.2250937351750525,1000,8.240743309893662e-5,train_fit_end_to_end
Shy Tuttle,Rusher,597,508,795,-0.16084113301492123,lambda.min,-0.1540536608583931,0.08069605351141758,-0.3091018311791336,-0.20578914144237295,-0.1543847844542004,-0.09967235974784072,-0.00233256556936088,1000,1.039457465372263e-4,train_fit_end_to_end,615,951,-0.1873800707916001,lambda.min,-0.18220747755943523,0.04233112825608944,-0.26760329219507756,-0.21157222867591136,-0.18337094401937368,-0.15397100834238978,-0.10148496604782312,1000,8.240743309893662e-5,train_fit_end_to_end
Trent Harris,Rusher,20,509,796,-0.1618318435012008,lambda.min,-0.13217424860341667,0.11432318265641134,-0.3789967831086396,-0.19610302932006943,-0.16163632805618755,-0.02322180052588468,0,1000,1.039457465372263e-4,train_fit_end_to_end,369,609,-0.02766924528270514,lambda.min,-0.02352850690960605,0.01807827185306092,-0.05904178664453941,-0.03396649286880435,-0.02780126651825604,-0.00634066367843407,0,1000,8.240743309893662e-5,train_fit_end_to_end
Joseph Jones,Rusher,22,510,797,-0.16455427448422733,lambda.min,-0.11985431594418876,0.21843128328394917,-0.5508398577175662,-0.2792882267596965,-0.09809165920127036,0.06594910593050383,0.2494783153719226,1000,1.039457465372263e-4,train_fit_end_to_end,368,607,-0.02680612435795976,lambda.min,-0.0190836389049848,0.02652960060674101,-0.06969524476951644,-0.03821643307094496,-0.02372376527806945,0.00424525017990848,0.02145218944445512,1000,8.240743309893662e-5,train_fit_end_to_end
Michael Brockers,Rusher,745,511,798,-0.1649206212960722,lambda.min,-0.16933569131937917,0.08483386334875272,-0.33918630311133685,-0.2220038917700157,-0.1680554764838536,-0.11074623920785252,-0.01143830720555127,1000,1.039457465372263e-4,train_fit_end_to_end,611,942,-0.16696559173024025,lambda.min,-0.1595440789633538,0.06333626804286642,-0.27513053263859394,-0.20313273273477625,-0.1619030209403799,-0.12103285710742388,-0.02359092892501895,1000,8.240743309893662e-5,train_fit_end_to_end
Doug Costin,Rusher,16,512,799,-0.16602830628305215,lambda.min,-0.14689593169655565,0.14755840267861126,-0.4416901339828354,-0.20810113192358912,-0.19239520195011892,0,0,1000,1.039457465372263e-4,train_fit_end_to_end,355,589,-0.02378538308376447,lambda.min,-0.01896723533774904,0.01874565139577405,-0.055834076645037,-0.02885028075274062,-0.02686604299910749,0,0,1000,8.240743309893662e-5,train_fit_end_to_end
Lerentee Mccray,Rusher,15,513,800,-0.16678816231504984,lambda.min,-0.1637006782651977,0.08996186131751871,-0.35172474802083875,-0.222575590547975,-0.16255999287270784,-0.09594735046061945,-0.00550982598166408,1000,1.039457465372263e-4,train_fit_end_to_end,360,597,-0.02489915772589041,lambda.min,-0.0236494603418503,0.01089078763944431,-0.04452473072043819,-0.03116759566754965,-0.02354928217050346,-0.01615404620542379,-0.00272513638388046,1000,8.240743309893662e-5,train_fit_end_to_end
Bilal Nichols,Rusher,758,514,802,-0.1682219118209625,lambda.min,-0.1646848546135043,0.10065993833611137,-0.369001665395863,-0.2321695747034521,-0.1647105554203171,-0.09378483581932924,0.02008148976725873,1000,1.039457465372263e-4,train_fit_end_to_end,317,543,-0.01690861794730919,lambda.min,-0.0115513574075218,0.1219421745526717,-0.21290393673775465,-0.09796251821205836,-0.02495244143946766,0.06995980251473732,0.2553195902106871,1000,8.240743309893662e-5,train_fit_end_to_end
Jake Zimmer,Rusher,42,515,804,-0.17294050281858178,lambda.min,-0.13177192793547723,0.12220800350320889,-0.3387972968007041,-0.21482157690094625,-0.1855673455159409,0,0,1000,1.039457465372263e-4,train_fit_end_to_end,170,351,0.00415395399601607,lambda.min,0.00470693931287542,0.00599740443332006,0,0,0.00249520812406322,0.00896618037106653,0.01867654000420053,1000,8.240743309893662e-5,train_fit_end_to_end
Payton Turner,Rusher,126,516,805,-0.17580662482222653,lambda.min,-0.15766599752505422,0.1528013471318961,-0.4113451768343957,-0.2686285483196167,-0.1735539498945114,-0.04688573121796987,0.16653272319212756,1000,1.039457465372263e-4,train_fit_end_to_end,175,360,0.00273939045167343,lambda.min,0.00715878441178598,0.07133554920023083,-0.1012524655029825,-0.04943917229510695,0.00353957501219586,0.05391661077043794,0.16159090311203347,1000,8.240743309893662e-5,train_fit_end_to_end
Derrick Nnadi,Rusher,618,517,807,-0.17610473948678235,lambda.min,-0.17099884923628236,0.10469532619192348,-0.3625489190041519,-0.24306303142969451,-0.17645464912145248,-0.09973036816675496,0.03508684176705091,1000,1.039457465372263e-4,train_fit_end_to_end,136,254,0.02978042941330125,lambda.min,0.03081698814621623,0.1283816188836419,-0.1848578321281895,-0.06071350009968946,0.0191610205854347,0.1170150964255562,0.29781975706813396,1000,8.240743309893662e-5,train_fit_end_to_end
Carl Nassib,Rusher,176,518,808,-0.17637274656865454,lambda.min,-0.1833437885271249,0.15167489012445357,-0.49725654808511377,-0.2860555538841425,-0.1826702084107279,-0.07325875110491345,0.10285088358779712,1000,1.039457465372263e-4,train_fit_end_to_end,401,647,-0.03488905830130578,lambda.min,-0.03504423896504876,0.06836118786480543,-0.1300856543309949,-0.09078676138347153,-0.04516998650342795,0.00450255673923148,0.11715229202333877,1000,8.240743309893662e-5,train_fit_end_to_end
Dee Ford,Rusher,84,519,810,-0.17677159101429418,lambda.min,-0.16742985784550476,0.12358272252350506,-0.40652866175204094,-0.2493972443594507,-0.16514594545824762,-0.08937298855708253,0.07800845698563619,1000,1.039457465372263e-4,train_fit_end_to_end,132,246,0.03222654006154255,lambda.min,0.03185713819225962,0.07345224465724101,-0.05772218941364047,-0.03117479470217089,0.03298649782243049,0.06534610371850212,0.2154547819094443,1000,8.240743309893662e-5,train_fit_end_to_end
Rashod Berry,Rusher,33,520,811,-0.17750537024729848,lambda.min,-0.15698699018887283,0.15598009464338528,-0.4776715413832952,-0.2548196547290865,-0.1727050960875136,-0.01126115918851726,0.07022560813373542,1000,1.039457465372263e-4,train_fit_end_to_end,396,642,-0.03413243030748567,lambda.min,-0.03045383455702217,0.02250727471374285,-0.07675738629086226,-0.04453021091162533,-0.03331512545703943,-0.01067644450301082,0.00312606500640444,1000,8.240743309893662e-5,train_fit_end_to_end
Rashan Gary,Rusher,475,521,812,-0.17771335342993477,lambda.min,-0.16849066234285873,0.08609005383822294,-0.3348350458023987,-0.228006016421668,-0.1667093942465921,-0.1092687200890692,0.00646945920958684,1000,1.039457465372263e-4,train_fit_end_to_end,19,19,0.2628264503838204,lambda.min,0.2564859861201202,0.14298327116092402,0.00204185706425658,0.1540174509590255,0.2497536924379699,0.3556321213251528,0.5484336871660805,1000,8.240743309893662e-5,train_fit_end_to_end
Whitney Mercilus,Rusher,257,522,813,-0.1782094882700684,lambda.min,-0.17952570919884192,0.1735574049704171,-0.504989176756357,-0.296454126406124,-0.1927499923060101,-0.05821146448366445,0.16229592877068705,1000,1.039457465372263e-4,train_fit_end_to_end,92,143,0.0867800935839707,lambda.min,0.08104486140999109,0.10893654438039271,-0.11192065671303449,2.202428849955193e-4,0.07506615573150138,0.1531137403323776,0.30581443892806115,1000,8.240743309893662e-5,train_fit_end_to_end
Joe Jackson,Rusher,110,523,814,-0.17852285381261887,lambda.min,-0.17701273202863854,0.08994196110357375,-0.3636975718430667,-0.23847987806887588,-0.1711286447401082,-0.10671154068538095,-0.02491575219733621,1000,1.039457465372263e-4,train_fit_end_to_end,143,280,0.02008126879652436,lambda.min,0.02146489718772546,0.07446229635027313,-0.07934862405023035,-0.04159847990554666,0.01683614857880572,0.06228188613205545,0.19374795253711244,1000,8.240743309893662e-5,train_fit_end_to_end
James Smith-Williams,Rusher,218,524,816,-0.1789188880365359,lambda.min,-0.1693830249975053,0.12737662798880472,-0.40140203203907016,-0.25957557748623084,-0.17278339101772067,-0.08515043770252134,0.0952068516217414,1000,1.039457465372263e-4,train_fit_end_to_end,440,696,-0.0443639124980574,lambda.min,-0.03904829871313815,0.05586347905655887,-0.1285744362651898,-0.08301006173187678,-0.0451449300461176,-0.00180812685542892,0.07973576932520983,1000,8.240743309893662e-5,train_fit_end_to_end
Bunmi Rotimi,Rusher,99,525,823,-0.18448407880316797,lambda.min,-0.1615552666674662,0.1404653408574399,-0.40751972134131287,-0.26386749871262494,-0.1738013039397977,-0.06418445562169534,0.13621576509236794,1000,1.039457465372263e-4,train_fit_end_to_end,171,352,0.00400661334058028,lambda.min,0.00584997550589732,0.07912826416998377,-0.10117458166077772,-0.06065609655832502,-0.00222925236708133,0.05316089758918479,0.18292855014946768,1000,8.240743309893662e-5,train_fit_end_to_end
Carl Granderson,Rusher,314,526,824,-0.1851863505199335,lambda.min,-0.18426511427326336,0.10769614041263537,-0.41832703365767326,-0.25283238391344265,-0.1744741833978788,-0.11100007672392054,0.00654721900741732,1000,1.039457465372263e-4,train_fit_end_to_end,328,557,-0.01858596765083769,lambda.min,-0.01846834438898658,0.07970394246901313,-0.14870449650163603,-0.07799148135538492,-0.02860564057342933,0.03262239955224734,0.15141369778779992,1000,8.240743309893662e-5,train_fit_end_to_end
Uchenna Nwosu,Rusher,423,527,825,-0.1869175714709211,lambda.min,-0.1907084990509118,0.11396313579110907,-0.4005322343005833,-0.2680351860706135,-0.1916612383490402,-0.11237430859484508,0.02833101766444484,1000,1.039457465372263e-4,train_fit_end_to_end,109,177,0.0678658278809874,lambda.min,0.06816459141463772,0.1319004528317681,-0.15112867611601744,-0.03135835254739518,0.05427433360112475,0.1560215442719549,0.3398420901244373,1000,8.240743309893662e-5,train_fit_end_to_end
Jessie Lemonier,Rusher,111,528,826,-0.18722474444150913,lambda.min,-0.1680691215641213,0.11194428971864412,-0.3713990064385092,-0.24727937107058515,-0.17718031311302218,-0.09638330712887053,0.07328427321020622,1000,1.039457465372263e-4,train_fit_end_to_end,55,71,0.1488888813763965,lambda.min,0.14861936199320797,0.14871654181072658,-0.06247066970358923,0.02603885565037579,0.13143756139472262,0.25587578357835794,0.4731252292383152,1000,8.240743309893662e-5,train_fit_end_to_end
Jordan Willis,Rusher,127,529,827,-0.1876321109808809,lambda.min,-0.17514584247056428,0.07623959093913071,-0.3212342562079851,-0.2273538636261746,-0.17786472259078728,-0.13003698994819013,-0.01444372326156882,1000,1.039457465372263e-4,train_fit_end_to_end,99,160,0.07514902315799275,lambda.min,0.08058516231438495,0.09843489084417356,-0.0745545246500013,0.01152190580419131,0.06667164477785596,0.14350035781016468,0.2949490078095745,1000,8.240743309893662e-5,train_fit_end_to_end
Troy Dye,Rusher,19,530,828,-0.18802667980990603,lambda.min,-0.17166298578168274,0.11862473531499214,-0.4245027135788359,-0.24034261322110193,-0.16763066110292507,-0.07730487060454216,0,1000,1.039457465372263e-4,train_fit_end_to_end,377,620,-0.02937365366239604,lambda.min,-0.0262643430962848,0.01774263334460226,-0.06185942886814284,-0.03839320519109487,-0.02595213724287554,-0.0127157559004563,0,1000,8.240743309893662e-5,train_fit_end_to_end
Dayo Odeyingbo,Rusher,202,531,830,-0.18915973667788497,lambda.min,-0.18097244327075016,0.1428875830970728,-0.47707483043662485,-0.27110329409895845,-0.18358582592814057,-0.0893567278001392,0.10900275150691216,1000,1.039457465372263e-4,train_fit_end_to_end,523,811,-0.07742880266268064,lambda.min,-0.07832649453657606,0.03018428338437561,-0.140565878073493,-0.09801389470164222,-0.07841027984726104,-0.05911684909537086,-0.01868629501806995,1000,8.240743309893662e-5,train_fit_end_to_end
Carlos Davis,Rusher,63,532,832,-0.1903038845929135,lambda.min,-0.17359690122294322,0.10477943315380545,-0.40197043638172697,-0.23575171879991197,-0.17059151249649293,-0.0906018433449602,0,1000,1.039457465372263e-4,train_fit_end_to_end,434,687,-0.04346254502194913,lambda.min,-0.04184208545041124,0.02046987886752579,-0.08147397953287623,-0.05514204583595656,-0.04219514974487122,-0.02834226971445818,0,1000,8.240743309893662e-5,train_fit_end_to_end
Jacob Tuioti-Mariner,Rusher,34,533,833,-0.1918727350099793,lambda.min,-0.18256759777583137,0.10484791173771132,-0.3814683094073168,-0.25862460226479866,-0.18257347491839543,-0.10359365823223654,0.01575572358139746,1000,1.039457465372263e-4,train_fit_end_to_end,80,118,0.10564678595259223,lambda.min,0.10918103663037236,0.10594925446474428,-0.03977144720821837,0.04370189445122445,0.08053458923563803,0.15931379696100634,0.3544105114177738,1000,8.240743309893662e-5,train_fit_end_to_end
Kingsley Keke,Rusher,434,534,835,-0.19264824608508652,lambda.min,-0.19645255691286673,0.1485482405909654,-0.510911576565267,-0.2887651759440145,-0.19176300238080105,-0.0986067756894508,0.07239030719039936,1000,1.039457465372263e-4,train_fit_end_to_end,96,156,0.0766305324642925,lambda.min,0.0659829910249058,0.17308911744362795,-0.1875621902713054,-0.08169947732267059,0.04995758849154261,0.1842601545791017,0.427855066026407,1000,8.240743309893662e-5,train_fit_end_to_end
Kyle Phillips,Rusher,163,535,836,-0.1930461159007865,lambda.min,-0.19053058720021163,0.16874645669707566,-0.5357454917731685,-0.30698114844806906,-0.18191866062789183,-0.06823519748597097,0.12129448749531084,1000,1.039457465372263e-4,train_fit_end_to_end,264,480,-0.00869973411691999,lambda.min,-0.00840041728164206,0.06731734445177713,-0.10717853689732958,-0.05973566040737786,-0.01656917261638285,0.02999260202564471,0.1507619384995595,1000,8.240743309893662e-5,train_fit_end_to_end
Jordan Phillips,Rusher,349,536,837,-0.19424887721070205,lambda.min,-0.19165155067835143,0.1087803298723045,-0.4248549529440603,-0.2578632126128973,-0.18829001510320836,-0.11728188166728425,0.01023464640743975,1000,1.039457465372263e-4,train_fit_end_to_end,63,90,0.1261681010694067,lambda.min,0.12204929964026438,0.1401180002586395,-0.10587355996444588,0.01810007484544897,0.11050821099256876,0.21364940840979768,0.4288992099659089,1000,8.240743309893662e-5,train_fit_end_to_end
Dakota Allen,Rusher,13,537,838,-0.1943515024424886,lambda.min,-0.1878181664341492,0.1183668482691077,-0.4276775893014582,-0.27502598823097335,-0.18081398574257673,-0.11314356027418128,0,1000,1.039457465372263e-4,train_fit_end_to_end,372,612,-0.02812727534716153,lambda.min,-0.02478378305033275,0.01491041575266376,-0.05466153486044156,-0.03494855379893719,-0.02400100948043598,-0.01074856711215153,0,1000,8.240743309893662e-5,train_fit_end_to_end
Da'Shawn Hand,Rusher,94,538,841,-0.19635480049651732,lambda.min,-0.17010274763581396,0.15087965444441823,-0.4151425794357299,-0.2815204547338675,-0.18897899770665372,-0.07991866450513578,0.12828669761392592,1000,1.039457465372263e-4,train_fit_end_to_end,467,732,-0.05639025310219368,lambda.min,-0.05008258156912609,0.03354766669266995,-0.11526755739695278,-0.07455840699172991,-0.05096694719408382,-0.02649530390113025,0,1000,8.240743309893662e-5,train_fit_end_to_end
Dante Fowler Jr.,Rusher,313,539,843,-0.19786401053968877,lambda.min,-0.20579742849459973,0.1197608785157614,-0.426395731955304,-0.2859003788882007,-0.20864548894786628,-0.12593209735839084,0.03960367882567657,1000,1.039457465372263e-4,train_fit_end_to_end,147,293,0.01574191941198566,lambda.min,0.01532500897397782,0.07887417382228029,-0.11800475456343518,-0.03964037050584346,0.00673738848396636,0.06555465012617936,0.18903020230861717,1000,8.240743309893662e-5,train_fit_end_to_end
Jerome Baker,Rusher,279,540,844,-0.198683621346719,lambda.min,-0.1902326604010698,0.10756266169436078,-0.39471782760225754,-0.26489854601720114,-0.1932801183467993,-0.1147612778929036,0.02434941263905402,1000,1.039457465372263e-4,train_fit_end_to_end,156,323,0.0071969585939166,lambda.min,0.00530121355863859,0.1302960918708167,-0.15874403421181893,-0.10208877827578704,-0.00465418515213295,0.06788713879083866,0.31964108495595484,1000,8.240743309893662e-5,train_fit_end_to_end
Kaden Elliss,Rusher,51,541,847,-0.19945217832036813,lambda.min,-0.18968398226045585,0.1147342958038698,-0.39539373104468073,-0.27041860744793533,-0.1962893557458633,-0.1193142436850911,0.0654052203933147,1000,1.039457465372263e-4,train_fit_end_to_end,394,640,-0.03355403337273258,lambda.min,-0.0312136707048486,0.01532706510474923,-0.05890294803837236,-0.04159854869805905,-0.031919288411569,-0.02081922320223565,-2.818071181317526e-6,1000,8.240743309893662e-5,train_fit_end_to_end
Aaron Patrick,Rusher,42,542,848,-0.1996834858311289,lambda.min,-0.16648524271866336,0.14907763001045213,-0.450834558952216,-0.27300117590321005,-0.18647030341343357,-0.03846409423190243,0.07205103893581512,1000,1.039457465372263e-4,train_fit_end_to_end,292,515,-0.01305100391464093,lambda.min,-0.00998221198514611,0.00847485227108202,-0.02744143411322601,-0.01512791350957775,-0.01017632734811565,-0.00459593363405798,0.00639594764554867,1000,8.240743309893662e-5,train_fit_end_to_end
Bradley Chubb,Rusher,195,543,850,-0.2006243220602947,lambda.min,-0.1870383291289508,0.13898369723813694,-0.4544496244525679,-0.2851013805008622,-0.1815704549183152,-0.08752936842837784,0.08330939333535489,1000,1.039457465372263e-4,train_fit_end_to_end,291,514,-0.01234708484799522,lambda.min,-0.00984515633054905,0.0702716002270235,-0.1170344850226191,-0.06340677419652543,-0.01978928370387951,0.03386098088125017,0.15200195470996347,1000,8.240743309893662e-5,train_fit_end_to_end
Shelby Harris,Rusher,717,544,851,-0.20494414999076305,lambda.min,-0.19953475417733124,0.07952610975348147,-0.33935334935610684,-0.2515070544911515,-0.20455255229291353,-0.15063072085693335,-0.04011295346313784,1000,1.039457465372263e-4,train_fit_end_to_end,15,15,0.290863836150246,lambda.min,0.28327862124824177,0.170565129281302,-0.05303589652654619,0.16235549319140494,0.28087811890029357,0.39818577129836863,0.6139854509213505,1000,8.240743309893662e-5,train_fit_end_to_end
Stephen Weatherly,Rusher,256,545,852,-0.208031838617889,lambda.min,-0.1981146772729296,0.1110624728050469,-0.4118151336710142,-0.2703765236699591,-0.20107548356794447,-0.12378071963069168,0.03048651661206114,1000,1.039457465372263e-4,train_fit_end_to_end,386,630,-0.03152528052411337,lambda.min,-0.02599930846395988,0.06684390719208175,-0.13034916348875225,-0.07695339887694708,-0.03339875085463024,0.01490017991044973,0.12950474165388356,1000,8.240743309893662e-5,train_fit_end_to_end
Josh Uche,Rusher,150,546,853,-0.21303280033861588,lambda.min,-0.20310511139287304,0.09113235166189078,-0.38591351343431146,-0.2658328594467172,-0.2018014999085394,-0.13712053675117936,-0.03314726548825778,1000,1.039457465372263e-4,train_fit_end_to_end,38,44,0.19663217400372976,lambda.min,0.19125218846460448,0.20335279786846153,-0.07212876697011934,0.02215031971050599,0.1844918028345696,0.3134091233062264,0.6627723110344609,1000,8.240743309893662e-5,train_fit_end_to_end
Christian Covington,Rusher,586,547,854,-0.21371118216990304,lambda.min,-0.2177005551066764,0.110215992713335,-0.42839735056460226,-0.2937365777440661,-0.2189648329099721,-0.14234262694491634,0.00427454258384901,1000,1.039457465372263e-4,train_fit_end_to_end,93,149,0.08203076092890728,lambda.min,0.08756409110340051,0.18758030373094356,-0.2086168097264007,-0.0546738562650188,0.07342328596747293,0.20841551231176025,0.48404360953805114,1000,8.240743309893662e-5,train_fit_end_to_end
Sam Hubbard,Rusher,579,548,856,-0.2150195450372624,lambda.min,-0.2122333921719936,0.10173693329328665,-0.424766601113431,-0.27949533661079273,-0.2058869200341425,-0.14055157095251097,-0.03034949398880542,1000,1.039457465372263e-4,train_fit_end_to_end,78,114,0.11073602812787156,lambda.min,0.1058362897465016,0.12983923170888084,-0.1332821953289881,0.01264656969554531,0.09820310827485831,0.19472333927998223,0.36691180860773515,1000,8.240743309893662e-5,train_fit_end_to_end
Arden Key,Rusher,332,549,857,-0.2162246770888216,lambda.min,-0.21640000788858255,0.11354314717231376,-0.45079797265826,-0.2928870131459168,-0.21450486518535555,-0.13678283641532327,0.01132659442906436,1000,1.039457465372263e-4,train_fit_end_to_end,52,68,0.1580477736573828,lambda.min,0.15400405812107368,0.1465243381677752,-0.11009321305647551,0.04983604741753718,0.13709672314196947,0.2520919149679937,0.468080813031215,1000,8.240743309893662e-5,train_fit_end_to_end
Dont'A Hightower,Rusher,225,550,858,-0.21629793147157772,lambda.min,-0.20485142245440485,0.17677890569670446,-0.5679040006067708,-0.31439803878334227,-0.2011476152228483,-0.08160732408975425,0.12583988095291784,1000,1.039457465372263e-4,train_fit_end_to_end,571,879,-0.11321351708456234,lambda.min,-0.11080474955952042,0.02788405292598523,-0.1659403702306385,-0.12877403382340874,-0.11202471378255152,-0.09309561801963986,-0.05241301315916054,1000,8.240743309893662e-5,train_fit_end_to_end
Malik Jackson,Rusher,810,551,859,-0.21687485774154985,lambda.min,-0.20530712182457447,0.0965914394144958,-0.3762021723163202,-0.2716442067519308,-0.20770313171120375,-0.14510550342280307,0.00405967557985338,1000,1.039457465372263e-4,train_fit_end_to_end,590,911,-0.13478276093977765,lambda.min,-0.13602049297998692,0.11267701622985768,-0.29854603040806865,-0.22365600854379375,-0.15416666912420277,-0.06528961920345194,0.13122817898686429,1000,8.240743309893662e-5,train_fit_end_to_end
Jonathon Cooper,Rusher,289,552,860,-0.21748454783477936,lambda.min,-0.22198599848284667,0.132802988291579,-0.47022154298255053,-0.3125384314140788,-0.22784691140059077,-0.13519620516134925,0.05926206184147303,1000,1.039457465372263e-4,train_fit_end_to_end,158,325,0.00678256064106494,lambda.min,-0.00257320073405908,0.12077120033661166,-0.15941770764530855,-0.10471055346716152,-0.00736697798906865,0.06645205693762168,0.272427027440397,1000,8.240743309893662e-5,train_fit_end_to_end
Porter Gustin,Rusher,98,553,861,-0.2186961483665445,lambda.min,-0.21346717412945593,0.11834075793881171,-0.4465126466437449,-0.29600992511619917,-0.21568651978209652,-0.13324473789870656,0.0030496363258871,1000,1.039457465372263e-4,train_fit_end_to_end,473,738,-0.05731955548030572,lambda.min,-0.05427004516223122,0.02290164307295825,-0.09745321002382536,-0.06991221934176522,-0.05379831049932596,-0.03848986982311005,-0.00763353984917037,1000,8.240743309893662e-5,train_fit_end_to_end
Benson Mayowa,Rusher,222,554,864,-0.22620096140313756,lambda.min,-0.22663952926486697,0.1506100452364756,-0.517969810983515,-0.33058356982827247,-0.23056735844390336,-0.1213510400642144,0.07097464587910893,1000,1.039457465372263e-4,train_fit_end_to_end,148,296,0.01429680579951357,lambda.min,0.01367557478567568,0.08676161995403221,-0.12833441587890335,-0.04789710200912946,0.00526252751247748,0.06751466486580333,0.20088353497046013,1000,8.240743309893662e-5,train_fit_end_to_end
Marlon Tuipulotu,Rusher,56,555,866,-0.2285680862629776,lambda.min,-0.20602808580506216,0.15488588522445887,-0.4979639800734882,-0.3169137865392301,-0.1973909539694184,-0.08520356297475397,0.0566554863405962,1000,1.039457465372263e-4,train_fit_end_to_end,429,681,-0.04232424883529158,lambda.min,-0.04057221435916568,0.02067409484226602,-0.08013381845699989,-0.0548315087942888,-0.04105507837290481,-0.02626043547538317,-0.00311815234923507,1000,8.240743309893662e-5,train_fit_end_to_end
Steven Means,Rusher,386,556,867,-0.229195949224671,lambda.min,-0.22320201215341293,0.1350994257957336,-0.4769350712339037,-0.3151755054587057,-0.22458604674241545,-0.1347577226430377,0.03969508647322753,1000,1.039457465372263e-4,train_fit_end_to_end,603,933,-0.15600693344181293,lambda.min,-0.1524948563059186,0.03872376777148124,-0.22501326731307217,-0.17762669894704194,-0.1529302548902514,-0.12958874837151196,-0.07222611120573279,1000,8.240743309893662e-5,train_fit_end_to_end
Jaylon Smith,Rusher,73,557,869,-0.2344618519050759,lambda.min,-0.2363545599586696,0.0984456006794916,-0.4448750530812824,-0.30043683011294825,-0.23443705055702416,-0.16984236455285473,-0.04745677986620603,1000,1.039457465372263e-4,train_fit_end_to_end,465,730,-0.05615933576740919,lambda.min,-0.05537730758849787,0.01740623973410866,-0.08665097466073095,-0.06774959457508406,-0.05558811163141333,-0.04324578018984466,-0.01965310151329677,1000,8.240743309893662e-5,train_fit_end_to_end
Ben Banogu,Rusher,57,558,871,-0.23979869919114977,lambda.min,-0.2330655125575657,0.12058045017576367,-0.4547702773500156,-0.3184189572959775,-0.2329098448416867,-0.15281946490433407,0.0012372465237255,1000,1.039457465372263e-4,train_fit_end_to_end,451,709,-0.04935470306964742,lambda.min,-0.04626993008182195,0.01621680292709298,-0.0764350406775446,-0.05788608211925579,-0.0465431483412714,-0.03601333312704312,-0.01325407418266595,1000,8.240743309893662e-5,train_fit_end_to_end
Kemoko Turay,Rusher,186,559,872,-0.24014877722273095,lambda.min,-0.2458621045365966,0.1413728466388296,-0.5098756230541293,-0.3483978922620888,-0.24689096695337137,-0.1455051926835797,0.03443726016302286,1000,1.039457465372263e-4,train_fit_end_to_end,45,52,0.1879780307798516,lambda.min,0.18180698403986809,0.17452033791674318,-0.07721355716223344,0.07902992796279595,0.15828947490300932,0.28142596523489893,0.5406381767302656,1000,8.240743309893662e-5,train_fit_end_to_end
Demone Harris,Rusher,47,560,873,-0.24016344815500487,lambda.min,-0.21523903665399977,0.10914874281137411,-0.4092682804794951,-0.29351981610834743,-0.2208197109518245,-0.13349805382682314,0,1000,1.039457465372263e-4,train_fit_end_to_end,392,638,-0.03291256944171982,lambda.min,-0.03078030697205053,0.01538113399996748,-0.05878651498453633,-0.04154678215716202,-0.03141462883210916,-0.02032630308789508,0,1000,8.240743309893662e-5,train_fit_end_to_end
Cameron Jordan,Rusher,588,561,874,-0.24039649593544177,lambda.min,-0.25498469327029655,0.09832373674270568,-0.4602881854403457,-0.31799035685721766,-0.24971480325589415,-0.1869044866803198,-0.08126093595421563,1000,1.039457465372263e-4,train_fit_end_to_end,49,63,0.1672731644289122,lambda.min,0.17310704889744224,0.11593627287280112,-0.04061289770345577,0.091404966207022,0.17449680130601758,0.25207558839961275,0.3977961156280475,1000,8.240743309893662e-5,train_fit_end_to_end
Henry Mondeaux,Rusher,278,562,875,-0.24220958024308784,lambda.min,-0.2346825070301978,0.12118268806430987,-0.447175340963598,-0.32407543969759606,-0.24065815241941055,-0.15420548071867435,0.01265740280854664,1000,1.039457465372263e-4,train_fit_end_to_end,174,357,0.00295319181877424,lambda.min,0.00413594958397984,0.09297604171424052,-0.14242879879246728,-0.06761411130682987,-0.00580157666300846,0.06538071258124059,0.19264273096703177,1000,8.240743309893662e-5,train_fit_end_to_end
Derek Rivers,Rusher,108,563,877,-0.24351162500646464,lambda.min,-0.22177706418186977,0.10011432697944478,-0.4126398762351622,-0.29011886834187595,-0.22154811626655976,-0.15986714693900805,-0.0201878293706145,1000,1.039457465372263e-4,train_fit_end_to_end,197,398,-0.00132697115333077,lambda.min,0.0052583836459223704,0.06895914543072966,-0.09047759224161651,-0.0488396656671755,-0.00137328048348791,0.04137979107931426,0.17322181699690348,1000,8.240743309893662e-5,train_fit_end_to_end
Bobby Okereke,Rusher,209,564,878,-0.24526216824782637,lambda.min,-0.24371261518270976,0.1250491641188565,-0.4971215687489078,-0.32575150140252196,-0.243926951434254,-0.16134174797029277,0.01293348211080461,1000,1.039457465372263e-4,train_fit_end_to_end,562,869,-0.10646049271353054,lambda.min,-0.104202123764532,0.02258014363278745,-0.14748797763890217,-0.1196297462402882,-0.1050896933787482,-0.08924148525252715,-0.05710396567764623,1000,8.240743309893662e-5,train_fit_end_to_end
Zach Allen,Rusher,686,565,880,-0.24645281264511704,lambda.min,-0.24405821136711453,0.06428363635180397,-0.3645915801544971,-0.28884814357822103,-0.2457553544335392,-0.1980444657990001,-0.1214305982185568,1000,1.039457465372263e-4,train_fit_end_to_end,255,469,-0.0079505817114264,lambda.min,-0.01154352891552137,0.12473815599721208,-0.21407514133879765,-0.10585814964158294,-0.01707030351375462,0.0697364231318983,0.25525198431528984,1000,8.240743309893662e-5,train_fit_end_to_end
Melvin Ingram,Rusher,401,566,881,-0.24686612570192384,lambda.min,-0.24255518197712436,0.11607285256139936,-0.46943082582114726,-0.32251511234630426,-0.2434864035203416,-0.1656734918749771,-0.01849693867854846,1000,1.039457465372263e-4,train_fit_end_to_end,559,863,-0.10373858751716994,lambda.min,-0.10295915466025964,0.06046273508202828,-0.2058119302364099,-0.14705843483517486,-0.10994573951145575,-0.0589722225075669,0.02754516554638644,1000,8.240743309893662e-5,train_fit_end_to_end
Tanoh Kpassagnon,Rusher,220,567,884,-0.249997874344972,lambda.min,-0.22160905261978883,0.1433865463676071,-0.4655484443827401,-0.32663708015633963,-0.2345694304842247,-0.1288807154150356,0.07903539432892875,1000,1.039457465372263e-4,train_fit_end_to_end,46,54,0.17871994879695918,lambda.min,0.1734099092094473,0.14003850714268912,-0.06542305918292032,0.07221965969898518,0.168367701984902,0.2606110542013993,0.4696678291324856,1000,8.240743309893662e-5,train_fit_end_to_end
Quincy Roche,Rusher,200,568,885,-0.2505714898708594,lambda.min,-0.23809409671096313,0.10240650346393182,-0.4297830065983952,-0.30697002327653694,-0.24100369682784945,-0.17085007348094486,-0.02918527009890962,1000,1.039457465372263e-4,train_fit_end_to_end,56,72,0.14825527829415364,lambda.min,0.14475674889434004,0.13615134023349676,-0.07802431170003082,0.04214488824388181,0.1335817433484094,0.2348890910148031,0.432160878771392,1000,8.240743309893662e-5,train_fit_end_to_end
Jarrad Davis,Rusher,45,569,886,-0.25190991581177785,lambda.min,-0.23879498141401775,0.1143988659678706,-0.46774872344891666,-0.3125578893782364,-0.2336317440127212,-0.15794141841132364,-0.02703218967154781,1000,1.039457465372263e-4,train_fit_end_to_end,400,646,-0.03480253885861198,lambda.min,-0.03293081208638641,0.01349784879368746,-0.05935990750307929,-0.04205737064151736,-0.03199073224220302,-0.02422398829842718,-0.00767696270054396,1000,8.240743309893662e-5,train_fit_end_to_end
Arik Armstead,Rusher,989,570,887,-0.2534291897628632,lambda.min,-0.25576634562157624,0.09356573114882023,-0.45539784574182335,-0.3154813794067083,-0.2546535719584264,-0.18674665525337128,-0.08783809699268036,1000,1.039457465372263e-4,train_fit_end_to_end,51,67,0.15882129678983925,lambda.min,0.1398742144703693,0.1657741423444837,-0.17865908888169946,0.02312523964402735,0.14395873622244815,0.25431734104019765,0.4618840965542438,1000,8.240743309893662e-5,train_fit_end_to_end
Taco Charlton,Rusher,136,571,888,-0.2578944459977035,lambda.min,-0.2451327427368115,0.15150638769035277,-0.5384661189824191,-0.34895078372107824,-0.24969205424992869,-0.13673796977056757,0.03747086477214804,1000,1.039457465372263e-4,train_fit_end_to_end,502,779,-0.06731004057339697,lambda.min,-0.06360207913952563,0.03053139740062465,-0.11983465573723114,-0.08504490945189372,-0.06381253684716934,-0.04246861281761113,-0.00282107196677524,1000,8.240743309893662e-5,train_fit_end_to_end
Boogie Basham,Rusher,115,572,889,-0.25804449678303176,lambda.min,-0.24679292262309815,0.22039064209237116,-0.6696881033248947,-0.393203682230014,-0.2476382767090548,-0.08890620147883366,0.1706126563930618,1000,1.039457465372263e-4,train_fit_end_to_end,95,153,0.07953006445091487,lambda.min,0.07581214810193695,0.08749734322891994,-0.07405792541589064,0.01112258001510574,0.06728127012210341,0.13229881902228385,0.268192097219483,1000,8.240743309893662e-5,train_fit_end_to_end
Trey Flowers,Rusher,209,573,890,-0.2582285932865433,lambda.min,-0.2495637879309723,0.1199923343435033,-0.4908433739006415,-0.33377837366687346,-0.2442607728030444,-0.16977276598531377,-0.0275305584855109,1000,1.039457465372263e-4,train_fit_end_to_end,207,412,-0.00238819654926037,lambda.min,-2.4499215968045086e-4,0.06178325119627786,-0.10363055938192411,-0.04620566448586329,-0.00566048067128999,0.03660742077117669,0.12960439530503937,1000,8.240743309893662e-5,train_fit_end_to_end
Kerry Hyder Jr.,Rusher,578,574,894,-0.26078718755330516,lambda.min,-0.2585133744201715,0.11363059165603737,-0.4813149157574566,-0.33224515459909787,-0.26187870697604376,-0.1839176466842182,-0.0296619252361235,1000,1.039457465372263e-4,train_fit_end_to_end,527,815,-0.078637707920574,lambda.min,-0.07299986142140012,0.0887276962842614,-0.2232552141143089,-0.13671027533810337,-0.08167378316490609,-0.01299724883164522,0.11813388149693588,1000,8.240743309893662e-5,train_fit_end_to_end
Azeez Ojulari,Rusher,441,575,895,-0.2619658770409052,lambda.min,-0.23923902126675073,0.14096568291371706,-0.5243354616060537,-0.33158400740294336,-0.236960315601044,-0.1454157050826027,0.013850566279521,1000,1.039457465372263e-4,train_fit_end_to_end,66,97,0.12266153591314671,lambda.min,0.11995316463563536,0.1366373835535153,-0.13116080024315582,0.01631190651795954,0.11383945577740356,0.2088722916168898,0.4106778650457271,1000,8.240743309893662e-5,train_fit_end_to_end
Jaelan Phillips,Rusher,423,576,896,-0.2634282456414791,lambda.min,-0.26483972039815956,0.12567143481318163,-0.5119522434273823,-0.34839972754245085,-0.26042274872423765,-0.1818434587632708,-0.02338191212890429,1000,1.039457465372263e-4,train_fit_end_to_end,6,6,0.4290516978928555,lambda.min,0.404798517601697,0.2947912853703886,-0.08329733780708407,0.15951084984726824,0.407189676827555,0.620277988070608,0.9922479118508868,1000,8.240743309893662e-5,train_fit_end_to_end
Deshawn Williams,Rusher,475,577,897,-0.264936976089769,lambda.min,-0.2568257025406916,0.10459114608946876,-0.4556371318535152,-0.33065509081428474,-0.25882906630352576,-0.18427580014213296,-0.05022705093589481,1000,1.039457465372263e-4,train_fit_end_to_end,597,922,-0.14402445432516914,lambda.min,-0.14113673265987625,0.03694984970366302,-0.2130246497142805,-0.16530747136460827,-0.14142647174028758,-0.11636071657861692,-0.06829455323015934,1000,8.240743309893662e-5,train_fit_end_to_end
Baron Browning,Rusher,120,578,898,-0.2680231366676834,lambda.min,-0.25560264377717223,0.08958875812837565,-0.4263407990255409,-0.3125272324215609,-0.2571111973530126,-0.19857985202847217,-0.07112440705120364,1000,1.039457465372263e-4,train_fit_end_to_end,518,804,-0.07574969448680763,lambda.min,-0.07400666475131876,0.02185018311947171,-0.1162346341656385,-0.08940317796990725,-0.07436230963136167,-0.05996781019233218,-0.02830014351335762,1000,8.240743309893662e-5,train_fit_end_to_end
Pernell Mcphee,Rusher,189,579,900,-0.2703917903211012,lambda.min,-0.2534312135839028,0.08819613125295699,-0.43170179101165185,-0.3078048175229552,-0.25390533749440314,-0.19852946241318675,-0.08051075209883828,1000,1.039457465372263e-4,train_fit_end_to_end,554,855,-0.09785077231734488,lambda.min,-0.09350302009236512,0.02782799817768572,-0.14829484403615048,-0.11238895853990828,-0.09351385338018386,-0.07458226282421443,-0.0395214463247991,1000,8.240743309893662e-5,train_fit_end_to_end
Anthony Nelson,Rusher,30,580,901,-0.2709307989472974,lambda.min,-0.2553107390792663,0.10811091364493844,-0.4778575618810023,-0.32885973778237343,-0.25074378853343154,-0.18448059533577965,-0.05048272774584429,1000,1.039457465372263e-4,train_fit_end_to_end,438,693,-0.04400951631855016,lambda.min,-0.04261740399646591,0.01462539803941261,-0.07184954345129653,-0.05250844005255678,-0.04271615468024822,-0.03216451678944386,-0.01523613353017967,1000,8.240743309893662e-5,train_fit_end_to_end
Ola Adeniyi,Rusher,152,581,903,-0.2755506491646305,lambda.min,-0.2679405699688424,0.11796119610509608,-0.4830152069084873,-0.3541288299075914,-0.2745380663223085,-0.1897219996711292,-0.01637523468102232,1000,1.039457465372263e-4,train_fit_end_to_end,157,324,0.00698188159283526,lambda.min,0.00539913877596904,0.05682105120203717,-0.07805779534697624,-0.03714277651086242,-0.00359569566601063,0.03665935723770089,0.13589615766736754,1000,8.240743309893662e-5,train_fit_end_to_end
Sheldon Richardson,Rusher,724,582,904,-0.2768516982535339,lambda.min,-0.2756094838038195,0.12331672258715896,-0.527873222264388,-0.3584709837939658,-0.27050167952095183,-0.19207102915249816,-0.03338634852823174,1000,1.039457465372263e-4,train_fit_end_to_end,601,930,-0.1530068549803413,lambda.min,-0.14907960308941834,0.07171695207292215,-0.2701711511695939,-0.20062043801600163,-0.1570017467900457,-0.1046180359142325,-0.00526175707433095,1000,8.240743309893662e-5,train_fit_end_to_end
Jonathan Garvin,Rusher,263,583,905,-0.27789752195156403,lambda.min,-0.2761520453114742,0.13535268897099095,-0.5136997337779982,-0.3725696826641979,-0.28405458292765173,-0.19086140258377057,0.01942720392842025,1000,1.039457465372263e-4,train_fit_end_to_end,485,755,-0.06164743452821904,lambda.min,-0.06086499420265241,0.064252897917984525,-0.1642995383135462,-0.1095466022241012,-0.06838682494687666,-0.02066038062889234,0.07952035556077619,1000,8.240743309893662e-5,train_fit_end_to_end
Leighton Vander Esch,Rusher,173,584,907,-0.28036377919753697,lambda.min,-0.2940801004490154,0.16046553406077588,-0.6207913445327292,-0.40465054344919527,-0.2893915507304583,-0.17877803083007365,-0.00525083525103641,1000,1.039457465372263e-4,train_fit_end_to_end,481,750,-0.06009782929360886,lambda.min,-0.06004442584379079,0.02818432892932662,-0.11157288961085206,-0.07927371188178779,-0.06105023061692213,-0.04143596540015158,-0.00166609709724841,1000,8.240743309893662e-5,train_fit_end_to_end
Cam Sample,Rusher,252,585,908,-0.2814788707029291,lambda.min,-0.2760356561803439,0.0907163583200984,-0.46109092335278345,-0.33371550682557066,-0.2750522295653507,-0.2178949879551602,-0.09246347469344954,1000,1.039457465372263e-4,train_fit_end_to_end,555,857,-0.09887000506722972,lambda.min,-0.0955438838349443,0.02875606930034988,-0.15127449599515336,-0.1147691977117022,-0.09538967975169518,-0.07537212683339353,-0.03977723478098604,1000,8.240743309893662e-5,train_fit_end_to_end
Alex Anzalone,Rusher,212,586,909,-0.2815767323058029,lambda.min,-0.27441122063100093,0.10776288024707818,-0.4856415368368257,-0.3467991911058568,-0.2751865089457254,-0.2040740779384986,-0.05704689360091025,1000,1.039457465372263e-4,train_fit_end_to_end,553,854,-0.0969473370890266,lambda.min,-0.0931870157992884,0.02901685418581276,-0.14918095313680765,-0.11220620026018346,-0.09345000156781624,-0.07368594004374407,-0.03538129428573697,1000,8.240743309893662e-5,train_fit_end_to_end
Chris Board,Rusher,85,587,913,-0.2886534723264513,lambda.min,-0.2713087858698291,0.1733741776240906,-0.5920056980481786,-0.3963223246799772,-0.2815065340214258,-0.16185175503166588,0.07986833776302538,1000,1.039457465372263e-4,train_fit_end_to_end,484,754,-0.0615605555286793,lambda.min,-0.05870409742120155,0.0186700128992942,-0.09245093139602574,-0.07152811663250974,-0.05961110763088212,-0.04650003823275078,-0.01904953695286321,1000,8.240743309893662e-5,train_fit_end_to_end
Marlon Davidson,Rusher,266,588,916,-0.2914071360028234,lambda.min,-0.27303484098573627,0.16884074758256667,-0.5790304993285336,-0.3784262577102403,-0.2785242034360341,-0.16034408998381997,0.07863475372054776,1000,1.039457465372263e-4,train_fit_end_to_end,556,858,-0.0990174085016766,lambda.min,-0.09492966622496182,0.02651709578530216,-0.1468532965413834,-0.11270891338568584,-0.09451772291335878,-0.07575638391879114,-0.04460398362639346,1000,8.240743309893662e-5,train_fit_end_to_end
Nick Williams,Rusher,732,589,917,-0.29165356385814695,lambda.min,-0.2910251523164692,0.10293124616163243,-0.49678838001090714,-0.36000145690372365,-0.2839604346588378,-0.2204467452107829,-0.10563951126766404,1000,1.039457465372263e-4,train_fit_end_to_end,610,941,-0.16670199852859843,lambda.min,-0.16149239312680885,0.06584175142522466,-0.2794776720664612,-0.20790198820948125,-0.1670847358624127,-0.11878066413743502,-0.02149667151880072,1000,8.240743309893662e-5,train_fit_end_to_end
Chase Winovich,Rusher,59,590,919,-0.29409605999179733,lambda.min,-0.28954989271876075,0.12397688820328932,-0.5344762307879984,-0.379539569891576,-0.29210708238684857,-0.20449814072121617,-0.03813686290312772,1000,1.039457465372263e-4,train_fit_end_to_end,459,722,-0.05360883315784923,lambda.min,-0.05236921812758135,0.01674790355865139,-0.08276878893946471,-0.06383806276607315,-0.05270125841855452,-0.04142388948809068,-0.01796139676042283,1000,8.240743309893662e-5,train_fit_end_to_end
Shamar Stephen,Rusher,474,591,920,-0.2942779843950248,lambda.min,-0.2959212844754285,0.09744386714881592,-0.49101202342732553,-0.3600800265743126,-0.29431217505549934,-0.22591248679319004,-0.1088544951724115,1000,1.039457465372263e-4,train_fit_end_to_end,604,934,-0.15645882166087066,lambda.min,-0.15372197210436808,0.03630253763479697,-0.2214877970942065,-0.17901269407901993,-0.15304636251457224,-0.12982063408705968,-0.08406858973304451,1000,8.240743309893662e-5,train_fit_end_to_end
Malcolm Koonce,Rusher,36,592,921,-0.29535408864757484,lambda.min,-0.2783405149427615,0.1258878668637659,-0.5148246097411542,-0.3650588990296813,-0.2819064418872163,-0.1885262075938856,0,1000,1.039457465372263e-4,train_fit_end_to_end,70,102,0.1187901524090386,lambda.min,0.118935662476505,0.10582975721146393,-0.03521712499048991,0.05298392268413151,0.08662681831020869,0.17130676932844363,0.3360247490394679,1000,8.240743309893662e-5,train_fit_end_to_end
Isaiahh Loudermilk,Rusher,340,593,924,-0.2992331107841313,lambda.min,-0.28698535723846064,0.11241430669549546,-0.4778306919607917,-0.36944450028446985,-0.2961256136108057,-0.21573440682127135,-0.04660907785831514,1000,1.039457465372263e-4,train_fit_end_to_end,583,898,-0.12302882419810073,lambda.min,-0.12037836269561948,0.03432253582859847,-0.1908398685872358,-0.14265672349535946,-0.11924051845138608,-0.0985266259325065,-0.05229193677713149,1000,8.240743309893662e-5,train_fit_end_to_end
Marcell Harris,Rusher,53,594,925,-0.3007610860002225,lambda.min,-0.29784652779604626,0.138607578137764,-0.5727734675549994,-0.3934269513647876,-0.29844584877700964,-0.20355425864777665,-0.02219812495034227,1000,1.039457465372263e-4,train_fit_end_to_end,424,675,-0.04075617148627503,lambda.min,-0.04014591908759694,0.01707646447896479,-0.07336755662615917,-0.05113993019406225,-0.04106890424338852,-0.02899966786910354,-0.00652563168583871,1000,8.240743309893662e-5,train_fit_end_to_end
Malik Reed,Rusher,444,595,926,-0.30234414832973394,lambda.min,-0.3041495003529795,0.10617777289082218,-0.5271200604352888,-0.3700937337770055,-0.300173354771857,-0.23315998737803895,-0.10687900234182349,1000,1.039457465372263e-4,train_fit_end_to_end,90,133,0.09474115809355424,lambda.min,0.092668319910928,0.12744350613169425,-0.14048275835311824,0.00365127507243754,0.08823973448620603,0.18603843637396067,0.3359172407270281,1000,8.240743309893662e-5,train_fit_end_to_end
Justin Ellis,Rusher,494,596,927,-0.30445161992469094,lambda.min,-0.30679809843417305,0.1087696655285712,-0.5209880822655435,-0.3771171433552293,-0.3074144382374928,-0.23000008633417895,-0.08551698886620562,1000,1.039457465372263e-4,train_fit_end_to_end,608,938,-0.16180917226083855,lambda.min,-0.1561858161359634,0.03321888677157925,-0.2238490311355255,-0.17835759918175248,-0.15704451647903583,-0.13397501774897708,-0.09054077906155368,1000,8.240743309893662e-5,train_fit_end_to_end
Ifeadi Odenigbo,Rusher,106,597,928,-0.30579658013538313,lambda.min,-0.28319361749949284,0.10325955974371633,-0.47759626299905145,-0.35511076815607423,-0.2901980531018765,-0.21405512155323703,-0.06223550947823175,1000,1.039457465372263e-4,train_fit_end_to_end,514,797,-0.07379982673406002,lambda.min,-0.0707416067973321,0.02277623509742593,-0.11677332178680128,-0.08572722866421616,-0.07006155035237463,-0.05506459053668848,-0.02681316205598871,1000,8.240743309893662e-5,train_fit_end_to_end
Bruce Irvin,Rusher,120,598,929,-0.3061412775461501,lambda.min,-0.29329188626018476,0.1777120099250563,-0.6354307618194953,-0.41717116615249983,-0.2924517567577095,-0.1749060435135103,0.06894375604386725,1000,1.039457465372263e-4,train_fit_end_to_end,533,823,-0.08107303296440758,lambda.min,-0.07763055258013558,0.02801164544499554,-0.13101387398996792,-0.09663285105041251,-0.07871140473870034,-0.05890155364766246,-0.02036197393084739,1000,8.240743309893662e-5,train_fit_end_to_end
Jalyn Holmes,Rusher,115,599,930,-0.30662260431997646,lambda.min,-0.29480428339069936,0.10285684046856944,-0.4726429707482141,-0.36626005680000273,-0.3028812236340991,-0.23643404103284207,-0.06961878973150698,1000,1.039457465372263e-4,train_fit_end_to_end,460,723,-0.05384270653938466,lambda.min,-0.05064623938567218,0.03317445831102056,-0.11180852050004308,-0.07255195793742372,-0.05061693428161008,-0.02915495642872528,0.01643878265428978,1000,8.240743309893662e-5,train_fit_end_to_end
Andre Mintze,Rusher,31,600,931,-0.3074971111420038,lambda.min,-0.28200261304599655,0.15062773553906253,-0.5586413697405996,-0.3913666267985787,-0.27997265611421773,-0.17753481562660228,0,1000,1.039457465372263e-4,train_fit_end_to_end,436,690,-0.0438556303645372,lambda.min,-0.04091551822487301,0.0205398506329713,-0.0790583963978692,-0.05447359788567937,-0.04280200990309056,-0.02655412111149765,0,1000,8.240743309893662e-5,train_fit_end_to_end
Dean Lowry,Rusher,776,601,933,-0.3178076388887333,lambda.min,-0.3105830661387517,0.11858898044347688,-0.5430629950532018,-0.38860724570059857,-0.30901787651773094,-0.2284098203440287,-0.08486611577217647,1000,1.039457465372263e-4,train_fit_end_to_end,100,161,0.07431223149381935,lambda.min,0.07044060729429234,0.14571571073225983,-0.19787454284008343,-0.03536003108875724,0.06725623731745942,0.17301624524653092,0.373467594056125,1000,8.240743309893662e-5,train_fit_end_to_end
Jason Pierre-Paul,Rusher,34,602,934,-0.3188780201030569,lambda.min,-0.3107985623713121,0.13679451108902033,-0.5789547965791431,-0.40333224139851304,-0.31713226718372833,-0.21197878841126389,-0.04815065585633677,1000,1.039457465372263e-4,train_fit_end_to_end,449,707,-0.04785450287638022,lambda.min,-0.04597933996260416,0.01644998930679398,-0.07880834097460976,-0.05691524004102307,-0.0457990084189552,-0.03524835525969667,-0.01391104716182668,1000,8.240743309893662e-5,train_fit_end_to_end
Cameron Heyward,Rusher,1145,603,935,-0.32054154227569087,lambda.min,-0.32447464426740197,0.08656627396846316,-0.48547697124864175,-0.3881655365772523,-0.327552865592749,-0.2691539010956037,-0.1538229318011681,1000,1.039457465372263e-4,train_fit_end_to_end,43,50,0.18927374331938968,lambda.min,0.18795788168944436,0.14291127680365748,-0.07207453393641634,0.08349248127238329,0.18308302751252217,0.2851627791973412,0.4691224387691006,1000,8.240743309893662e-5,train_fit_end_to_end
Khalid Kareem,Rusher,73,604,936,-0.32092517585731833,lambda.min,-0.30437326835804096,0.13790474202158165,-0.5588051813813246,-0.4035363306358221,-0.31021533105391486,-0.20734946219611763,-0.00782106049724776,1000,1.039457465372263e-4,train_fit_end_to_end,494,768,-0.06457167962115168,lambda.min,-0.06014110968936559,0.0256736081537827,-0.11110659840567616,-0.07760430839144679,-0.06070875842156038,-0.04212313376426768,-0.01048548554060656,1000,8.240743309893662e-5,train_fit_end_to_end
Divine Deablo,Rusher,55,605,940,-0.3299260385862176,lambda.min,-0.31457352279462986,0.12600605202639,-0.5545023637972635,-0.40238559578019417,-0.3148907694073785,-0.22335361928911385,-0.0832615656362788,1000,1.039457465372263e-4,train_fit_end_to_end,458,721,-0.05321910059346772,lambda.min,-0.04977466705161148,0.01720528734255858,-0.08303763031300823,-0.06185561621225517,-0.04937509123026225,-0.03836102249733794,-0.01494042023298485,1000,8.240743309893662e-5,train_fit_end_to_end
Montez Sweat,Rusher,308,606,943,-0.34049785476691075,lambda.min,-0.33878411924633817,0.10209513812935347,-0.5243714404617288,-0.4104853557944096,-0.34536466671104254,-0.2738813171690022,-0.12727147591062704,1000,1.039457465372263e-4,train_fit_end_to_end,11,11,0.3188047605151755,lambda.min,0.30807503344024784,0.15244644114656578,0.02321324291188696,0.2027505160655192,0.30196941583751713,0.41007641368614184,0.6323616442419825,1000,8.240743309893662e-5,train_fit_end_to_end
Mike Danna,Rusher,387,607,946,-0.3528291003614178,lambda.min,-0.35531897539502677,0.1211528079125994,-0.5906971707976542,-0.44097247675478446,-0.3561011258393389,-0.27118455919350026,-0.12286500898459556,1000,1.039457465372263e-4,train_fit_end_to_end,411,658,-0.03733989390560962,lambda.min,-0.0393853745587078,0.07777696851157583,-0.16690978544370969,-0.09293043707860632,-0.04675593800184659,0.01324741241139302,0.12948801067359542,1000,8.240743309893662e-5,train_fit_end_to_end
Josiah Bronson,Rusher,219,608,949,-0.3748195123692305,lambda.min,-0.353417825922221,0.13918975241419054,-0.6164178885048963,-0.448096046757141,-0.35329399752087837,-0.2586777364562487,-0.08679475019945329,1000,1.039457465372263e-4,train_fit_end_to_end,513,796,-0.07341648715979603,lambda.min,-0.0728235731375916,0.03317866253443061,-0.1398383622191838,-0.09378823331144116,-0.072363284830962,-0.05002345208894875,-0.01006893927452657,1000,8.240743309893662e-5,train_fit_end_to_end
Bud Dupree,Rusher,308,609,951,-0.3836857387075455,lambda.min,-0.37196139595865446,0.13534430948633444,-0.6243089684486691,-0.4593423936112169,-0.37811584998230086,-0.2866654092614819,-0.10467961030366917,1000,1.039457465372263e-4,train_fit_end_to_end,26,29,0.24038676808384,lambda.min,0.25236304670933757,0.17259009234900752,-0.05484433355125184,0.1330457571862696,0.2405237502083948,0.3632523898077972,0.5960633150581293,1000,8.240743309893662e-5,train_fit_end_to_end
Oshane Ximines,Rusher,112,610,952,-0.3894826690755106,lambda.min,-0.3664745510742321,0.13015402952874902,-0.5927862726056319,-0.4608160032000757,-0.367875206765755,-0.27743322339605864,-0.11720579672884732,1000,1.039457465372263e-4,train_fit_end_to_end,530,819,-0.07996407862751881,lambda.min,-0.07752362862285637,0.02483983091670466,-0.12617921133958587,-0.09513401843242791,-0.0770080971822201,-0.06065269386652099,-0.0320981706414638,1000,8.240743309893662e-5,train_fit_end_to_end
Wyatt Raymond,Rusher,102,611,953,-0.3911013892110454,lambda.min,-0.35081409872450403,0.13265261195440756,-0.57581682676416035,-0.44737615835360617,-0.3654353699020808,-0.2589452481941364,-0.05393988664781518,1000,1.039457465372263e-4,train_fit_end_to_end,511,794,-0.07256242044435887,lambda.min,-0.06613732893302614,0.02637666646274989,-0.1159401048267298,-0.08479402657645219,-0.06567637158917958,-0.04620901751011915,-0.0109480786728824,1000,8.240743309893662e-5,train_fit_end_to_end
Lorenzo Carter,Rusher,318,612,955,-0.4058070849839112,lambda.min,-0.39327838004146454,0.16462440562088362,-0.7187581268098578,-0.49537889822972897,-0.4006494371917645,-0.2837566904145114,-0.05950221084100645,1000,1.039457465372263e-4,train_fit_end_to_end,83,121,0.1021339438188243,lambda.min,0.09589897061290704,0.14240663198576495,-0.1426257647625548,-0.01002779198085607,0.08609057194633657,0.19557966935360943,0.3870662216495711,1000,8.240743309893662e-5,train_fit_end_to_end
Casey Toohill,Rusher,198,613,956,-0.4067203878520378,lambda.min,-0.38651127422204606,0.12609365008797777,-0.6327264378900175,-0.4721159837481714,-0.3860878823098172,-0.3056050849091664,-0.13842674773252436,1000,1.039457465372263e-4,train_fit_end_to_end,579,893,-0.11890083169457942,lambda.min,-0.1151301420993187,0.0359390433450826,-0.18211261218313007,-0.1401247430646197,-0.11460295901168566,-0.09073184006714562,-0.04425318149393035,1000,8.240743309893662e-5,train_fit_end_to_end
Alex Okafor,Rusher,333,614,960,-0.4369676443953384,lambda.min,-0.44632820958359554,0.12716651163564477,-0.6747948943829538,-0.5358430942167467,-0.4486728803261592,-0.36616410755276474,-0.18327853439684097,1000,1.039457465372263e-4,train_fit_end_to_end,469,734,-0.05668859493951447,lambda.min,-0.06035961600164024,0.06155632552913128,-0.1515905000623506,-0.10825504187220694,-0.06779839723213027,-0.02395583616652968,0.08225064550223483,1000,8.240743309893662e-5,train_fit_end_to_end
Jaylon Ferguson,Rusher,83,615,961,-0.4659177615728065,lambda.min,-0.4487805497622246,0.1547518458354589,-0.726285033545529,-0.5628382242992978,-0.45399691432291234,-0.3474944875289921,-0.14076203024463932,1000,1.039457465372263e-4,train_fit_end_to_end,489,762,-0.0637700754482826,lambda.min,-0.05975027456544787,0.02188110750674607,-0.10264416134389703,-0.07567920046070209,-0.06057476637575082,-0.04492321989582397,-0.0163400255583333,1000,8.240743309893662e-5,train_fit_end_to_end
Dorance Armstrong,Rusher,315,616,962,-0.4667596960197624,lambda.min,-0.4762777630030498,0.17843646641262173,-0.8439076312229444,-0.5975296022971189,-0.4669170885161721,-0.35362979557478513,-0.15049912141545232,1000,1.039457465372263e-4,train_fit_end_to_end,69,100,0.12004411667829644,lambda.min,0.11730937619955356,0.10490234277701888,-0.07783219661205,0.04111082804513199,0.11101508446683404,0.1855414634167032,0.33521503470562647,1000,8.240743309893662e-5,train_fit_end_to_end
Keanu Neal,Rusher,82,617,963,-0.46877107885045827,lambda.min,-0.4526317822838256,0.1250259006627194,-0.6877643918280143,-0.5443643914852514,-0.45770205577029655,-0.36645076399441495,-0.19537502256377884,1000,1.039457465372263e-4,train_fit_end_to_end,482,752,-0.06107193751712955,lambda.min,-0.05838554898014037,0.01985903102280869,-0.09538120029659998,-0.07190687601949795,-0.05904396616630528,-0.04687874119998758,-0.01639516909792542,1000,8.240743309893662e-5,train_fit_end_to_end
Kenny Willekes,Rusher,159,618,964,-0.4994281197361936,lambda.min,-0.4728911470339853,0.15275969130811942,-0.742441374653195,-0.577375194395371,-0.48767290626025184,-0.38036807614323453,-0.12697794011441008,1000,1.039457465372263e-4,train_fit_end_to_end,106,170,0.07076602990010003,lambda.min,0.06048053220229353,0.1224723877679494,-0.09830441234068246,-0.04681235743374883,0.0658862935719056,0.12877949725187915,0.3354647211497696,1000,8.240743309893662e-5,train_fit_end_to_end
D.J. Wonnum,Rusher,689,619,965,-0.5055894184607658,lambda.min,-0.4953703903702803,0.1007868599673834,-0.6718239209784869,-0.5663081460285817,-0.5019352420381895,-0.4298978049148376,-0.2872540730328418,1000,1.039457465372263e-4,train_fit_end_to_end,380,624,-0.03012860023694858,lambda.min,-0.03149873531943856,0.11251461556047967,-0.22332101341216523,-0.11411824088989916,-0.04023682526341269,0.04818380463152243,0.19791477213937225,1000,8.240743309893662e-5,train_fit_end_to_end
Adetokunbo Ogundeji,Rusher,316,620,966,-0.5130476794952639,lambda.min,-0.5060834482348692,0.1462079636075345,-0.7947173831114845,-0.6028633781591576,-0.5078255375256596,-0.408548747093653,-0.22384273969634363,1000,1.039457465372263e-4,train_fit_end_to_end,538,831,-0.08309514330402189,lambda.min,-0.07843499091801054,0.06856834630823003,-0.1833113532016283,-0.1287564861549157,-0.08556986602043169,-0.03774916922122872,0.0849971064774417,1000,8.240743309893662e-5,train_fit_end_to_end
