player_name,role,mean_score,sd_score,q025,q50,q975,mean_elo_like,sd_elo_like,n_boot
Erik McCoy,Blocker,0.0012766253073876938,6.343647475036868e-4,8.504898734174223e-4,0.0012766253073876938,0.0017027607413579655,1000.2217740828994,0.11020067384627925,2
Calvin Throckmorton,Blocker,0.0012285733931204053,3.85781132529191e-4,9.694243609984489e-4,0.0012285733931204053,0.0014877224252423616,1000.2134266104149,0.0670172769363552,2
Kevin Zeitler,Blocker,0.0011282262657857714,1.0993769014024992e-4,0.001054375463889923,0.0011282262657857714,0.0012020770676816198,1000.1959945289444,0.019097902767991053,2
Ben Powers,Blocker,0.0010774039856487746,2.094733529523171e-4,9.366899587158315e-4,0.0010774039856487746,0.001218118012581718,1000.1871657946159,0.03638901841279011,2
Joe Thuney,Blocker,0.0010559890831478408,8.48084757220115e-5,9.990188672769683e-4,0.0010559890831478408,0.0011129592990187134,1000.1834456450213,0.014732511105485352,2
Aaron Donald,Rusher,0.0010431306976025595,2.164752681660361e-4,8.97713124027148e-4,0.0010431306976025595,0.001188548271177971,1000.1812119146658,0.03760583587760534,2
Trey Hopkins,Blocker,0.001039314848759173,2.2756211925286065e-4,8.864496669775373e-4,0.001039314848759173,0.0011921800305408085,1000.1805490338272,0.039531358968285586,2
Tyler Biadasz,Blocker,8.229955353833479e-4,5.60372560005141e-4,4.465644600713721e-4,8.229955353833479e-4,0.0011994266106953235,1000.142970520176,0.09734691435254816,2
J.C. Tretter,Blocker,7.941071653329361e-4,1.8917556443614344e-4,6.670282071077259e-4,7.941071653329361e-4,9.211861235581463e-4,1000.1379520962944,0.032863391602607386,2
Quinnen Williams,Rusher,7.931983482343271e-4,8.036309087535852e-4,2.533581263410976e-4,7.931983482343271e-4,0.0013330385701275564,1000.137794218594,0.13960475755904647,2
D.J. Jones,Rusher,7.915280588051151e-4,1.5488085798049487e-4,6.874866190988164e-4,7.915280588051151e-4,8.955694985114137e-4,1000.137504059601,0.02690533068494124,2
Myles Garrett,Rusher,7.843873761357242e-4,1.446216397605177e-4,6.87237581063793e-4,7.843873761357242e-4,8.815371712076553e-4,1000.136263595969,0.025123582149129516,2
Andre James,Blocker,7.603572941946813e-4,3.037561557989881e-4,5.563086584816903e-4,7.603572941946813e-4,9.644059299076722e-4,1000.1320891431742,0.05276761881859517,2
Folorunso Fatukasi,Rusher,7.307288448501788e-4,7.247973845181376e-4,2.438451565500825e-4,7.307288448501788e-4,0.001217612533150275,1000.1269421543511,0.12590997173320467,2
Josh Allen,Rusher,7.288791099362429e-4,1.2296436399543425e-4,6.462776210920534e-4,7.288791099362429e-4,8.114805987804324e-4,1000.1266208224847,0.021361328006032354,2
Cesar Ruiz,Blocker,7.248261341058927e-4,8.480340092001236e-4,1.5515806545278116e-4,7.248261341058925e-4,0.001294494202759004,1000.1259167484693,0.14731882636918883,2
Gabe Jackson,Blocker,6.851752097464467e-4,2.7116751555169677e-4,5.030180401165389e-4,6.851752097464467e-4,8.673323793763544e-4,1000.1190286774088,0.047106852374650426,2
Zack Martin,Blocker,6.470941107416311e-4,3.6703859355090166e-4,4.0053540620746625e-4,6.470941107416311e-4,8.936528152757959e-4,1000.1124133129437,0.06376136443426425,2
Robert Quinn,Rusher,6.401605958818841e-4,8.834935763917471e-5,5.808117874767549e-4,6.401605958818841e-4,6.995094042870132e-4,1000.1112088380462,0.015347625296519441,2
Jacob Martin,Rusher,6.262008442431603e-4,5.076226204295967e-5,5.921012215101623e-4,6.262008442431603e-4,6.603004669761583e-4,1000.1087837808041,0.00881853822207575,2
Maliek Collins,Rusher,6.030208338002935e-4,8.140957462528768e-4,5.61508422252878e-5,6.030208338002935e-4,0.0011498908253752991,1000.1047570005537,0.14142314623985414,2
Alejandro Villanueva,Blocker,5.932395881725276e-4,2.7731063495666582e-5,5.74611206277592e-4,5.932395881725276e-4,6.118679700674631e-4,1000.1030578241528,0.0048176092458159965,2
Joel Bitonio,Blocker,5.812624857633275e-4,1.2821934505319457e-4,4.951309558152364e-4,5.812624857633275e-4,6.673940157114186e-4,1000.1009771883586,0.022274211716354377,2
Darius Philon,Rusher,5.734671836821492e-4,1.3887751508644006e-4,4.801760126437883e-4,5.734671836821492e-4,6.667583547205101e-4,1000.0996230056871,0.024125265280520024,2
T.J. Watt,Rusher,5.67571851387865e-4,4.439084295579738e-5,5.377522386150652e-4,5.67571851387865e-4,5.973914641606649e-4,1000.0985988815734,0.007711709361492741,2
Alijah Vera-Tucker,Blocker,5.160717650728936e-4,1.2619449841225693e-4,4.3130042877593877e-4,5.160717650728936e-4,6.008431013698484e-4,1000.0896524002517,0.021922459827247227,2
John Simpson,Blocker,5.077205405539273e-4,9.405716533513058e-5,4.4453750409765484e-4,5.077205405539273e-4,5.709035770101996e-4,1000.0882016439614,0.01633917305100509,2
Grady Jarrett,Rusher,5.016262446772683e-4,3.7738203120646927e-4,2.481193209814229e-4,5.016262446772683e-4,7.551331683731136e-4,1000.0871429563333,0.06555820359336335,2
Wyatt Teller,Blocker,4.998344675909071e-4,1.3741557482717658e-4,4.075253570300102e-4,4.998344675909071e-4,5.921435781518038e-4,1000.0868316927726,0.023871300245613257,2
Roy Robertson-Harris,Rusher,4.989383028197813e-4,1.7636739038187667e-4,3.8046325398654116e-4,4.989383028197813e-4,6.174133516530214e-4,1000.0866760130068,0.030637923667792694,2
Maxx Crosby,Rusher,4.913011289259943e-4,9.1128630650576e-5,4.300853398673911e-4,4.913011289259943e-4,5.525169179845976e-4,1000.085349300015,0.015830434469571185,2
Mitch Morse,Blocker,4.7690298433989114e-4,2.2097660591005955e-4,3.284616306434302e-4,4.7690298433989114e-4,6.253443380363521e-4,1000.0828480861176,0.03838733812620401,2
Malcom Brown,Rusher,4.696851889013691e-4,9.663873153516274e-6,4.6319346817396003e-4,4.696851889013691e-4,4.7617690962877825e-4,1000.0815942266254,0.001678556609312034,2
Adam Gotsis,Rusher,4.6926453367411336e-4,8.657083356113062e-5,4.1111045138326834e-4,4.6926453367411336e-4,5.274186159649584e-4,1000.0815211513278,0.015039124228215689,2
Nathan Shepherd,Rusher,4.512915637384309e-4,1.6617845787164157e-4,3.396609450126782e-4,4.512915637384309e-4,5.629221824641836e-4,1000.0783989266613,0.028867924801497833,2
Patrick Queen,Rusher,4.4818753662764543e-4,2.9151284970301858e-5,4.286051189089836e-4,4.4818753662764543e-4,4.6776995434630726e-4,1000.0778597019229,0.005063866776849971,2
Jordan Mills,Blocker,4.4268392739738125e-4,3.8659578494859136e-4,1.8298765133786032e-4,4.426839273973813e-4,7.023802034569022e-4,1000.0769036270751,0.06715879655652976,2
Daquan Jones,Rusher,4.293176415651425e-4,1.1479669988932997e-4,3.5220279286303936e-4,4.293176415651425e-4,5.064324902672455e-4,1000.074581665403,0.0199419992166713,2
Matt Hennessy,Blocker,4.225998188657702e-4,1.3216350316051204e-4,3.3381879502111073e-4,4.225998188657702e-4,5.113808427104296e-4,1000.0734146600714,0.02295938215704534,2
Alex Highsmith,Rusher,4.222530834823464e-4,1.225262185665078e-5,4.1402236708030176e-4,4.222530834823464e-4,4.304837998843911e-4,1000.073354425966,0.0021282683200741686,2
Ben Cleveland,Blocker,4.217999602282418e-4,2.0013860975625486e-4,2.873565604991406e-4,4.217999602282418e-4,5.562433599573429e-4,1000.0732757103945,0.034767407428801314,2
Calais Campbell,Rusher,4.1970875841117357e-4,6.892640816903547e-4,-4.330538247081631e-5,4.197087584111736e-4,8.827228992931635e-4,1000.0729124314305,0.11973720479651927,2
Jeremiah Owusu-Koramoah,Rusher,4.0747349618020987e-4,1.0008390824723462e-4,3.4024198648140164e-4,4.0747349618020987e-4,4.7470500587901815e-4,1000.070786948682,0.017386585736044034,2
Kenny Clark,Rusher,4.0574127961818455e-4,3.1034229770551293e-4,1.972683935814311e-4,4.0574127961818455e-4,6.14214165654938e-4,1000.0704860318442,0.0539122090622785,2
Odafe Oweh,Rusher,4.028865266225463e-4,1.66776302869297e-4,2.9085430465744993e-4,4.028865266225463e-4,5.149187485876426e-4,1000.0699901104549,0.028972241323778538,2
Trai Turner,Blocker,4.0110440735970803e-4,7.753891916675104e-6,3.9589571928258293e-4,4.0110440735970803e-4,4.063130954368331e-4,1000.0696805246301,0.0013467588847226911,2
Sam Mustipher,Blocker,3.9964954197765044e-4,3.891880969141667e-6,3.97035165324042e-4,3.9964954197765044e-4,4.022639186312588e-4,1000.0694277886272,6.763190760378573e-4,2
Jadeveon Clowney,Rusher,3.9909779047501797e-4,1.2779971325713762e-4,3.132481487910905e-4,3.9909779047501797e-4,4.849474321589454e-4,1000.069331939574,0.02220131420696553,2
Josh Sweat,Rusher,3.9871533897798756e-4,4.0047056674267606e-5,3.718136709040978e-4,3.9871533897798756e-4,4.256170070518773e-4,1000.0692655009441,0.006956656187654554,2
Michael Schofield III,Blocker,3.9251530890594126e-4,3.5617579009445697e-5,3.6858914884126587e-4,3.9251530890594126e-4,4.164414689706166e-4,1000.068188445405,0.00618717710463112,2
Dre'Mont Jones,Rusher,3.864062615327981e-4,5.967903015466477e-5,3.4631678696164813e-4,3.864062615327981e-4,4.26495736103948e-4,1000.0671271951794,0.010367539496944599,2
Mason Cole,Blocker,3.8073510079636387e-4,1.5835983312494252e-4,2.743566545196578e-4,3.8073510079636387e-4,4.8711354707306996e-4,1000.0661420136539,0.02750969056810506,2
Patrick Mekari,Blocker,3.771606276976322e-4,1.0866349212439546e-4,3.0416577015648965e-4,3.771606276976322e-4,4.501554852387747e-4,1000.0655210640768,0.01887655190119978,2
Ereck Flowers Sr.,Blocker,3.720455515711232e-4,3.038705852033534e-5,3.516330011880837e-4,3.720455515711232e-4,3.924581019541627e-4,1000.0646324843424,0.005279002839099034,2
Trey Smith,Blocker,3.6951215740521935e-4,8.891560510314421e-5,3.097829714495678e-4,3.6951215740521935e-4,4.292413433608709e-4,1000.0641923886997,0.015445992556172643,2
Marcus Davenport,Rusher,3.645446921629808e-4,2.079719389312991e-5,3.505741471730714e-4,3.645446921629808e-4,3.785152371528902e-4,1000.0633294516022,0.0036126125143191626,2
Tershawn Wharton,Rusher,3.6100016929274637e-4,1.8371652467969886e-4,2.375883288965576e-4,3.6100016929274637e-4,4.8441200968893513e-4,1000.0627137049128,0.03191459905678532,2
Milton Williams,Rusher,3.5200330150408237e-4,1.0013941190392338e-4,2.847345071438501e-4,3.5200330150408237e-4,4.192720958643147e-4,1000.0611507888988,0.017395767499920792,2
Creed Humphrey,Blocker,3.513285785774369e-4,2.1932413223403355e-4,2.0399727645592372e-4,3.513285785774369e-4,4.986598806989501e-4,1000.0610335775211,0.03810073425541643,2
Jerry Hughes,Rusher,3.4336928746973183e-4,3.8309159596806266e-5,3.176350542638954e-4,3.4336928746973183e-4,3.691035206755683e-4,1000.0596509070381,0.0066547525433166424,2
Jonathan Allen,Rusher,3.3610414986124553e-4,4.4137396983872886e-5,3.064547897855873e-4,3.3610414986124553e-4,3.657535099369038e-4,1000.0583888233687,0.007667681286620365,2
Malik Mcdowell,Rusher,3.357186191777435e-4,3.6704591134107187e-4,8.915499890747863e-5,3.3571861917774346e-4,5.822822394480083e-4,1000.0583218498293,0.0637626356646427,2
Evan Brown,Blocker,3.344088502750612e-4,5.155987972217841e-6,3.309453079191333e-4,3.344088502750612e-4,3.3787239263098916e-4,1000.0580943196665,8.954567456442506e-4,2
Will Hernandez,Blocker,3.331550381417966e-4,1.381993829434462e-4,2.4031940334844464e-4,3.331550381417966e-4,4.259906729351485e-4,1000.05787651019,0.024007461661486977,2
Al Woods,Rusher,3.310724237469771e-4,6.775641201600957e-5,2.8555695626185655e-4,3.310724237469771e-4,3.765878912320976e-4,1000.0575147230143,0.011770264236417317,2
Micah Parsons,Rusher,3.219226314171308e-4,2.2150877106541376e-4,1.7312379501011085e-4,3.219226314171308e-4,4.7072146782415074e-4,1000.0559252412864,0.038480244891153106,2
Chase Roullier,Blocker,0.00031916454925624003,3.643787388709085e-5,2.9468735492453694e-4,0.00031916454925624003,3.4364174358794306e-4,1000.0554461133413,0.006330137129013983,2
Joey Bosa,Rusher,3.1882643348102974e-4,1.0236927118780669e-4,2.5005972793110814e-4,3.1882643348102974e-4,3.875931390309514e-4,1000.055387376615,0.017783133732942043,2
Lawrence Guy,Rusher,3.1615415673423315e-4,2.957888483181945e-4,1.1745757131133644e-4,3.161541567342332e-4,5.148507421571299e-4,1000.054923154597,0.05138355574883393,2
Poona Ford,Rusher,3.14339392616075e-4,6.680467994995496e-5,2.694632525188453e-4,3.14339392616075e-4,3.5921553271330464e-4,1000.05460789778,0.01160539165142735,2
Derrick Brown,Rusher,3.1393066051133077e-4,2.591538663986137e-4,1.3984367702521707e-4,3.1393066051133077e-4,4.880176439974445e-4,1000.054536893741,0.0450194075519496,2
Christian Kirksey,Rusher,3.1038525464487587e-4,3.573436903383464e-4,7.03391153250288e-5,3.103852546448758e-4,5.504313939647229e-4,1000.0539209936594,0.06207718724717822,2
Kamu Grugier-Hill,Rusher,3.079312968595682e-4,2.5001522810255217e-4,1.399832068279128e-4,3.079312968595682e-4,4.758793868912235e-4,1000.0534946975293,0.043432323687128106,2
Bradley Bozeman,Blocker,3.077512558363941e-4,2.935034117891916e-4,1.1058991569774529e-4,3.077512558363941e-4,5.049125959750429e-4,1000.0534634212001,0.050986534759578046,2
Troy Reeder,Rusher,3.066684447235681e-4,1.184998747518416e-4,2.2706598296712353e-4,3.066684447235681e-4,3.8627090648001266e-4,1000.0532753176437,0.020585306579956542,2
Lloyd Cushenberry III,Blocker,3.0255957856755486e-4,3.040153932090798e-4,9.833679975048157e-5,3.0255957856755486e-4,5.067823573846282e-4,1000.0525615344843,0.052813113178185614,2
Andrew Whitworth,Blocker,2.9979434478528955e-4,3.005524779106839e-4,9.789778431387817e-5,2.9979434478528955e-4,5.016909052567009e-4,1000.0520811641752,0.05221108296720203,2
Andrew Norwell,Blocker,2.9598493925448105e-4,3.55242355111721e-5,2.721214828193842e-4,2.9598493925448105e-4,3.1984839568957796e-4,1000.0514194026546,0.006171421886940413,2
Davon Hamilton,Rusher,2.918742346795226e-4,1.7240479103535867e-5,2.802929179787582e-4,2.918742346795226e-4,3.03455551380287e-4,1000.0507053001293,0.0029947478716315624,2
Bryce Huff,Rusher,2.912718423673111e-4,1.5321487250103598e-4,1.8834953080940203e-4,2.912718423673111e-4,3.941941539252203e-4,1000.0506006538664,0.026615919364717328,2
Greg Rousseau,Rusher,2.8774462435952967e-4,4.24796221348689e-5,2.592088769294121e-4,2.8774462435952967e-4,3.1628037178964725e-4,1000.0499879133395,0.0073796962989588315,2
Dalton Risner,Blocker,2.8410773259145687e-4,1.0404523196859276e-4,2.1421519797009352e-4,2.8410773259145687e-4,3.5400026721282016e-4,1000.049356120529,0.018074738149308708,2
Corey Linsley,Blocker,2.7990822231270377e-4,4.2688433116592885e-5,2.512322058044811e-4,2.7990822231270377e-4,3.085842388209264e-4,1000.0486265908727,0.007415510273019674,2
J.C. Hassenauer,Blocker,2.7831408445328366e-4,1.4097116881410353e-4,1.836164985040498e-4,2.7831408445328366e-4,3.7301167040251754e-4,1000.0483496607624,0.02448897018493845,2
Brandon Parker,Blocker,2.7569298508478524e-4,3.83863087805652e-4,1.7832402271930713e-5,2.7569298508478524e-4,5.335535678976398e-4,1000.0478943291655,0.06668361823178934,2
Davon Godchaux,Rusher,2.745417118207316e-4,1.7693384570002856e-4,1.5568614581062235e-4,2.745417118207316e-4,3.933972778308409e-4,1000.0476943325152,0.030736327035331936,2
Jermaine Carter Jr.,Rusher,2.701253860429978e-4,7.580653019192603e-5,2.1920224006391083e-4,2.701253860429978e-4,3.2104853202208475e-4,1000.0469271381489,0.013168712997442966,2
Keith Ismael,Blocker,2.6861332687065913e-4,4.5964718357475564e-5,2.3773646102705342e-4,2.6861332687065913e-4,2.9949019271426487e-4,1000.0466644665671,0.007984659313550925,2
Ryan Ramczyk,Blocker,2.6828024880045905e-4,1.721914834472167e-5,2.5671326106768976e-4,2.6828024880045905e-4,2.7984723653322834e-4,1000.0466066049798,0.0029910423392770667,2
James Daniels,Blocker,2.621702206584319e-4,1.2829583109539878e-4,1.7598731110118746e-4,2.621702206584319e-4,3.4835313021567627e-4,1000.0455451843773,0.022287498702717675,2
Robert Hunt,Blocker,2.5791812997792707e-4,2.998727339002104e-4,5.6478188525828585e-5,2.5791812997792707e-4,4.5935807143002557e-4,1000.0448065205696,0.052093459546831374,2
David Edwards,Blocker,2.5733298308089315e-4,2.6345427176334646e-4,8.035719608928858e-5,2.5733298308089315e-4,4.3430877007249774e-4,1000.0447048701424,0.04576646447989208,2
Haason Reddick,Rusher,2.4796590935159533e-4,6.406892034135636e-5,2.0492751971675518e-4,2.4796590935159533e-4,2.9100429898643547e-4,1000.0430776427694,0.011129681321924172,2
Charles Leno Jr.,Blocker,2.470370094360744e-4,4.7393048641211845e-5,2.1520066066453485e-4,2.470370094360744e-4,0.00027887335820761397,1000.0429162763264,0.00823324590661465,2
Nate Davis,Blocker,2.4276381548489254e-4,1.2857924443466915e-4,1.5639052260827516e-4,2.4276381548489254e-4,3.291371083615099e-4,1000.0421739465052,0.022336732642506962,2
Frank Ragnow,Blocker,2.4274371661848186e-4,2.0299675475595478e-4,1.0638035386402361e-4,2.4274371661848186e-4,3.7910707937294013e-4,1000.0421704549744,0.0352639180694735,2
Larry Borom,Blocker,2.401106860741145e-4,4.158086435584021e-5,2.121786804781825e-4,2.401106860741145e-4,2.6804269167004645e-4,1000.04171305072,0.007223566081386637,2
Ali Marpet,Blocker,2.372290602588153e-4,1.1103579918480996e-4,1.6264060202867076e-4,2.372290602588153e-4,3.1181751848895976e-4,1000.0412124610439,0.019289124056297704,2
Rodney Hudson,Blocker,2.3103242527436926e-4,3.346667159262337e-5,2.0855114036882644e-4,2.3103242527436926e-4,2.535137101799121e-4,1000.0401359952917,0.005813986424553405,2
Will Clapp,Blocker,2.270440529313208e-4,2.912971706337064e-5,2.0747612348524365e-4,2.270440529313208e-4,2.466119823773979e-4,1000.0394431440516,0.005060580256461654,2
Jordyn Brooks,Rusher,2.2667180250745078e-4,2.030795261363256e-4,9.025283795886152e-5,2.2667180250745078e-4,0.00036309076705604005,1000.0393784775297,0.0352787571397721,2
Mike Purcell,Rusher,2.25688444235669e-4,1.5523975313769752e-4,1.21405916189947e-4,2.25688444235669e-4,3.2997097228139094e-4,1000.0392076507012,0.026968137368363447,2
Taven Bryan,Rusher,2.1924915252946776e-4,1.6723278223286212e-5,2.080152662658805e-4,2.1924915252946776e-4,2.30483038793055e-4,1000.038089031159,0.0029053610851183,2
Kevin Givens,Rusher,2.1902267237637797e-4,1.1145934091169657e-4,1.441496993803963e-4,2.1902267237637797e-4,2.938956453723596e-4,1000.0380496875266,0.019362240581415693,2
Deforest Buckner,Rusher,2.1798430588930928e-4,2.747503542017758e-4,3.342035922930179e-5,2.1798430588930928e-4,4.0254825254931677e-4,1000.0378693047925,0.047729255196744036,2
Sheldon Rankins,Rusher,2.1780043376603078e-4,3.9713370150989724e-4,-4.897470294056372e-5,2.1780043376603078e-4,4.845755704726253e-4,1000.037837362933,0.0689889599530094,2
Nick Bosa,Rusher,2.1700294473193092e-4,1.2500242538626723e-4,1.3303238520930567e-4,2.1700294473193092e-4,3.009735042545562e-4,1000.0376988248984,0.021715375532337596,2
Justin Pugh,Blocker,2.1672676636632965e-4,1.1382443376780023e-4,1.4026503883349554e-4,2.1672676636632965e-4,2.931884938991637e-4,1000.0376508478023,0.019773559500912086,2
Landon Dickerson,Blocker,2.1496274915426252e-4,2.4283259825580713e-4,5.183960108042416e-5,2.1496274915426252e-4,3.7808589722810085e-4,1000.0373444066258,0.04218411287513209,2
Tarron Jackson,Rusher,2.128967981719045e-4,3.504851386785651e-5,1.8935290843675602e-4,2.128967981719045e-4,2.36440687907053e-4,1000.0369855141812,0.006088320364328005,2
Zach Kerr,Rusher,2.1065669312272326e-4,1.2071907614277501e-4,1.2956347963154845e-4,2.1065669312272326e-4,2.9174990661389805e-4,1000.0365963680765,0.020970821347329482,2
Ben Jones,Blocker,2.0969611136192732e-4,1.491232203771649e-4,1.0952237301891152e-4,2.0969611136192732e-4,3.098698497049431e-4,1000.0364294979331,0.02590512658895128,2
Justin Houston,Rusher,2.040250771376507e-4,7.558927466970966e-5,1.5324787286892267e-4,2.040250771376507e-4,2.5480228140637877e-4,1000.0354443383851,0.01313097184762424,2
Kendrick Green,Blocker,2.004333011475621e-4,3.706612762501703e-5,1.7553407646138532e-4,2.004333011475621e-4,2.2533252583373887e-4,1000.0348203829881,0.006438815772861993,2
Olisaemeka Udoh,Blocker,1.9880172524478648e-4,2.932870163658567e-4,1.7857490438326112e-6,1.9880172524478648e-4,0.00039581770144574033,1000.0345369492234,0.05094894302419917,2
Josh Bynes,Rusher,1.9855198865997403e-4,1.5516697289496965e-4,9.431835084726288e-5,1.9855198865997403e-4,3.027856264726852e-4,1000.0344935655352,0.026955033936329444,2
Mario Addison,Rusher,1.9692371906269968e-4,1.2420765050759753e-4,1.1348705071098725e-4,1.9692371906269968e-4,2.803603874144121e-4,1000.0342107061347,0.021576848785851,2
Christian Wilkins,Rusher,1.961556099795476e-4,1.604891807296109e-4,8.834677137861541e-5,1.961556099795476e-4,3.0396444858047983e-4,1000.0340772719202,0.0278800563428956,2
Vernon Butler,Rusher,1.94658840775173e-4,2.056732524126891e-5,1.8084271038365103e-4,1.94658840775173e-4,2.0847497116669497e-4,1000.0338172564777,0.003573140448350462,2
B.J. Finney,Blocker,1.9444836539036923e-4,8.642199279456198e-5,1.36394267099114e-4,1.9444836539036923e-4,2.525024636816245e-4,1000.0337806931584,0.01501280772991202,2
Chris Jones,Rusher,1.938255112293855e-4,3.9973140406882404e-4,-7.469463591738567e-5,1.938255112293855e-4,4.623456583761566e-4,1000.0336724923084,0.06944022710779511,2
Kelvin Beachum,Blocker,1.916613712549273e-4,2.0448863315859632e-5,1.7792481783263618e-4,1.916613712549273e-4,2.0539792467721843e-4,1000.0332965426887,0.003552101295339656,2
"David Long, Jr.",Rusher,1.9162478062592823e-4,3.189412601449493e-5,1.7019985548030397e-4,1.9162478062592823e-4,2.130497057715525e-4,1000.0332901862455,0.00554080727770343,2
Fred Warner,Rusher,1.8990108934080008e-4,1.3406939360657797e-4,9.98397808404594e-5,1.8990108934080008e-4,2.799623978411408e-4,1000.0329907504,0.02329046923855488,2
Greg Van Roten,Blocker,1.8939197432338365e-4,1.9408719143796478e-4,5.901362357650894e-5,1.8939197432338365e-4,3.1977032507025835e-4,1000.032902308063,0.03371662860428191,2
Danielle Hunter,Rusher,1.8895174480103384e-4,6.40502512248982e-5,1.459258961720977e-4,1.8895174480103384e-4,2.3197759342996998e-4,1000.032825832362,0.011126438164183577,2
Cole Toner,Blocker,1.8884691325741834e-4,2.6706986594093646e-4,9.442345662870884e-6,1.8884691325741834e-4,3.6825148085196577e-4,1000.0328076212577,0.04639455751987672,2
J.J. Watt,Rusher,1.886886101787361e-4,6.2277795086531925e-6,1.8450509031254798e-4,1.886886101787361e-4,1.928721300449242e-4,1000.0327801211962,0.0010816460056515774,2
Kentavius Street,Rusher,1.819179797600369e-4,1.014154280462349e-4,1.1379201971602928e-4,1.819179797600369e-4,2.5004393980404457e-4,1000.0316039422244,0.01761789441655781,2
Jack Driscoll,Blocker,1.781445209772993e-4,1.499827094878231e-6,1.771370099633734e-4,1.781445209772993e-4,1.7915203199122526e-4,1000.0309484252934,2.607767568281224e-4,2
Michael Dwumfour,Rusher,1.774905516866454e-4,1.9141026626539917e-4,4.8910429284908285e-5,1.774905516866454e-4,0.00030607067408838253,1000.0308348191918,0.03325113886311417,2
Andrew Thomas,Blocker,1.7131245196374964e-4,1.62832360951279e-5,1.603741646343495e-4,1.7131245196374964e-4,1.822507392931498e-4,1000.0297615733446,0.002828917937852873,2
Tae Crowder,Rusher,1.6691428696798623e-4,5.0400740786300925e-5,1.3305751666050839e-4,1.6691428696798623e-4,2.0077105727546408e-4,1000.0289975338292,0.008755275338537514,2
Tremaine Edmunds,Rusher,1.6486197233716633e-4,3.051928798690319e-6,1.6281183476537652e-4,1.6486197233716633e-4,1.6691210990895617e-4,1000.0286410102615,5.299442302042875e-4,2
Clelin Ferrell,Rusher,1.6009813995765862e-4,8.491513347390505e-5,1.030562765881375e-4,1.6009813995765862e-4,2.1714000332717973e-4,1000.0278134478154,0.014751039454742283,2
L.J. Collier,Rusher,1.5912800321823864e-4,2.419687692739583e-5,1.4287371624728562e-4,1.5912800321823864e-4,1.7538229018919163e-4,1000.0276449178024,0.004203197947181936,2
Jason Kelce,Blocker,1.5817517149162947e-4,1.8894175883257702e-4,3.125327251779241e-5,1.5817517149162947e-4,2.850970704654666e-4,1000.027479393978,0.03282277540928933,2
Damien Lewis,Blocker,1.548900152672576e-4,2.390780129512012e-4,-5.710984713622024e-6,1.5489001526725762e-4,3.154910152481372e-4,1000.0269087038898,0.04153187460318467,2
Justin Madubuike,Rusher,1.525824446926574e-4,7.278941288039114e-5,1.03686051618661e-4,1.525824446926574e-4,2.0147883776665382e-4,1000.0265078378229,0.012645046246374931,2
Angelo Blackson,Rusher,1.5244766410644638e-4,1.014633884308264e-5,1.456318463562942e-4,1.5244766410644638e-4,1.5926348185659858e-4,1000.0264844240369,0.0017628296928135132,2
Matt Milano,Rusher,1.5051219793044363e-4,2.4354342422592733e-5,1.3415213328600684e-4,1.5051219793044363e-4,1.6687226257488042e-4,1000.0261481991249,0.004230552505447422,2
Chandler Jones,Rusher,1.5005978985527441e-4,1.0621061568446745e-4,7.871265560001345e-5,1.5005978985527441e-4,2.2140692411053538e-4,1000.0260696077927,0.01845044362009994,2
Darrell Taylor,Rusher,1.4792214480258896e-4,1.2135916749625066e-4,6.639894902162368e-5,1.4792214480258896e-4,2.2944534058355422e-4,1000.0256982608124,0.021082476813245016,2
Cody Barton,Rusher,1.4623800595993153e-4,6.463664638132811e-5,1.028182455390072e-4,1.4623800595993153e-4,1.8965776638085583e-4,1000.02540569593,0.011228765645305354,2
Carlos Dunlap,Rusher,1.4415747765851626e-4,1.349513894064862e-4,5.3503687207637054e-5,1.4415747765851626e-4,2.3481126810939547e-4,1000.0250442711456,0.023443687602144162,2
Bobby Wagner,Rusher,1.4375732369303944e-4,8.709151611499927e-5,8.525347214574262e-5,1.4375732369303944e-4,2.0226117524033623e-4,1000.024974757282,0.015129115843324175,2
Demario Davis,Rusher,1.4264945350065013e-4,5.130149138903981e-5,1.0818760267678546e-4,1.4264945350065013e-4,1.7711130432451479e-4,1000.0247823005175,0.008912211953908325,2
Tristan Wirfs,Blocker,1.400772890034741e-4,9.440612253146602e-5,7.665984004732273e-5,1.400772890034741e-4,2.0349473795962546e-4,1000.0243354697784,0.016400253333792893,2
Ethan Pocic,Blocker,1.3946357075368234e-4,1.9195388279110817e-4,1.051827316683601e-5,1.3946357075368234e-4,2.6840886834052864e-4,1000.0242288559987,0.033345574726045935,2
Matt Paradis,Blocker,1.3836330606229166e-4,7.01294611249932e-5,9.125373941597265e-5,1.3836330606229166e-4,1.8547287270861065e-4,1000.024037720445,0.012182965298547907,2
Wes Schweitzer,Blocker,1.3481759577089745e-4,2.9902437389177505e-5,1.1473059033159855e-4,1.3481759577089745e-4,1.5490460121019635e-4,1000.0234217674795,0.005194815525794452,2
Quinton Spain,Blocker,1.2920256352973256e-4,3.4781812449675455e-4,-1.0444476319894735e-4,1.2920256352973254e-4,3.6284989025841245e-4,1000.0224463364723,0.060422426974363466,2
Kevin Dotson,Blocker,1.2721635427378374e-4,1.3822017495729538e-4,3.436675241514385e-5,1.272163542737837e-4,2.200659561324236e-4,1000.0221012965844,0.024011533813093455,2
A.J. Epenesa,Rusher,1.2689284498367554e-4,2.4665075941011727e-5,1.103240446501235e-4,1.2689284498367554e-4,1.4346164531722758e-4,1000.0220450972645,0.004284992655182068,2
Derek Barnett,Rusher,1.2586502480392006e-4,1.31062127836203e-4,3.78238514216886e-5,1.2586502480392006e-4,2.139061981861515e-4,1000.0218665466116,0.02276805366666417,2
Rakeem Nunez-Roches,Rusher,1.2565201018694116e-4,1.3356252028006937e-4,3.5931194574658454e-5,1.2565201018694116e-4,2.1537282579922384e-4,1000.0218295421826,0.023201956114309422,2
Von Miller,Rusher,1.255212514594729e-4,1.1266076418610686e-4,4.9841220646300946e-5,1.2552125145947292e-4,2.0120128227264487e-4,1000.0218068270649,0.01957094918077564,2
Brandon Linder,Blocker,1.2294235626899512e-4,1.4057114973632561e-5,1.1349946901330929e-4,1.2294235626899512e-4,1.3238524352468092e-4,1000.0213588270847,0.002442201090168822,2
Alim Mcneill,Rusher,1.2287896225707484e-4,2.4064756312247613e-5,1.0671342749988238e-4,1.2287896225707484e-4,1.3904449701426729e-4,1000.0213478144169,0.004180706454325953,2
Alex Singleton,Rusher,1.224653691571663e-4,3.537842090309966e-5,9.86998638953253e-5,1.224653691571663e-4,1.4623087441900727e-4,1000.0212759659364,0.006146091295121236,2
Fletcher Cox,Rusher,1.2220521369273754e-4,6.0741738113729297e-5,8.140186351752595e-5,1.2220521369273754e-4,1.6300856386794915e-4,1000.0212307723034,0.010552150777956503,2
Sharif Finch,Rusher,1.2002677541432432e-4,1.2221482923847808e-6,1.1920579553642151e-4,1.2002677541432432e-4,1.2084775529222711e-4,1000.020852338814,2.125390082167719e-4,2
Tim Settle,Rusher,1.1907342550144571e-4,1.5148343366407376e-5,1.0889750399922324e-4,1.1907342550144571e-4,1.2924934700366819e-4,1000.0206867249715,0.0026317668780515254,2
David Quessenberry,Blocker,1.1890120712516032e-4,2.4997704519070606e-5,1.0210896306460451e-4,1.1890120712516032e-4,1.3569345118571614e-4,1000.0206568075753,0.0043427761574870586,2
Yosh Nijman,Blocker,1.1751207870690004e-4,5.350662846526226e-5,8.156892387199474e-5,1.1751207870690004e-4,1.5345523354180532e-4,1000.0204154912525,0.009294823290671057,2
Jonathan Greenard,Rusher,1.1705709956724689e-4,1.8543117424019758e-4,-7.50655914394969e-6,1.170570995672469e-4,2.416207582784435e-4,1000.0203364532806,0.03221246419372927,2
Larrell Murchison,Rusher,1.1580091176267053e-4,6.115842703339713e-5,7.471765020475363e-5,1.1580091176267053e-4,1.568841733205874e-4,1000.020118231108,0.010624537057443095,2
Tommy Kraemer,Blocker,1.1552484239856609e-4,5.826232025770372e-5,7.638704474377566e-5,1.1552484239856609e-4,1.5466264005335652e-4,1000.0200702729474,0.010121431780686365,2
Efe Obada,Rusher,1.1448104393288548e-4,2.304708611970734e-5,9.899913059514184e-5,1.1448104393288548e-4,1.2996295727062915e-4,1000.0198889465819,0.004003919034653869,2
Star Lotulelei,Rusher,1.1352545847502316e-4,9.061141770306623e-5,5.265710795979648e-5,1.1352545847502316e-4,1.7439380899024983e-4,1000.0197229443853,0.01574058537789989,2
Jordan Jenkins,Rusher,1.1352486410339433e-4,1.2134010895110389e-4,3.201447092761626e-5,1.1352486410339434e-4,1.9503525727917242e-4,1000.0197228411323,0.021078705795986735,2
Greg Gaines,Rusher,1.133682411353433e-4,4.294312432952173e-5,8.452113543753857e-5,1.133682411353433e-4,1.4221534683314804e-4,1000.0196956329361,0.007459754668428111,2
Tyler Lancaster,Rusher,1.1301010621728648e-4,7.276636711539725e-5,6.412919416915964e-5,1.1301010621728648e-4,1.618910182654133e-4,1000.0196334185285,0.01264104278694156,2
Tyler Shatley,Blocker,1.1258064218074126e-4,2.75050044025519e-5,9.410411580761147e-5,1.1258064218074126e-4,1.3105716855387104e-4,1000.0195588129841,0.00477787855023826,2
Jordan Hicks,Rusher,1.1074134813454272e-4,4.19979210389155e-5,8.252918411030611e-5,1.1074134813454272e-4,1.3895351215877934e-4,1000.019239294882,0.007295556039029133,2
Hassan Ridgeway,Rusher,1.0967486076972344e-4,8.538962676011954e-5,5.231425585090806e-5,1.0967486076972344e-4,1.6703546568853884e-4,1000.0190540270512,0.014833467381101343,2
Grover Stewart,Rusher,1.0863293290479602e-4,1.6299758964128622e-4,-8.609329999988632e-7,1.0863293290479602e-4,2.181267988095909e-4,1000.0188730256423,0.028315351393517877,2
Damion Square,Rusher,1.0591969857582468e-4,1.7219234428445673e-5,9.435265301618962e-5,1.0591969857582468e-4,1.1748674413545976e-4,1000.0184016885634,0.00299151750237192,2
Javon Kinlaw,Rusher,1.0541739523885907e-4,3.76086958844421e-5,8.015369954196104e-5,1.0541739523885907e-4,1.306810909357571e-4,1000.0183144295363,0.006533069533285,2
Khalil Mack,Rusher,1.0503066941633964e-4,7.188225609395788e-5,5.674366022186526e-5,1.0503066941633964e-4,1.53317678610814e-4,1000.01824724838,0.012487456971755346,2
Kyle Fuller,Blocker,1.0490823516751707e-4,9.99541786144902e-5,3.776387153659152e-5,1.0490823516751707e-4,1.7205259879844262e-4,1000.0182259793726,0.017364049390535145,2
Dawuane Smoot,Rusher,1.0398841896778577e-4,2.0877440431451492e-4,-3.6256088209741005e-5,1.0398841896778577e-4,2.442329261453125e-4,1000.0180661909326,0.03626805880698706,2
Will Bradley-King,Rusher,1.0366661113336457e-4,3.1230925710962526e-5,8.268719174805742e-5,1.0366661113336457e-4,1.2464603051867172e-4,1000.0180102871859,0.00542559758477704,2
Pete Werner,Rusher,1.0310087534452753e-4,4.3843112971128226e-6,1.0015570790795733e-4,1.0310087534452753e-4,1.0604604278109775e-4,1000.0179120088134,7.614027769425946e-4,2
Eddie Goldman,Rusher,1.0068256084756168e-4,5.444696678700791e-5,6.410773238893626e-5,1.0068256084756168e-4,1.3725738930618712e-4,1000.0174919045568,0.009458636997187625,2
Jihad Ward,Rusher,9.919822478544627e-5,2.2245457385778152e-5,8.425480670577017e-5,9.919822478544627e-5,1.1414164286512236e-4,1000.0172340489723,0.0038646618604553954,2
Kwon Alexander,Rusher,9.905632475150421e-5,3.2590672533522895e-5,7.716349347721422e-5,9.905632475150421e-5,1.209491560257942e-4,1000.0172093984118,0.005661809801524118,2
Elijah Wilkinson,Blocker,9.897910532283252e-5,7.402035283412526e-6,9.400677744652359e-5,9.897910532283252e-5,1.0395143319914144e-4,1000.0171959840229,0.0012856351269841053,2
Jonathan Marshall,Rusher,9.786518260129388e-5,9.133006075679407e-5,3.651408257835081e-5,9.786518260129388e-5,1.5921628262423695e-4,1000.0170024758265,0.01586542646295968,2
Harold Landry III,Rusher,9.777665331645347e-5,1.6253879214281675e-4,-1.1409014707100174e-5,9.777665331645347e-5,2.069623213400071e-4,1000.0169870967145,0.028236110313555992,2
Jay Tufele,Rusher,9.725025810244895e-5,1.4195644097664528e-4,1.8908141571398728e-6,9.725025810244895e-5,1.9260970204775803e-4,1000.0168956524999,0.02466058969909298,2
Mike Pennel,Rusher,9.431943661340368e-5,1.7237722484508218e-4,-2.147521276616838e-5,9.431943661340368e-5,2.1011408599297572e-4,1000.0163865166598,0.029945221126783727,2
Donovan Smith,Blocker,9.313745423743251e-5,2.0006436506366203e-5,7.969810166245434e-5,9.313745423743251e-5,1.0657680681241068e-4,1000.0161811852903,0.0034757040953001346,2
Maurice Hurst,Rusher,9.292838235394067e-5,4.557233587772866e-5,6.231510000697039e-5,9.292838235394067e-5,1.2354166470091095e-4,1000.0161448657841,0.007916495495239205,2
Johnathan Hankins,Rusher,9.194541213031412e-5,2.6277454195934265e-4,-8.457376538519406e-5,9.194541213031412e-5,2.684645896458223e-4,1000.0159741063666,0.04564838331867491,2
James Carpenter,Blocker,9.062416312816858e-5,5.264669944596664e-5,5.525866685210216e-5,9.062416312816858e-5,1.25989659404235e-4,1000.0157445819062,0.009145898528347084,2
Roquan Smith,Rusher,9.015689876642402e-5,2.6290500666239123e-5,7.249621702963124e-5,9.015689876642402e-5,1.078175805032168e-4,1000.0156634097727,0.004567357850789095,2
Terron Armstead,Blocker,9.010245083837249e-5,1.8198751071155564e-4,-3.2147921931257934e-5,9.010245083837249e-5,2.1235282360800294e-4,1000.0156539511988,0.031614698775341614,2
Xavier Su'A-Filo,Blocker,8.97352078418432e-5,1.692049497344979e-5,7.836884094192194e-5,8.97352078418432e-5,1.0110157474176448e-4,1000.0155901545561,0.0029396211436669324,2
Rob Havenstein,Blocker,8.847468369490728e-5,1.3102462144181975e-4,4.5870528719175615e-7,8.847468369490727e-5,1.7649066210262277e-4,1000.0153711790836,0.022761077929859957,2
Al-Quadin Muhammad,Rusher,8.595820841980184e-5,7.863143705677003e-5,3.313742718038081e-5,8.595820841980182e-5,1.3877898965922284e-4,1000.0149340225532,0.013659909791513778,2
Zach Cunningham,Rusher,8.422265790915392e-5,3.697894353035173e-6,8.173859204466843e-5,8.422265790915392e-5,8.67067237736394e-5,1000.0146325265493,6.426201492607592e-4,2
Roy Lopez,Rusher,8.415916690324763e-5,4.8773938905823845e-5,5.139520310503553e-5,8.415916690324763e-5,1.1692313070145974e-4,1000.0146214970318,0.008472670906540778,2
Myles Jack,Rusher,8.40540511245451e-5,6.961337824962375e-5,3.729116389401268e-5,8.40540511245451e-5,1.3081693835507752e-4,1000.0146032365508,0.012092852311805504,2
Tyler Larsen,Blocker,8.354618725183992e-5,1.934605867184035e-5,7.055044443955334e-5,8.354618725183992e-5,9.654193006412649e-5,1000.0145150115598,0.003360984715529387,2
Kyle Peko,Rusher,8.35377160684231e-5,1.375857308986154e-5,7.429537475369584e-5,8.35377160684231e-5,9.278005738315034e-5,1000.0145135399646,0.0023898788442511896,2
Brent Urban,Rusher,8.347626460175066e-5,2.59992856956475e-5,6.601120694142185e-5,8.347626460175066e-5,1.0094132226207948e-4,1000.0145028647514,0.004516768628894429,2
Drue Tranquill,Rusher,8.332612350040963e-5,2.4767715487286082e-5,6.668837490362852e-5,8.332612350040963e-5,9.996387209719073e-5,1000.0144767825707,0.00430282297057327,2
Lucas Patrick,Blocker,8.320014322244325e-5,4.0857863495409363e-5,5.575381449716491e-5,8.320014322244325e-5,1.106464719477216e-4,1000.0144548975547,0.007097507758961124,2
Malcolm Roach,Rusher,8.289730836428573e-5,3.866127043582618e-5,5.6926544194549026e-5,8.289730836428573e-5,1.0886807253402244e-4,1000.0144022897516,0.006715920461078801,2
Garret Wallow,Rusher,8.287921208767113e-5,6.825578905001248e-5,3.702828735979393e-5,8.287921208767113e-5,1.2873013681554836e-4,1000.0143991461064,0.011857014912514263,2
Orlando Brown,Blocker,8.151002678420522e-5,6.884157271009246e-4,-3.8093423067889974e-4,8.151002678420522e-5,5.439542842473103e-4,1000.0141612942576,0.11959029071857383,2
Andre Dillard,Blocker,8.067069712204192e-5,4.9790673031097904e-5,4.722374070891701e-5,8.067069712204192e-5,1.1411765353516683e-4,1000.0140154877613,0.008649755923456761,2
Vita Vea,Rusher,7.923073598830383e-5,1.6347322092870708e-4,-3.058263591973683e-5,7.923073598830383e-5,1.8904410789634448e-4,1000.0137653408915,0.02839797701088664,2
Zack Baun,Rusher,7.886806120439735e-5,1.927866573202073e-5,6.59175896966238e-5,7.886806120439735e-5,9.181853271217089e-5,1000.0137023378286,0.0033488171539417973,2
Nick Harris,Blocker,7.864434164565295e-5,1.112198945591856e-4,3.932217082282633e-6,7.864434164565295e-5,1.5335646620902326e-4,1000.0136634737606,0.019320644489545562,2
Mike Remmers,Blocker,7.809093082079438e-5,7.10754182151116e-6,7.331642935221473e-5,7.809093082079438e-5,8.286543228937403e-5,1000.0135673364537,0.0012344763727756025,2
Rashaan Evans,Rusher,7.551370694417858e-5,1.526171043746346e-5,6.526163094848444e-5,7.551370694417858e-5,8.576578293987271e-5,1000.0131196268103,0.002651460755424993,2
John Franklin-Myers,Rusher,7.53931052290752e-5,9.381385146996186e-5,1.2373515212619482e-5,7.53931052290752e-5,1.3841269524553093e-4,1000.0130986761467,0.016296905103378088,2
Jonah Jackson,Blocker,7.183246303811355e-5,1.5116886657302287e-4,-2.9715441087051913e-5,7.183246303811355e-5,1.73380367163279e-4,1000.0124801292443,0.026260491730899078,2
Ben Bredeson,Blocker,7.140543799468197e-5,1.4219749812320183e-4,-2.4115936436461562e-5,7.140543799468197e-5,1.6692681242582553e-4,1000.0124059473964,0.024702005405718486,2
Brennan Scarlett,Rusher,7.130859552748818e-5,6.35198303416349e-5,2.863905789181857e-5,7.130859552748818e-5,1.1397813316315777e-4,1000.0123891241367,0.01103475482789932,2
Mario Edwards Jr.,Rusher,6.99017089066154e-5,4.9984298036923904e-5,3.632468461659498e-5,6.99017089066154e-5,1.0347873319663581e-4,1000.0121447228983,0.008682931823284909,2
Cody Ford,Blocker,6.958620568890763e-5,1.7863839756363613e-4,-5.041439549376065e-5,6.958620568890763e-5,1.8958680687157593e-4,1000.0120899143757,0.03103243802273677,2
Yetur Gross-Matos,Rusher,6.937990030332495e-5,1.4570066515397708e-4,-2.849473163275438e-5,6.937990030332495e-5,1.6725453223940428e-4,1000.0120540754594,0.025310567849986882,2
Anthony Hitchens,Rusher,6.904105988704123e-5,2.329585141191659e-5,5.339203810550482e-5,6.904105988704123e-5,8.469008166857764e-5,1000.0119952128503,0.0040466737833331195,2
Robert Nkemdiche,Rusher,6.700514538269248e-5,6.906671830096166e-5,2.0609477761027e-5,6.700514538269248e-5,1.1340081300435796e-4,1000.0116415382763,0.011998347960968403,2
Darius Leonard,Rusher,6.569639480181226e-5,3.891796823898862e-5,3.955319351261029e-5,6.569639480181226e-5,9.183959609101422e-5,1000.0114141850141,0.006760513436748501,2
Brandon Scherff,Blocker,6.452401684565922e-5,3.4673129404421496e-5,4.1232292165175355e-5,6.452401684565922e-5,8.781574152614309e-5,1000.0112105221033,0.0060235696126613204,2
Frank Clark,Rusher,6.301838948264527e-5,3.369701868432734e-5,4.038236858606049e-5,6.301838948264527e-5,8.565441037923005e-5,1000.010948967841,0.005854001812893147,2
Deion Jones,Rusher,6.220694537418259e-5,5.446831267400189e-5,2.561777778518546e-5,6.220694537418258e-5,9.87961129631797e-5,1000.0108080055616,0.009462345157530222,2
Montravius Adams,Rusher,6.191482505111585e-5,4.457400332810726e-5,3.1972174034076285e-5,6.191482505111585e-5,9.185747606815541e-5,1000.0107572590639,0.007743527577119752,2
Jalen Reeves-Maybin,Rusher,6.158909179766739e-5,1.420690180034098e-4,-3.3845975927721156e-5,6.15890917976674e-5,1.5702415952305597e-4,1000.0107006734021,0.024680146331755474,2
Bobby Evans,Blocker,6.130411959054508e-5,1.031569203337996e-4,-7.991690409087567e-6,6.130411959054509e-5,1.3059992959017774e-4,1000.0106511686593,0.017920422612866804,2
E.J. Speed,Rusher,6.125215658044665e-5,3.090236703849072e-5,4.049344695719583e-5,6.125215658044665e-5,8.201086620369747e-5,1000.0106421417597,0.0053685210974475164,2
Garrett Bradbury,Blocker,6.079472171477027e-5,1.0790900529742099e-4,-1.1693308212286132e-5,6.079472171477027e-5,1.332827516418267e-4,1000.0105626771847,0.018745484114869045,2
Elandon Roberts,Rusher,6.0591509868095366e-5,8.556652755010524e-5,3.112071588493646e-6,6.059150986809537e-5,1.1807094814769709e-4,1000.0105273756711,0.014864658404630474,2
Jabari Zuniga,Rusher,6.054870113426311e-5,4.1634749202414945e-5,3.258049831493574e-5,6.054870113426311e-5,8.851690395359049e-5,1000.0105199390324,0.007232466629233742,2
Jon Feliciano,Blocker,6.033582629636626e-5,3.180256216152792e-5,3.897240930101932e-5,6.033582629636626e-5,8.169924329171321e-5,1000.0104829588854,0.00552490100725048,2
Azeez Al-Shaair,Rusher,5.887312692681932e-5,2.5101206023574325e-6,5.7186949792272464e-5,5.887312692681932e-5,6.055930406136617e-5,1000.0102288619794,4.3582250618657826e-4,2
Charles Harris,Rusher,5.8439310205988433e-5,3.067126053950521e-4,-1.4759532478673487e-4,5.8439310205988433e-5,2.6447394519871177e-4,1000.0101535002963,0.053281666925655606,2
Billy Turner,Blocker,5.7593988452425734e-5,3.6966429177245674e-5,3.27617363423172e-5,5.7593988452425734e-5,8.242624056253428e-5,1000.0100066528671,0.006421956587300162,2
Michael Dogbe,Rusher,5.753914001241509e-5,1.9717526776890542e-4,-7.491363046316795e-5,5.753914001241509e-5,1.8999191048799815e-4,1000.0099971247171,0.03425262219949641,2
Brandon Brooks,Blocker,5.744372229200813e-5,3.6327241651132264e-5,3.3040845324356014e-5,5.744372229200813e-5,8.184659925966026e-5,1000.0099805489614,0.006310458132318656,2
Oday Aboushi,Blocker,5.726316325545132e-5,1.2194368151952368e-5,4.9071578863547074e-5,5.726316325545132e-5,6.545474764735558e-5,1000.009949182644,0.0021186088238786226,2
Bryan Mone,Rusher,5.6463087032115934e-05,6.929738383538569e-5,9.91246950505208e-6,5.646308703211594e-5,1.030137045591798e-4,1000.0098101951685,0.012037958459552403,2
Trent Scott,Blocker,5.34369967220202e-5,4.1480198319303914e-5,2.55726136813047e-5,5.34369967220202e-5,8.130137976273572e-5,1000.0092845094391,0.007205618390887422,2
T.J. Edwards,Rusher,5.3129473072862905e-5,9.083833393072237e-6,4.7027394891023224e-5,5.3129473072862905e-5,5.923155125470258e-5,1000.0092310871096,0.0015777933824975318,2
Derick Roberson,Rusher,5.2482352269609604e-5,5.553742946561232e-5,1.5175003934045746e-5,5.24823522696096e-5,8.978970060517345e-5,1000.009118670712,0.009647609557936015,2
Caleb Benenoch,Blocker,5.15626224313409e-5,5.7801327569188106e-8,5.152379430618943e-5,5.15626224313409e-5,5.160145055649238e-5,1000.0089588972746,1.0271223430356819e-5,2
Amen Ogbongbemiga,Rusher,5.0779351893738205e-5,8.527829388448906e-5,-6.506465005316224e-6,5.0779351893738205e-5,1.0806516879279263e-4,1000.0088228292457,0.014814126879579058,2
Ed Oliver,Rusher,5.063941489549431e-5,1.8775928637036513e-5,3.802665775628726e-5,5.063941489549431e-5,6.325217203470135e-5,1000.0087985196992,0.0032619429843503017,2
Willie Gay,Rusher,5.062476421554862e-5,2.279818120109742e-6,4.909329310557713e-5,5.062476421554862e-5,5.2156235325520104e-5,1000.0087959746154,3.962750761014158e-4,2
Kyle Van Noy,Rusher,5.0396677717600514e-5,6.647120568186544e-5,5.744549440872331e-6,5.039667771760052e-5,9.504880599432871e-5,1000.0087563519323,0.011547461237585743,2
Trevis Gipson,Rusher,4.9770165788101556e-5,7.348291079922372e-5,4.07914487017136e-7,4.9770165788101556e-5,9.913241708918597e-5,1000.0086475156629,0.012765519174120502,2
Ernest Jones,Rusher,4.919489483623471e-5,8.012213471429057e-5,-4.627264704401405e-6,4.919489483623471e-5,1.0301705437687082e-4,1000.0085475808628,0.013918410289491224,2
Duke Riley,Rusher,4.900232235522626e-5,3.099018345974656e-5,2.8184621924354382e-5,4.900232235522626e-5,6.982002278609814e-5,1000.0085141275965,0.005383776372296538,2
Joshua Kaindoh,Rusher,4.8265883729649314e-5,1.5285931402482986e-5,3.79975372657736e-5,4.8265883729649314e-5,5.853423019352502e-5,1000.008386195104,0.0026552081591358087,2
Graham Glasgow,Blocker,4.7832903986073374e-5,2.39833153228778e-5,3.172207733093835e-5,4.7832903986073374e-5,6.394373064120839e-5,1000.0083109788186,0.004166558705433806,2
Jamir Jones,Rusher,4.706742516907425e-5,2.5222277869824416e-5,3.012432363628622e-5,4.706742516907425e-5,6.401052670186227e-5,1000.0081780015281,0.004381788544356494,2
Saahdiq Charles,Blocker,4.686739686436331e-5,2.023033790208222e-5,3.3277638203918613e-5,4.686739686436331e-5,6.0457155524808005e-5,1000.0081432530526,0.003514599751618426,2
Chris Williams,Rusher,4.623114179560096e-5,8.351599793781243e-6,4.062094259005902e-5,4.623114179560096e-5,5.1841341001142905e-5,1000.0080327242263,0.0014505913777546943,2
Genard Avery,Rusher,4.613820558673516e-5,4.2245358262151824e-5,1.7759825250953596e-5,4.613820558673516e-5,7.451658592251673e-5,1000.0080165795532,0.007338540287334255,2
Derrick Barnes,Rusher,4.5962590450280376e-5,8.024069830159858e-5,-7.939214351113663e-6,4.5962590450280376e-5,9.986439525167443e-5,1000.0079860720793,0.01393946710302259,2
Malcolm Smith,Rusher,4.46572219083318e-5,6.696146122435604e-5,-3.2423623607530965e-7,4.46572219083318e-5,8.963868005273892e-5,1000.0077593063376,0.0116326273484383,2
Brandon Graham,Rusher,4.460611360311419e-5,4.9827488712849787e-5,1.1134426202679556e-5,4.460611360311419e-5,7.807780100354883e-5,1000.0077504279157,0.008655691253591242,2
Shaq Thompson,Rusher,4.445378637737232e-5,6.657237908263343e-5,-2.6630527722667944e-7,4.445378637737232e-5,8.917387803197133e-5,1000.0077239659661,0.011564576648731523,2
Nick Gates,Blocker,4.423376987577505e-5,2.0758487607312932e-5,3.028922588918256e-5,4.423376987577505e-5,5.8178313862367544e-5,1000.0076857451852,0.0036058885437750495,2
Tanner Vallejo,Rusher,4.4009019739578826e-5,4.0686115361721616e-5,1.667806307078788e-5,4.4009019739578826e-5,7.133997640836977e-5,1000.0076467020876,0.0070676720522653055,2
Alec Ogletree,Rusher,4.2850464269271544e-5,9.208799908076351e-6,3.666443965076024e-5,4.2850464269271544e-5,4.903648888778284e-5,1000.0074454403884,0.0015995022896625394,2
Javon Hargrave,Rusher,4.1636195686373185e-5,1.7283539552125264e-4,-7.44662305056568e-5,4.1636195686373185e-5,1.5773862187840317e-4,1000.0072345003305,0.030024353316588075,2
Max Garcia,Blocker,4.1518677146978997e-05,5.955088935712934e-5,1.5152813413688266e-6,4.1518677146978997e-05,8.152207295258917e-5,1000.0072140852692,0.010344818951665271,2
Malik Harrison,Rusher,4.1464768240444955e-5,5.128239089383674e-5,7.0157482017783024e-06,4.146476824044496e-5,7.591378827911163e-5,1000.0072047203329,0.008908433649250536,2
John Cominsky,Rusher,4.130114505228559e-5,5.8408639474480734e-05,2.065057252614272e-6,4.130114505228559e-5,8.05372328519569e-5,1000.0071762960738,0.01014638982329822,2
Zach Sieler,Rusher,4.1287014471726456e-5,1.6984383603542835e-6,4.014608605379427e-5,4.1287014471726456e-5,4.2427942889658636e-5,1000.0071738413405,2.9481885868879354e-4,2
Jimmy Morrissey,Blocker,4.061483458326462e-5,1.3517203848078434e-4,-5.018717720147838e-5,4.061483458326462e-5,1.3141684636800764e-4,1000.0070570717339,0.02348155806351166,2
Laurent Duvernay-Tardif,Blocker,4.049978097183645e-5,4.483091446991187e-5,1.0384549524791078e-5,4.049978097183645e-5,7.061501241888181e-5,1000.0070370848746,0.007788157613523158,2
Sam Eguavoen,Rusher,4.017074299330564e-5,1.3008125742693757e-5,3.143251576627889e-5,4.017074299330564e-5,4.890897022033239e-5,1000.0069799251232,0.002259972996358471,2
Trey Hill,Blocker,4.01035402583751e-5,7.180077408216241e-5,-8.128733277168238e-6,4.01035402583751e-5,8.833581379391843e-5,1000.0069682508124,0.012472841887701695,2
Germaine Pratt,Rusher,3.9591826402940824e-5,6.106499889319868e-5,-1.4286746670625005e-6,3.9591826402940824e-5,8.061232747294414e-5,1000.0068793570109,0.01060784671828781,2
Micah Kiser,Rusher,3.956165381190213e-5,2.7558414878167417e-5,2.1049248874752927e-5,3.956165381190213e-5,5.807405874905134e-5,1000.006874115495,0.004787156900214115,2
David Moa,Rusher,3.9500314411396764e-5,7.642574364738148e-5,-1.1838789099376984e-5,3.9500314411396764e-5,9.083941792217052e-5,1000.0068634597496,0.01327628139216574,2
Jonathan Bostic,Rusher,3.803687436550525e-5,8.857560028427883e-6,3.20867956426804e-5,3.803687436550525e-5,4.39869530883301e-5,1000.0066092341751,0.0015384856729834214,2
James Lynch,Rusher,3.800166273926151e-5,2.257736168904645e-4,-1.1366209000118654e-4,3.800166273926151e-5,1.8966541547970958e-4,1000.0066031172892,0.039220664285572915,2
Broderick Washington,Rusher,3.625810282637382e-5,1.1490372612082137e-4,-4.0928640901079086e-5,3.625810282637382e-5,1.1344484655382672e-4,1000.0063002299096,0.01996105178616755,2
Breiden Fehoko,Rusher,3.578198585291425e-5,6.080219131640564e-5,-5.061973848376383e-6,3.578198585291425e-5,7.662594555420489e-5,1000.0062175199198,0.010562652574925828,2
Sione Takitaki,Rusher,3.5367377164905985e-5,3.7027121156999726e-5,1.0494355129872109e-5,3.5367377164905985e-5,6.0240399199939854e-5,1000.0061454950137,0.006432499864132672,2
Aaron James Klein,Rusher,3.5076877150573354e-5,9.778844155653464e-6,2.85079244866758e-5,3.5076877150573354e-5,4.1645829814470907e-05,1000.0060950299924,0.001698989326837215,2
Abdullah Anderson,Rusher,3.491943905463859e-5,1.307929999711499e-5,2.6133400419562046e-5,3.491943905463859e-5,4.370547768971513e-5,1000.0060676801938,0.0022723372307520617,2
Alex Cappa,Blocker,3.4294679058311366e-5,4.581925333914925e-5,3.5155295505453993e-6,3.429467905831136e-5,6.507382856607731e-5,1000.0059591482662,0.007959849660422558,2
Kevin Strong,Rusher,3.4254076897271815e-5,1.0347561994783355e-5,2.7303087204775278e-5,3.4254076897271815e-5,4.120506658976834e-5,1000.0059520949485,0.0017973255257306405,2
Khyiris Tonga,Rusher,3.420488129102136e-5,7.420443044949724e-5,-1.5642051875657433e-5,3.420488129102136e-5,8.405181445770015e-5,1000.0059435487963,0.01289039976638434,2
Tyrel Dodson,Rusher,3.3784512370569956e-5,4.4699374702507425e-5,3.7576429519756023e-6,3.3784512370569956e-5,6.38113817891643e-5,1000.0058705232353,0.007764846606723126,2
Del'Shawn Phillips,Rusher,3.304076083466503e-5,4.7628416895498224e-5,1.0463030988776297e-6,3.304076083466503e-5,6.503521857045242e-5,1000.0057413203601,0.00827413356022678,2
Reginald Mckenzie,Rusher,3.231093871252911e-5,1.5634897404771377e-5,2.1808173833362803e-5,3.231093871252911e-5,4.2813703591695415e-5,1000.005614537272,0.0027158297628601955,2
Daniel Ekuale,Rusher,3.153209734194583e-5,1.0751597987831701e-4,-4.0691917193034827e-5,3.153209734194583e-5,1.0375611187692648e-4,1000.0054792386682,0.018677668815401595,2
Ty Nsekhe,Blocker,3.069440064392795e-5,5.6719140766422675e-6,2.6884284183321825e-5,3.069440064392795e-5,3.450451710453407e-5,1000.0053337158467,9.855424985325554e-4,2
Josh Wells,Blocker,3.036425619405609e-5,1.7865463471351107e-6,2.9164141108940963e-5,3.036425619405609e-5,3.156437127917122e-5,1000.0052763638816,3.1012478366542997e-4,2
Denzel Perryman,Rusher,3.0287872137379395e-5,2.0982899192178338e-5,1.619257934502351e-5,3.0287872137379395e-5,4.438316492973528e-5,1000.0052630946119,0.003644872828994003,2
Kc Mcdermott,Blocker,3.023631306449999e-5,3.6886845895011716e-5,5.4575211390013345e-6,3.023631306449999e-5,5.501510498999864e-5,1000.0052541378836,0.0064081315552019244,2
Julian Stanford,Rusher,2.9179871561121234e-5,1.1466448255012314e-5,2.1477268409739565e-5,2.9179871561121234e-5,3.6882474712502906e-5,1000.0050706151974,0.001991695977331179,2
Braxton Hoyett,Rusher,2.881052576997317e-5,4.2808747853491584e-7,2.8522957388910733e-5,2.881052576997317e-5,2.9098094151035606e-5,1000.0050064532618,7.459651635634888e-5,2
Eli Ankou,Rusher,2.7927030802655015e-5,2.175139878271212e-5,1.3315497302083884e-5,2.7927030802655015e-5,4.253856430322615e-5,1000.0048529744663,0.003778374881608188,2
Ronald Blair,Rusher,2.7860660511060147e-5,5.818266447309502e-5,-1.1223628255545622e-5,2.7860660511060147e-5,6.694494927766592e-5,1000.0048414447656,0.010107133944902614,2
Solomon Thomas,Rusher,2.7706950845693386e-5,7.968981836190376e-5,-2.5824799561771703e-5,2.770695084569339e-5,8.123870125315848e-5,1000.0048147426619,0.013843309246929529,2
Senio Kelemete,Blocker,2.6914229627882146e-5,3.127200153673121e-5,5.907217497378308e-6,2.6914229627882146e-5,4.7921241758385986e-5,1000.0046770328817,0.005432272977775876,2
Andrew Wylie,Blocker,2.6720784030376122e-5,1.1126847103193468e-4,-4.802397184861684e-5,2.6720784030376122e-5,1.0146553990936908e-4,1000.0046434279394,0.019329083087231278,2
Chapelle Russell,Rusher,2.634423877346098e-5,2.2341388652378e-5,1.1336378727101346e-5,2.6344238773460978e-5,4.135209881982061e-5,1000.0045780153284,0.003881326828363547,2
Yasir Durant,Blocker,2.5843536166472192e-5,4.326126391017099e-6,2.2937454524481828e-5,2.5843536166472192e-5,2.8749617808462553e-5,1000.0044910343768,7.517552322205038e-4,2
Dre Greenlaw,Rusher,2.567220789276201e-5,5.5238856074725865e-6,2.1961529769796504e-5,2.567220789276201e-5,2.9382886015727516e-5,1000.0044612716072,9.593671108340776e-4,2
Kyle Murphy,Blocker,2.5434429086775518e-5,2.0172457501187644e-7,2.5298920312598787e-5,2.5434429086775518e-5,2.5569937860952245e-5,1000.0044199651979,3.5273252345730736e-5,2
Josh Myers,Blocker,2.53589910617214e-5,4.606441704644375e-5,-5.584847519976899e-6,2.53589910617214e-5,5.6302829643419696e-5,1000.0044068602707,0.008001978749775918,2
Ryan Kerrigan,Rusher,2.4992986879592736e-5,1.0608515221552553e-4,-4.626986710947223e-5,2.4992986879592736e-5,9.625584086865771e-5,1000.004343278832,0.018428648383232448,2
Scott Quessenberry,Blocker,2.4779856918423597e-5,2.1410496412358194e-5,1.0397325076762303e-5,2.4779856918423597e-5,3.916238876008489e-5,1000.0043062543656,0.0037196142831023853,2
Justin Hollins,Rusher,2.3847487256460996e-5,5.822552522118978e-6,1.9936179202866088e-5,2.3847487256460996e-5,2.7758795310055904e-5,1000.0041442851659,0.0010117110768229406,2
Carl Davis Jr.,Rusher,2.3710669203903804e-5,3.001110201681102e-5,3.5506681442838715e-6,2.3710669203903804e-5,4.387067026352374e-5,1000.0041205174358,0.005213232296292638,2
T.J. Slaton,Rusher,2.3620270118499905e-5,5.792381616734248e-5,-1.5290136925424406e-5,2.3620270118499905e-5,6.253067716242422e-5,1000.0041048135062,0.010062167388477358,2
Josh Woods,Rusher,2.352403200850064e-5,4.130557640294224e-5,-4.223048508071892e-6,2.3524032008500638e-5,5.1271112525073167e-5,1000.0040880952342,0.007175283457050815,2
Myles Adams,Rusher,2.349439400508216e-5,1.4787513212386604e-5,1.3560860679186135e-5,2.349439400508216e-5,3.342792733097819e-5,1000.0040829465856,0.0025690842600897094,2
Brian Burns,Rusher,2.3063411137291285e-5,1.3866907060304366e-4,-7.008773701874461e-5,2.3063411137291285e-5,1.1621455929332718e-4,1000.004008077193,0.024089514973854084,2
Brandon Copeland,Rusher,2.2813296895182538e-5,1.5129853429886092e-4,-7.8821711711812e-5,2.2813296895182538e-5,1.2444830550217706e-4,1000.003964627899,0.02628347753078378,2
Tre'Vour Wallace-Simms,Blocker,2.2699075796643837e-5,1.0592662847259122e-5,1.5583439253030097e-5,2.2699075796643837e-5,2.9814712340257584e-5,1000.0039447856619,0.0018399039049040752,2
Andrew Dowell,Rusher,2.1453940829386402e-5,7.96756659052472e-6,1.6101716481956766e-5,2.1453940829386402e-5,2.6806165176816043e-5,1000.0037284835637,0.0013843381862153235,2
Christian Barmore,Rusher,2.128125942785614e-5,2.751939407282226e-4,-1.6358066712100015e-4,2.128125942785614e-5,2.0614318597671243e-4,1000.0036984857318,0.04780631406897601,2
Chuma Edoga,Blocker,2.110427769462732e-5,9.748304263719008e-6,1.4555840247179145e-5,2.110427769462732e-5,2.7652715142075494e-5,1000.0036677408557,0.0016932237954746098,2
Cory Littleton,Rusher,2.0562079498192745e-5,7.878760845699471e-8,2.0509153808590006e-5,2.0562079498192745e-5,2.0615005187795484e-5,1000.0035735513818,1.3916913848627803e-5,2
Mike Daniels,Rusher,1.9978035210983927e-5,2.7053418614801192e-5,1.8048622420198393e-6,1.9978035210983927e-5,3.815120817994801e-5,1000.0034720924973,0.0046994300639627735,2
Za'Darius Smith,Rusher,1.9656770695392555e-5,1.0342255810912247e-5,1.2709345439563628e-5,1.9656770695392555e-5,2.6604195951221478e-5,1000.0034162831348,0.001796863956049132,2
Kevin Minter,Rusher,1.8913278865812237e-5,3.5744956274503002e-6,1.6512106273195055e-5,1.8913278865812237e-5,2.131445145842942e-5,1000.0032871253752,6.207233862456942e-4,2
A'Shawn Robinson,Rusher,1.8899634889157523e-5,1.1043344018605559e-4,-5.528418781489543e-5,1.8899634889157523e-5,9.308345759321048e-5,1000.0032847551738,0.019184023371742173,2
Aaron Stinnie,Blocker,1.849981314676663e-5,1.0087349321998338e-5,1.1723621692473209e-5,1.849981314676663e-5,2.5276004601060052e-5,1000.0032152990232,0.0017521219546191148,2
Jamie Collins Sr.,Rusher,1.768855768424439e-5,8.142590647050906e-5,-3.700941241383623e-5,1.768855768424439e-5,7.2386527782325e-5,1000.0030743695148,0.014144898641256148,2
Azur Kamara,Rusher,1.7669571092886133e-5,1.9005828972436606e-5,4.9023780718285384e-6,1.7669571092886133e-5,3.043676411394373e-5,1000.003071071206,0.003301880763155467,2
Carter Coughlin,Rusher,1.691090638665567e-5,4.002814096970861e-6,1.4222010244448328e-5,1.691090638665567e-5,1.9599802528863015e-5,1000.0029392776478,6.955901341543203e-4,2
Isaac Rochell,Rusher,1.6743216034697054e-5,7.038390426453587e-5,-3.0537273157549134e-5,1.6743216034697054e-5,6.402370522694324e-5,1000.0029101468501,0.012226706390383252,2
Jason Peters,Blocker,1.6259165199098787e-5,7.06334157666664e-5,-3.118893370453091e-5,1.6259165199098787e-5,6.370726410272849e-5,1000.0028260586073,0.012270050977731296,2
Zaven Collins,Rusher,1.5924227598338714e-5,3.619434477659012e-5,-8.389375702185522e-6,1.5924227598338714e-5,4.0237830898862946e-5,1000.0027678739866,0.0062873715805906675,2
Andrus Peat,Blocker,1.5788844575009543e-5,1.6324626625782525e-4,-9.387207020556875e-5,1.5788844575009543e-5,1.2544975935558782e-4,1000.0027443555466,0.02835855094640624,2
Lane Taylor,Blocker,1.5629284416997707e-5,2.00168194044414e-4,-1.1883398860033866e-4,1.5629284416997707e-5,1.5009255743433407e-4,1000.0027166371082,0.03477300695477562,2
Kenny Young,Rusher,1.5416285395202187e-5,6.10127410667197e-6,1.1317745715231824e-5,1.5416285395202187e-5,1.9514825075172548e-5,1000.0026796353882,0.0010596697664755348,2
Ndamukong Suh,Rusher,1.5040231710005937e-5,1.003243377445676e-4,-5.235278685036566e-5,1.5040231710005937e-5,8.243325027037754e-5,1000.002614308172,0.017427892408776943,2
Tyler Matakevich,Rusher,1.4908813563835458e-5,4.2797565682304955e-6,1.203388091717318e-5,1.4908813563835458e-5,1.778374621049774e-5,1000.0025914785017,7.432397601551795e-4,2
Jack Conklin,Blocker,1.4698659866618832e-5,5.497146863898822e-5,-2.222850346747276e-5,1.4698659866618832e-5,5.162582320071043e-5,1000.0025549710654,0.00954975230129221,2
Woodrow Hamilton,Rusher,1.4363993149006244e-5,7.058007903904604e-6,9.622766161013007e-6,1.4363993149006244e-5,1.910522013699948e-5,1000.0024968335019,0.0012258714499152003,2
Noah Spence,Rusher,1.3969272482182001e-5,1.3597099491983835e-5,4.8354012896945656e-6,1.3969272482182001e-5,2.3103143674669437e-5,1000.0024282634988,0.0023618280073275898,2
Tyre Phillips,Blocker,1.3858752891704549e-5,8.209237373707991e-5,-4.128691755382563e-5,1.3858752891704549e-5,6.900442333723473e-5,1000.0024090642796,0.014260675863771848,2
Chris Rumph II,Rusher,1.3828309171897494e-5,9.55919421575019e-6,7.406906671893121e-6,1.3828309171897494e-5,2.0249711671901866e-5,1000.0024037756638,0.001660832224084801,2
Bruce Hector,Rusher,1.34409839011306e-5,4.580482354019013e-5,-1.7328472368374966e-5,1.34409839011306e-5,4.4210440170636165e-5,1000.0023364903727,0.00795734294765135,2
Patrick Jones II,Rusher,1.3112013046658185e-5,7.0282447545999545e-6,8.390779497132592e-6,1.3112013046658185e-5,1.7833246596183774e-5,1000.0022793422819,0.0012211612702114605,2
Austin Corbett,Blocker,1.2890350905547468e-5,6.0642577387953414e-5,-2.7846387909121797e-5,1.2890350905547468e-5,5.362708972021673e-5,1000.002240835624,0.01053492479556398,2
Charles Omenihu,Rusher,1.271290279417533e-5,3.710905775189561e-5,-1.221516026664285e-5,1.271290279417533e-5,3.764096585499351e-5,1000.0022100097298,0.006446733708554922,2
Kayode Awosika,Blocker,1.2525139953265727e-5,1.7713222792529506e-5,6.262569976632841e-7,1.2525139953265727e-5,2.442402290886817e-5,1000.0021773919835,0.0030773320706345216,2
Tyron Smith,Blocker,1.2464777747573952e-5,2.459897857559839e-4,-1.5277921558257417e-4,1.2464777747573952e-5,1.7770877107772207e-4,1000.0021669059944,0.0427330327277816,2
Gerald McCoy,Rusher,1.2313518669777177e-5,1.7413945103333194e-5,6.156759334888566e-7,1.2313518669777177e-5,2.4011361406065496e-5,1000.0021406296012,0.0030248820022086326,2
Albert Huggins,Rusher,1.2270304849028361e-5,1.0881308922759653e-4,-6.082504476192751e-5,1.2270304849028361e-5,8.536565445998423e-5,1000.0021331225917,0.01890299978861866,2
Sam Kamara,Rusher,1.2255752063202167e-5,1.84801711414668e-5,-1.583295518359964e-7,1.2255752063202165e-5,2.4669833678240327e-5,1000.0021305945138,0.0032101044361582337,2
Noah Dawkins,Rusher,1.223479470037474e-5,5.870385319817355e-6,8.291354895944967e-6,1.223479470037474e-5,1.617823450480451e-5,1000.002126953847,0.0010200204848292054,2
Jermaine Johnson II,Rusher,1.2180224129440558e-5,5.63896931205979e-6,8.392238361953253e-6,1.2180224129440558e-5,1.596820989692786e-5,1000.0021174739679,9.793591979332084e-4,2
James Vaughters,Rusher,1.1819026180568437e-5,4.703337899200639e-5,-1.9775713985427963e-5,1.1819026180568437e-5,4.341376634656484e-5,1000.0020547274576,0.008170304680186032,2
Danny Isidora,Blocker,1.1670099164027785e-5,8.551767684758768e-6,5.925436889054124e-6,1.1670099164027785e-5,1.7414761439001447e-5,1000.0020288561849,0.0014858243108093901,2
Rashaad Coward,Blocker,1.1303942029513047e-5,8.847624703281924e-8,1.1244507982974745e-5,1.1303942029513047e-5,1.1363376076051348e-5,1000.0019652481756,1.5600002721378132e-5,2
Frankie Luvu,Rusher,1.09773086854766e-5,2.0119107263210487e-6,9.625804753639213e-6,1.09773086854766e-5,1.2328812617313986e-5,1000.0019085061522,3.492745862326804e-4,2
Jermaine Eluemunor,Blocker,1.091580881411354e-5,4.1729298286496855e-5,-1.7115907488797664e-5,1.091580881411354e-5,3.8947525117024745e-5,1000.0018978225302,0.007249351696270002,2
Vincent Taylor,Rusher,1.0901247350348533e-5,2.9305876904667818e-5,-8.785017723164873e-6,1.0901247350348533e-5,3.058751242386194e-5,1000.0018952929448,0.0050911823552615065,2
Wes Martin,Blocker,1.0884597385395179e-5,1.6021763429990297e-5,1.2195469587803688e-7,1.0884597385395179e-5,2.164724007491232e-5,1000.0018924005497,0.0027834954835732274,2
Oren Burks,Rusher,1.067645322298555e-5,1.1288883130754331e-5,3.0931296998956776e-6,1.0676453222985548e-5,1.825977674607542e-5,1000.0018562422051,0.001960849755792818,2
Daviyon Nixon,Rusher,1.0602646819735134e-5,1.4007660175806556e-5,1.1929808958090483e-6,1.0602646819735134e-5,2.001231274366122e-5,1000.0018434207198,0.0024331497030719517,2
Dylan Cole,Rusher,1.0528787811607726e-5,3.284479776371505e-5,-1.1534752452544757e-5,1.0528787811607726e-5,3.259232807576021e-5,1000.0018305900958,0.0057054956667816166,2
Pat Elflein,Blocker,1.0497000097812249e-5,7.05708249885902e-5,-3.6909053360380894e-5,1.0497000097812249e-5,5.790305355600539e-5,1000.0018250680043,0.012259177845906863,2
Kyler Fackrell,Rusher,9.975350897036788e-6,5.225167321948685e-5,-2.5124785941713758e-5,9.975350897036788e-6,4.507548773578733e-5,1000.0017344482567,0.00907681523535356,2
Mekhi Becton,Blocker,9.448572431179508e-6,1.3362299277238586e-5,4.724286215589737e-7,9.448572431179508e-6,1.8424716240800043e-5,1000.0016429374643,0.0023210390322529104,2
Danny Pinter,Blocker,9.264775670313605e-6,7.014635021192352e-5,-3.785613624450706e-5,9.264775670313605e-6,5.638568758513427e-5,1000.0016110086967,0.012185439024686441,2
Shaquille Quarterman,Rusher,9.22277591819772e-6,2.197497509525691e-5,-5.538945292750858e-6,9.22277591819772e-6,2.39844971291463e-5,1000.0016037125924,0.0038176742739431135,2
Tyeler Davison,Rusher,9.070950340534179e-6,1.6241482141184958e-4,-1.0003144016571072e-4,9.070950340534179e-6,1.1817334084677907e-4,1000.0015773377881,0.028214114182991634,2
Dorian O'Daniel,Rusher,9.006230157185477e-6,5.169158385529042e-6,5.533840557122329e-6,9.006230157185477e-6,1.2478619757248625e-5,1000.0015660947408,8.977446807173573e-4,2
Chauncey Rivers,Rusher,8.884745125895367e-6,7.347874851416352e-6,3.948799597886099e-6,8.884745125895367e-6,1.3820690653904637e-5,1000.0015449906293,0.0012762264962928999,2
Anthony Barr,Rusher,8.752067765208082e-6,3.9527566386716136e-5,-1.7800631958847922e-5,8.752067765208082e-6,3.530476748926409e-5,1000.0015219422111,0.006866871690340651,2
Jake Hanson,Blocker,8.477462645950997e-6,6.762557815980358e-8,8.432035066297461e-6,8.477462645950997e-6,8.522890225604532e-6,1000.0014742384159,1.1977870543126967e-5,2
Jaryd Jones-Smith,Blocker,8.459567253342204e-6,3.9278987316462165e-6,5.820995615829178e-6,8.459567253342204e-6,1.1098138890855229e-5,1000.0014711296678,6.821157934058855e-4,2
Jamil Douglas,Blocker,8.428350134338392e-6,1.1919487068410453e-5,4.2141750671691813e-7,8.428350134338392e-6,1.6435282761959868e-5,1000.0014657066988,0.00207039687997046,2
Dennis Kelly,Blocker,7.988451704774337e-6,2.8221881102321634e-5,-1.0969637625253164e-5,7.988451704774339e-6,2.6946541034801842e-5,1000.0013892885145,0.004902872997065898,2
Khaleke Hudson,Rusher,7.94889088827185e-6,3.673748879690696e-6,5.481044780326364e-6,7.94889088827185e-6,1.0416736996217335e-5,1000.0013824160968,6.379654421243916e-4,2
Joe Bachie,Rusher,7.91363909112724e-6,1.3649434177683221e-5,-1.2553880019520327e-6,7.91363909112724e-6,1.7082666184206513e-05,1000.0013762922324,0.0023713796821338137,2
Brian O'Neill,Blocker,7.806500643298386e-6,5.680208652840481e-5,-3.03503828979927e-5,7.806500643298386e-6,4.596338418458947e-5,1000.0013576803777,0.009867763200297646,2
Eric Banks,Rusher,7.321430738837469e-6,1.1182669392456603e-6,6.570233309716004e-6,7.321430738837469e-6,8.072628167958933e-6,1000.0012734151046,1.940327599932813e-4,2
Akeem Davis-Gaither,Rusher,6.936767373443486e-6,4.122078682003646e-6,4.1677550742456646e-6,6.936767373443486e-6,9.705779672641305e-6,1000.0012065922338,7.158483058725021e-4,2
Vince Biegel,Rusher,6.717505069323577e-6,1.932262635707863e-6,5.419504857218276e-6,6.717505069323577e-6,8.015505281428877e-6,1000.0011685024704,3.3543829569226264e-4,2
Derrick Kelly,Blocker,6.664058668805037e-6,9.424402149874077e-6,3.3320293344025066e-7,6.664058668805037e-6,1.2994914404169823e-5,1000.0011592178796,0.001636956235134048,2
Bradlee Anae,Rusher,6.658552569467313e-6,6.917042095475844e-6,2.012019566576724e-6,6.658552569467312e-6,1.1305085572357901e-5,1000.0011582613722,0.0012018433896769465,2
Benning Potoa'E,Rusher,6.504646660274029e-6,9.19895952540439e-6,3.2523233301370033e-7,6.504646660274029e-6,1.2684060987534358e-5,1000.0011315251772,0.0015977928400377286,2
Calvin Munson,Rusher,6.35414954983861e-6,5.437287665999117e-6,2.701643718943155e-6,6.354149549838609e-6,1.0006655380734063e-5,1000.0011053811515,9.443235075602478e-4,2
Lester Cotton Sr.,Blocker,5.990560173653623e-6,3.4581214521768675e-8,5.967330192928114e-6,5.990560173653623e-6,6.013790154379132e-6,1000.0010422192075,6.237476657218821e-6,2
Aaron Banks,Blocker,5.653213647672194e-6,4.4206068520572904e-8,5.623518157392724e-6,5.653213647672194e-6,5.682909137951664e-6,1000.0009836161137,7.909484988056698e-6,2
Trey Hendrickson,Rusher,5.569168490371197e-6,4.602676505945451e-6,2.477313909857265e-6,5.569168490371197e-6,8.661023070885128e-6,1000.0009690159744,7.993366990255642e-4,2
La'Darius Hamilton,Rusher,5.3122447225421044e-6,5.503048106161028e-8,5.275277917528013e-6,5.3122447225421044e-6,5.349211527556195e-6,1000.0009243837446,9.789878120312532e-6,2
Nick Bolton,Rusher,5.309736392746029e-6,5.55127516358753e-5,-3.198103457510341e-5,5.309736392746029e-6,4.260050736059547e-5,1000.0009239480031,0.009643782788679119,2
Henry Anderson,Rusher,5.286662598196773e-6,1.1495268938793157e-5,-2.435300889077772e-6,5.286662598196773e-6,1.3008626085471319e-5,1000.0009199396744,0.001996702642904573,2
Quinn Bailey,Blocker,4.634962490791523e-6,1.6985592866278926e-6,3.4939528404606537e-6,4.634962490791523e-6,5.775972141122393e-6,1000.0008067277702,2.953000744925876e-4,2
Antwaun Woods,Rusher,4.470904208175524e-6,7.710329735410363e-6,-7.085209108627771e-7,4.470904208175524e-6,9.650329327213824e-6,1000.0007782279274,0.001339651567478074,2
Xavier Williams,Rusher,4.289869763484811e-6,6.066792000334481e-6,2.144934881742398e-7,4.289869763484811e-6,8.365246038795383e-6,1000.0007467790233,0.0010536796110637685,2
Nick Kwiatkoski,Rusher,3.907052570956015e-6,2.0423620015681586e-6,2.535092951056768e-6,3.907052570956015e-6,5.279012190855262e-6,1000.0006802768656,3.5502472331352405e-4,2
Curtis Robinson,Rusher,3.892333766549932e-6,3.988814038305256e-6,1.2128421839410747e-6,3.892333766549932e-6,6.571825349158789e-6,1000.0006777199474,6.931580748631672e-4,2
Jacoby Stevens,Rusher,3.76409635288601e-6,5.323236112330499e-6,1.8820481764429983e-7,3.76409635288601e-6,7.33998788812772e-6,1000.0006554428269,9.249709321324652e-4,2
Rashad Weaver,Rusher,3.741002454118765e-6,1.8074731175573465e-6,2.5268297807934345e-6,3.741002454118765e-6,4.955175127444095e-6,1000.0006514310057,3.142203448731561e-4,2
Harvey Langi,Rusher,3.740842309736241e-6,1.8073241075579164e-6,2.526769734092919e-6,3.740842309736241e-6,4.9549148853795625e-6,1000.0006514031859,3.141944591381241e-4,2
Shaka Toney,Rusher,3.66353474198884e-6,2.795737519869539e-5,-1.5116872365826568e-5,3.66353474198884e-6,2.244394184980425e-5,1000.0006379734859,0.004856923615295543,2
Andre Smith,Blocker,3.528844883941154e-6,1.5579094584133368e-6,2.482316958548358e-6,3.528844883941154e-6,4.575372809333949e-6,1000.000614575461,2.7086669683052707e-4,2
Kendall Lamm,Blocker,3.2678812738109987e-6,2.6897371246204917e-6,1.4610464814040606e-6,3.2678812738109987e-6,5.074716066217937e-6,1000.0005692414387,4.674853008079362e-4,2
Cody Whitehair,Blocker,2.6196325711290666e-6,7.198528232664058e-5,-4.573658464372685e-5,2.6196325711290666e-6,5.097584978598498e-5,1000.000456629105,0.012504894252638947,2
Austin Calitro,Rusher,2.462885980592663e-6,3.4830467563327037e-6,1.2314429902963271e-07,2.462885980592663e-6,4.802627662155693e-6,1000.0004293994332,6.048370902226201e-4,2
Tashawn Bower,Rusher,2.0655947283689223e-6,1.5293066916811384e-5,-8.207545027547206e-6,2.0655947283689223e-6,1.233873448428505e-5,1000.0003603828737,0.0026569079337353304,2
Stephen Weatherly,Rusher,1.4231334219602033e-6,6.627719314770375e-5,-4.3098666655154114e-5,1.4231334219602033e-6,4.594493349907452e-5,1000.0002487759136,0.011513297599615804,2
Scott Daly,Blocker,1.4211167751868807e-6,2.0097626171852034e-6,7.105583875934379e-8,1.4211167751868807e-6,2.7711777116144178e-6,1000.0002484255863,3.493616301890658e-4,2
Cameron Tom,Blocker,1.421008998154401e-6,2.0096101974441585e-6,7.10504499077198e-8,1.421008998154401e-6,2.7709675464010824e-6,1000.0002484068634,3.493351522302313e-4,2
Christian Elliss,Rusher,1.2546651678292444e-6,1.7743644965812328e-6,6.2733258391462e-8,1.2546651678292444e-6,2.4465970772670266e-6,1000.0002195099804,3.084687882880495e-4,2
Carlos Basham Jr.,Rusher,1.2436394854491318e-6,2.8640301954557726e-5,-1.7995524655484066e-5,1.2436394854491318e-6,2.048280362638233e-5,1000.0002175946231,0.0049750999351490625,2
Justin Lawler,Rusher,1.0885471802929485e-6,1.5394381856532786e-6,5.442735901464723e-8,1.0885471802929485e-6,2.1226670015712497e-6,1000.0001906523303,2.676579080872737e-4,2
Darryl Johnson,Rusher,1.0808326283264478e-6,2.0202336776087933e-6,-2.76262258041237e-7,1.0808326283264478e-6,2.4379275146941325e-6,1000.0001893121753,3.511806397703471e-4,2
Freedom Akinmoladun,Rusher,5.152021876701218e-7,7.286059211673748e-7,2.5760109383505998e-8,5.152021876701218e-7,1.0046442659567375e-6,1000.0000910521037,1.2680191676694738e-4,2
Akeem Spence,Rusher,0,0,0,0,0,1000.0000015523168,2.3010439031637008e-7,2
Brandon Knight,Blocker,0,0,0,0,0,1000.0000015523168,2.3010439031637008e-7,2
Caraun Reid,Rusher,0,0,0,0,0,1000.0000015523168,2.3010439031637008e-7,2
Cedric Ogbuehi,Blocker,0,0,0,0,0,1000.0000015523168,2.3010439031637008e-7,2
David Steinmetz,Blocker,0,0,0,0,0,1000.0000015523168,2.3010439031637008e-7,2
Delontae Scott,Rusher,0,0,0,0,0,1000.0000015523168,2.3010439031637008e-7,2
Frank Herron,Rusher,0,0,0,0,0,1000.0000015523168,2.3010439031637008e-7,2
Hardy Nickerson,Rusher,0,0,0,0,0,1000.0000015523168,2.3010439031637008e-7,2
Jake Zimmer,Rusher,0,0,0,0,0,1000.0000015523168,2.3010439031637008e-7,2
Nate Orchard,Rusher,0,0,0,0,0,1000.0000015523168,2.3010439031637008e-7,2
Curtis Weaver,Rusher,-1.7386332182796811e-7,2.458798677283507e-7,-3.390334775645379e-7,-1.7386332182796811e-7,-8.693166091398374e-9,999.9999713491643,4.294381228964558e-5,2
Anthony Walker Jr.,Rusher,-3.7900446946826703e-7,3.249783718499846e-5,-2.220947346450659e-5,-3.7900446946826703e-7,2.1451464525570057e-5,999.999935712497,0.00564522244089966,2
Daniel Archibong,Rusher,-5.13925796953014e-7,2.567183945404884e-7,-6.863767487061718e-7,-5.13925796953014e-7,-3.4147484519985615e-7,999.9999122742618,4.482665719789616e-5,2
Jonathan Bullard,Rusher,-5.869451665045911e-7,3.623550631507176e-5,-2.492819878986404e-5,-5.869451665045911e-7,2.375430845685486e-5,999.999899589498,0.006294982281073613,2
Ty Summers,Rusher,-6.873854886720559e-7,5.02314898381468e-7,-1.024816246061795e-6,-6.873854886720559e-7,-3.499547312823166e-7,999.9998821412269,8.749113985991848e-5,2
Patrick Johnson,Rusher,-6.87566881646125e-7,4.455387542992691e-6,-3.6804798888871176e-6,-6.87566881646125e-7,2.305346125594867e-6,999.9998821097157,7.737499854846811e-4,2
Brady Christensen,Blocker,-6.95142250119037e-7,4.029866075894644e-5,-2.7765825730736926e-5,-6.95142250119037e-7,2.637554123049885e-5,999.9998807937395,0.007000824502682911,2
Keaton Sutherland,Blocker,-7.100305144087104e-7,1.0041347831755435e-6,-1.3845595030969853e-6,-7.100305144087104e-7,-3.550152572043539e-8,999.9998782073831,1.7466618261660814e-4,2
Isaiah Buggs,Rusher,-7.514668997824067e-7,4.685117055182e-5,-3.222380828331584e-5,-7.514668997824067e-7,3.072087448375103e-5,999.9998710091456,0.008139112041004128,2
Josey Jewell,Rusher,-1.0274259539713589e-6,5.131493677945592e-7,-1.3721347818140252e-6,-1.0274259539713589e-6,-6.827171261286923e-7,999.9998230701478,8.937327991975036e-5,2
Daelin Hayes,Rusher,-1.0354421294872164e-6,9.942669268067924e-7,-1.7033423714290787e-6,-1.0354421294872164e-6,-3.675418875453543e-7,999.9998216775955,1.7295196031266656e-4,2
Grant Stuard,Rusher,-1.4052354965175201e-6,1.987303097503167e-6,-2.7402092182091644e-6,-1.4052354965175201e-6,-7.026177482587576e-8,999.9997574379081,3.45460012027104e-4,2
Pita Taumoepenu,Rusher,-1.4208407560400548e-6,2.0093722671642876e-6,-2.7706394742781072e-06,-1.4208407560400548e-6,-7.104203780200249e-8,999.9997547269968,3.488336106977957e-4,2
Ezra Cleveland,Blocker,-1.6315520031693348e-6,1.6199507949958363e-4,-1.1045198027452833e-4,-1.6315520031693348e-6,1.0718887626818966e-4,999.999718122704,0.028141197544460452,2
Shane Lemieux,Blocker,-1.6746607741956742e-6,6.837196902766049e-7,-2.13395046214976e-6,-1.6746607741956742e-6,-1.2153710862415884e-6,999.9997106339436,1.1900437984347864e-4,2
Jason Spriggs,Blocker,-1.6902449804464775e-6,4.4856887627146486e-5,-3.1822923933320796e-5,-1.6902449804464775e-6,2.8442433972427838e-5,999.9997079266896,0.0077926696131321365,2
Khalil Davis,Rusher,-1.7530827633452716e-6,2.4792334198853863e-6,-3.41851138852328e-6,-1.7530827633452716e-6,-8.765413816726327e-8,999.9996970106486,4.3045685306565643e-4,2
Nick Martin,Blocker,-1.8774908734645227e-6,1.8729705601864683e-5,-1.44591976221354e-5,-1.8774908734645227e-6,1.0704215875206355e-5,999.9996753987464,0.0032539132206131647,2
Morgan Fox,Rusher,-2.035528729544411e-6,6.680366401242109e-6,-6.523074493517027e-6,-2.035528729544411e-6,2.452017034428205e-6,999.9996479447589,0.0011607286104790328,2
Nick Thurman,Rusher,-2.10028940246057e-6,2.9702577578682216e-6,-4.0955643347981115e-6,-2.10028940246057e-6,-1.0501447012302812e-7,999.9996366946776,5.16216726039554e-4,2
John Miller,Blocker,-2.162991996348901e-6,1.8499034690158244e-5,-1.4589745227424177e-5,-2.162991996348901e-6,1.0263761234726375e-5,999.9996258021215,0.003213381370190035,2
Alton Robinson,Rusher,-2.254112912626195e-6,5.509788013972881e-5,-3.926619335464175e-5,-2.254112912626195e-6,3.475796752938936e-5,999.999609972797,0.009571252019286129,2
Jake Brendel,Blocker,-2.4838707442987704e-6,3.3271211238310845e-8,-2.506220728429425e-6,-2.4838707442987704e-6,-2.4615207601681153e-6,999.9995700597735,5.549696937218085e-6,2
Justin Hamilton,Rusher,-2.7294207486906156e-6,7.457061912912287e-5,-5.282234168899858e-5,-2.7294207486906156e-6,4.7363500191617347e-5,999.9995274033688,0.012954013255577986,2
Keandre Jones,Rusher,-2.8104624543549216e-6,3.974594119489106e-6,-5.480401785992098e-6,-2.8104624543549216e-6,-1.4052312271774558e-7,999.9995133249826,6.906878220002696e-4,2
Jabril Cox,Rusher,-2.8260951311661355e-6,2.210090546798046e-8,-2.840941446286568e-6,-2.8260951311661355e-6,-2.8112488160457024e-6,999.9995106093086,3.6092161203779255e-6,2
DeAngelo Malone,Rusher,-2.8261191662368755e-6,2.2096747391692087e-8,-2.840962688163565e-6,-2.8261191662368755e-6,-2.8112756443101854e-6,999.9995106051331,3.6084937472152384e-6,2
Jashon Cornell,Rusher,-3.007816995431461e-6,4.253695588075466e-6,-5.865243141091349e-6,-3.007816995431461e-6,-1.5039084977157252e-7,999.9994790409874,7.38712504211507e-4,2
Mack Wilson Sr.,Rusher,-3.0777509600881723e-6,3.0391687162384775e-5,-2.3493410640099473e-5,-3.0777509600881723e-6,1.7337908719923128e-5,999.9994668922134,0.005279806916557235,2
Cam Brown,Rusher,-3.1972635075514974e-6,8.00460368724911e-6,-8.574367578117952e-6,-3.1972635075514974e-6,2.1798405630149583e-6,999.9994461307574,0.0013903119801080823,2
Joe Thomas,Rusher,-3.4438399779144157e-6,1.1027996429783551e-5,-1.0851912483395353e-5,-3.4438399779144157e-6,3.964232527566521e-6,999.9994032960371,0.0019159893027692531,2
Prince Tega Wanogho,Blocker,-3.6966397955247042e-6,5.227838134039141e-6,-7.208447601273174e-6,-3.6966397955247042e-6,-1.8483198977623456e-7,999.9993593802109,9.083986059697945e-4,2
Leki Fotu,Rusher,-3.919719302683349e-6,2.7427803783369395e-4,-1.8816638676129156e-4,-3.919719302683349e-6,1.8032694815592486e-4,999.9993206273314,0.04764674523094883,2
Victor Dimukeje,Rusher,-3.941938195186191e-6,1.0323479145397469e-5,-1.0876750198877224e-5,-3.941938195186191e-6,2.9928738085048423e-6,999.9993167675143,0.001793602115162895,2
T.Y. Mcgill,Rusher,-4.077854195741956e-6,5.766956708998305e-6,-7.951815681696815e-6,-4.077854195741956e-6,-2.038927097870971e-7,999.9992931564867,0.0010015928860489531,2
Lachavious Simmons,Blocker,-4.096454042540368e-6,5.793260864598679e-6,-7.988085382953717e-6,-4.096454042540368e-6,-2.0482270212701766e-7,999.9992899253624,0.0010061623858703384,2
Austin Faoliu,Rusher,-4.18553366446552e-6,2.1142041654391236e-8,-4.199735861436371e-6,-4.18553366446552e-6,-4.171331467494668e-6,999.9992744506471,3.902853174080512e-6,2
Damien Wilson,Rusher,-4.856405130712241e-6,4.479919217444369e-5,-3.495032708002927e-5,-4.856405130712241e-6,2.5237516818604787e-5,999.9991579083367,0.007782186677610666,2
Marvin Wilson,Rusher,-5.092899391182735e-6,7.202447390812302e-6,-9.931153812806333e-6,-5.092899391182735e-6,-2.5464496955913585e-7,999.9991168250758,0.0012509631588139324,2
Dont'A Hightower,Rusher,-5.2072570635839995e-6,6.21565984904341e-6,-9.38263553095117e-6,-5.207257063583999e-6,-1.0318785962168282e-6,999.9990969591133,0.0010795406050962883,2
Ben Braden,Blocker,-5.2727947948349256e-6,7.456857910465813e-6,-1.0281949849928106e-05,-5.2727947948349256e-6,-2.636397397417453e-7,999.9990855740434,0.0012956190015283014,2
Rashard Lawrence,Rusher,-5.473604802435169e-6,9.727914787235845e-6,-1.2008345589651559e-5,-5.473604802435169e-6,1.0611359847812214e-6,999.999050689772,0.0016896817806378776,2
Ulysees Gilbert III,Rusher,-5.52798019993269e-6,1.7994594474391545e-5,-1.761587498859972e-5,-5.52798019993269e-6,6.559914588734339e-6,999.999041243798,0.003126211338143517,2
Tyrell Adams,Rusher,-5.6365082272798525e-6,3.9524599704530315e-6,-8.291578912381787e-6,-5.6365082272798525e-6,-2.9814375421779184e-6,999.9990223905487,6.868427264433217e-4,2
Kamal Martin,Rusher,-5.652178181737129e-6,4.419837593607678e-8,-5.6818685045118695e-6,-5.652178181737129e-6,-5.6224878589623876e-6,999.9990196683987,7.447939905500594e-6,2
Caleb Johnson,Rusher,-5.652186205060353e-6,4.419837769510872e-8,-5.681876529016726e-6,-5.652186205060353e-6,-5.622495881103981e-6,999.999019667005,7.447940146666795e-6,2
Darious Williams,Rusher,-5.652228672836159e-6,4.419510440994251e-8,-5.6819167979585e-6,-5.652228672836159e-6,-5.622540547713817e-6,999.9990196596275,7.44737155715203e-6,2
Christian Rozeboom,Rusher,-5.652239565678018e-6,4.4190409815332304e-8,-5.681924537199661e-6,-5.652239565678018e-6,-5.622554594156375e-6,999.9990196577353,7.44655601344677e-6,2
Andre Smith,Rusher,-5.667758814073575e-6,4.040860015010215e-6,-8.382212356590908e-6,-5.667758814073575e-6,-2.9533052715562422e-6,999.9990169617656,7.017391782201646e-4,2
Emmanuel Ellerbee,Rusher,-5.683448017722729e-6,8.037609267705966e-6,-1.1082723634559323e-5,-5.683448017722729e-6,-2.8417240088613544e-7,999.9990142362719,0.0013960456366945923,2
Darius Hodges,Rusher,-5.81839730445365e-6,2.7919303647304625e-7,-6.0059456293362964e-06,-5.81839730445365e-6,-5.630848979571004e-6,999.9989907931797,4.827069368304861e-5,2
Marquiss Spencer,Rusher,-6.015503276688705e-6,8.50720631839296e-6,-1.1730231389542976e-5,-6.015503276688705e-6,-3.007751638344342e-7,999.9989565523651,0.0014776229998454166,2
Tipa Galeai,Rusher,-6.128971299500854e-6,3.40726949721092e-5,-2.9017353284176097e-5,-6.128971299500854e-6,1.675941068517439e-5,999.9989368409508,0.005918803259624749,2
Denzelle Good,Blocker,-6.331944711122947e-6,8.95472208666666e-6,-1.2347292186689749e-5,-6.331944711122947e-6,-3.1659723555614626e-7,999.9989015808577,0.001555824660070051,2
Reggie Ragland,Rusher,-6.393114283709088e-6,3.108771545981066e-5,-2.7276331976277578e-5,-6.393114283709088e-6,1.44901034088594e-5,999.9988909546146,0.005400259207228597,2
Justin Mccray,Blocker,-6.572192967321237e-6,3.61537786411343e-5,-3.08585459078515e-5,-6.572192967321237e-6,1.7714159973209027e-5,999.9988598454609,0.006280324521133195,2
Travin Howard,Rusher,-6.6322442020631334e-6,1.2458536101730339e-5,-1.5001283795194524e-5,-6.6322442020631334e-6,1.736795391068258e-6,999.998849413493,0.002164499497033122,2
Brett Toth,Blocker,-6.759868316716636e-6,2.2281812684456578e-5,-2.172770812070893e-5,-6.759868316716636e-6,8.20797148727566e-6,999.9988272429134,0.0038709774227092732,2
Eddie Yarbrough,Rusher,-7.041819709252799e-6,5.939806062394947e-6,-1.103189299762261e-5,-7.041819709252799e-6,-3.051746420882987e-6,999.9987782629398,0.0010320801029973746,2
Isaiah Mack,Rusher,-7.076224169181935e-6,3.393637763123676e-5,-2.9873034783539168e-5,-7.076224169181935e-6,1.5720586445175297e-5,999.998772286273,0.005895122512078201,2
Jordan Evans,Rusher,-7.342748762359389e-6,1.3463112595351892e-5,-1.6386614063808166e-5,-7.342748762359389e-6,1.7011165390893879e-6,999.998725986209,0.0023390123081548477,2
Phil Hoskins,Rusher,-7.433351668539871e-6,5.8526445045207665e-5,-4.6748575530237624e-5,-7.433351668539871e-6,3.188187219315788e-5,999.9987102468722,0.010167314955822878,2
Brian Winters,Blocker,-7.562776651412552e-6,1.0695381309626213e-5,-1.4747414470254478e-5,-7.562776651412552e-6,-3.7813883257062627e-7,999.9986877634498,0.001858208138249032,2
Attauyo Nsekhe,Blocker,-7.693286246446e-6,1.0879949748942334e-5,-1.50019081805697e-5,-7.693286246446e-6,-3.846643123222986e-7,999.998665091611,0.0018898107513721533,2
Myron Cunningham,Blocker,-7.694742779708347e-6,1.0882009598035994e-5,-1.5004748420431278e-5,-7.694742779708347e-6,-3.84737138985416e-7,999.9986648385852,0.0018901685838139642,2
Zach Banner,Blocker,-8.002373602689276e-6,7.837088797141196e-6,-1.3266949304247955e-5,-8.002373602689276e-6,-2.7377979011305957e-6,999.9986113976377,0.00136121166311874,2
Cole Holcomb,Rusher,-8.19628442138496e-6,5.849166958065961e-5,-4.7488147814621915e-5,-8.19628442138496e-6,3.1095578971851994e-5,999.9985777118783,0.010160813630076908,2
Charles Snowden,Rusher,-8.431408502170498e-6,1.1923812253677342e-5,-1.6441246579232473e-5,-8.431408502170498e-6,-4.2157042510852344e-7,999.9985368666419,0.002071608450412774,2
Anthony Levine Sr.,Rusher,-8.462539100467788e-6,3.930302308445168e-6,-1.1102725344161771e-5,-8.462539100467788e-6,-5.822352856773803e-6,999.9985314587032,6.829935462544165e-4,2
Samuel Eguavoen,Rusher,-8.478165709254738e-6,6.624808703046223e-8,-8.52266795725562e-6,-8.478165709254738e-6,-8.433663461253854e-6,999.9985287440832,1.1278367090953968e-5,2
Nathan Landman,Rusher,-8.478195154608994e-6,6.622694231475718e-8,-8.52268319861661e-6,-8.478195154608994e-6,-8.43370711060138e-6,999.9985287389679,1.1274693888536579e-5,2
Cortez Broughton,Rusher,-8.478333035624573e-6,6.627877303689913e-8,-8.522855896994531e-6,-8.478333035624573e-6,-8.433810174254612e-6,999.9985287150156,1.128369774828659e-5,2
Deatrich Wise Jr.,Rusher,-8.706087689767171e-6,6.483424593684635e-5,-5.225858589707458e-5,-8.706087689767171e-6,3.4846410517540234e-5,999.9984891499798,0.011263092203906708,2
Raequan Williams,Rusher,-8.763925249089141e-6,1.2394061946885869e-5,-1.708965423572383e-5,-8.763925249089141e-6,-4.381962624544555e-7,999.9984791025665,0.0021528389803906894,2
Otito Ogbonnia,Rusher,-8.85694495451169e-6,1.2525611675862386e-5,-1.7271042661297795e-5,-8.85694495451169e-6,-4.4284724772558287e-7,999.9984629433886,0.0021756915089383624,2
Elerson Smith,Rusher,-9.508508429581037e-6,1.7503076898957988e-5,-2.12662255781197e-5,-9.508508429581037e-6,2.2492087189576254e-06,999.9983497552199,0.0030403657809886676,2
Braden Smith,Blocker,-9.642977632421239e-6,2.484769596390787e-4,-1.7655773360535944e-4,-9.642977632421239e-6,1.5727177834051696e-4,999.9983263955269,0.04316463887614715,2
Sam Tecklenburg,Blocker,-9.848992428824951e-6,1.3928578668554176e-5,-1.9205535236208656e-5,-9.848992428824951e-6,-4.924496214412458e-7,999.9982906070911,0.0024198720470270502,2
Tim Ward,Rusher,-9.861984247278893e-6,1.1357051323788833e-4,-8.615314029795895e-5,-9.861984247278893e-6,6.642917180340116e-5,999.9982883501812,0.019728988778049756,2
Matt Farniok,Blocker,-1.0291962402223609e-5,3.6118787100068035e-7,-1.0534590875447176e-5,-1.0291962402223609e-5,-1.004933392900004e-5,999.9982136553251,6.29748641296452e-5,2
Devin Bush,Rusher,-1.0318539883933632e-5,6.89489977532006e-5,-5.663512855787261e-5,-1.0318539883933632e-5,3.5998048790005344e-5,999.9982090383437,0.011977437598426599,2
Danny Trevathan,Rusher,-1.0350835902785982e-5,9.209348386522948e-6,-1.6537228962484763e-5,-1.0350835902785982e-5,-4.164442843087203e-6,999.9982034279506,0.001600057778868454,2
Isaiah Simmons,Rusher,-1.0553350360753758e-5,2.6768707054385116e-7,-1.0733169536430402e-5,-1.0553350360753758e-5,-1.0373531185077114e-5,999.9981682475859,4.627190265691905e-5,2
Patrick O'Connor,Rusher,-1.0617518505487161e-5,9.56629010761502e-6,-1.704368768108491e-5,-1.0617518505487161e-5,-4.191349329889409e-6,999.9981571004373,0.0016616046979984957,2
Kyle Long,Blocker,-1.066554803327982e-5,7.624663016560072e-6,-1.5787426410388132e-5,-1.066554803327982e-5,-5.543669656171511e-6,999.9981487568539,0.001324309525370689,2
Kendal Vickers,Rusher,-1.0705061760167237e-5,1.5139243527270103e-5,-2.0874870432326115e-5,-1.0705061760167237e-5,-5.3525308800836e-7,999.9981418926164,0.002630186074035218,2
Kylie Fitts,Rusher,-1.0737126994649022e-5,2.7693887876861833e-6,-1.2597467906588168e-5,-1.0737126994649022e-5,-8.876786082709875e-6,999.9981363223146,4.80862003088358e-4,2
Andrew Brown,Rusher,-1.1241593101215941e-5,1.5898013426419406e-5,-2.1921106547371087e-5,-1.1241593101215941e-5,-5.62079655060795e-7,999.9980486875761,0.002761997906170515,2
Luke Gifford,Rusher,-1.1486008141692862e-5,4.319889342411971e-6,-1.4387900037288113e-5,-1.1486008141692862e-5,-8.584116246097612e-6,999.9980062283348,7.502115370907544e-4,2
P.J. Williams,Rusher,-1.1582221482373798e-5,1.9755886312716834e-6,-1.2909325994480692e-5,-1.1582221482373798e-5,-1.0255116970266903e-5,999.9979895143656,3.434250008922579e-4,2
Andrew Billings,Rusher,-1.1860750149947115e-5,9.894601316236398e-6,-1.850746285340281e-5,-1.1860750149947115e-5,-5.214037446491423e-6,999.9979411289803,0.0017186381965682987,2
Casey Tucker,Blocker,-1.1961618645285324e-5,1.691628331609739e-5,-2.3325156358306383e-5,-1.1961618645285324e-5,-5.98080932264264e-7,999.997923606328,0.002938429294992703,2
Amani Bledsoe,Rusher,-1.1983720113590149e-5,6.68493155086242e-8,-1.2028626237688285e-5,-1.1983720113590149e-5,-1.1938813989492012e-5,999.9979197669096,1.1382811108400006e-5,2
Nick Niemann,Rusher,-1.2014777366521107e-5,3.102088481696517e-6,-1.409860977770698e-5,-1.2014777366521107e-5,-9.930944955335233e-6,999.9979143717121,5.386578595339724e-4,2
Jonathan Ledbetter,Rusher,-1.203087968776276e-5,1.701423322171308e-5,-2.3460215391137383e-5,-1.203087968776276e-5,-6.015439843881359e-7,999.9979115744525,0.002955444936404358,2
Deonte Brown,Blocker,-1.2126102099339729e-5,1.7148898047607103e-5,-2.3645899093712473e-5,-1.2126102099339729e-5,-6.063051049669843e-7,999.9978950326254,0.0029792988215080643,2
Chris Hubbard,Blocker,-1.2139044398448077e-5,1.7167201222534417e-5,-2.367113657697375e-5,-1.2139044398448077e-5,-6.069522199224017e-7,999.9978927843176,0.0029824784086417903,2
Larry Ogunjobi,Rusher,-1.2214093158955126e-5,2.6216368423390887e-5,-2.9824976454706474e-5,-1.2214093158955124e-5,5.396790136796224e-6,999.9978797470126,0.004554479761157978,2
Nick Leverett,Blocker,-1.242643194992357e-5,1.639302972873001e-7,-1.2536552363534659e-5,-1.242643194992357e-5,-1.2316311536312483e-5,999.9978428599866,2.8247504986665185e-5,2
Will Fries,Blocker,-1.247285930332765e-5,7.192995557394302e-6,-1.7304764442221962e-5,-1.247285930332765e-5,-7.64095416443334e-6,999.9978347947292,0.0012493212071875842,2
Monty Rice,Rusher,-1.2474752130182779e-5,5.269262099001957e-6,-1.601438654413365e-5,-1.2474752130182779e-5,-8.93511771623191e-6,999.9978344659114,9.151344769405173e-4,2
Drew Dalman,Blocker,-1.2831393756658045e-5,7.177777567092604e-6,-1.765307618862091e-5,-1.2831393756658045e-5,-8.009711324695178e-6,999.9977725109154,0.0012466775715015005,2
Lerentee Mccray,Rusher,-1.3041681794817912e-5,1.429127207159562e-6,-1.4001700057210596e-5,-1.3041681794817912e-5,-1.2081663532425231e-5,999.9977359801414,2.484949284433044e-4,2
Logan Stenberg,Blocker,-1.3047808289747788e-5,1.0886148161032309e-5,-2.0360594016131824e-5,-1.3047808289747787e-5,-5.735022563363747e-6,999.9977349158603,0.0018913477346053445,2
Alexander Johnson,Rusher,-1.3187994162181371e-5,3.097743864685688e-6,-1.526890807062473e-5,-1.3187994162181371e-5,-1.110708025373801e-5,999.9977105630801,5.383633311299886e-4,2
Austin Schlottmann,Blocker,-1.3212159536818504e-5,1.8684815205205758e-5,-2.5763711096796085e-5,-1.3212159536818504e-5,-6.606079768409229e-7,999.9977063651245,0.003245654751249681,2
Blake Cashman,Rusher,-1.3246713198221087e-5,6.318297146366987e-6,-1.749103841808141e-5,-1.3246713198221087e-5,-9.002387978360762e-6,999.9977003625386,0.0010973705298786328,2
Emeke Egbule,Rusher,-1.332659163048755e-5,1.8846646624043273e-5,-2.5986853679450726e-5,-1.332659163048755e-5,-6.663295815243751e-7,999.9976864862338,0.0032742279568992796,2
Hamilcar Rashed Jr.,Rusher,-1.3343242337646031e-5,2.3538008074506753e-8,-1.3359054028514884e-5,-1.3343242337646031e-5,-1.332743064677718e-5,999.9976835937096,3.858866388228467e-6,2
Clay Johnston,Rusher,-1.3483078329259751e-5,1.710094641941495e-5,-2.4970663748242068e-05,-1.3483078329259751e-5,-1.995492910277435e-6,999.9976593017097,0.0029705085616981925,2
John Simon,Rusher,-1.3515303318079338e-5,1.9113525252013892e-5,-2.635484147025471e-5,-1.3515303318079338e-5,-6.757651659039645e-7,999.9976537036559,0.0033205895230598663,2
Teven Jenkins,Blocker,-1.3711053881222974e-5,6.63749301303438e-5,-5.8298508917374906e-5,-1.3711053881222974e-5,3.087640115492896e-5,999.9976196983,0.011530736461343857,2
Kevin Pierre-Louis,Rusher,-1.3783539838674392e-5,1.9492868977363186e-5,-2.6877902685415067e-5,-1.3783539838674392e-5,-6.891769919337171e-7,999.9976071061997,0.003386028068916524,2
Alex Bars,Blocker,-1.3867940530383547e-5,2.808144008380934e-6,-1.575431531771435e-5,-1.3867940530383547e-5,-1.1981565743052743e-5,999.9975924442977,4.880546832805464e-4,2
Nick Allegretti,Blocker,-1.402001832846866e-5,5.625358786038554e-6,-1.7798861205473086e-5,-1.402001832846866e-5,-1.0241175451464232e-5,999.9975660256782,9.774550161668215e-4,2
Jamin Davis,Rusher,-1.4202571725717955e-5,2.5210663300536646e-05,-3.113787115483723e-5,-1.4202571725717955e-5,2.732727703401322e-6,999.997534312905,0.004379310678198165,2
David Bakhtiari,Blocker,-1.4238473194726067e-5,2.0547858852847344e-7,-1.4376503732896335e-5,-1.4238473194726067e-5,-1.41004426565558e-5,999.9975280761811,3.546518245759859e-5,2
David Andrews,Blocker,-1.4396678741972283e-5,1.6257178636742392e-4,-1.2360451068348766e-4,-1.4396678741972283e-5,9.48111531995431e-5,999.9975005930626,0.02824184199740297,2
Jack Heflin,Rusher,-1.440757735145021e-5,1.5886686696494782e-5,-2.5079482050443905e-5,-1.4407577351450212e-5,-3.7356726524565177e-6,999.9974986997802,0.0027600302516303486,2
Lavonte David,Rusher,-1.4532517729172543e-5,1.608595925460491e-5,-2.5338284056453096e-5,-1.4532517729172543e-5,-3.72675140189199e-6,999.9974769954135,0.002794187231724958,2
Cameron Malveaux,Rusher,-1.4609753323921728e-5,2.3998045116374798e-5,-3.073047473908059e-5,-1.4609753323921728e-5,1.5109680912371408e-6,999.9974635782166,0.004169117532613416,2
Michael Pierce,Rusher,-1.4830745724626908e-5,7.766571709086737e-5,-6.700280318426177e-5,-1.4830745724626908e-5,3.734131173500795e-5,999.9974251879046,0.013492147050666007,2
Marcus Henry,Blocker,-1.589465689481155e-5,7.344557801580865e-6,-2.082837418981022e-5,-1.589465689481155e-5,-1.0960939599812877e-5,999.9972403676043,0.0012761104745292221,2
Jordan Simmons,Blocker,-1.5948034705052292e-5,4.339350429574374e-6,-1.886299961401425e-5,-1.5948034705052292e-5,-1.3033069796090333e-5,999.9972310949289,7.540524830616478e-4,2
Shaq Mason,Blocker,-1.6409580583475486e-5,4.5757266395431826e-5,-4.714709027240621e-5,-1.6409580583475486e-5,1.4327929105455238e-5,999.9971509161977,0.007948621216584288,2
Kenneth Murray Jr.,Rusher,-1.663673532334942e-5,3.0414522262185732e-5,-3.706773451458313e-5,-1.663673532334942e-5,3.794263867884293e-6,999.9971114553776,0.005283773779743004,2
Renell Wren,Rusher,-1.7019710734935665e-5,2.4069505749012974e-5,-3.318843593312455e-5,-1.7019710734935665e-5,-8.509855367467802e-7,999.9970449257345,0.0041815315159769145,2
Kahlil Mckenzie,Rusher,-1.7049933722774018e-5,2.411224750830941e-5,-3.324737075940934e-5,-1.7049933722774018e-5,-8.524966861386979e-7,999.9970396754638,0.004188496311231341,2
Geron Christian Sr.,Blocker,-1.7572815664201875e-5,9.000358785087482e-5,-7.803285559965098e-5,-1.7572815664201875e-5,4.288722427124725e-5,999.996948841567,0.015635454726434087,2
Quinton Jefferson,Rusher,-1.80255504718052e-5,1.3287290640019638e-4,-1.0728311696577227e-4,-1.80255504718052e-5,7.123201602216187e-5,999.9968701934755,0.02308261812202421,2
Coleman Shelton,Blocker,-1.8106185139104564e-5,5.9740962268860765e-5,-5.823726269727964e-5,-1.8106185139104567e-5,2.2024892419070504e-5,999.9968561857991,0.010377837998362468,2
Elijah Lee,Rusher,-1.8124169730312587e-5,3.558825857437668e-5,-4.203063375044653e-5,-1.8124169730312583e-5,5.782294289821363e-6,999.9968530615556,0.006182083623405345,2
David Mayo,Rusher,-1.8810972684092577e-5,1.5064606616197005e-5,-2.893064390360218e-5,-1.8810972684092577e-5,-8.691301464582974e-6,999.9967337516624,0.002617220314541034,2
Joe Walker,Rusher,-1.9018086025186486e-5,1.3739037749075401e-6,-1.9941007867324655e-5,-1.9018086025186486e-5,-1.8095164183048313e-5,999.99669777239,2.3890163566605023e-4,2
Shaun Bradley,Rusher,-1.991700791143728e-5,7.603744360277846e-6,-2.502483415102064e-5,-1.991700791143728e-5,-1.4809181671853916e-5,999.996541613664,0.001321135791421066,2
Neville Hewitt,Rusher,-2.0135137880808628e-5,6.328218700255165e-5,-6.264503826073714e-5,-2.0135137880808628e-5,2.2374762499119877e-5,999.9965037206072,0.01099347195159825,2
Will Richardson Jr.,Blocker,-2.0172064202254335e-5,6.474477918895608e-5,-6.366446299264403e-5,-2.0172064202254335e-5,2.3320334588135352e-5,999.9964973058482,0.011247090029131513,2
Marcus Allen,Rusher,-2.0461888700656e-5,1.3279276639229687e-7,-2.0551092432984088e-5,-2.0461888700656e-5,-2.0372684968327915e-5,999.996446958176,2.2838361882266765e-5,2
Carl Granderson,Rusher,-2.0871991990760118e-5,1.6714292168528828e-5,-3.2099841859105063e-5,-2.0871991990760118e-5,-9.644142122415175e-6,999.9963757159376,0.0029038000474858232,2
Alex Barshaba,Blocker,-2.1567365442631514e-5,3.0500860713626297e-5,-4.2056362613131455e-5,-2.1567365442631514e-5,-1.078368272131572e-6,999.9962549171964,0.005298312096092898,2
Lane Johnson,Blocker,-2.1882051886813176e-5,7.374301203960739e-5,-7.141902657122442e-5,-2.1882051886813176e-5,2.7654922797598057e-5,999.996200250562,0.012810243178683497,2
Anthony Pittman,Rusher,-2.229998379690959e-5,2.7071007093052754e-5,-4.048497185150399e-5,-2.229998379690959e-5,-4.114995742315192e-6,999.996127648353,0.004702485495600727,2
Bobby Brown III,Rusher,-2.2338945041431858e-5,6.958834959144226e-7,-2.2806405783364905e-5,-2.2338945041431858e-5,-2.187148429949881e-5,999.9961208800917,1.2111744932320275e-4,2
Dennis Gardeck,Rusher,-2.257732065963575e-5,1.219509169950582e-5,-3.076939109565248e-5,-2.257732065963575e-5,-1.4385250223619023e-5,999.9960794700053,0.0021187345169697076,2
Zaire Franklin,Rusher,-2.2633998634364416e-5,1.2646669476849458e-5,-3.112941709354434e-5,-2.2633998634364416e-5,-1.4138580175184497e-5,999.9960696240327,0.00219718161171621,2
David Sharpe,Blocker,-2.2770378236900046e-5,1.7545395054077598e-5,-3.455652266716847e-5,-2.2770378236900046e-5,-1.098423380663162e-5,999.9960459324691,0.003048177406278916,2
Devin White,Rusher,-2.2897192429442167e-5,3.665854816729138e-5,-4.752262502711032e-5,-2.2897192429442167e-5,1.7282401682259844e-6,999.9960239025875,0.0063684721778560615,2
Aaron Patrick,Rusher,-2.294824321318033e-5,2.4013208966335113e-5,-3.9079150966418236e-5,-2.294824321318033e-5,-6.817335459942421e-6,999.9960150341581,0.004171291554358557,2
Blake Martinez,Rusher,-2.3210303676114206e-5,1.0851526865919704e-5,-3.0499832497578043e-5,-2.3210303676114206e-5,-1.5920774854650373e-5,999.9959695095929,0.0018853333996290342,2
Ronnie Stanley,Blocker,-2.3546662731014003e-5,4.1335370037526685e-5,-5.131375716458484e-5,-2.3546662731014e-5,4.220431702556841e-6,999.9959110780403,0.00718091935024522,2
K'Lavon Chaisson,Rusher,-2.3608745262468303e-5,9.0925992982317e-6,-2.97167119537404e-5,-2.3608745262468303e-5,-1.7500778571196207e-5,999.9959002932,0.0015793161761545273,2
Ledarius Mack,Rusher,-2.391215640841366e-5,1.6332676852181195e-5,-3.488365563766425e-5,-2.391215640841366e-5,-1.2940657179163074e-5,999.9958475852853,0.002837506677014147,2
Ogbonnia Okoronkwo,Rusher,-2.4023956578743744e-5,5.9460090454678094e-5,-6.396635809068872e-5,-2.4023956578743744e-5,1.5918444933201226e-5,999.9958281636066,0.010329045566763817,2
Dakota Allen,Rusher,-2.4045076918507355e-5,6.182724834824225e-6,-2.8198331242576306e-5,-2.4045076918507355e-5,-1.98918225944384e-5,999.9958244946276,0.001073819207148586,2
Randy Gregory,Rusher,-2.4136024383890717e-5,5.0199571295095756e-5,-5.7857658795539495e-5,-2.4136024383890713e-5,9.585610027758068e-6,999.9958086954348,0.008720328618556558,2
Parker Ehinger,Blocker,-2.4242799100286975e-5,3.428449527751211e-5,-4.727345824555961e-5,-2.4242799100286975e-5,-1.2121399550143445e-6,999.9957901467667,0.005955596741146475,2
Adam Pankey,Blocker,-2.4416897655440097e-5,2.304655460829026e-7,-2.4571713218381925e-5,-2.4416897655440097e-5,-2.426208209249827e-5,999.99575990275,3.980586153597015e-5,2
Joshua Miles,Blocker,-2.4521734043617046e-5,2.4973797778405203e-5,-4.129791871665431e-5,-2.4521734043617046e-5,-7.745549370579782e-6,999.995741690804,0.00433862313135758,2
Isaac Seumalo,Blocker,-2.495610118413742e-5,6.806825095965565e-6,-2.9528595758660038e-5,-2.495610118413742e-5,-2.0383606609614798e-5,999.9956662335032,0.0011822365269983654,2
Ethan Westbrooks,Rusher,-2.5434635989504368e-5,1.9886087395378892e-7,-2.5568221068365504e-5,-2.5434635989504368e-5,-2.530105091064323e-5,999.995583103493,3.4315567612489894e-5,2
Stone Forsythe,Blocker,-2.5438749826430617e-5,1.7760876248906384e-5,-3.736964406007658e-5,-2.5438749826430617e-5,-1.3507855592784661e-5,999.9955823888463,0.003085610323906581,2
Derrek Tuszka,Rusher,-2.5888148165248422e-5,4.5785482566789726e-5,-5.664461210798012e-5,-2.588814816524842e-5,4.868315777483283e-6,999.9955043203588,0.00795352286762139,2
Demarcus Walker,Rusher,-2.601092730034239e-5,2.239506494268437e-4,-1.764500990181522e-4,-2.601092730034239e-5,1.244282444174674e-4,999.9954829914385,0.03890444261027391,2
Justin Murray,Blocker,-2.6196998196729068e-5,3.704815014327776e-5,-5.108414648362169e-5,-2.6196998196729068e-5,-1.3098499098364487e-6,999.9954506676131,0.006436152973225249,2
Kaden Elliss,Rusher,-2.6477041771180896e-5,6.677407863448442e-5,-7.133262539061221e-5,-2.6477041771180892e-5,1.8378541848250427e-5,999.9954020190614,0.011600075658446785,2
Ladarius Hamilton,Rusher,-2.7070701892978106e-5,1.0883752129968897e-5,-3.438187808203992e-5,-2.7070701892978106e-5,-1.9759525703916297e-5,999.9952988897354,0.001890931501356141,2
Isaiah Williams,Blocker,-2.708358122952045e-5,3.8301967892421204e-5,-5.2812983397564886e-5,-2.708358122952045e-5,-1.3541790614760177e-6,999.9952966523656,0.006653503216295742,2
Troy Dye,Rusher,-2.7202358479839673e-5,1.7169731940320475e-6,-2.8355737699024478e-5,-2.7202358479839673e-5,-2.6048979260654864e-5,999.9952760186438,2.980386890658122e-4,2
Robert Spillane,Rusher,-2.7433618063270543e-5,1.747893532115224e-6,-2.8607768064153787e-5,-2.7433618063270543e-5,-2.6259468062387298e-5,999.9952358447395,3.038703108201496e-4,2
Jc Tretter,Blocker,-2.7729936059159958e-5,3.921605165860275e-5,-5.407337531536192e-5,-2.7729936059159958e-5,-1.386496802957993e-6,999.9951843690312,0.0068122958305963455,2
Joe Jackson,Rusher,-2.8131810191499504e-5,1.0766464224734662e-5,-3.5364198061076135e-05,-2.8131810191499504e-5,-2.089942232192287e-5,999.9951145563439,0.00187055650543394,2
Austin Bryant,Rusher,-2.8644843278208847e-5,7.429615352767928e-5,-7.855339155493277e-5,-2.8644843278208844e-5,2.1263704998515075e-5,999.9950254333685,0.012906793905934253,2
Robert Hainsey,Blocker,-2.8691224010332507e-5,3.1961938256800513e-6,-3.0838271822051194e-5,-2.8691224010332507e-5,-2.6544176198613817e-5,999.9950173762102,5.554658410094229e-4,2
Christian Jones,Rusher,-2.883889742555557e-5,2.329924548926831e-5,-4.4490199183447686e-5,-2.883889742555557e-5,-1.3187595667663451e-5,999.9949917227103,0.004047723603764761,2
John Jenkins,Rusher,-2.9080626368097248e-5,5.3665488655065476e-5,-6.513049576459947e-5,-2.908062636809725e-5,6.9692430284049655e-6,999.994949730092,0.009322420132220044,2
Joseph Jones,Rusher,-2.911601583158141e-5,3.4338216920630176e-5,-5.218276256809205e-5,-2.911601583158141e-5,-6.0492690950707764e-6,999.9949435823125,0.005965389355216957,2
Bryan Bulaga,Blocker,-2.9157880270075394e-5,4.176881739651252e-7,-2.9438462903295954e-5,-2.9157880270075394e-5,-2.8877297636854834e-5,999.9949363097146,7.232976323228846e-5,2
Justin Zimmer,Rusher,-2.959157590760491e-5,7.728531252030276e-6,-3.478322792168154e-5,-2.959157590760491e-5,-2.4399923893528283e-5,999.9948609690658,0.001342353285953719,2
Jahlani Tavai,Rusher,-2.9807875583051383e-5,1.0004849042284734e-5,-3.652864735547129e-5,-2.9807875583051383e-5,-2.308710381063148e-5,999.9948233939635,0.0017382503968980322,2
Tyquan Lewis,Rusher,-3.0128087448330553e-5,1.5625757349586343e-4,-1.350943377874769e-4,-3.0128087448330553e-5,7.483816289081582e-5,999.9947677674652,0.027144950874340452,2
Kristian Welch,Rusher,-3.0282744381384903e-5,1.2816603852689045e-5,-3.889231650260206e-5,-3.0282744381384903e-5,-2.167317226016775e-5,999.9947409008041,0.002226702236377344,2
Eric Wilson,Rusher,-3.0323512390390948e-5,4.053375996700434e-5,-5.75521241030647e-5,-3.0323512390390948e-5,-3.094900677717195e-6,999.9947338186755,0.007041665418204772,2
Marquis Haynes Sr.,Rusher,-3.0324697843352402e-5,2.9941853799649633e-5,-5.043818131322943e-5,-3.0324697843352402e-5,-1.0211214373475371e-5,999.9947336127414,0.005201662857674034,2
Jacob Tuioti-Mariner,Rusher,-3.0407529437405648e-5,2.317331784078314e-5,-4.597423911582416e-5,-3.0407529437405648e-5,-1.484081975898713e-5,999.9947192234196,0.00402538752186584,2
Austin Blythe,Blocker,-3.0465241854942744e-5,3.149761166492311e-5,-5.1623807914418e-5,-3.0465241854942744e-5,-9.306675795467484e-6,999.9947091977458,0.005471925680123609,2
Corey Levin,Blocker,-3.060595715757799e-5,9.615634772286496e-7,-3.12518888101032e-5,-3.060595715757799e-5,-2.996002550505278e-5,999.9946847529941,1.6727078920895488e-4,2
Robert Jones,Blocker,-3.098662891892361e-5,7.522925880885183e-6,-3.604016522842442e-5,-3.098662891892361e-5,-2.59330926094228e-5,999.9946186235359,0.0013066359746828266,2
Jeremiah Attaochu,Rusher,-3.1703908374502595e-5,2.6972038652488635e-5,-4.982241423642296e-5,-3.1703908374502595e-5,-1.3585402512582226e-5,999.994494019332,0.004685292916576074,2
Krys Barnes,Rusher,-3.223000128808225e-5,2.6371965154462667e-5,-4.9945406912321347e-5,-3.223000128808225e-5,-1.4514595663843153e-5,999.9944026276323,0.004581049473040515,2
A.J. Johnson,Rusher,-3.2336171293466116e-5,9.159662933297143e-8,-3.239770146131453e-5,-3.2336171293466116e-5,-3.2274641125617707e-5,999.9943841840134,1.5681859835875878e-5,2
Devon Kennard,Rusher,-3.24133210454949e-5,1.1355636296225637e-4,-1.0869497162811267e-4,-3.24133210454949e-5,4.386832953712287e-5,999.9943707817288,0.019726530623369754,2
Ryan Mccollum,Blocker,-3.2802025469503014e-5,3.3529494237958793e-6,-3.505437408031753e-5,-3.2802025469503014e-5,-3.0549676858688504e-5,999.9943032568541,5.826970775710852e-4,2
Nick Dzubnar,Rusher,-3.283855658470676e-5,2.235482629027485e-6,-3.434024526460633e-5,-3.283855658470676e-5,-3.13368679048072e-5,999.9942969107494,3.8857321246297134e-4,2
D'Ante Smith,Blocker,-3.346062291427308e-5,2.081479327786335e-5,-4.744299031625776e-5,-3.346062291427308e-5,-1.9478255512288406e-5,999.9941888467597,0.003616130049419819,2
De'Vondre Campbell,Rusher,-3.3700538541803857e-5,9.76909197773743e-6,-4.026294016612243e-5,-3.3700538541803857e-5,-2.713813691748528e-5,999.9941471691465,0.001697295200028581,2
Chase Young,Rusher,-3.4361813328797904e-5,1.5537601595050127e-5,-4.479921960747102e-5,-3.4361813328797904e-5,-2.3924407050124784e-5,999.9940322939501,0.0026989277494768892,2
Forrest Merrill,Rusher,-3.437190180664302e-5,5.5706726057589666e-5,-7.179297537201488e-5,-3.437190180664302e-5,3.049171758728838e-6,999.9940305414019,0.00967747959713269,2
Ron'Dell Carter,Rusher,-3.4417582210174554e-5,4.867381154571982e-5,-6.711428530984039e-5,-3.4417582210174554e-5,-1.7208791105087216e-6,999.9940226059031,0.008455737211394728,2
Jamarco Jones,Blocker,-3.4474960137748186e-5,9.57838511249021e-5,-9.881790026340015e-5,-3.4474960137748186e-5,2.9867979987903775e-5,999.9940126383361,0.016639129095219498,2
Jack Anderson,Blocker,-3.466688981407229e-5,1.1121651720847462e-5,-4.213787539638825e-5,-3.466688981407229e-5,-2.719590423175632e-5,999.9939792967364,0.0019322588931597652,2
Brandin Bryant,Rusher,-3.4765383665051406e-5,4.916567708021975e-5,-6.779249814685024e-5,-3.4765383665051406e-5,-1.7382691832525641e-6,999.993962186602,0.008541183006389225,2
Jordan Smith,Rusher,-3.486047800082713e-5,2.022952540536465e-5,-4.844969086543007e-5,-3.486047800082713e-5,-2.1271265136224187e-5,999.9939456670239,0.00351445860644608,2
Jessie Lemonier,Rusher,-3.588345890507881e-5,1.1090420394399971e-5,-4.333346479881412e-5,-3.588345890507881e-5,-2.8433453011343495e-5,999.9937679570392,0.001926373247282263,2
Aj Jackson,Blocker,-3.651489364019862e-5,1.1462682833430757e-4,-1.1351563088023905e-4,-3.651489364019862e-5,4.0485843599841807e-5,999.9936582655907,0.019912489505102347,2
Greg Mancz,Blocker,-3.673725764126303e-5,4.151884901909159e-5,-6.462760434530013e-5,-3.673725764126303e-5,-8.846910937225931e-6,999.9936196370072,0.007212792913997843,2
Jamien Sherwood,Rusher,-3.679495512577571e-5,1.351957369700051e-5,-4.587674825368104e-5,-3.679495512577571e-5,-2.7713161997870387e-5,999.9936096139277,0.002348820606147699,2
Bravvion Roy,Rusher,-3.697752771585891e-5,1.3085254710897261e-4,-1.2487791494233128e-4,-3.697752771585891e-5,5.0922859510613464e-5,999.9935778978202,0.022731185556502508,2
Walker Little,Blocker,-3.763430212551037e-5,2.55400249307811e-5,-5.479085070472773e-5,-3.763430212551037e-5,-2.0477753546293012e-5,999.9934638044194,0.004436526653566675,2
Neville Gallimore,Rusher,-3.803653400108246e-5,1.5073800403908021e-5,-4.816238116074555e-5,-3.803653400108246e-5,-2.7910686841419367e-5,999.9933939295859,0.002618357230297462,2
Julian Okwara,Rusher,-3.8373623681924716e-5,4.779053682508539e-5,-7.047698571420985e-5,-3.8373623681924716e-5,-6.270261649639575e-6,999.9933353711106,0.00830229667649694,2
Jacob Phillips,Rusher,-3.86000646243811e-5,2.9802422132646408e-5,-5.861988467087051e-5,-3.86000646243811e-5,-1.8580244577891693e-5,999.9932960342898,0.005176980887418695,2
Colby Gossett,Blocker,-3.873505116249965e-5,1.4999247525376364e-5,-4.8810817318494366e-5,-3.873505116249965e-5,-2.8659285006504943e-5,999.9932725847264,0.00260540606883463,2
Tarell Basham,Rusher,-3.944917813385783e-5,1.2014509476710453e-4,-1.2015681880817185e-4,-3.944917813385783e-5,4.1258462540456197e-5,999.9931485281652,0.020871110569658218,2
Landon Young,Blocker,-3.947347158253723e-5,3.571663609971329e-5,-6.346617339045277e-5,-3.947347158253723e-5,-1.5480769774621687e-5,999.9931443079608,0.006204845292506156,2
Michael Dunn,Blocker,-3.9561947685211457e-5,1.5284966369220417e-6,-4.058871750535044e-5,-3.9561947685211457e-5,-3.8535177865072466e-5,999.9931289380876,2.657571664763646e-4,2
Will Holden,Blocker,-3.9910442922739646e-5,3.0137273353983078e-5,-6.0155199760060025e-5,-3.9910442922739646e-5,-1.9665686085419263e-5,999.9930683982641,0.005235610711300767,2
Markus Bailey,Rusher,-3.9983547500646273e-05,3.6243407444910905e-5,-6.433010871936961e-5,-3.9983547500646273e-05,-1.563698628192294e-5,999.9930556986983,0.006296354847882219,2
Nate Herbig,Blocker,-4.0153135732794e-5,1.132109962507432e-5,-4.775810073240361e-5,-4.0153135732794e-5,-3.25481707331844e-5,999.9930262382048,0.0019669065429340506,2
Cornelius Lucas,Blocker,-4.034372061365842e-5,5.93357478918844e-6,-4.4329608035265477e-5,-4.034372061365842e-5,-3.635783319205137e-5,999.9929931302199,0.0010305374111994128,2
Hamsah Nasirildeen,Rusher,-4.074934863158784e-5,5.762828149266104e-5,-7.946122983159629e-5,-4.074934863158784e-5,-2.0374674315793846e-6,999.992922665416,0.010011287965906196,2
Marquel Lee,Rusher,-4.140420484993681e-5,2.1916459062250627e-5,-5.612661783132585e-5,-4.140420484993681e-5,-2.6681791868547765e-5,999.9928089052391,0.003807508997879915,2
Germain Ifedi,Blocker,-4.150433100280367e-5,1.409526823599711e-5,-5.0972847767504735e-5,-4.150433100280367e-5,-3.2035814238102616e-5,999.992791511545,0.0024488289907095093,2
Denico Autry,Rusher,-4.205686280629931e-5,6.164341462846403e-5,-8.346591548061622e-5,-4.205686280629931e-5,-6.478101319824102e-7,999.9926955269395,0.010708327823172017,2
Joe Tryon-Shoyinka,Rusher,-4.241341081045111e-5,1.2823559001508454e-5,-5.1027655062917915e-5,-4.241341081045111e-5,-3.37991665579843e-5,999.9926335882074,0.0022274502607007372,2
Tommy Togiai,Rusher,-4.326893296119401e-5,8.445981136356768e-5,-1.0000493304646359e-4,-4.326893296119401e-5,1.346706712407557e-5,999.9924849687877,0.014672402111535837,2
Marquise Copeland,Rusher,-4.3481833425090306e-5,3.3888446890614234e-5,-6.624644649531213e-5,-4.3481833425090306e-5,-2.0717220354868475e-5,999.992447984189,0.005886796089474854,2
Josh Mauro,Rusher,-4.3495596479280996e-5,4.079164607216668e-5,-7.089744355500212e-5,-4.3495596479280996e-5,-1.6093749403559865e-5,999.9924455933016,0.007086464823139549,2
Mykal Walker,Rusher,-4.3542678745899665e-5,2.1342047003592628e-5,-5.7879229598509936e-5,-4.3542678745899665e-5,-2.92061278932894e-5,999.9924374142741,0.003707263194035337,2
Quinton Bohanna,Rusher,-4.3798032233317825e-5,1.4453836755009818e-4,-1.4089188907781048e-4,-4.3798032233317825e-5,5.3295824611174846e-5,999.9923930548299,0.025108656075712013,2
Foyesade Oluokun,Rusher,-4.404331430742397e-5,7.504022083832494e-5,-9.445169087311383e-5,-4.404331430742397e-5,6.365062258265896e-6,999.9923504449694,0.013036051636782828,2
Cassius Marsh Sr.,Rusher,-4.410663644084737e-5,1.702207831308098e-5,-5.5541242095662e-5,-4.410663644084737e-5,-3.267203078603274e-5,999.9923394447882,0.0029572679771590884,2
Benardrick Mckinney,Rusher,-4.584843037880178e-5,2.275229292211474e-6,-4.737681893701493e-5,-4.584843037880178e-5,-4.432004182058863e-5,999.9920368641899,3.9501770626807853e-4,2
Jon Toth,Blocker,-4.593099310474631e-5,9.772909440885393e-6,-5.249595911543979e-5,-4.593099310474631e-5,-3.936602709405282e-5,999.9920225215753,0.0016974981525613069,2
Trysten Hill,Rusher,-4.646231842259946e-5,4.640554765903792e-5,-7.763531198526162e-5,-4.646231842259946e-5,-1.5289324859937293e-5,999.9919302209139,0.008061699415656645,2
Justin Strnad,Rusher,-4.646458707964555e-5,1.908903739033029e-5,-5.9287675475420345e-5,-4.646458707964555e-5,-3.364149868387075e-5,999.9919298268078,0.003315875337022796,2
Jayon Brown,Rusher,-4.6732613564945066e-5,2.5225877324396972e-5,-6.367813303653308e-5,-4.6732613564945066e-5,-2.9787094093357056e-5,999.9918832658383,0.004382413833653043,2
Derek Rivers,Rusher,-4.70302900788005e-5,5.262416445388273e-5,-8.238064844143621e-5,-4.7030290078800494e-5,-1.1679931716164769e-5,999.9918315541314,0.009141983799264957,2
Demetrius Flannigan-Fowles,Rusher,-4.795640278744918e-5,1.0150056000837613e-5,-5.477471754368389e-5,-4.795640278744918e-5,-4.113808803121447e-5,999.9916706718758,0.0017634754292256923,2
Daniel Wise,Rusher,-4.846939502650135e-5,2.3686434369063076e-6,-5.0060534671128334e-5,-4.846939502650135e-5,-4.687825538187437e-5,999.9915815559964,4.1170561414649744e-4,2
A.J. Cann,Blocker,-4.9907236073719846e-5,7.5958835394763e-5,-1.0093269329245604e-4,-4.9907236073719846e-5,1.1182211450163457e-6,999.9913317774233,0.013195171121080887,2
Joe Gaziano,Rusher,-5.003564847916269e-5,2.0507327057139697e-5,-6.381147500397085e-5,-5.003564847916269e-5,-3.6259821954354534e-5,999.9913094699036,0.0035627176962565585,2
Colton Mckivitz,Blocker,-5.111427542589099e-5,9.472599704389022e-5,-1.1474660054706305e-4,-5.111427542589098e-5,1.2518049695281074e-5,999.9911220932112,0.016455821227974482,2
Doug Costin,Rusher,-5.1287612759063723e-05,2.3836995250570444e-5,-6.730014869461411e-5,-5.1287612759063723e-05,-3.527507682351333e-5,999.9910919814322,0.00414114030540255,2
Kwity Paye,Rusher,-5.169702359188821e-5,8.606239446820202e-5,-1.0950956118882463e-4,-5.169702359188821e-5,6.115514005048196e-6,999.9910208594861,0.014950339102338424,2
Payton Turner,Rusher,-5.171782256997693e-5,9.302394839052934e-5,-1.1420679405368311e-4,-5.171782256997692e-5,1.0771148913729267e-5,999.9910172463335,0.016160145092814288,2
Joseph Noteboom,Blocker,-5.188088944304464e-5,6.932454821195763e-5,-9.84497546792452e-5,-5.188088944304464e-5,-5.3120242068440845e-6,999.9909889187163,0.012042677395197036,2
Wyatt Ray,Rusher,-5.194459169841073e-5,9.149206851034107e-5,-1.1340452066343478e-4,-5.194459169841073e-5,9.515337266613327e-6,999.990977852501,0.015893570092357638,2
Terrell Lewis,Rusher,-5.254414542102009e-5,6.45229925143109e-5,-9.588755869287226e-5,-5.2544145421020085e-5,-9.200732149167909e-6,999.9908736993517,0.01120856173759032,2
Danny Shelton,Rusher,-5.3652745086189247e-5,1.0793899759020435e-4,-1.261609223791756e-4,-5.365274508618924e-5,1.885543220679709e-5,999.9906811158648,0.01875115451862535,2
Max Scharping,Blocker,-5.512056117193979e-5,8.300485970565106e-5,-1.1087919538277849e-4,-5.512056117193979e-5,6.380730388989104e-7,999.9904261300942,0.014419651120954282,2
Ben Niemann,Rusher,-5.5196058823389286e-5,7.71820473133011e-6,-6.038077398229342e-5,-5.5196058823389286e-5,-5.0011343664485154e-5,999.9904130148088,0.0013410195944133217,2
Jonathan Harris,Rusher,-5.555151296263263e-5,6.717243508408108e-5,-1.0067469310156119e-4,-5.5551512962632634e-5,-1.0428332823704082e-5,999.9903512661003,0.011668817052769054,2
Akiem Hicks,Rusher,-5.605888658664371e-5,2.0182943565449755e-4,-1.9163810105127544e-4,-5.605888658664371e-5,7.952032787798802e-5,999.9902631262743,0.0350611339717248,2
Davion Taylor,Rusher,-5.644953434227583e-5,7.845254567692976e-6,-6.171959541197874e-5,-5.644953434227583e-5,-5.117947327257291e-5,999.9901952638085,0.001362630202716868,2
Rashod Berry,Rusher,-5.666834611396804e-5,1.0612085135153623e-5,-6.379702960748432e-5,-5.666834611396804e-5,-4.9539662620451755e-5,999.9901572523104,0.0018432779018205546,2
William Gholston,Rusher,-5.677784077845505e-5,2.3319696021462543e-5,-7.244288021084091e-5,-5.677784077845505e-5,-4.111280134606919e-5,999.9901382311391,0.004050816016310409,2
Taco Charlton,Rusher,-5.699999256822931e-5,4.288317412111198e-5,-8.580682662707897e-5,-5.699999256822931e-5,-2.8193158509379646e-5,999.9900996394205,0.007449800459336436,2
Osa Odighizuwa,Rusher,-5.7760396796178376e-5,1.4524521326565832e-4,-1.5532907826946e-4,-5.7760396796178376e-5,3.980828467710326e-5,999.9899675436764,0.02523144775330094,2
Tyson Alualu,Rusher,-5.8465518415732824e-5,2.741890800021108e-5,-7.68842094064282e-5,-5.8465518415732824e-5,-4.004682742503746e-5,999.989845051505,0.004763382282180289,2
Corey Peters,Rusher,-5.873763524811911e-5,1.5772791519526084e-5,-6.933303069773275e-5,-5.873763524811911e-5,-4.814223979850547e-5,999.9897977799694,0.002739784424084587,2
Josh Jones,Blocker,-5.92099100017717e-5,2.595168885237346e-4,-2.3354075412395948e-4,-5.92099100017717e-5,1.1512093412041609e-4,999.9897157374417,0.04508293116300166,2
Anthony Nelson,Rusher,-5.9455823550675754e-5,1.576634418058736e-5,-7.004688799105943e-5,-5.9455823550675754e-5,-4.886475911029209e-5,999.9896730178828,0.0027391246153833752,2
Joe Noteboom,Blocker,-6.089803507805922e-5,2.4087434419303804e-6,-6.251611195889044e-5,-6.089803507805922e-5,-5.9279958197228e-5,999.9894224800796,4.186716984342711e-4,2
Fred Johnson,Blocker,-6.119991049728282e-5,7.101057469522805e-5,-1.0890136645508495e-4,-6.119991049728282e-5,-1.3498454539480677e-5,999.989370038948,0.012335570194325516,2
Aaron Brewer,Blocker,-6.2192178017229e-5,4.713612931282022e-5,-9.385594085941112e-5,-6.2192178017229e-5,-3.052841517504688e-5,999.9891976644246,0.008188154239112741,2
Steve Mclendon,Rusher,-6.241629258061743e-5,1.0527535847429422e-4,-1.3313516645618463e-4,-6.241629258061743e-5,8.302581294949787e-6,999.9891587317373,0.01828797280191648,2
Margus Hunt,Rusher,-6.243726140761872e-5,9.396203761490871e-6,-6.874917483492143e-5,-6.243726140761872e-5,-5.612534798031602e-5,999.989155089079,0.0016325178822166207,2
Marlon Tuipulotu,Rusher,-6.298171220285969e-5,4.092907949912762e-5,-9.047588038133831e-5,-6.298171220285969e-5,-3.548754402438106e-5,999.9890605082886,0.007109879245945898,2
Da'Shawn Hand,Rusher,-6.307428212797713e-5,2.9444059356935153e-5,-8.28533714630778e-5,-6.307428212797713e-5,-4.3295192792876476e-5,999.9890444272455,0.005115187105821706,2
Jaylon Smith,Rusher,-6.409605087842316e-5,6.738971873227352e-6,-6.862296495271842e-5,-6.409605087842316e-5,-5.956913680412791e-5,999.9888669278334,0.00117044921489414,2
Khalen Saunders,Rusher,-6.526971503137101e-5,3.173005418035717e-5,-8.658442468580078e-5,-6.526971503137101e-5,-4.395500537694125e-5,999.9886630414874,0.005512305080869469,2
Blake Lynch,Rusher,-6.529716157904533e-5,7.251094773205814e-5,-1.1400649528806689e-4,-6.529716157904535e-5,-1.6587827870023794e-5,999.9886582735337,0.012596671895519364,2
Quincy Williams,Rusher,-6.567811586593436e-5,2.2611616896889066e-6,-6.719705449186572e-5,-6.567811586593436e-5,-6.415917724000301e-5,999.9885920949959,3.930341222179605e-4,2
Markus Golden,Rusher,-6.577013837377979e-5,9.204027732927267e-5,-1.2759832740350798e-4,-6.577013837377979e-5,-3.941949344051579e-6,999.9885761090488,0.01598880371837334,2
Ben Banogu,Rusher,-6.630913000991344e-5,3.683803794704871e-5,-9.105513512598069e-5,-6.630913000991344e-5,-4.1563124893846216e-5,999.9884824766116,0.00639965274626763,2
Shaquil Barrett,Rusher,-6.676833865327629e-5,4.333921887657826e-5,-9.588152143428498e-5,-6.676833865327629e-5,-3.765515587226759e-5,999.9884027038996,0.007528563338795548,2
Ola Adeniyi,Rusher,-6.831296445006872e-5,4.5567944561383325e-5,-9.89232969239512e-5,-6.831296445006872e-5,-3.7702631976186246e-5,999.9881343749155,0.00791573264546473,2
David Onyemata,Rusher,-6.837431760438654e-5,1.0485662312620366e-4,-1.388119054060043e-4,-6.837431760438654e-5,2.0632701972312103e-6,999.988123716781,0.01821569123028316,2
Armon Watts,Rusher,-6.839564177503262e-5,9.934016134516507e-6,-7.506883143950917e-5,-6.839564177503262e-5,-6.17224521105561e-5,999.9881200123931,0.0017259454605304929,2
Ted Karras,Blocker,-6.862842864944043e-5,2.2691138859181274e-5,-8.387123390160445e-5,-6.862842864944043e-5,-5.33856233972764e-5,999.9880795731711,0.00394208466229309,2
Everson Griffen,Rusher,-6.955199189227467e-5,2.2550024905593246e-5,-8.470000364261166e-5,-6.955199189227467e-5,-5.440398014193766e-5,999.9879191338032,0.003917110448924694,2
Dillon Radunz,Blocker,-7.038837976296769e-5,4.4222016412391456e-5,-1.0009458306176525e-4,-7.038837976296769e-5,-4.0682176464170114e-5,999.9877738383483,0.007681920978197562,2
Leonard Floyd,Rusher,-7.057747192638813e-5,4.958649501885118e-6,-7.390845188028289e-5,-7.057747192638813e-5,-6.724649197249338e-5,999.9877409896751,8.611755421253893e-4,2
Demone Harris,Rusher,-7.105294928596285e-5,6.029657748237151e-5,-1.1155726216508158e-4,-7.105294928596285e-5,-3.054863640684411e-5,999.9876583907976,0.010474818455648514,2
Taylor Stallworth,Rusher,-7.11278965284341e-5,1.5174725932250518e-4,-1.7306433681718025e-4,-7.11278965284341e-5,3.080854376031202e-5,999.9876453711281,0.0263609688427141,2
Jonas Griffith,Rusher,-7.126868656669656e-5,5.211283614536157e-5,-1.0627555940068273e-4,-7.126868656669656e-5,-3.626181373271039e-5,999.9876209133934,0.009052696765282633,2
Julie'N Davenport,Blocker,-7.292019925118994e-5,1.5803306082416148e-5,-8.353609290243086e-5,-7.292019925118994e-5,-6.230430559994902e-5,999.9873340162551,0.002745545555369843,2
Chris Smith,Rusher,-7.318772677163333e-5,1.5092599917293201e-5,-8.332620253152421e-5,-7.318772677163333e-5,-6.304925101174246e-5,999.9872875419649,0.0026220832490776785,2
K.J. Wright,Rusher,-7.32992060401081e-5,3.680953747819393e-5,-9.802606592512086e-5,-7.32992060401081e-5,-4.857234615509537e-5,999.9872681760323,0.006394701707688365,2
Josh Uche,Rusher,-7.488061460670636e-5,3.294663510432275e-5,-9.701256425127447e-5,-7.488061460670636e-5,-5.274866496213826e-5,999.9869934572267,0.005723646833626547,2
Phil Haynes,Blocker,-7.50082523491472e-5,4.72638112570932e-5,-1.0675778572152831e-4,-7.50082523491472e-5,-4.3258718976766095e-5,999.9869712842798,0.008210334864634967,2
Dan Moore Jr.,Blocker,-7.601648605355522e-5,3.1524480176812233e-4,-2.877826362644011e-4,-7.601648605355522e-5,1.3574966415729064e-4,999.986796136146,0.05476340103815049,2
Iosua Opeta,Blocker,-7.749033383441178e-5,2.4082437861764246e-5,-9.366774619799109e-5,-7.749033383441178e-5,-6.131292147083247e-5,999.9865401025627,0.004183317845206599,2
DeMarcus Lawrence,Rusher,-7.760846151832449e-5,7.701830263731168e-5,-1.293456173851293e-4,-7.760846151832449e-5,-2.5871305651519672e-5,999.9865195816822,0.013379219431991692,2
Tanoh Kpassagnon,Rusher,-8.073916296455847e-5,2.301150013175828e-4,-2.3531924695475192e-4,-8.073916296455847e-5,7.384092102563496e-5,999.9859757231372,0.03997530021463046,2
Andre Mintze,Rusher,-8.084650393963761e-5,4.895408000807848e-6,-8.413500132398142e-5,-8.084650393963761e-5,-7.755800655529379e-5,999.9859570760999,8.506495769263326e-4,2
Taylor Moton,Blocker,-8.096763399244897e-5,1.764942296418055e-5,-9.282365932135053e-5,-8.096763399244897e-5,-6.91116086635474e-5,999.9859360336545,0.0030662489053161273,2
Takkarist Mckinley,Rusher,-8.127960554973947e-5,7.399867865958985e-5,-1.3098832465482772e-4,-8.127960554973947e-5,-3.157088644465122e-5,999.9858818386442,0.012854657019635713,2
Jordan Willis,Rusher,-8.141697809157007e-5,7.981076244529861e-5,-1.350299728614724e-4,-8.141697809157007e-5,-2.780398332166773e-5,999.9858579745894,0.01386477959497991,2
John Penisini,Rusher,-8.141846658690485e-5,1.7447346817183699e-4,-1.98621270444274e-4,-8.141846658690485e-5,3.57843372704643e-5,999.9858577160113,0.030309375890656798,2
Lucas Niang,Blocker,-8.244557901189342e-5,1.6280931240492423e-4,-1.9181296941164243e-4,-8.244557901189342e-5,2.6921811387855574e-5,999.9856792883079,0.02828310449636583,2
Chukwuma Okorafor,Blocker,-8.277380328883927e-5,6.254256363936538e-5,-1.247868606079164e-4,-8.277380328883927e-5,-4.076074596976212e-5,999.985622269911,0.010864986213456409,2
Kolton Miller,Blocker,-8.334101130002708e-5,7.142413514128874e-5,-1.3132027708387728e-4,-8.334101130002708e-5,-3.5361745516176884e-5,999.9855237357873,0.012407873211020212,2
Chase Winovich,Rusher,-8.372628002751084e-5,2.4570241635392105e-5,-1.0023137527949976e-4,-8.372628002751084e-5,-6.722118477552192e-5,999.9854568077543,0.004268518248928367,2
Anthony Rush,Rusher,-8.396626764140859e-5,1.0981835347636764e-4,-1.5773690496119537e-4,-8.396626764140859e-5,-1.0195630321621798e-5,999.9854151176357,0.019077632075004073,2
Sean Harlow,Blocker,-8.665903569258216e-5,4.825771835292862e-5,-1.1907622758993118e-4,-8.665903569258216e-5,-5.424184379523314e-5,999.9849473359135,0.008382994211564068,2
Chris Reed,Blocker,-8.704481126634587e-5,1.9416101200033967e-4,-2.1747275108245458e-4,-8.704481126634587e-5,4.3383128549762836e-5,999.9848803198323,0.033728992340586905,2
Bobby Okereke,Rusher,-8.730304465047417e-5,2.434290338131912e-5,-1.0365542510243888e-4,-8.730304465047417e-5,-7.095066419850946e-5,999.9848354600988,0.004228565340400764,2
Dexter Lawrence,Rusher,-8.733321838403946e-5,1.3237236803355335e-4,-1.7625454750837407e-4,-8.733321838403946e-5,1.5881107402951576e-6,999.9848302183843,0.022995205493017354,2
Ifeadi Odenigbo,Rusher,-8.829250182533925e-5,6.27364550030126e-6,-9.250683223756157e-5,-8.829250182533925e-5,-8.407817141311694e-5,999.9846635737823,0.001089613744496421,2
Tyus Bowser,Rusher,-8.86840114828487e-5,2.226570470747488e-5,-1.0364103073007379e-4,-8.86840114828487e-5,-7.372699223562361e-5,999.9845955615888,0.0038681791804357993,2
Porter Gustin,Rusher,-8.878629541086512e-5,7.889353680879072e-6,-9.408598012344733e-5,-8.878629541086512e-5,-8.348661069828291e-5,999.9845777930506,0.0013707512121687332,2
Solomon Kindley,Blocker,-8.934404207337158e-5,1.2464512481228481e-5,-9.771709630804955e-5,-8.934404207337158e-5,-8.097098783869361e-5,999.9844809025315,0.0021650774917081977,2
Le'Raven Clark,Blocker,-8.971265385743571e-5,1.2687285180166855e-4,-1.7493967502199965e-4,-8.971265385743571e-5,-4.485632692871769e-6,999.9844168681059,0.022039841671916027,2
Jackson Barton,Blocker,-9.028643250403402e-5,6.21847890494036e-5,-1.3205915422634788e-4,-9.028643250403402e-5,-4.851371078172018e-5,999.9843171925459,0.010802834401420157,2
Boogie Basham,Rusher,-9.081445042156715e-5,1.300792344566735e-6,-9.16882595549379e-5,-9.081445042156715e-5,-8.99406412881964e-5,999.9842254664387,2.2574067054064744e-4,2
Steven Means,Rusher,-9.100494238233796e-5,9.096518239881133e-5,-1.521109348421051e-4,-9.100494238233796e-5,-2.9898949922570814e-5,999.9841923745958,0.01580204060009324,2
Ja'Whaun Bentley,Rusher,-9.127299111570627e-5,4.340173387402136e-5,-1.2042816843640196e-4,-9.127299111570627e-5,-6.21178137950106e-5,999.9841458097615,0.007539883515021942,2
Joe Schobert,Rusher,-9.163017589820441e-5,1.6132825862606566e-4,-2.000026662861372e-4,-9.163017589820441e-5,1.6742314489728367e-5,999.9840837604095,0.028025358894099586,2
James Ferentz,Blocker,-9.169029509167276e-5,7.123300317661171e-5,-1.3954116770261454e-4,-9.169029509167276e-5,-4.383942248073099e-5,999.9840733166359,0.012374670188033251,2
Jarrad Davis,Rusher,-9.232938388949345e-5,1.3354744322519422e-5,-1.0130045264738619e-4,-9.232938388949345e-5,-8.335831513160073e-5,999.9839622955406,0.002319726602246406,2
Royce Newman,Blocker,-9.265148684908537e-5,8.403323225493509e-5,-1.4910093180294965e-4,-9.265148684908537e-5,-3.620204189522108e-5,999.9839063405253,0.014598297730345784,2
Jonathon Cooper,Rusher,-9.2969354858035e-5,2.3484709314773544e-5,-1.087452422081727e-4,-9.2969354858035e-5,-7.719346750789731e-5,999.9838511211964,0.004079481761370631,2
Bruce Irvin,Rusher,-9.503684050564596e-5,1.341917342904415e-4,-1.8518033153680277e-4,-9.503684050564595e-5,-4.893349474489121e-6,999.983491962153,0.023311721992148933,2
Tommy Doyle,Blocker,-9.56232733249906e-5,3.927465401968294e-5,-1.2200607880176024e-4,-9.56232733249906e-5,-6.924046784822095e-5,999.9833900883382,0.006822476103338628,2
Benson Mayowa,Rusher,-9.6199231270032e-5,9.602950491310813e-5,-1.607071896821754e-4,-9.619923127003202e-5,-3.169127285788864e-5,999.9832900341952,0.01668180352904211,2
Montez Sweat,Rusher,-9.65753785630555e-5,5.312760392783047e-6,-1.0014423301858389e-4,-9.65753785630555e-5,-9.300652410752711e-5,999.9832246907177,9.231511132777999e-4,2
Conor Mcdermott,Blocker,-9.720073574862108e-5,1.5220086197252157e-5,-1.0742485060092582e-4,-9.720073574862108e-5,-8.697662089631635e-5,999.9831160550477,0.0026442298842334995,2
Dee Ford,Rusher,-9.840217323547266e-5,7.27776922275733e-5,-1.47290692944036e-4,-9.840217323547266e-5,-4.9513653526909304e-5,999.9829073439794,0.012643010160442714,2
Mike Mcglinchey,Blocker,-9.993141745591127e-5,5.261793049472408e-5,-1.3527758814749203e-4,-9.993141745591127e-5,-6.458524676433053e-5,999.9826416870488,0.009140440640730007,2
Tyler Shelvin,Rusher,-1.0031681514438102e-4,6.36392621113538e-5,-1.430665812435951e-4,-1.0031681514438102e-4,-5.756704904516694e-5,999.9825747366131,0.0110555022513203,2
Quincy Roche,Rusher,-1.0034809739001703e-4,2.1099507201606394e-5,-1.145217217808698e-4,-1.0034809739001703e-4,-8.617447299916427e-5,999.9825693023304,0.003665589923835797,2
Tytus Howard,Blocker,-1.0040153928085225e-4,1.211100725035457e-4,-1.8175740514124128e-4,-1.0040153928085225e-4,-1.9045673420463214e-5,999.9825600185231,0.02103920458090235,2
Halapoulivaati Vaitai,Blocker,-1.0072892710546312e-4,3.647239629857498e-5,-1.2522931191686636e-4,-1.0072892710546312e-4,-7.62285422940599e-5,999.9825031454328,0.006336134286043304,2
Carlos Davis,Rusher,-1.0216271875738698e-4,3.1755473807681264e-5,-1.2349450408313004e-4,-1.0216271875738698e-4,-8.083093343164392e-5,999.9822540703117,0.005516720922368969,2
Jalyn Holmes,Rusher,-1.0360167865981464e-4,3.8622198802803715e-6,-1.0619613043420539e-4,-1.0360167865981464e-4,-1.0100722688542389e-4,999.9820040973736,6.711664172083544e-4,2
Dante Fowler Jr.,Rusher,-1.0526085206729048e-4,1.3136060178207948e-4,-1.9350252575310188e-4,-1.0526085206729048e-4,-1.7019178381479097e-5,999.9817158694315,0.022819903901770373,2
Trystan Colon,Blocker,-1.059189286751627e-4,3.960527114046746e-6,-1.0857941847560757e-4,-1.059189286751627e-4,-1.0325843887471784e-4,999.9816015498157,6.87783924009964e-4,2
Brian Allen,Blocker,-1.0619150060003586e-4,2.968802502129982e-4,-3.056212368197074e-4,-1.0619150060003584e-4,9.323823561963568e-5,999.9815541992225,0.051573151677025406,2
Cam Robinson,Blocker,-1.063647307331908e-4,3.986877165028242e-5,-1.3314663558510885e-4,-1.063647307331908e-4,-7.958282588127274e-5,999.9815241060662,0.0069256849068098855,2
Ross Blacklock,Rusher,-1.0720866583647784e-4,1.0064115786525193e-4,-1.7481450876981406e-4,-1.0720866583647784e-4,-3.9602822903141616e-5,999.9813774995228,0.0174829297008988,2
Justin Jones,Rusher,-1.0822506038974227e-4,1.1433678068735131e-4,-1.8503095770465422e-4,-1.0822506038974227e-4,-3.141916307483031e-5,999.9812009337045,0.01986256327691053,2
Nick Vigil,Rusher,-1.0914682019286912e-4,2.1818291992103067e-5,-1.2380328930331714e-4,-1.0914682019286912e-4,-9.449035108242111e-5,999.981040807626,0.00379045563116089,2
Trey Flowers,Rusher,-1.0955675319101016e-4,9.671234405815833e-6,-1.1605341885026734e-4,-1.0955675319101016e-4,-1.0306008753175298e-4,999.9809695949704,0.001679835389880754,2
Jerry Tillery,Rusher,-1.1129864060763504e-4,1.9567086119714534e-4,-2.4274082379909258e-4,-1.1129864060763504e-4,2.0143542583822473e-5,999.9806669981331,0.033991740219282064,2
Yannick Ngakoue,Rusher,-1.1218704155281195e-4,1.3114282023706655e-4,-2.0028242017169223e-4,-1.1218704155281196e-4,-2.40916629339317e-5,999.9805126670818,0.022781611163609043,2
Chauncey Golston,Rusher,-1.1266770021337553e-4,2.7887413956267982e-5,-1.3140111075569732e-4,-1.1266770021337553e-4,-9.393428967105374e-5,999.9804291681203,0.004844309893823231,2
Mctelvin Agim,Rusher,-1.1407635861530496e-4,4.014633585142872e-6,-1.1677319451573706e-4,-1.1407635861530496e-4,-1.1137952271487286e-4,999.9801844590919,6.976433895123214e-4,2
Levi Onwuzurike,Rusher,-1.1493390387338249e-4,1.604142045789318e-7,-1.1504166234664607e-4,-1.1493390387338249e-4,-1.1482614540011891e-4,999.9800354882225,2.8096905938436766e-5,2
Marcell Harris,Rusher,-1.152234696662239e-4,4.077599845187623e-5,-1.4261480543044906e-4,-1.152234696662239e-4,-8.783213390199872e-5,999.9799851854921,0.007083286344244909,2
Matt Pryor,Blocker,-1.1631286522000151e-4,1.7942923083555996e-5,-1.2836604967735805e-4,-1.1631286522000151e-4,-1.0425968076264498e-4,999.979795938101,0.0031167748893328943,2
Ta'Quon Graham,Rusher,-1.1722899078389253e-4,1.8804852179852034e-4,-2.435508564919406e-4,-1.1722899078389253e-4,9.092874924155525e-6,999.9796367907902,0.032667604243300015,2
Trent Harris,Rusher,-1.1723116030607925e-4,3.934115569542602e-5,-1.4365863837943318e-4,-1.1723116030607925e-4,-9.08036822327253e-5,999.9796364139056,0.006834488836465921,2
Malcolm Koonce,Rusher,-1.1727135764111747e-4,3.1829113755622675e-5,-1.3865261070808836e-4,-1.1727135764111747e-4,-9.589010457414659e-5,999.9796294309133,0.005529513491570984,2
Andrew Van Ginkel,Rusher,-1.1780106516609755e-4,1.4669122261323508e-6,-1.1878646556947601e-4,-1.1780106516609755e-4,-1.168156647627191e-4,999.9795374112912,2.550588585235609e-4,2
Ike Boettger,Blocker,-1.1818815862384384e-4,1.4545294535517217e-6,-1.1916524088188372e-4,-1.1818815862384384e-4,-1.1721107636580395e-4,999.9794701662702,2.524475417613271e-4,2
Kemoko Turay,Rusher,-1.182886629342489e-4,3.1260068144160015e-5,-1.3928765879108357e-4,-1.182886629342489e-4,-9.728966707741425e-5,999.9794527068832,0.005430660143993994,2
Oshane Ximines,Rusher,-1.1884985793416634e-4,3.256336373598936e-5,-1.4072434448433041e-4,-1.1884985793416634e-4,-9.697537138400224e-5,999.9793552173264,0.005656605568659282,2
Trey Pipkins III,Blocker,-1.1918058337762939e-4,1.3366114419933759e-5,-1.2815929001485732e-4,-1.1918058337762939e-4,-1.1020187674040144e-4,999.9792977644324,0.0023217017904167683,2
Preston Smith,Rusher,-1.2031149985614845e-4,7.891524949823998e-5,-1.7332293251242056e-4,-1.2031149985614845e-4,-6.730006719987636e-5,999.979101304118,0.013709213062405827,2
Carl Nassib,Rusher,-1.2042720427495037e-4,6.82929148818366e-5,-1.663030683338956e-4,-1.2042720427495037e-4,-7.455134021600512e-5,999.9790812042017,0.011863924538909955,2
Matthew Judon,Rusher,-1.2054738512769342e-4,9.503306878425227e-5,-1.843859861332902e-4,-1.2054738512769342e-4,-5.670878412209663e-5,999.9790603266492,0.016508704844096635,2
Jaleel Johnson,Rusher,-1.2265375029182123e-4,2.97631174255581e-5,-1.426471673446417e-4,-1.2265375029182123e-4,-1.0266033323900078e-4,999.9786944135421,0.005170152960414807,2
Logan Wilson,Rusher,-1.2287780986610633e-4,4.457968100517729e-5,-1.5282427487090563e-4,-1.2287780986610633e-4,-9.293134486130705e-5,999.9786554904075,0.007744513890692791,2
Michael Hoecht,Rusher,-1.2361983645041674e-4,1.2074563432129575e-4,-2.0473089043631314e-4,-1.2361983645041674e-4,-4.250878246452032e-5,999.9785265871872,0.02097543497542089,2
Jordan Mailata,Blocker,-1.2397141351694742e-4,4.594917947868274e-5,-1.54837841096315e-4,-1.2397141351694742e-4,-9.31049859375798e-5,999.9784655119952,0.007981959933824714,2
Billy Price,Blocker,-1.2419953914482085e-4,4.697899685764538e-5,-1.5575774803363427e-4,-1.2419953914482085e-4,-9.264133025600742e-5,999.9784258825146,0.008161317744676166,2
John Leglue,Blocker,-1.245854392669951e-4,6.9149991686376195e-6,-1.2923059993083595e-4,-1.245854392669951e-4,-1.1994027860315425e-4,999.9783588447972,0.0012014884968903562,2
Sam Cosmi,Blocker,-1.25509949101217e-4,5.666748379109944e-5,-1.6357641305960892e-4,-1.25509949101217e-4,-8.744348514282507e-5,999.9781982409893,0.009844380309891775,2
Matt Feiler,Blocker,-1.2847940576148488e-4,6.492167046005185e-6,-1.3284052833716968e-4,-1.2847940576148488e-4,-1.2411828318580008e-4,999.9776823935326,0.0011275748251092462,2
Kyle Phillips,Rusher,-1.296432729348434e-4,4.292461544102095e-5,-1.584779452601056e-4,-1.296432729348434e-4,-1.0080860060958125e-4,999.9774802090963,0.007456539345206235,2
Christian Ringo,Rusher,-0.00013007592831850971,3.734284056577209e-5,-1.55161035321694e-4,-0.00013007592831850971,-1.0499082131532544e-4,999.9774050491579,0.006487345942888612,2
Eric Kendricks,Rusher,-1.311189418706316e-4,1.0877829408135704e-4,-2.0419091779192206e-4,-1.311189418706316e-4,-5.804696594934112e-5,999.9772238591459,0.018896955252559695,2
Jason Pierre-Paul,Rusher,-1.3219886560517064e-4,4.751587799709506e-5,-1.6411772517366033e-4,-1.3219886560517064e-4,-1.00280006036681e-4,999.9770362571783,0.00825458355119402,2
Ben Bartch,Blocker,-1.3324073118066288e-4,1.2637498112408242e-5,-1.4172998876255314e-4,-1.3324073118066288e-4,-1.2475147359877262e-4,999.9768552665902,0.002195128173634617,2
Bradley Chubb,Rusher,-1.333936857320369e-4,8.493891916786324e-6,-1.3909946987641084e-4,-1.333936857320369e-4,-1.2768790158766292e-4,999.976828695663,0.0014753100513354293,2
Riley Reiff,Blocker,-1.3379435990446668e-4,6.652878033284505e-5,-1.784851640360204e-4,-1.3379435990446668e-4,-8.910355577291298e-5,999.9767590914303,0.011557462978927988,2
Ryan Bates,Blocker,-1.3548099009222343e-4,4.694246336603669e-5,-1.6701465755536278e-4,-1.3548099009222343e-4,-1.0394732262908407e-4,999.9764660937569,0.0081545110183519,2
Blake Brandel,Blocker,-1.3621859171726578e-4,4.5471192013464596e-5,-1.6676393052755435e-4,-1.3621859171726578e-4,-1.0567325290697718e-4,999.9763379592306,0.007898925006445286,2
Kyzir White,Rusher,-1.366439098019331e-4,1.3187732046681538e-4,-2.2523269000938994e-4,-1.366439098019331e-4,-4.8055129594476304e-5,999.9762640739117,0.022909667131199674,2
Carlos Watkins,Rusher,-1.3711281250261383e-4,6.8049052746320385e-05,-1.8282486182034582e-4,-1.3711281250261383e-4,-9.140076318488181e-5,999.9761826171696,0.011821101138171577,2
Baron Browning,Rusher,-1.37360403405398e-4,6.516494475872209e-5,-1.811350490232102e-4,-1.37360403405398e-4,-9.35857577875858e-5,999.9761396062245,0.011320080264513234,2
Jaylon Moore,Blocker,-1.3792811965339345e-4,1.8218233747204705e-5,-1.50166244446089e-4,-1.3792811965339345e-4,-1.256899948606979e-4,999.9760409838109,0.003165061458986998,2
Jackson Carman,Blocker,-1.3803407133713177e-4,5.736847062514763e-5,-1.7657142421220775e-4,-1.3803407133713177e-4,-9.949671846205577e-5,999.9760225781183,0.009966154195528414,2
Wyatt Raymond,Rusher,-1.3947402843695296e-4,1.5285856322171125e-5,-1.497423244655209e-4,-1.3947402843695296e-4,-1.2920573240838502e-4,999.9757724319492,0.0026556553251659235,2
Terence Steele,Blocker,-1.397566828394694e-4,1.1419450613490844e-4,-2.1646700701859987e-4,-1.397566828394694e-4,-6.304635866033896e-5,999.9757233298503,0.019837387446748612,2
Matt Ioannidis,Rusher,-1.422283924773451e-4,8.011661692320152e-5,-1.960468454338598e-4,-1.422283924773451e-4,-8.840993952083041e-5,999.9752939499076,0.013917911959810262,2
Romeo Okwara,Rusher,-1.4285991381775346e-4,8.127986970559421e-5,-1.9745978350839893e-4,-1.4285991381775346e-4,-8.826004412710797e-5,999.9751842434143,0.014119989665596184,2
Melvin Ingram,Rusher,-1.4294260191103844e-4,1.8795786007265813e-4,-2.692035654739928e-4,-1.4294260191103844e-4,-1.6681638348084063e-5,999.9751698790212,0.0326518546883525,2
James Smith-Williams,Rusher,-1.439948250046141e-4,7.108901831406944e-6,-1.4877024006180255e-4,-1.439948250046141e-4,-1.392194099474256e-4,999.9749870891479,0.0012347126307627203,2
Kingsley Keke,Rusher,-1.460151829926687e-4,1.8399482400953437e-5,-1.5837506182990357e-4,-1.460151829926687e-4,-1.336553041554338e-4,999.9746361170177,0.0031960873662272254,2
C.J. Mosley,Rusher,-1.464107692585627e-4,1.3400856594898586e-4,-2.3643121669219468e-4,-1.4641076925856272e-4,-5.6390321824930746e-5,999.9745673966447,0.023279442183366902,2
Netane Muti,Blocker,-1.4709996310436087e-4,1.3927081101231545e-4,-2.4065533124811132e-4,-1.4709996310436087e-4,-5.35445949606104e-5,999.9744476714111,0.024193587780725997,2
Rashan Gary,Rusher,-1.4773274836675298e-4,1.9522320286871985e-4,-2.788742164305104e-4,-1.47732748366753e-4,-1.6591280302995568e-5,999.9743377453519,0.03391397400256121,2
Emmanuel Ogbah,Rusher,-1.509273972137841e-4,1.5095637620068036e-4,-2.5233256062489034e-4,-1.509273972137841e-4,-4.952223380267789e-5,999.9737827780057,0.026224038581191798,2
Raymond Johnson III,Rusher,-1.5159980696212487e-4,3.277895298885394e-5,-1.7361911590380784e-4,-1.5159980696212487e-4,-1.2958049802044188e-4,999.9736659684684,0.0056940572578601965,2
Hakeem Adeniji,Blocker,-1.517303085448128e-4,1.7603974202194921e-4,-2.6998525911976106e-4,-1.517303085448128e-4,-3.347535796986461e-5,999.9736432980214,0.030581465526665158,2
Daron Payne,Rusher,-1.5213045958525947e-4,3.8086309502762895e-6,-1.5468891291863792e-4,-1.5213045958525947e-4,-1.49572006251881e-4,999.9735737846659,6.613968576620862e-4,2
Leighton Vander Esch,Rusher,-1.5230727728233502e-4,1.3578191696766082e-5,-1.614284471361175e-4,-1.5230727728233502e-4,-1.4318610742855255e-4,999.9735430682858,0.0023590035957076314,2
Korey Cunningham,Blocker,-1.5264162447065234e-4,1.0519669507000587e-4,-2.2330765609094623e-4,-1.5264162447065234e-4,-8.197559285035847e-5,999.9734849862302,0.018274767777735755,2
Dayo Odeyingbo,Rusher,-1.5300928424713574e-4,2.177817620100123e-5,-1.6763880551705902e-4,-1.5300928424713574e-4,-1.3837976297721247e-4,999.9734211171854,0.0037834868044114597,2
Josh Tupou,Rusher,-1.5413471925444813e-4,4.6291400591573775e-05,-1.8523103435992666e-4,-1.5413471925444813e-4,-1.230384041489696e-4,999.9732256091,0.00804187003897239,2
Jaylon Ferguson,Rusher,-1.548301988212545e-4,4.7180161848963037e-5,-1.865235405830911e-4,-1.548301988212545e-4,-1.2313685705941794e-4,999.9731047919247,0.008196263682957073,2
Whitney Mercilus,Rusher,-1.5699583651917944e-4,1.660774705639737e-4,-2.685586168753698e-4,-1.5699583651917944e-4,-4.543305616298913e-5,999.972728582124,0.02885038150933803,2
Yodny Cajuste,Blocker,-1.5803074820000995e-4,1.7808389139512852e-4,-2.776588590643148e-4,-1.5803074820000995e-4,-3.8402637335705095e-5,999.9725487995511,0.030936570643937837,2
Bobby Hart,Blocker,-1.585422048480314e-4,7.484832392428494e-6,-1.635701518017258e-4,-1.585422048480314e-4,-1.53514257894337e-4,999.9724599504311,0.0013000184579548951,2
Chris Lindstrom,Blocker,-1.5854334079227995e-4,2.8737992452527647e-4,-3.5159121953054614e-4,-1.5854334079227995e-4,3.450453794598626e-5,999.9724597530974,0.04992323627684579,2
Jerome Baker,Rusher,-1.5939016904849485e-4,1.0397723900149174e-4,-2.2923702929615358e-4,-1.5939016904849485e-4,-8.954330880083612e-5,999.9723126439618,0.018062466352312435,2
Uchenna Nwosu,Rusher,-1.5953349679961686e-4,9.143004371330072e-6,-1.6567532317143333e-4,-1.5953349679961686e-4,-1.5339167042780042e-4,999.9722877453812,0.0015885326429634268,2
Naquan Jones,Rusher,-1.6000819583994027e-4,1.0841613293219729e-4,-2.3283688948700021e-4,-1.6000819583994027e-4,-8.717950219288031e-5,999.9722052817117,0.01883404141714515,2
Marcus Cannon,Blocker,-1.605212843831814e-4,2.2701137742424363e-4,-3.1301650454720377e-4,-1.605212843831814e-4,-8.02606421915904e-6,999.9721161491025,0.039435685313473114,2
Jordan Phillips,Rusher,-1.6206055863381196e-4,7.107436228736512e-5,-2.09804863998622e-4,-1.6206055863381196e-4,-1.1431625326900193e-4,999.9718487497773,0.012346651234085399,2
Mike Onwenu,Blocker,-1.6302429052768804e-4,2.0035207794915656e-4,-2.976110878232192e-4,-1.6302429052768804e-4,-2.8437493232156854e-5,999.9716813323998,0.03480449065206026,2
Arden Key,Rusher,-1.654134180675501e-4,1.3030488457424437e-4,-2.5294591219651973e-4,-1.654134180675501e-4,-7.788092393858046e-5,999.9712662984371,0.022636507038650125,2
Linval Joseph,Rusher,-1.6673193433581785e-4,1.8070119012141052e-5,-1.788705628416341e-4,-1.6673193433581785e-4,-1.545933058300016e-4,999.9710372487011,0.0031393312941621595,2
Chris Board,Rusher,-1.6693464023384726e-4,5.342186504381651e-5,-2.0282085511815674e-4,-1.6693464023384726e-4,-1.3104842534953777e-4,999.9710020350799,0.009280098376233236,2
Pernell Mcphee,Rusher,-1.677217023866257e-4,9.689060005303985e-5,-2.3280810270082694e-4,-1.677217023866257e-4,-1.0263530207242444e-4,999.9708653083801,0.016831851284919246,2
Taylor Decker,Blocker,-1.6853219145175944e-4,2.4064285686932387e-4,-3.30184377591342e-4,-1.6853219145175944e-4,-6.880005312176861e-6,999.9707245120085,0.0418037158347094,2
Casey Toohill,Rusher,-1.7172179536427488e-4,3.591766068279603e-5,-1.9584953572577928e-4,-1.7172179536427488e-4,-1.475940550027705e-4,999.9701704210571,0.006239306630537185,2
Mike Danna,Rusher,-1.746211720759141e-4,1.6501275354722868e-4,-2.8546872724064855e-4,-1.746211720759141e-4,-6.377361691117967e-5,999.9696667477344,0.02866588142805199,2
Bunmi Rotimi,Rusher,-1.7524860381625053e-4,3.082498693508754e-6,-1.773192767589703e-4,-1.7524860381625053e-4,-1.7317793087353076e-4,999.9695577516773,5.3525476487021e-4,2
Divine Deablo,Rusher,-1.7854577350483457e-4,6.932882846444308e-5,-2.251175140068149e-4,-1.7854577350483457e-4,-1.3197403300285425e-4,999.9689849746367,0.012043881159973678,2
Keanu Neal,Rusher,-1.7978261866447237e-4,1.3305799547419858e-4,-2.691645190108224e-4,-1.7978261866447237e-4,-9.040071831812234e-5,999.9687701126255,0.023114311178582495,2
Austin Reiter,Blocker,-1.8509082834288753e-4,1.316757793341194e-4,-2.735442230038078e-4,-1.8509082834288753e-4,-9.663743368196723e-5,999.9678479821566,0.022874655850463815,2
Ty Sambrailo,Blocker,-1.8549547562124796e-4,1.8023822067101487e-4,-3.065707602834464e-4,-1.8549547562124796e-4,-6.442019095904955e-5,999.9677776877247,0.031310355761723814,2
Jordan Elliott,Rusher,-1.8721866759126944e-4,2.506594110251066e-4,-3.555994884301445e-4,-1.872186675912694e-4,-1.8837846752394393e-5,999.9674783386191,0.043544229722556664,2
Rashawn Slater,Blocker,-1.8949885546919117e-4,1.6811717020942958e-4,-3.0243180700372283e-4,-1.8949885546919117e-4,-7.65659039346595e-5,999.9670822294139,0.029204713629687906,2
Jarran Reed,Rusher,-1.9513550286015833e-4,3.124596829438736e-4,-4.050307454843195e-4,-1.9513550286015833e-4,1.475973976400278e-5,999.9661030434706,0.054280036552346096,2
Connor Mcgovern,Blocker,-2.03156741066225e-4,2.446174243256854e-4,-3.6747884862645033e-4,-2.03156741066225e-4,-3.883463350599967e-5,999.9647096116742,0.04249462912926191,2
Calvin Anderson,Blocker,-2.0435541359429057e-4,2.8632297312709303e-5,-2.2358920060551837e-4,-2.0435541359429057e-4,-1.8512162658306278e-4,999.9645013809284,0.004974169595286762,2
Alex Anzalone,Rusher,-2.0757704829038603e-4,1.3586540620612269e-5,-2.1670382654580237e-4,-2.0757704829038603e-4,-1.9845027003496967e-4,999.9639417256599,0.0023604539522823543,2
Khalid Kareem,Rusher,-2.076185440861372e-4,1.0857378857212636e-4,-2.8055314313667895e-4,-2.076185440861372e-4,-1.346839450355954e-4,999.9639345171018,0.018861429006900226,2
Michael Jordan,Blocker,-2.0777541582803e-4,7.21190735088234e-5,-2.562215074624611e-4,-2.0777541582803e-4,-1.5932932419359888e-4,999.9639072656892,0.012528136161543933,2
Raekwon Davis,Rusher,-2.0900039304233358e-4,3.7526155805260586e-5,-2.3420864232200813e-4,-2.0900039304233358e-4,-1.8379214376265906e-4,999.9636944653512,0.00651919106173086,2
Garett Bolles,Blocker,-2.1279082661500537e-4,1.9242208844605493e-4,-3.4205064202577433e-4,-2.127908266150054e-4,-8.353101120423646e-5,999.9630359995974,0.03342691037892415,2
Teair Tart,Rusher,-2.1566832803814225e-4,0.00011919344486515509,-2.957366965184215e-4,-2.1566832803814225e-4,-1.3559995955786302e-4,999.9625361264015,0.020705792049148485,2
Elgton Jenkins,Blocker,-2.1605864233260376e-4,4.181933987630506e-5,-2.4415084420332004e-4,-2.1605864233260376e-4,-1.8796644046188747e-4,999.9624683218638,0.007264533313655381,2
Bud Dupree,Rusher,-2.1814033072075064e-4,1.7483847444641745e-5,-2.2988513045562104e-4,-2.1814033072075064e-4,-2.0639553098588024e-4,999.9621066955517,0.003037485491481341,2
Cameron Erving,Blocker,-2.1867366700890765e-4,1.4220274906057324e-4,-3.1419856876480296e-4,-2.1867366700890765e-4,-1.2314876525301236e-4,999.962014045549,0.024703377795832655,2
Matt Nelson,Blocker,-2.1873926242100633e-4,1.421176189281745e-4,-3.142069778876943e-4,-2.1873926242100633e-4,-1.2327154695431836e-4,999.9620026504588,0.024688128968240478,2
Jaelan Phillips,Rusher,-2.2016040341084028e-4,3.408203936951472e-5,-2.430550625079485e-4,-2.2016040341084028e-4,-1.9726574431373208e-4,999.9617557729828,0.005920426547720306,2
Joe Haeg,Blocker,-2.2160815717587993e-4,1.5135773368539366e-4,-3.232829330561509e-4,-2.2160815717587993e-4,-1.1993338129560901e-4,999.9615042723942,0.026293761517613805,2
Jawaan Taylor,Blocker,-2.2453973644277357e-4,1.9724063435123983e-4,-3.5703641701430663e-4,-2.2453973644277354e-4,-9.204305587124047e-5,999.9609950049148,0.03426397753791578,2
Samson Ebukam,Rusher,-2.2526672181725382e-4,2.209842325688977e-4,-3.737131987327879e-4,-2.2526672181725382e-4,-7.682024490171975e-5,999.9608687146201,0.03838912322138624,2
Marlon Davidson,Rusher,-2.2655627796256637e-4,3.415790857058821e-4,-4.5601252138599004e-4,-2.2655627796256637e-4,2.8999654608573183e-6,999.9606446957729,0.05933813471781951,2
Lorenzo Carter,Rusher,-2.2854589227426747e-4,1.92410091764669e-4,-3.5779764889701466e-4,-2.2854589227426747e-4,-9.929413565152028e-5,999.9602990643662,0.03342528655077708,2
Laremy Tunsil,Blocker,-2.384958132487579e-4,3.2730662163842734e-4,-4.583645083521599e-4,-2.384958132487579e-4,-1.8627118145355908e-5,999.9585705860563,0.05685875376282443,2
Quenton Nelson,Blocker,-2.4000659005176008e-4,2.4480175729500384e-4,-4.044525235499566e-4,-2.4000659005176008e-4,-7.556065655356348e-5,999.9583081372448,0.04252619083697974,2
Trent Brown,Blocker,-2.4397880250919397e-4,1.2810224590155365e-4,-3.3003167093329845e-4,-2.4397880250919397e-4,-1.5792593408508955e-4,999.9576180932643,0.02225386951019284,2
Shaq Lawson,Rusher,-2.4439737861352447e-4,1.565607141816883e-4,-3.495672641455411e-4,-2.4439737861352447e-4,-1.392274930815078e-4,999.9575453791474,0.027197151596367906,2
Quinn Meinerz,Blocker,-2.446857797361932e-4,9.336190583584643e-5,-3.074017746211688e-4,-2.446857797361932e-4,-1.8196978485121763e-4,999.9574952787409,0.016218394105376135,2
Justin Herron,Blocker,-2.519092238643968e-4,3.306279291826305e-5,-2.7411920268799364e-4,-2.519092238643968e-4,-2.2969924504079992e-4,999.9562404379708,0.005743825512704061,2
D.J. Reader,Rusher,-2.5484031585179816e-4,8.177392261308184e-5,-3.097720662955356e-4,-2.5484031585179816e-4,-1.9990856540806073e-4,999.9557312551403,0.0142053552373772,2
Kenny Willekes,Rusher,-2.5934055859263926e-4,1.1449635516791877e-4,-3.362536502949991e-4,-2.5934055859263926e-4,-1.8242746689027943e-4,999.9549494829046,0.019889823994593346,2
Matt Skura,Blocker,-2.6459014561968773e-4,2.775216584120837e-4,-4.510157198795428e-4,-2.6459014561968773e-4,-7.816457135983269e-5,999.9540375362333,0.0482106800471799,2
Jonathan Garvin,Rusher,-2.649438519679363e-4,2.325846414358474e-5,-2.805677587980536e-4,-2.649438519679363e-4,-2.4931994513781904e-4,999.9539760911473,0.004040639158401154,2
Zach Allen,Rusher,-2.654582152047266e-4,1.38734241723238e-4,-3.586531421547381e-4,-2.654582152047266e-4,-1.722632882547151e-4,999.9538867371011,0.024100376148095518,2
Christian Covington,Rusher,-2.667867518679939e-4,3.874081083198174e-5,-2.928109474135555e-4,-2.667867518679939e-4,-2.4076255632243232e-4,999.9536559466443,0.006730198251931759,2
Cam Sample,Rusher,-2.697376645227302e-4,4.114952233106373e-5,-2.9737991549146845e-4,-2.697376645227302e-4,-2.420954135539918e-4,999.9531433206114,0.007148634296902191,2
Michael Deiter,Blocker,-2.709609808917061e-4,9.162562598369612e-6,-2.7711594553074184e-4,-2.709609808917061e-4,-2.648060162526704e-4,999.9529308087918,0.0015919302550351498,2
Rashod Hill,Blocker,-2.7983226966717714e-4,3.079458640295163e-5,-3.005185774930712e-4,-2.7983226966717714e-4,-2.5914596184128307e-4,999.9513897080868,0.005349797683400428,2
La'El Collins,Blocker,-2.809653022104911e-4,1.0987178412014767e-4,-3.547718316422909e-4,-2.809653022104911e-4,-2.0715877277869126e-4,999.9511928801742,0.019086453719701094,2
Jesse Davis,Blocker,-2.8331614210242855e-4,7.527050347605668e-5,-3.3387921136211155e-4,-2.8331614210242855e-4,-2.327530728427455e-4,999.9507844974571,0.013075595619557914,2
Isaiah Prince,Blocker,-2.8674509431519783e-4,6.772603696177625e-5,-3.3224015731383246e-4,-2.8674509431519783e-4,-2.4125003131656323e-4,999.9501888274472,0.011765447757806486,2
Daryl Williams,Blocker,-2.901674879349361e-4,1.5959261447283556e-4,-3.973740568599169e-4,-2.901674879349361e-4,-1.8296091900995532e-4,999.9495942967817,0.027723846622875314,2
Malik Reed,Rusher,-2.911717099441511e-4,3.6032742255258264e-5,-3.1537675651791924e-4,-2.911717099441511e-4,-2.669666633703829e-4,999.9494198455507,0.006259298347285418,2
Ryan Kelly,Blocker,-2.931233667652277e-4,1.1152610896912064e-4,-3.6804119130007197e-4,-2.931233667652277e-4,-2.1820554223038338e-4,999.9490808080357,0.019374299589754927,2
Sheldon Day,Rusher,-2.944117620946791e-4,1.4837123766985676e-4,-3.940803549696059e-4,-2.944117620946791e-4,-1.947431692197522e-4,999.9488569908427,0.025774493812829046,2
Austin Jackson,Blocker,-2.996247665694959e-4,6.856343884521235e-5,-3.456823554909688e-4,-2.996247665694959e-4,-2.53567177648023e-4,999.9479513992117,0.01191091936466889,2
Bilal Nichols,Rusher,-3.009702228395829e-4,3.298676632818686e-5,-3.23129130691656e-4,-3.009702228395829e-4,-2.788113149875098e-4,999.9477176695182,0.005730618341340252,2
Alex Okafor,Rusher,-3.0508455254060144e-4,3.4746529485653824e-5,-3.284255838315054e-4,-3.0508455254060144e-4,-2.8174352124969753e-4,999.947002937244,0.00603632051276507,2
Cameron Jordan,Rusher,-3.0687126361040934e-4,1.4555255257253896e-4,-4.0464640070631035e-4,-3.0687126361040934e-4,-2.090961265145082e-4,999.9466925537406,0.025285298268071844,2
Adam Butler,Rusher,-3.1394848673543124e-4,1.7460111459557338e-4,-4.3123703726202767e-4,-3.1394848673543124e-4,-1.9665993620883476e-4,999.9454631141604,0.03033109013675918,2
Shy Tuttle,Rusher,-3.140150196043537e-4,3.0849016053574715e-4,-5.212437298262996e-4,-3.140150196043537e-4,-1.0678630938240781e-4,999.9454515562172,0.053590459881191495,2
Storm Norton,Blocker,-3.1552404111077285e-4,1.0170184122810151e-4,-3.8384239962274366e-4,-3.1552404111077285e-4,-2.472056825988021e-4,999.945189412332,0.01766718927356303,2
Brandon Shell,Blocker,-3.220988915922051e-4,7.949290825475724e-5,-3.754983673512251e-4,-3.220988915922051e-4,-2.686994158331851e-4,999.9440472438185,0.013809102457734238,2
Alex Leatherwood,Blocker,-3.225196316618339e-4,2.0982918053224334e-4,-4.6347268628474126e-4,-3.225196316618339e-4,-1.8156657703892657e-4,999.9439741537823,0.03645129220339522,2
Spencer Brown,Blocker,-3.2703755565371533e-4,1.4267040680575481e-4,-4.228766071743583e-4,-3.2703755565371533e-4,-2.3119850413307234e-4,999.9431893099986,0.024784618267002956,2
Dalvin Tomlinson,Rusher,-3.279533493871877e-4,1.4958730687178142e-4,-4.284388385022339e-4,-3.279533493871877e-4,-2.274678602721415e-4,999.9430302203325,0.025986206879298993,2
Josiah Bronson,Rusher,-3.2875174163223746e-4,2.038496699721776e-5,-3.4244537261033433e-4,-3.2875174163223746e-4,-3.1505811065414064e-4,999.942891525394,0.003541461576705826,2
Nate Solder,Blocker,-3.299118876874066e-4,1.2074289563042199e-4,-4.1102110195375904e-4,-3.299118876874066e-4,-2.488026734210542e-4,999.942689987382,0.02097541942494382,2
Christian Darrisaw,Blocker,-3.311695200355755e-4,1.9464183818976532e-5,-3.442446135858023e-4,-3.311695200355755e-4,-3.180944264853487e-4,999.9424715142663,0.003381044946550457,2
Charlie Heck,Blocker,-3.378696882961363e-4,1.946540789174285e-4,-4.6862884652486465e-4,-3.378696882961363e-4,-2.0711053006740798e-4,999.941307575825,0.03381510704597546,2
Laken Tomlinson,Blocker,-3.395918906003593e-4,2.3887430718874304e-5,-3.556383066344771e-4,-3.395918906003593e-4,-3.235454745662414e-4,999.941008398642,0.004149441634823392,2
Deshawn Williams,Rusher,-3.474704637433248e-4,6.939371251993536e-5,-3.9408579020315315e-4,-3.474704637433248e-4,-3.0085513728349647e-4,999.9396397503056,0.012054692466028713,2
Bobby Massie,Blocker,-3.5018910974054596e-4,8.542027059524435e-5,-4.075702996997988e-4,-3.5018910974054596e-4,-2.9280791978129314e-4,999.9391674731237,0.014838790760520332,2
Duane Brown,Blocker,-3.5027243395707323e-4,3.3601861549010554e-4,-5.759934234941436e-4,-3.5027243395707323e-4,-1.245514444200029e-4,999.9391529982247,0.05837218210531194,2
Jonah Williams,Blocker,-3.525605684194414e-4,1.868634901265205e-4,-4.780863873928572e-4,-3.525605684194414e-4,-2.2703474944602567e-4,999.9387555085564,0.03246128294808985,2
Chris Wormley,Rusher,-3.53234475605387e-4,1.3331089045232975e-4,-4.4278625851800336e-4,-3.53234475605387e-4,-2.636826926927706e-4,999.9386384388874,0.023158243535956045,2
Henry Mondeaux,Rusher,-3.590745404115915e-4,2.863884408317325e-5,-3.783127252253197e-4,-3.590745404115915e-4,-3.398363555978632e-4,999.9376239157198,0.004975306885815468,2
Adetokunbo Ogundeji,Rusher,-3.6038476750304153e-4,3.346311537945191e-4,-5.851737276452054e-4,-3.6038476750304153e-4,-1.3559580736087766e-4,999.9373963059613,0.05813115532191968,2
Dennis Daley,Blocker,-3.6273714831396904e-4,3.246865161613714e-4,-5.808457837846333e-4,-3.6273714831396904e-4,-1.446285128433048e-4,999.936987655559,0.056404055031324965,2
Jeffery Simmons,Rusher,-3.663638842311407e-4,2.3281958476016715e-4,-5.227607760492436e-4,-3.663638842311407e-4,-2.0996699241303786e-4,999.9363576270007,0.04044467427173219,2
Tom Compton,Blocker,-3.667689989600134e-4,4.011200734805042e-4,-6.362219867867187e-4,-3.667689989600134e-4,-9.73160111333081e-5,999.9362872513641,0.06968192390170126,2
Jedrick Wills Jr.,Blocker,-3.668961241058356e-4,1.535205484008628e-4,-4.700237738902769e-4,-3.668961241058356e-4,-2.637684743213943e-4,999.9362651674644,0.026669020707294107,2
Justin Britt,Blocker,-3.6720231504447853e-4,9.49693750217863e-6,-3.735818965073591e-4,-3.6720231504447853e-4,-3.6082273358159793e-4,999.9362119766504,0.0016495569164282813,2
Trent Williams,Blocker,-3.697348320738562e-4,6.374197881400133e-5,-4.125535982662043e-4,-3.697348320738562e-4,-3.269160658815081e-4,999.9357720333819,0.011072885761385636,2
James Hudson III,Blocker,-3.709564331977639e-4,1.7256914732268733e-4,-4.8688000677844383e-4,-3.709564331977639e-4,-2.5503285961708393e-4,999.9355598195311,0.02997810126721521,2
Austin Johnson,Rusher,-3.71347892529471e-4,4.862055655384365e-4,-6.979571823501965e-4,-3.71347892529471e-4,-4.473860270874553e-5,999.93549181608,0.08446278777800811,2
Blake Hance,Blocker,-3.8213628215461455e-4,6.390641670637892e-6,-3.8642920491298386e-4,-3.8213628215461455e-4,-3.7784335939624523e-4,999.933617680847,0.0011103982697297518,2
Leonard Williams,Rusher,-0.00038749128303755597,1.4370379575088588e-4,-4.840245150723691e-4,-0.00038749128303755597,-2.9095805100274284e-4,999.9326874219132,0.02496413631366289,2
Dorance Armstrong,Rusher,-3.97242731057403e-4,5.376162091710779e-4,-7.58387194879044e-4,-3.97242731057403e-4,-3.609826723576214e-5,999.930993421887,0.09339327110556253,2
Brandon Williams,Rusher,-4.0320684988314783e-4,1.6237526404066916e-4,-5.122826676682555e-4,-4.0320684988314783e-4,-2.9413103209804015e-4,999.9299573483288,0.028207702572600066,2
Jalen Mayfield,Blocker,-4.0409264368119086e-4,2.977501975798371e-4,-6.041067682991112e-4,-4.0409264368119086e-4,-2.0407851906327056e-4,999.9298034701853,0.05172473722219356,2
Rasheem Green,Rusher,-4.064832616902808e-4,3.5720840226556534e-4,-6.464385210521345e-4,-4.064832616902808e-4,-1.6652800232842704e-4,999.9293881773015,0.06205322509300033,2
Shelby Harris,Rusher,-4.067284933376047e-4,1.5008769364626494e-4,-5.075501179900315e-4,-4.067284933376047e-4,-3.0590686868517777e-4,999.9293455762011,0.02607267275652081,2
Isaiahh Loudermilk,Rusher,-4.0807153821349203e-4,5.7143471856686155e-5,-4.464577478413772e-4,-4.0807153821349203e-4,-3.696853285856069e-4,999.9291122654097,0.00992706790609009,2
Shamar Stephen,Rusher,-4.104090995791258e-4,8.08255075552062e-5,-4.647037508400001e-4,-4.104090995791258e-4,-3.561144483182515e-4,999.9287061894088,0.014040598666915925,2
Dean Lowry,Rusher,-4.1530633504026354e-4,1.3949875129104454e-4,-5.090148223949692e-4,-4.1530633504026354e-4,-3.2159784768555794e-4,999.9278554524738,0.024233645271700445,2
Isaiah Wynn,Blocker,-4.1759717114365005e-4,4.1052456933918626e-4,-6.933676426259045e-4,-4.1759717114365005e-4,-1.4182669966139567e-4,999.9274574934823,0.07131565216428537,2
Jon Runyan,Blocker,-4.2165372797359083e-4,2.4742742846186374e-4,-5.878634598646775e-4,-4.2165372797359083e-4,-2.5544399608250424e-4,999.9267527973836,0.04298231663651811,2
Cameron Fleming,Blocker,-4.232250093620637e-4,2.1528698603670053e-4,-5.6784435270344e-4,-4.232250093620637e-4,-2.7860566602068735e-4,999.926479837849,0.037398949920111224,2
Jake Curhan,Blocker,-4.3111989224455037e-4,9.627332344008043e-5,-4.957916361038048e-4,-4.3111989224455037e-4,-3.6644814838529603e-4,999.9251083562206,0.01672461935426776,2
Eric Fisher,Blocker,-4.357096321982543e-4,1.4372069708182956e-4,-5.322542177265028e-4,-4.357096321982543e-4,-3.3916504667000596e-4,999.9243110367265,0.024966612166726545,2
Derrick Nnadi,Rusher,-4.3581669129006794e-4,8.836091016803243e-5,-4.951732601231175e-4,-4.3581669129006794e-4,-3.7646012245701844e-4,999.9242924386574,0.015350092385120995,2
Kerry Hyder Jr.,Rusher,-4.4410744649239515e-4,1.9521118463131714e-4,-5.752408412878455e-4,-4.4410744649239515e-4,-3.129740516969448e-4,999.9228521869633,0.033911426012024085,2
Jake Matthews,Blocker,-4.5296754816696665e-4,7.231008999809671e-5,-5.015419554035372e-4,-4.5296754816696665e-4,-4.043931409303961e-4,999.9213130296566,0.012561319124406627,2
Daniel Brunskill,Blocker,-4.5647149610344404e-4,1.6977029799993657e-4,-5.705149386152694e-4,-4.5647149610344404e-4,-3.424280535916187e-4,999.9207043315553,0.02949189134058041,2
Sam Hubbard,Rusher,-4.6040081874261626e-4,1.8551646820221324e-4,-5.850217737958017e-4,-4.6040081874261626e-4,-3.357798636894309e-4,999.9200217382993,0.032227741481344906,2
Michael Brockers,Rusher,-4.75172616890513e-4,3.2947815792433357e-4,-6.965000446256042e-4,-4.75172616890513e-4,-2.538451891554219e-4,999.91745561413,0.05723644846208034,2
George Fant,Blocker,-4.7973780732201576e-4,1.2175152428228399e-4,-5.615245693398273e-4,-4.7973780732201576e-4,-3.9795104530420425e-4,999.9166625593247,0.021150175959272044,2
Penei Sewell,Blocker,-4.8234636375355476e-4,2.5161391126567574e-4,-6.513683715055428e-4,-4.8234636375355476e-4,-3.133243560015667e-4,999.916209406659,0.04371004339755315,2
Sheldon Richardson,Rusher,-4.838740689845073e-4,1.2582466980817672e-4,-5.683969723833313e-4,-4.838740689845073e-4,-3.993511655856833e-4,999.9159440170783,0.021858214018360307,2
Azeez Ojulari,Rusher,-4.8809433887706183e-4,3.4893638418702686e-4,-7.224928581653549e-4,-4.880943388770619e-4,-2.536958195887688e-4,999.9152108811078,0.06061668857953794,2
Matt Peart,Blocker,-4.934434337332699e-4,2.4250497630498008e-4,-6.563465012891675e-4,-4.934434337332699e-4,-3.3054036617737205e-4,999.914281648156,0.0421276593217896,2
Dion Dawkins,Blocker,-5.274297521008259e-4,2.9489997111722206e-4,-7.255292329820955e-4,-5.274297521008259e-4,-3.293302712195564e-4,999.9083776199452,0.05122914196345197,2
Arik Armstead,Rusher,-5.283953886239768e-4,1.5630553506580712e-4,-6.333938572168995e-4,-5.283953886239768e-4,-4.233969200310541e-4,999.9082098716998,0.027153282652360864,2
Rodger Saffold,Blocker,-5.284075091990738e-4,3.6428225949367384e-4,-7.731146423553115e-4,-5.284075091990738e-4,-2.837003760428362e-4,999.9082077661402,0.06328207995693963,2
D.J. Humphries,Blocker,-5.374633056044644e-4,8.882781075057962e-5,-5.971335155771702e-4,-5.374633056044644e-4,-4.777930956317588e-4,999.906634613177,0.01543074111498195,2
B.J. Hill,Rusher,-5.6569428491053e-4,2.472610834814311e-4,-7.317922743211204e-4,-5.6569428491053e-4,-3.995962954999396e-4,999.9017303897645,0.04295387976260464,2
Nick Williams,Rusher,-6.010090336660271e-4,3.1598812358975113e-4,-8.132745113825167e-4,-6.010090336660271e-4,-3.887435559495375e-4,999.8955955895588,0.05489298947321757,2
Alex Mack,Blocker,-6.183637856499434e-4,2.628618052871174e-4,-7.949415824317291e-4,-6.183637856499434e-4,-4.417859888681577e-4,999.8925807603501,0.04566400272008205,2
Malik Jackson,Rusher,-6.361129389846731e-4,2.775896985650163e-4,-8.225842193153831e-4,-6.361129389846731e-4,-4.496416586539631e-4,999.8894974166094,0.04822203962353254,2
Taylor Lewan,Blocker,-6.464459962683942e-4,1.2225417706131992e-4,-7.285704160154123e-4,-6.464459962683942e-4,-5.64321576521376e-4,999.8877023807056,0.021237495690575692,2
Mark Glowinski,Blocker,-7.027242905083845e-4,1.6377244586129517e-5,-7.137257281771873e-4,-7.027242905083845e-4,-6.917228528395817e-4,999.87792583965,0.002845248885426855,2
Morgan Moses,Blocker,-7.050439282378761e-4,1.4531108191189065e-4,-8.026568570692552e-4,-7.050439282378761e-4,-6.07430999406497e-4,999.8775228773036,0.02524335051785583,2
Liam Eichenberg,Blocker,-7.398515952583037e-4,1.0879359527131187e-4,-8.129338497760126e-4,-7.398515952583037e-4,-6.667693407405948e-4,999.8714761662176,0.01889915313271639,2
D.J. Wonnum,Rusher,-8.017182688912686e-4,7.002013194948808e-5,-8.487543935062755e-4,-8.017182688912686e-4,-7.546821442762617e-4,999.8607288242285,0.012163512666719774,2
Justin Ellis,Rusher,-8.149822062447996e-4,1.2669386743912044e-4,-9.000889944057036e-4,-8.149822062447996e-4,-7.298754180838956e-4,999.8584246423081,0.02200920911237791,2
Kaleb McGary,Blocker,-8.513187438988195e-4,8.03496393947194e-5,-9.052937300366243e-4,-8.513187438988195e-4,-7.973437577610147e-4,999.8521123391904,0.013957931900403226,2
Ryan Jensen,Blocker,-9.98603280495216e-4,2.485007930424986e-4,-0.0011655340465912725,-9.98603280495216e-4,-8.316725143991598e-4,999.826526394585,0.043168779162430865,2
Cameron Heyward,Rusher,-0.0010475931360482776,3.4836441014454525e-5,-0.0010709945655383172,-0.0010475931360482776,-0.001024191706558238,999.8180159850106,0.0060519397451147035,2
