player_name,role,mean_score,sd_score,q025,q25,q50,q75,q975,mean_elo_like,sd_elo_like,n_boot,fixed_lambda,bootstrap_scope
Jordan Mills,Blocker,0.7499063365891144,0.4239721948652577,-0.11657299503199657,0.49226819110149067,0.7817747519961848,1.0620756853350974,1.4611931127196502,1130.3926133710163,73.62190997496161,400,9.255215909791355e-5,train_fit_end_to_end
Erik McCoy,Blocker,0.6888444593200921,0.24682051268855126,0.18507785737973814,0.5507703776643031,0.6850182967374785,0.8425112388345855,1.164087897415367,1119.7850788299802,42.85662226699618,400,9.255215909791355e-5,train_fit_end_to_end
Calvin Throckmorton,Blocker,0.6462630599665469,0.18569625050759522,0.2814099362469328,0.5323367472861491,0.638842192312213,0.771242297536509,1.0473480607828138,1112.3879321215948,32.23289527764929,400,9.255215909791355e-5,train_fit_end_to_end
Jeremiah Owusu-Koramoah,Rusher,0.644720103712842,0.17033493769032235,0.2817285429042374,0.5357132334537406,0.6632663589720988,0.7707660967743543,0.8972331194915375,1112.119893166874,29.588202192609053,400,9.255215909791355e-5,train_fit_end_to_end
Troy Reeder,Rusher,0.5817772276278591,0.1533395509541871,0.25844409060753926,0.4826036704720098,0.5955768020061828,0.6865382951013512,0.8511212939785963,1101.1855956633426,26.642406128770006,400,9.255215909791355e-5,train_fit_end_to_end
Trey Hopkins,Blocker,0.5797253857922234,0.10324214422853628,0.385391294797314,0.5079043628472031,0.5791582456162618,0.6461462394493456,0.7842012356198582,1100.8291542285608,17.939454476139186,400,9.255215909791355e-5,train_fit_end_to_end
Jermaine Carter Jr.,Rusher,0.5586086030531848,0.12731957775325167,0.285663545493057,0.48382318856961415,0.564136822468819,0.6456355001232597,0.7850282479823499,1097.160793340915,22.11961368221089,400,9.255215909791355e-5,train_fit_end_to_end
Chase Roullier,Blocker,0.5183182342167886,0.13791186480176904,0.23769955555949907,0.4244610658493375,0.5329280056124973,0.6207023533841229,0.748744804489024,1090.1616393971176,23.962791189806364,400,9.255215909791355e-5,train_fit_end_to_end
Josh Allen,Rusher,0.5144747800427032,0.20606357169833206,0.1053122283186376,0.38458755160266855,0.5062962664371571,0.6447611173516745,0.9455697842725002,1089.4939630214162,35.79523820485954,400,9.255215909791355e-5,train_fit_end_to_end
Adam Gotsis,Rusher,0.49436678834071335,0.10268675542042596,0.27796575203923707,0.4284405457682333,0.5082452502793231,0.5662026577194726,0.6769065311674589,1086.0008470860841,17.835950790045125,400,9.255215909791355e-5,train_fit_end_to_end
Tae Crowder,Rusher,0.4752064182078908,0.10631090658269764,0.263365947469086,0.4020845755534746,0.4784210670222142,0.5557776432939204,0.6619048592017548,1082.6723498781205,18.47012372974195,400,9.255215909791355e-5,train_fit_end_to_end
Patrick Queen,Rusher,0.4751079776090434,0.1397696735106775,0.19198827446135525,0.3847081111091012,0.48055803959763543,0.5723608193807235,0.7316870979754622,1082.6552489945707,24.28102248933836,400,9.255215909791355e-5,train_fit_end_to_end
Taven Bryan,Rusher,0.4567721535136522,0.14203180120585476,0.1860220569461654,0.3624053419986023,0.45534669325077015,0.5612326017438354,0.7199614639328973,1079.4699901042598,24.674240736830473,400,9.255215909791355e-5,train_fit_end_to_end
Will Clapp,Blocker,0.4541779518981545,0.39474493671219246,-0.16198910190350688,0.09131396642543023,0.5392488347767667,0.7352319490718879,1.1519648224672183,1079.0193311256378,68.55035366775175,400,9.255215909791355e-5,train_fit_end_to_end
Vita Vea,Rusher,0.4476660926171168,0.15153352865550407,0.12569608625237066,0.37061140579783813,0.4598618219400399,0.5554049162014774,0.6927478965223516,1077.8881053045639,26.319483607163132,400,9.255215909791355e-5,train_fit_end_to_end
Darius Philon,Rusher,0.4432040864339771,0.10017667557418572,0.25221973026434896,0.37690170684386093,0.447746416265011,0.511997551716284,0.619197447310324,1077.1129754391413,17.407237156207145,400,9.255215909791355e-5,train_fit_end_to_end
Myles Garrett,Rusher,0.4288452721972366,0.08474652227869472,0.2526130760062761,0.3757498570465019,0.4303818661600126,0.4821623280685406,0.5878908331213129,1074.6185939232653,14.721861229401412,400,9.255215909791355e-5,train_fit_end_to_end
Kamu Grugier-Hill,Rusher,0.42499530891818577,0.11426395085350426,0.1846762451582769,0.3535310147876439,0.4310316604792632,0.5030689002193782,0.6370686194715205,1073.9497868002165,19.848967324176158,400,9.255215909791355e-5,train_fit_end_to_end
Zack Martin,Blocker,0.4244899619023936,0.07482436596323055,0.2616941523566152,0.3765542660151019,0.426826662411387,0.4767619069564595,0.5757186156020789,1073.8619990320547,13.01646033665219,400,9.255215909791355e-5,train_fit_end_to_end
Ben Cleveland,Blocker,0.42312190654629495,0.17227634481758888,0.07903830517800348,0.31115755660325123,0.42438759693030825,0.5443465119456838,0.736730280909057,1073.624343475218,29.921481522808463,400,9.255215909791355e-5,train_fit_end_to_end
Aaron Donald,Rusher,0.41708790670943635,0.08104527468229847,0.25857184670139555,0.36460393429771065,0.4225285379443488,0.47102658801428204,0.5740605261206096,1072.5761303420368,14.075324436498144,400,9.255215909791355e-5,train_fit_end_to_end
Joe Thuney,Blocker,0.4170600763283414,0.09447106670464747,0.2371227569121498,0.3556074395430876,0.4146151179930372,0.48263635402360444,0.6030059906523182,1072.5712957096612,16.417928580866203,400,9.255215909791355e-5,train_fit_end_to_end
Mason Cole,Blocker,0.4095037290076364,0.12373528951455896,0.13019434655024648,0.3372122033422283,0.41998083413204923,0.49425619580908314,0.6099178758969883,1071.2586237317705,21.493329493187627,400,9.255215909791355e-5,train_fit_end_to_end
Davon Hamilton,Rusher,0.40315376749668747,0.11260770454284863,0.1691517818554086,0.3333078157892687,0.40581628267207537,0.4872817713416826,0.5925789866968979,1070.1555224339693,19.562815241840617,400,9.255215909791355e-5,train_fit_end_to_end
Tyler Biadasz,Blocker,0.40037770787289195,0.10005661073233636,0.17153797638523066,0.3383231927990136,0.4039277172097493,0.4766553580551387,0.5773292029273303,1069.6732714835498,17.383153354962385,400,9.255215909791355e-5,train_fit_end_to_end
Roy Robertson-Harris,Rusher,0.39501095665131103,0.06643557872470877,0.25622506499027853,0.35085507355072376,0.39715544154143556,0.4442439273372447,0.5077095543738469,1068.7409713070379,11.536313749819637,400,9.255215909791355e-5,train_fit_end_to_end
Kevin Zeitler,Blocker,0.39124211982452817,0.07993093599862315,0.24209652363351244,0.34024451495645325,0.38789172823829465,0.44294132624842397,0.5496799646064625,1068.0862572922115,13.882690167166464,400,9.255215909791355e-5,train_fit_end_to_end
Folorunso Fatukasi,Rusher,0.3899230510577022,0.12214909570592543,0.12944786633332891,0.31496616766964514,0.39256677316338595,0.47738375211219014,0.60126651212011,1067.8571115775383,21.224933002695295,400,9.255215909791355e-5,train_fit_end_to_end
Ben Powers,Blocker,0.3874380184050637,0.08272205258967688,0.22900413270302708,0.33288413812200324,0.38836373077872804,0.4432100319315426,0.5544227792226978,1067.425417190182,14.369281391771462,400,9.255215909791355e-5,train_fit_end_to_end
Christian Kirksey,Rusher,0.3806153096709866,0.1240725886633874,0.1761662788000261,0.29934991036857406,0.3787019686512125,0.45483007303781053,0.6237867232176459,1066.240191288245,21.55011899474364,400,9.255215909791355e-5,train_fit_end_to_end
Quinnen Williams,Rusher,0.3781439988035435,0.1321939935899707,0.10911795659040786,0.29401467484647287,0.3762064623158685,0.4645995826623841,0.6345851394623273,1065.8108806191258,22.968354600265194,400,9.255215909791355e-5,train_fit_end_to_end
Michael Schofield III,Blocker,0.3764119289158299,0.13997330278456924,0.07683733123741228,0.29093377355748784,0.37159572625399395,0.47791989227704645,0.637758195849108,1065.5099892613239,24.320135161632518,400,9.255215909791355e-5,train_fit_end_to_end
Daquan Jones,Rusher,0.3757925276422325,0.137183219075983,0.07894965828723022,0.28926535626493904,0.3793917099010301,0.46705662374012324,0.6205372698706708,1065.402388239241,23.83340542548934,400,9.255215909791355e-5,train_fit_end_to_end
Robert Quinn,Rusher,0.37411468726115543,0.13032824046084546,0.08695372568792979,0.29100509296532573,0.38341028981873304,0.45999570542281465,0.6252397620583577,1065.1109175116344,22.645093074425283,400,9.255215909791355e-5,train_fit_end_to_end
"David Long, Jr.",Rusher,0.37314183685387303,0.18190907509515578,-0.03004083463152709,0.23966415685251968,0.37434341701156143,0.5084104896630922,0.7037697625191913,1064.9419160861944,31.59957283677139,400,9.255215909791355e-5,train_fit_end_to_end
Matt Milano,Rusher,0.3687267402060058,0.11204335906787968,0.14443946872908808,0.30425424993930467,0.3661709482827699,0.4472282036452162,0.5743452939376453,1064.1749352416991,19.46550006364882,400,9.255215909791355e-5,train_fit_end_to_end
Brandon Linder,Blocker,0.3642918745711414,0.09788523310702768,0.1504748166374917,0.3047750865973503,0.36808275308130245,0.42947913579436625,0.5453544129641485,1063.4045201724175,17.00406294277777,400,9.255215909791355e-5,train_fit_end_to_end
Jay Tufele,Rusher,0.35953176861171393,0.2544571669143721,-0.05577083489833585,0.17895143491627633,0.4007231133576491,0.5578302139116691,0.7614077125842211,1062.577605071836,44.20710068242197,400,9.255215909791355e-5,train_fit_end_to_end
B.J. Finney,Blocker,0.35478677972796857,0.192494865062055,0,0.25572465133752237,0.3736849780743978,0.4926345147878298,0.6641872546371308,1061.7533160762746,33.434565794318075,400,9.255215909791355e-5,train_fit_end_to_end
Mitch Morse,Blocker,0.3544028244390215,0.0951877889763659,0.17340795566643732,0.29352928400831885,0.3529656451969193,0.42194860294729997,0.5343912694454095,1061.6866162109598,16.539327650425342,400,9.255215909791355e-5,train_fit_end_to_end
Gabe Jackson,Blocker,0.35191166325157225,0.11736645773140056,0.13219065553381204,0.27564695162308556,0.3434825490240372,0.4331039273620399,0.5802752717929915,1061.2538571880634,20.391608429009917,400,9.255215909791355e-5,train_fit_end_to_end
T.J. Watt,Rusher,0.3432638068854501,0.09450567482771774,0.15250636244695415,0.2889027826415488,0.3442369832970984,0.40226535504483313,0.5250734222968987,1059.751570668024,16.40723737217643,400,9.255215909791355e-5,train_fit_end_to_end
D.J. Jones,Rusher,0.33692944973342953,0.09008709239718751,0.13759304917089454,0.2822660116199076,0.34034650720869064,0.40004742915641933,0.5000401675930958,1058.651180125013,15.64688355989648,400,9.255215909791355e-5,train_fit_end_to_end
Alex Singleton,Rusher,0.3350816989901076,0.18113374256113984,-0.03042846240695863,0.19798045212297788,0.3434333508315461,0.4567805777032611,0.6683593798624617,1058.3301929443103,31.459921516972543,400,9.255215909791355e-5,train_fit_end_to_end
Tim Settle,Rusher,0.33236212576604984,0.09314542625031569,0.15981898550246507,0.2671822658147457,0.32938354983051277,0.39189427075268735,0.5042656162930741,1057.8577546865743,16.18119820861397,400,9.255215909791355e-5,train_fit_end_to_end
Derick Roberson,Rusher,0.3323280669967925,0.20266713551831567,-0.059880905467767344,0.18457285597263476,0.33588410370260813,0.47709735878399884,0.6865638945849145,1057.8518380723547,35.20866424445832,400,9.255215909791355e-5,train_fit_end_to_end
Zach Kerr,Rusher,0.33056200208959396,0.1463231930616528,0.04286209129404442,0.23616856271521047,0.3360155953628685,0.4295039590572044,0.605129882966979,1057.545041174803,25.418043400959043,400,9.255215909791355e-5,train_fit_end_to_end
Micah Parsons,Rusher,0.3301737919998924,0.13464383234007699,0.026337196980831618,0.2530121159405018,0.3355320579204386,0.41929538272418804,0.568031873369204,1057.4776021748924,23.39244731022873,400,9.255215909791355e-5,train_fit_end_to_end
Nathan Shepherd,Rusher,0.3292883213730527,0.1389751610489138,0.03973639385008212,0.24792614653419348,0.3380842934805297,0.4383538305892559,0.5679936765848714,1057.3237801720427,24.144130903114338,400,9.255215909791355e-5,train_fit_end_to_end
Maurice Hurst,Rusher,0.327797288734333,0.21076695412476673,-0.07937311196322591,0.24176400507454335,0.38030005421314284,0.4856171134996473,0.6135849179241958,1057.0647612731093,36.614462897771354,400,9.255215909791355e-5,train_fit_end_to_end
J.J. Watt,Rusher,0.32715861017223696,0.17377324759448773,0.028235639643505138,0.1882466114924594,0.33094050976777956,0.42643357708796664,0.7011309137244063,1056.953811443018,30.183980495475808,400,9.255215909791355e-5,train_fit_end_to_end
Malcom Brown,Rusher,0.32573146818599713,0.0708501655972658,0.18886036420263205,0.27652040490060453,0.32789116021351916,0.378112668507035,0.45666829234361717,1056.7058914872114,12.304699657363116,400,9.255215909791355e-5,train_fit_end_to_end
Joel Bitonio,Blocker,0.32316688838892293,0.08398485919730009,0.1709346733146277,0.2614182989759758,0.32360751008853894,0.38051889973338743,0.48550614314674456,1056.2603783455036,14.59319560020895,400,9.255215909791355e-5,train_fit_end_to_end
Cody Barton,Rusher,0.3178216674752282,0.13851746180972316,0,0.22659654893405662,0.33060960878743406,0.4151566165124604,0.563485555046996,1055.331818366555,24.06539007037358,400,9.255215909791355e-5,train_fit_end_to_end
J.C. Tretter,Blocker,0.31502417241064806,0.08292917335999812,0.14615808038446762,0.2611589847779091,0.3176303676049859,0.3768013773589699,0.4748749364068562,1054.8458436986755,14.405777170909221,400,9.255215909791355e-5,train_fit_end_to_end
Milton Williams,Rusher,0.3066604692400507,0.10350810245639665,0.0918096380080424,0.24052343347651062,0.3148754171829922,0.379985538984031,0.49279983229735674,1053.3929196445686,17.97631275477644,400,9.255215909791355e-5,train_fit_end_to_end
Saahdiq Charles,Blocker,0.305518126825297,0.21737903109973786,0,0.11236387669593796,0.3129019059847106,0.4708430280954124,0.7790781035869113,1053.1944744416999,37.76175595479548,400,9.255215909791355e-5,train_fit_end_to_end
Ereck Flowers Sr.,Blocker,0.304812737616095,0.09284234028592216,0.13612449592566295,0.2413416750289088,0.3051712622328859,0.36131834165808363,0.49801246203920985,1053.0719357852397,16.128212801117037,400,9.255215909791355e-5,train_fit_end_to_end
Rakeem Nunez-Roches,Rusher,0.3044771499706093,0.14070695492062787,0.02239634979094192,0.205241370258495,0.30117205325553453,0.4055384165428957,0.5781380848535833,1053.013638240188,24.442598010758857,400,9.255215909791355e-5,train_fit_end_to_end
Ali Marpet,Blocker,0.2992927501319378,0.1766794547281712,-0.010076983639304643,0.16480411851578042,0.2923652185061819,0.4116058983307852,0.6673071910074944,1052.113015743422,30.68675425110355,400,9.255215909791355e-5,train_fit_end_to_end
Jonathan Marshall,Rusher,0.2946778633260418,0.10795225713567821,0.023164813135418773,0.22258061583284683,0.3046839345926528,0.36408489002438343,0.47319168498590614,1051.3113277936584,18.750145627627578,400,9.255215909791355e-5,train_fit_end_to_end
Dalton Risner,Blocker,0.2940937028153819,0.10286129159207955,0.092385574356992,0.23425611872023783,0.29971034887325665,0.3598490452309482,0.4845466252764331,1051.2098487191283,17.864773929303006,400,9.255215909791355e-5,train_fit_end_to_end
Tremaine Edmunds,Rusher,0.29377680588863947,0.14573602142086073,0.005259132539728075,0.20443404107049887,0.3049626746604906,0.3840422038315385,0.5571120698523739,1051.1547980844816,25.31706139913067,400,9.255215909791355e-5,train_fit_end_to_end
Jadeveon Clowney,Rusher,0.29287880825170576,0.11060907726404672,0.060237418398369574,0.2224775078010508,0.3057387446454076,0.36305106795650943,0.4879157652760884,1050.9987999170887,19.21068592305556,400,9.255215909791355e-5,train_fit_end_to_end
Michael Dwumfour,Rusher,0.29161734148168583,0.16243937350892163,0,0.19050198579274846,0.3193963996569601,0.4150821629199707,0.5547385827719508,1050.7796606941592,28.212493615969514,400,9.255215909791355e-5,train_fit_end_to_end
Grady Jarrett,Rusher,0.28739808656622756,0.09546086295356884,0.07996023456677682,0.23618519896392096,0.2954469002536804,0.3551785951123171,0.4592158631432224,1050.0467010431485,16.57593423497974,400,9.255215909791355e-5,train_fit_end_to_end
Jacob Martin,Rusher,0.2873874888063676,0.13077353623181556,0.028749231073403575,0.20370715678103704,0.2926067940696293,0.3744747157214826,0.5219674189988751,1050.0448600236973,22.71523690126164,400,9.255215909791355e-5,train_fit_end_to_end
Cesar Ruiz,Blocker,0.2868681209568395,0.1954047760629837,-0.06623012126848772,0.15551466722419374,0.28012623248032614,0.39942025380277035,0.694733621539593,1049.9546365872461,33.92049089101373,400,9.255215909791355e-5,train_fit_end_to_end
Andrew Norwell,Blocker,0.2860224839430897,0.05658570325314414,0.1800402504013314,0.24895363988550034,0.2852344799207417,0.3254697835853363,0.39742306277295275,1049.8077343917403,9.831696838222705,400,9.255215909791355e-5,train_fit_end_to_end
Corey Linsley,Blocker,0.27460773438534497,0.0917568852724005,0.10222570792085676,0.21317020999641448,0.2750472739172475,0.3293565091628976,0.4564452425009585,1047.8247892936458,15.942194656658165,400,9.255215909791355e-5,train_fit_end_to_end
Dre'Mont Jones,Rusher,0.2737258625637779,0.07553717544988282,0.1333778016807272,0.21817968229602547,0.2771229837276529,0.3275014662444855,0.4171946273646132,1047.671592467305,13.118100382337374,400,9.255215909791355e-5,train_fit_end_to_end
Tyler Larsen,Blocker,0.27359562344814914,0.224103765809392,-0.1777881129507346,0.13040194501585664,0.2997520443931415,0.4260139795570934,0.6692272325361615,1047.6489676156066,38.93112287807122,400,9.255215909791355e-5,train_fit_end_to_end
Will Hernandez,Blocker,0.27167402003099006,0.090105609192492,0.09027003650620109,0.21354487784905649,0.27061121177738645,0.3268396417796609,0.45176851878337015,1047.3151509114152,15.661370871953805,400,9.255215909791355e-5,train_fit_end_to_end
Josh Bynes,Rusher,0.2711042910338289,0.11797524702101005,0.04125385011066787,0.19650364155011604,0.2735293394578074,0.3471861817815519,0.5001048471330686,1047.2161788475562,20.500577707764176,400,9.255215909791355e-5,train_fit_end_to_end
Matt Hennessy,Blocker,0.2702483520438028,0.10285797122923093,0.05651655164255508,0.2017308712719546,0.27351538590552793,0.3416158332356517,0.45998159336907235,1047.0674870154705,17.876104685000733,400,9.255215909791355e-5,train_fit_end_to_end
Kevin Dotson,Blocker,0.2692107635213622,0.12562839718091917,0.0101409812978266,0.19496721892887212,0.2717728417869073,0.3544271092728652,0.49994381649931463,1046.8872394275577,21.822303906941933,400,9.255215909791355e-5,train_fit_end_to_end
Zach Cunningham,Rusher,0.26676082038606963,0.17777177676577058,-0.10255420333261075,0.15257704643779543,0.2779523422392975,0.3812769312013727,0.5805204218830514,1046.461640713704,30.878418138231766,400,9.255215909791355e-5,train_fit_end_to_end
Bryan Mone,Rusher,0.2665846985413971,0.10793382529883275,0.04977571592573771,0.20023318716065325,0.2692382383428401,0.33784505396624787,0.4855704526133831,1046.4310452155905,18.746258975167237,400,9.255215909791355e-5,train_fit_end_to_end
Garret Wallow,Rusher,0.26649775523015223,0.11547038943720736,0,0.19571967395711146,0.28343653756900455,0.35039578542004435,0.4592659319484957,1046.4159416154657,20.050649431748617,400,9.255215909791355e-5,train_fit_end_to_end
Aaron James Klein,Rusher,0.264084916810322,0.0940802295687106,0.0636963231383408,0.19968729160604565,0.2665120578028164,0.3290380805500338,0.4370343813594595,1045.996788650883,16.339496165617827,400,9.255215909791355e-5,train_fit_end_to_end
Maliek Collins,Rusher,0.2630797870521464,0.09236264038374664,0.07868745189718793,0.20015478330371225,0.2625131940771528,0.32322726600543367,0.4478462617696911,1045.822179727854,16.04504028371044,400,9.255215909791355e-5,train_fit_end_to_end
Eli Ankou,Rusher,0.2602886153525606,0.20491022343747156,-0.07346784426710627,0.1117629075300525,0.2269248887658954,0.40569893838383075,0.6908900172886336,1045.3373035409843,35.593174699367445,400,9.255215909791355e-5,train_fit_end_to_end
Cole Toner,Blocker,0.2598162398854471,0.2530597891167829,0,0,0.3882486005711171,0.4397905634274744,0.682094116859791,1045.2552435174828,43.954468013059746,400,9.255215909791355e-5,train_fit_end_to_end
Kyle Peko,Rusher,0.2573694985257167,0.1263053314653509,-5.414108548521332e-5,0.17011273481415692,0.26969407119918626,0.3437876605750164,0.4904787558709374,1044.8302010090126,21.93470315515198,400,9.255215909791355e-5,train_fit_end_to_end
Jerry Hughes,Rusher,0.2527024789335757,0.11223248140230473,0.043208156703556336,0.17508778498850514,0.2557480186015176,0.32339494337737973,0.4769630195204091,1044.0194566666921,19.49822573008145,400,9.255215909791355e-5,train_fit_end_to_end
Khalil Mack,Rusher,0.2526387312505317,0.10596623820386558,0,0.19977436023040207,0.2607947740496151,0.328879794453826,0.4334591321546193,1044.0083825599,18.411557114517638,400,9.255215909791355e-5,train_fit_end_to_end
Jonathan Bostic,Rusher,0.25253669192488176,0.11395227388803189,0,0.17977411210714134,0.257093961898333,0.334072045003133,0.4514425200284997,1043.9906565134731,19.794869532644405,400,9.255215909791355e-5,train_fit_end_to_end
Mike Purcell,Rusher,0.25006317333761474,0.18933787842445526,-0.11879796049821587,0.1350582176577415,0.2532506252864922,0.3868521661983497,0.6140456422694025,1043.5609623241392,32.891901834153785,400,9.255215909791355e-5,train_fit_end_to_end
Jonathan Allen,Rusher,0.24981047322936228,0.05222509156732097,0.1500447554397001,0.2176766787390894,0.25311225452793995,0.2874215110404585,0.34416153839309915,1043.517063819103,9.06838813245846,400,9.255215909791355e-5,train_fit_end_to_end
Breiden Fehoko,Rusher,0.24963773525465577,0.13756803434236226,-0.06710834714418758,0.17500123089412917,0.27143210242283444,0.35010934925722836,0.4634617144139881,1043.487056159411,23.898347065750226,400,9.255215909791355e-5,train_fit_end_to_end
Ryan Ramczyk,Blocker,0.2483115267411852,0.10144439985563579,0.050028834646638556,0.18484301007650253,0.24705694741191236,0.313929425776698,0.4280768359074622,1043.2566701437097,17.627188349385797,400,9.255215909791355e-5,train_fit_end_to_end
Frank Ragnow,Blocker,0.24061443084118256,0.10778076429689788,-0.021562113277172675,0.19264908735531452,0.26013153614734974,0.31690790232797633,0.3821984924685772,1041.919547633289,18.720794156839652,400,9.255215909791355e-5,train_fit_end_to_end
Genard Avery,Rusher,0.24024405017795936,0.1556221195325118,-0.043328954045796474,0.1294394669256196,0.23284487572559165,0.3468301041668015,0.5435325370189029,1041.8552059219924,27.0326220233567,400,9.255215909791355e-5,train_fit_end_to_end
James Carpenter,Blocker,0.2390061806767746,0.15783923560023996,0,0.13186113118425652,0.2218776197747731,0.3526327810663681,0.5289022484758055,1041.64016596452,27.402634046892764,400,9.255215909791355e-5,train_fit_end_to_end
David Moa,Rusher,0.23889311960525997,0.21767733819993015,-0.15896190079749808,0.08841474912077285,0.2341703416967221,0.3932082223668886,0.5961709721442701,1041.6205252447294,37.81974569656906,400,9.255215909791355e-5,train_fit_end_to_end
Matt Paradis,Blocker,0.23609846610347532,0.09028771743294504,0.07293368541577336,0.1724194898243605,0.23552825254792226,0.2974380214886975,0.4240393825300181,1041.1350442068667,15.684690719946008,400,9.255215909791355e-5,train_fit_end_to_end
Keith Ismael,Blocker,0.23375546649095327,0.13618839971246421,-0.03233317528843901,0.15742797809611914,0.2377727714161219,0.3221739059145352,0.47599551391534173,1040.7280234857387,23.663590529060027,400,9.255215909791355e-5,train_fit_end_to_end
Lloyd Cushenberry III,Blocker,0.23333738165925355,0.08366033308321887,0.08083370423940747,0.1761135101490583,0.23197625240078512,0.288719366116653,0.4015603402444359,1040.655394711589,14.533721260856874,400,9.255215909791355e-5,train_fit_end_to_end
Roquan Smith,Rusher,0.22978150616534815,0.11514488856796451,0.01598373310942814,0.1497771648578115,0.2282129124031521,0.3033084327738361,0.4651960633159299,1040.0376758694538,20.00136162831279,400,9.255215909791355e-5,train_fit_end_to_end
Alejandro Villanueva,Blocker,0.22863880186833616,0.08571958670211131,0.06979668732472208,0.17327872210114717,0.2258490625965453,0.28935372726624714,0.3875189272141476,1039.8391678011978,14.886285761398922,400,9.255215909791355e-5,train_fit_end_to_end
J.C. Hassenauer,Blocker,0.22441120214604082,0.27014241614554463,-0.3701290303241818,0.04612630916851293,0.27691986369658594,0.42747614305880516,0.6436436507855944,1039.1047585087624,46.92720261577722,400,9.255215909791355e-5,train_fit_end_to_end
Chris Jones,Rusher,0.22400608779468584,0.10369012562737939,0.0100025727330892,0.1565242655303006,0.2291005796401867,0.29285865163842356,0.41311013788375617,1039.0343829378292,18.00887419270513,400,9.255215909791355e-5,train_fit_end_to_end
Donovan Smith,Blocker,0.22367153008516674,0.0965851977921144,0.014900191998766684,0.16219114183445404,0.22474227850361872,0.2926318365415772,0.4010039932418749,1038.9762643109802,16.774935922752153,400,9.255215909791355e-5,train_fit_end_to_end
Josh Sweat,Rusher,0.22307259437560087,0.11720166815100387,-0.017366087800941284,0.14582210184139593,0.2225456743676733,0.29851846098383955,0.44753506881937744,1038.8722185215086,20.36266867018308,400,9.255215909791355e-5,train_fit_end_to_end
Derrick Brown,Rusher,0.22188394995794666,0.10373385301234096,0.012464102958099242,0.15659905725652407,0.22799024193435546,0.29138184998166405,0.4113585215125417,1038.6657298368955,18.02495544743013,400,9.255215909791355e-5,train_fit_end_to_end
Jordyn Brooks,Rusher,0.22172803478234202,0.16251665627491896,-0.08015528952774233,0.0957631810073908,0.21848403418683243,0.33678069155130236,0.528900658251759,1038.6386445967316,28.231747060529457,400,9.255215909791355e-5,train_fit_end_to_end
Elijah Wilkinson,Blocker,0.21757316028170942,0.10756246363186507,-0.06308750140847554,0.16103981702311274,0.23704730229917842,0.2950899168764163,0.37604278637047306,1037.9168689692815,18.684253466246137,400,9.255215909791355e-5,train_fit_end_to_end
Micah Kiser,Rusher,0.2160612893780463,0.15963412063553253,-0.026762211167566188,0.07975864830816029,0.23542400320554424,0.2999772543866835,0.5374560189470767,1037.654230092957,27.732047743817983,400,9.255215909791355e-5,train_fit_end_to_end
Tershawn Wharton,Rusher,0.21585748070858904,0.08829652956654171,0.049223825063188266,0.15411611821704724,0.21388289451353543,0.27960874555931997,0.39353103068596385,1037.6188249007532,15.339659173127089,400,9.255215909791355e-5,train_fit_end_to_end
Sheldon Rankins,Rusher,0.2147825386793319,0.1004028719511528,-0.010408763735840052,0.15894913244168832,0.2207189760491582,0.28151919510600826,0.3941588717760892,1037.4320883440844,17.443749546206142,400,9.255215909791355e-5,train_fit_end_to_end
Ndamukong Suh,Rusher,0.21316319083346158,0.13843615340251827,-0.06900744493332642,0.11615441395299546,0.21905094235234865,0.3117827260240279,0.4622982108865248,1037.150778810587,24.047630812770162,400,9.255215909791355e-5,train_fit_end_to_end
Jordan Hicks,Rusher,0.21305636782771195,0.10783998043678894,-0.01892393349957145,0.14452611219784156,0.21601441035557156,0.2884775091247112,0.4205397859777352,1037.132221753812,18.731510860873616,400,9.255215909791355e-5,train_fit_end_to_end
Malik Mcdowell,Rusher,0.2122591945793552,0.08287444864455107,0.025846089958684558,0.1602650116492437,0.2126505361870351,0.26809593814152155,0.3613182831981305,1036.9937385766593,14.396672593813461,400,9.255215909791355e-5,train_fit_end_to_end
Larry Borom,Blocker,0.21151401895163247,0.10836076050348269,0.01614538035444484,0.13733413291752677,0.21123971107401734,0.284061986362771,0.4294689588337065,1036.8642883113916,18.82242833697212,400,9.255215909791355e-5,train_fit_end_to_end
Duke Riley,Rusher,0.21042894935633996,0.14870363220792254,-0.06418181346350973,0.1052850579636563,0.2021987368124238,0.3199214523139071,0.5041436501543488,1036.675792416305,25.827178066906367,400,9.255215909791355e-5,train_fit_end_to_end
Joshua Kaindoh,Rusher,0.2103132313216187,0.14447594724226373,0,0.09003664701764663,0.24115797585299006,0.2894287166295205,0.48607017657133367,1036.6556901347305,25.09958088591905,400,9.255215909791355e-5,train_fit_end_to_end
Jabari Zuniga,Rusher,0.20898461398247473,0.19224973799229214,-0.15903587684441153,0.07494120372358375,0.24051788005941305,0.35716392875395464,0.5329365295719279,1036.4248856631502,33.40085563883512,400,9.255215909791355e-5,train_fit_end_to_end
Evan Brown,Blocker,0.20847327517576453,0.09970378051572797,0.016870313738106213,0.14041122191962407,0.201297556613437,0.27431778578487187,0.41014146032770676,1036.3360570142952,17.32310806038209,400,9.255215909791355e-5,train_fit_end_to_end
Tyrel Dodson,Rusher,0.20716709166741,0.2564461794292799,-0.1655764625051565,-0.019822720698572074,0.21820921710880076,0.3881756019303945,0.6946044965102511,1036.1091496982826,44.547945510108725,400,9.255215909791355e-5,train_fit_end_to_end
Malcolm Roach,Rusher,0.20684272317382302,0.06441667015268034,0.06660264850824688,0.16760547818867,0.20912597159544435,0.24667394062262615,0.3301299110101546,1036.0528011195354,11.195707743290022,400,9.255215909791355e-5,train_fit_end_to_end
Azeez Al-Shaair,Rusher,0.20423652801591285,0.15922876582639084,-0.11086681060335878,0.10189592107891508,0.1979307343855396,0.3122736478545478,0.5226561031365788,1035.6000586491982,27.658386419677004,400,9.255215909791355e-5,train_fit_end_to_end
Tommy Kraemer,Blocker,0.20383714364994107,0.07881148115731909,0.0367835553687806,0.15387939126014039,0.22212303520114163,0.26339412853289734,0.32713628037022996,1035.530678478678,13.695114535518734,400,9.255215909791355e-5,train_fit_end_to_end
Josh Woods,Rusher,0.20283992869238718,0.1630159175544554,-0.06881136095895458,0.09690940706723596,0.19981689300443872,0.3201153520517051,0.5025779996360974,1035.3574444973433,28.31886225787225,400,9.255215909791355e-5,train_fit_end_to_end
Montravius Adams,Rusher,0.20278245273705953,0.08139037438208745,0.03991531984473985,0.1493748909361417,0.20381786469694413,0.25664331052501194,0.3624983295603998,1035.347459901247,14.13078289705881,400,9.255215909791355e-5,train_fit_end_to_end
Poona Ford,Rusher,0.20178704030946448,0.07962490575405218,0.056538587688375934,0.1459858716760829,0.20177983911859293,0.2515529181317957,0.35480524338113906,1035.174539051438,13.824801680523038,400,9.255215909791355e-5,train_fit_end_to_end
Nick Harris,Blocker,0.20120103872602807,0.20065090777941352,0,0,0.2844594281778824,0.36867327325566424,0.5179659567725341,1035.0727401498089,34.86008894573137,400,9.255215909791355e-5,train_fit_end_to_end
Pete Werner,Rusher,0.1999973704349401,0.12853250158344615,-0.05073902158268127,0.11570908865511463,0.1959846806956272,0.2833948255091353,0.4428316316006447,1034.8636415510641,22.321468456873788,400,9.255215909791355e-5,train_fit_end_to_end
Andre Dillard,Blocker,0.19902196351899856,0.14650960166646326,-0.03493280570144776,0.08799303710285497,0.18302014868360106,0.28849953976876896,0.5212560808694785,1034.6941960145828,25.45597354100386,400,9.255215909791355e-5,train_fit_end_to_end
Fred Warner,Rusher,0.19874484053227387,0.12927807236487182,-0.04488110917801007,0.11075041549551476,0.2016381822894301,0.2848944045644289,0.4402424623558334,1034.6460548210055,22.45241268685126,400,9.255215909791355e-5,train_fit_end_to_end
Darrell Taylor,Rusher,0.19833985801767015,0.12615184196994797,-0.07306803809060303,0.11466875255281721,0.2048272197972417,0.28896579598450006,0.43772107547062034,1034.5757021524616,21.914957194824492,400,9.255215909791355e-5,train_fit_end_to_end
Rodney Hudson,Blocker,0.19824393354209818,0.09651449236027816,0.016207049570241234,0.13365648928577292,0.19840709623811859,0.2646639386318936,0.37772722223238886,1034.5590383642934,16.770289002687502,400,9.255215909791355e-5,train_fit_end_to_end
Larrell Murchison,Rusher,0.1977432907708289,0.15681673980475733,-0.1242740722474969,0.09067858540254359,0.21155927247546522,0.3091802890061016,0.4811608282615292,1034.4720678071067,27.24309761584604,400,9.255215909791355e-5,train_fit_end_to_end
L.J. Collier,Rusher,0.1947801280130814,0.07113176816505787,0.06048234018140024,0.1477027121659972,0.1922440723286356,0.24228767484199715,0.33508301322035505,1033.9573137132384,12.363867574409927,400,9.255215909791355e-5,train_fit_end_to_end
Star Lotulelei,Rusher,0.193637727603216,0.14811739169299565,-0.09140180249582058,0.09978055373779995,0.18790876151183847,0.2868849305241899,0.4766079272827216,1033.758858435587,25.729664525976933,400,9.255215909791355e-5,train_fit_end_to_end
Greg Van Roten,Blocker,0.1921193676566768,0.09970431360821533,-0.020092943286233067,0.12988104702576053,0.20222512639420614,0.26178261816582793,0.3565240911142214,1033.495092297057,17.321475007339323,400,9.255215909791355e-5,train_fit_end_to_end
Alex Highsmith,Rusher,0.19084347479732117,0.12563961456322364,-0.050846153645479744,0.10018293918094698,0.18873418878325227,0.2770261242182892,0.4326776566642611,1033.2734470057298,21.833471519169823,400,9.255215909791355e-5,train_fit_end_to_end
Bobby Wagner,Rusher,0.19029970654732883,0.14554152033569917,-0.12837183007450742,0.09808482971267843,0.20062513388140057,0.2857376271580638,0.4440839783227366,1033.1789847855673,25.278557890977787,400,9.255215909791355e-5,train_fit_end_to_end
Kenneth Murray Jr.,Rusher,0.1872116187715135,0.1350693565489214,-0.07106227894447466,0.09463399410346407,0.1718344368474638,0.2888310729654297,0.4455218380964465,1032.6425289932997,23.467551836025994,400,9.255215909791355e-5,train_fit_end_to_end
James Daniels,Blocker,0.18606892979675912,0.06662467800927949,0.04837951072916469,0.1433208002345179,0.18679974548868383,0.22971356800609796,0.3134741532406027,1032.4440235867926,11.57451831251753,400,9.255215909791355e-5,train_fit_end_to_end
Andrew Whitworth,Blocker,0.1856838673039022,0.10112348522751659,-0.045647564757316565,0.13069240374219482,0.18955742404009196,0.2446323166027392,0.37501657834297275,1032.3771313804584,17.565249101558916,400,9.255215909791355e-5,train_fit_end_to_end
Zack Baun,Rusher,0.18388306597344722,0.11456420110525785,-0.0513422788344626,0.11137079715089057,0.18465646591039972,0.25324498971066595,0.3952368167645893,1032.06430014813,19.90993852443865,400,9.255215909791355e-5,train_fit_end_to_end
Sam Mustipher,Blocker,0.18320533193035626,0.09148897602667358,0.015064629296939344,0.12303547515378145,0.17719902532111695,0.24811730931738654,0.3693185859574384,1031.946565686085,15.90278854834412,400,9.255215909791355e-5,train_fit_end_to_end
Javon Hargrave,Rusher,0.18280050711026916,0.11627177078880055,-0.03389799263381721,0.10075837447930007,0.18506106170246278,0.25527307508112224,0.4074442031228841,1031.8762404118845,20.195912120483364,400,9.255215909791355e-5,train_fit_end_to_end
Tristan Wirfs,Blocker,0.1827629071201219,0.13200409566784133,-0.06312079580159255,0.09585314419501452,0.17107987458309937,0.26721781195121314,0.45657685300981865,1031.8697086245884,22.927237516079487,400,9.255215909791355e-5,train_fit_end_to_end
Elandon Roberts,Rusher,0.1820193418653611,0.1537170724332934,-0.10882638763799907,0.07173811140270087,0.1793376419079619,0.28492485610131757,0.4796786108492127,1031.7405381097574,26.696294531037594,400,9.255215909791355e-5,train_fit_end_to_end
Bryce Huff,Rusher,0.1817589720407633,0.08596977653437814,0.015444232247306053,0.12619647959946614,0.18605497885216923,0.23814848430720112,0.3356595795589382,1031.6953072385265,14.938760346655181,400,9.255215909791355e-5,train_fit_end_to_end
Cole Holcomb,Rusher,0.18167763179375754,0.156084384942469,-0.08348458147061844,0.07349118364534339,0.1720938175185443,0.2854026446410455,0.5190018716202379,1031.681176990354,27.112495648295152,400,9.255215909791355e-5,train_fit_end_to_end
Danielle Hunter,Rusher,0.1807307398211396,0.08851740750193929,-0.009192369794953652,0.12480772887694164,0.18414472976589774,0.2468662824410469,0.33209778084791375,1031.5166850068874,15.376795060171542,400,9.255215909791355e-5,train_fit_end_to_end
Xavier Su'A-Filo,Blocker,0.1800032702410813,0.12589715083745426,0,0.0669672860260636,0.21372044254835498,0.28135890733810426,0.3907857617564151,1031.3903105971388,21.874434215358356,400,9.255215909791355e-5,train_fit_end_to_end
Tyler Shatley,Blocker,0.17999948954502976,0.12274975832144658,-0.10757775677200682,0.1089854593389169,0.19178762975307984,0.2548813864987399,0.40554147742454844,1031.3896538229656,21.32934512398307,400,9.255215909791355e-5,train_fit_end_to_end
Wyatt Teller,Blocker,0.17896079702194306,0.08940982978883968,0.03092547553857681,0.11426227058394564,0.1721330384569434,0.23785551010439265,0.3680910265789163,1031.2092144504973,15.532377877529292,400,9.255215909791355e-5,train_fit_end_to_end
Lawrence Guy,Rusher,0.1787248414954363,0.12315200378556072,-0.04659922020877087,0.09650736528996179,0.15885559050919176,0.2548776952205639,0.4493585483227004,1031.1682247772428,21.394862617384504,400,9.255215909791355e-5,train_fit_end_to_end
Al Woods,Rusher,0.17761131551296655,0.0673362073926971,0.04924145824432137,0.13413042970778727,0.17595981210463726,0.22316297844119298,0.30753212874155866,1030.9747855013857,11.696256379807426,400,9.255215909791355e-5,train_fit_end_to_end
Eddie Goldman,Rusher,0.17711317185635292,0.08532269188970175,0.013285496295433704,0.11910051883397386,0.17908773180029813,0.23522176768133532,0.33343059680012876,1030.8882490848807,14.816420885524172,400,9.255215909791355e-5,train_fit_end_to_end
Jalen Reeves-Maybin,Rusher,0.17660503968841587,0.17191931930256574,-0.1764513049592003,0.05707842513416124,0.18574096500261178,0.30682653454198794,0.47409261148590975,1030.7999774862358,29.864994275675905,400,9.255215909791355e-5,train_fit_end_to_end
Dawuane Smoot,Rusher,0.17654846740484628,0.10748424940653575,-0.03491332320081098,0.1068048346201382,0.1718289805034454,0.24738802000008608,0.38049208594606226,1030.7901498740025,18.672276640561186,400,9.255215909791355e-5,train_fit_end_to_end
Mario Addison,Rusher,0.17594389975712696,0.168707959021238,-0.15088789764431354,0.06371867243907633,0.16571792533140162,0.2883101511814977,0.49625266167397175,1030.6851257166659,29.309338865415143,400,9.255215909791355e-5,train_fit_end_to_end
Drue Tranquill,Rusher,0.17560150212883407,0.15143698044641582,-0.1265709309490632,0.06815364738114443,0.17313195855735122,0.2761347895141075,0.4705319746969144,1030.625645156432,26.307070897305383,400,9.255215909791355e-5,train_fit_end_to_end
Davon Godchaux,Rusher,0.1754782214487687,0.0921345818407647,-0.01603145084539366,0.1180571165195288,0.17322864955909623,0.2334872117360682,0.3492218648310141,1030.604229108801,16.008459389139805,400,9.255215909791355e-5,train_fit_end_to_end
Andre James,Blocker,0.1741855540462999,0.0887444302709682,0.008006162005732112,0.11862978511354022,0.17450561001157208,0.2334660146783401,0.33579532947437224,1030.3796697808696,15.417931146614462,400,9.255215909791355e-5,train_fit_end_to_end
Kevin Givens,Rusher,0.1737738067702571,0.09611660922496243,-0.03321574137909579,0.11000586498445479,0.17739779264526245,0.24468406530734052,0.33987572193933757,1030.3081419529,16.69639776084275,400,9.255215909791355e-5,train_fit_end_to_end
Hassan Ridgeway,Rusher,0.17169762524711898,0.1433124567098649,-0.129699994908709,0.08181147119191735,0.17175297457624938,0.2705975894107471,0.4316226160904718,1029.9474722813286,24.896589008159218,400,9.255215909791355e-5,train_fit_end_to_end
David Edwards,Blocker,0.1706547637923957,0.07077826215229674,0.0377485649913783,0.12474428065331766,0.16666988803811117,0.21575659739578457,0.31751072312936185,1029.7663086912582,12.295805209262436,400,9.255215909791355e-5,train_fit_end_to_end
Christian Wilkins,Rusher,0.1684899729535045,0.10418647799263152,-0.03746805263623342,0.09588798352848524,0.1763214455594843,0.24437279749643842,0.36399988029002506,1029.3902460049362,18.09692223373809,400,9.255215909791355e-5,train_fit_end_to_end
Jordan Jenkins,Rusher,0.16751052730688107,0.1052321697212385,-0.04367230330138843,0.09604272972272929,0.17306619052332073,0.24123041598803743,0.3584275206472134,1029.2200988690752,18.280825735146333,400,9.255215909791355e-5,train_fit_end_to_end
Maxx Crosby,Rusher,0.16727438204437234,0.05983050914168654,0.05302590199744555,0.12871671930772943,0.16744896842593454,0.20729745874842648,0.28817109492707793,1029.1790762353012,10.39095396019554,400,9.255215909791355e-5,train_fit_end_to_end
Justin Pugh,Blocker,0.16568938353897317,0.09024226342144087,-0.0012526250433162083,0.10608280347549566,0.16513647999516218,0.21811426061524541,0.3506630694247442,1028.9037337934133,15.674999096144266,400,9.255215909791355e-5,train_fit_end_to_end
Landon Dickerson,Blocker,0.16447216136688672,0.11324909993481472,-0.06694410209897404,0.09762142496390472,0.16430188656877223,0.24019740787952965,0.3826030459090357,1028.6922806443781,19.679495927226768,400,9.255215909791355e-5,train_fit_end_to_end
Damion Square,Rusher,0.16363127738803762,0.11132431941748594,-0.030942808357539004,0.09043978605112207,0.15262768230859497,0.2297504275493785,0.39849488085072743,1028.5462041356043,19.338651512825088,400,9.255215909791355e-5,train_fit_end_to_end
Reggie Ragland,Rusher,0.16273230717944853,0.12501154513264684,-0.053504794074871194,0.07665910206741816,0.14977538163549325,0.2450820643133224,0.420220720600466,1028.39003701521,21.716148414117242,400,9.255215909791355e-5,train_fit_end_to_end
Fletcher Cox,Rusher,0.16185453929529164,0.11607839500089664,-0.06694109381748398,0.08700586395030055,0.16500610301546648,0.23841734193723674,0.3889041410673643,1028.2375531158175,20.161340218552667,400,9.255215909791355e-5,train_fit_end_to_end
Ed Oliver,Rusher,0.1615435777293948,0.1046907009347754,-0.04781775452341207,0.09570891835589199,0.16317068493109202,0.22871606646375095,0.3710917286861011,1028.1835335589562,18.183249115132647,400,9.255215909791355e-5,train_fit_end_to_end
Vernon Butler,Rusher,0.1535567584559839,0.09744365865637103,-0.06358912352496819,0.09202641435583206,0.15981831382220552,0.2213547637223718,0.3245882963080483,1026.7960809435958,16.930945212966154,400,9.255215909791355e-5,train_fit_end_to_end
Lucas Patrick,Blocker,0.15354994451090062,0.10595250776358456,-0.042467413404815094,0.07720966381227719,0.15825625586290437,0.22645065737169426,0.3614075316676456,1026.7948972400961,18.410612885947216,400,9.255215909791355e-5,train_fit_end_to_end
Denzel Perryman,Rusher,0.1525797645628449,0.1628276715459543,-0.1439933979436344,0.04008373634166128,0.1452098240337328,0.26894241669699165,0.46475774689147026,1026.6263597209386,28.281187270778904,400,9.255215909791355e-5,train_fit_end_to_end
Mike Pennel,Rusher,0.14918949714014168,0.17233123316907922,-0.18077857344128576,0.03484339089673545,0.14737179385080218,0.2553418730780386,0.49017611407993084,1026.037409947396,29.929965342064165,400,9.255215909791355e-5,train_fit_end_to_end
John Cominsky,Rusher,0.1481099096695831,0.15866581601984386,-0.08926470495604087,0,0.12355834541449817,0.2553541595766523,0.4848382800789158,1025.8498663949179,27.564098117553783,400,9.255215909791355e-5,train_fit_end_to_end
Khyiris Tonga,Rusher,0.14659538038145278,0.12457088821243628,-0.10221494910607815,0.06892064306846417,0.1537977246484383,0.23040402703842128,0.3680717765525925,1025.5867657099116,21.640856471553896,400,9.255215909791355e-5,train_fit_end_to_end
Deion Jones,Rusher,0.1461571358495176,0.1996906762742946,-0.2849618491431638,0.016188205058619343,0.15655260552043992,0.2852413125477305,0.4868603932422726,1025.510634837134,34.68710604228599,400,9.255215909791355e-5,train_fit_end_to_end
Alim Mcneill,Rusher,0.14607761799989097,0.0784216694916237,0.005958294551686861,0.09167999314368325,0.14449021619104063,0.19986488647707712,0.2985985887728663,1025.4968211718117,13.621519986716363,400,9.255215909791355e-5,train_fit_end_to_end
Oday Aboushi,Blocker,0.14581735426213577,0.09267318136286011,0,0.07142096390694833,0.13563537791235813,0.20975634619276184,0.330373635296927,1025.4516087297532,16.10509065250657,400,9.255215909791355e-5,train_fit_end_to_end
Tarron Jackson,Rusher,0.14529300355758248,0.16439400219064837,-0.17774126021781145,0.03285002823053005,0.14565519717262082,0.26039116968908393,0.4483695895865616,1025.3605196827252,28.5552472773414,400,9.255215909791355e-5,train_fit_end_to_end
Jon Feliciano,Blocker,0.14504153184944255,0.09990320089254734,-0.07743330713047844,0.08103368082937616,0.1544752326567917,0.21600317096147092,0.3104363773326826,1025.3168345726453,17.351932252872338,400,9.255215909791355e-5,train_fit_end_to_end
Darius Leonard,Rusher,0.14085219328260112,0.13715872919513783,-0.13715667550915958,0.05168005775831192,0.13903673064170138,0.24053982476128283,0.40312780255186803,1024.5890719236838,23.824742074015138,400,9.255215909791355e-5,train_fit_end_to_end
Kenny Clark,Rusher,0.14015777523874487,0.085799405418122,-0.030158994792223785,0.08872401591118981,0.1354955627843501,0.19665230842995912,0.317573241249361,1024.4684391538515,14.905045162465537,400,9.255215909791355e-5,train_fit_end_to_end
Robert Hunt,Blocker,0.1400414533409323,0.09199511199409327,-0.03951222746496798,0.08009973764428564,0.13879449139784283,0.20446780940166442,0.3227600968786427,1024.4482319705137,15.98732626770197,400,9.255215909791355e-5,train_fit_end_to_end
Patrick Mekari,Blocker,0.1399725204948979,0.08578354109422216,-0.029789656794381378,0.08383518886102408,0.13563506238077216,0.20308291743643875,0.3135053162890248,1024.4362571086517,14.90482239154557,400,9.255215909791355e-5,train_fit_end_to_end
Wes Schweitzer,Blocker,0.13978398123708838,0.13574799706256624,-0.08182157422119028,0.044540514335288446,0.12648973319406412,0.23470035599469855,0.4016770951561944,1024.4035044849363,23.582215901034537,400,9.255215909791355e-5,train_fit_end_to_end
Clelin Ferrell,Rusher,0.13884979620834662,0.0961162113393993,-0.04753333568750033,0.07799098497016944,0.13320099504816316,0.20446747490631648,0.32350397962531713,1024.2412199237126,16.69578632838319,400,9.255215909791355e-5,train_fit_end_to_end
Mike Daniels,Rusher,0.13728507215831093,0.09862034762683568,0,0.03959616080856514,0.15315548556789638,0.22229019828481583,0.3036231497610119,1023.9693995154598,17.134194255372773,400,9.255215909791355e-5,train_fit_end_to_end
Anthony Walker Jr.,Rusher,0.1367129731193357,0.15803225639106505,-0.17306865544587616,0.02941690659808525,0.15350973844108529,0.23095877723635666,0.45201810820455984,1023.8700157331682,27.450798862843488,400,9.255215909791355e-5,train_fit_end_to_end
Brandon Brooks,Blocker,0.13645228820240757,0.08423534259395651,0,0.09575372038374674,0.15082908642604917,0.19713316467686376,0.2683380648054845,1023.8247301247933,14.634763963949895,400,9.255215909791355e-5,train_fit_end_to_end
Odafe Oweh,Rusher,0.13567632580160363,0.13049604751480098,-0.1656184283377418,0.06361677571835075,0.14535584906882587,0.219149037404355,0.36067578386209004,1023.6899316492598,22.667862793028714,400,9.255215909791355e-5,train_fit_end_to_end
Joey Bosa,Rusher,0.1351946443091797,0.1393896171676369,-0.1840186279200263,0.060872252491774054,0.14722640829367112,0.23062567484842472,0.38345367349803594,1023.6062550035821,24.214699051272884,400,9.255215909791355e-5,train_fit_end_to_end
Creed Humphrey,Blocker,0.13457468899228348,0.0605985717943856,0.022049776138406918,0.09594751188083689,0.13193732171568998,0.17208779418529194,0.2670987784865548,1023.4985577343202,10.533247982579956,400,9.255215909791355e-5,train_fit_end_to_end
Sam Tecklenburg,Blocker,0.13434702215021727,0.15889708420168372,-0.11869916258220883,0,0.1329136708796031,0.2641630464383179,0.43027362493490096,1023.4590079530315,27.597150211373858,400,9.255215909791355e-5,train_fit_end_to_end
Kendrick Green,Blocker,0.13349324523278056,0.07811311517479641,-0.018176506642921732,0.08036075995198695,0.133914919240618,0.18488600129200786,0.27795252322601305,1023.3106917114238,13.569253432508344,400,9.255215909791355e-5,train_fit_end_to_end
Brent Urban,Rusher,0.13305672427256013,0.1547229800127192,-0.18263512550424477,0.03286380174519462,0.14304377379984307,0.24134720026167567,0.41030060175946903,1023.2348602537203,26.881419262341907,400,9.255215909791355e-5,train_fit_end_to_end
Brennan Scarlett,Rusher,0.13194707278335824,0.08976874149388146,-0.06360262996869341,0.0698891974966181,0.13589958132932223,0.19749338537537903,0.3059842527057275,1023.0420940462818,15.59518152851156,400,9.255215909791355e-5,train_fit_end_to_end
Johnathan Hankins,Rusher,0.13158775686378235,0.08727006581636013,-0.04208371694713973,0.07368436767574715,0.1259898294794034,0.18884754209078947,0.3012219592724148,1022.9796744778291,15.158583042136524,400,9.255215909791355e-5,train_fit_end_to_end
Angelo Blackson,Rusher,0.13078916066745808,0.08806299804504426,-0.05151163987472156,0.07133681837157202,0.1331535564358032,0.18467297922523,0.3068560170522735,1022.8409441092962,15.299343275661696,400,9.255215909791355e-5,train_fit_end_to_end
Daviyon Nixon,Rusher,0.12845197242706508,0.12822904244800978,-0.10020461275572701,0.04032028925724514,0.12230094454827536,0.21367443525249874,0.3928350270635845,1022.4349329269074,22.270766007603704,400,9.255215909791355e-5,train_fit_end_to_end
Jack Driscoll,Blocker,0.12789730097162264,0.10990703471221194,-0.08350201649723835,0.05376277252608805,0.13348875245954644,0.20327269934810838,0.32946262045707503,1022.3385766259603,19.096367129914434,400,9.255215909791355e-5,train_fit_end_to_end
Andrus Peat,Blocker,0.12755510403234982,0.11027954289021896,-0.1156423865604276,0.046884292940295266,0.13921750472750077,0.218097027275098,0.29683613641758594,1022.2791309289801,19.159133238381425,400,9.255215909791355e-5,train_fit_end_to_end
Lane Taylor,Blocker,0.12674469655184417,0.15497523272958968,-0.21664344793641377,0.019274814017701244,0.13858653970458631,0.2318446746145997,0.40321441471024183,1022.1383487302294,26.924904034382294,400,9.255215909791355e-5,train_fit_end_to_end
Isaiah Simmons,Rusher,0.12614045623635461,0.11891970881585671,-0.10216554767660191,0.03598686730378041,0.13813229938506383,0.20862729166470026,0.3347416592098978,1022.0333814363252,20.655166332211472,400,9.255215909791355e-5,train_fit_end_to_end
Wes Martin,Blocker,0.12608614127746914,0.21733464143357192,-0.2517206761356349,-0.02893671716737968,0.11447125236122475,0.2964724273894666,0.5801823998146874,1022.0239459615536,37.75784940408092,400,9.255215909791355e-5,train_fit_end_to_end
Shaq Thompson,Rusher,0.12544791393442603,0.12961003017771033,-0.12172551582186868,0.03854586837539445,0.13354613997974457,0.21680662125027175,0.3772045431731634,1021.9130745162403,22.51997132120631,400,9.255215909791355e-5,train_fit_end_to_end
Haason Reddick,Rusher,0.12505955406153876,0.09543560472833726,-0.04731055638663955,0.06011467807504409,0.12313949799148198,0.1887366006559919,0.30828816515209867,1021.8456094963252,16.578791728647023,400,9.255215909791355e-5,train_fit_end_to_end
Monty Rice,Rusher,0.12312368021034199,0.11506953934344631,-0.13274428509054276,0.051226226001386044,0.13124303580681324,0.2030724092380814,0.3262601990442021,1021.5093137638311,19.988140521630005,400,9.255215909791355e-5,train_fit_end_to_end
Chapelle Russell,Rusher,0.12306448816961457,0.107798634190427,-0.06844612201302389,0.05801651195255328,0.124179871374476,0.19065471053157484,0.339560701413269,1021.4990310531668,18.72446283194758,400,9.255215909791355e-5,train_fit_end_to_end
Alijah Vera-Tucker,Blocker,0.12262579296780428,0.10707833430236137,-0.07709121558023109,0.04264955102264609,0.12265009345087677,0.19681458100136226,0.3314226281598882,1021.4228218910134,18.60000838336115,400,9.255215909791355e-5,train_fit_end_to_end
Damien Wilson,Rusher,0.12184458599470327,0.17068235845217064,-0.18270016406463113,0.006511327177035186,0.12368848301878635,0.23841319776067796,0.4506912357581457,1021.2871123399565,29.64974559798645,400,9.255215909791355e-5,train_fit_end_to_end
Carl Davis Jr.,Rusher,0.1215678614492936,0.13415912843206243,-0.1301124947789512,0.031718156082705035,0.11754626074732166,0.20286932982293138,0.39440751805554153,1021.2390403627251,23.306568621671715,400,9.255215909791355e-5,train_fit_end_to_end
Calais Campbell,Rusher,0.1211943284482197,0.12638506796857127,-0.11523252518780523,0.03535214117630665,0.11850001602775116,0.21276543521687505,0.3659031267887478,1021.174151034255,21.95726027573222,400,9.255215909791355e-5,train_fit_end_to_end
Kc Mcdermott,Blocker,0.11943954932986244,0.11336432816512478,-0.032704664372189045,0.010129118826664162,0.13524896131250636,0.18403276951355912,0.35303372452306275,1020.8693146790304,19.693589738098193,400,9.255215909791355e-5,train_fit_end_to_end
Derrick Barnes,Rusher,0.11856907631168574,0.09452824847548827,-0.06391193857793605,0.049526140254852725,0.1221894379703983,0.1857213377541364,0.2943782454986735,1020.7180980276545,16.420534021711106,400,9.255215909791355e-5,train_fit_end_to_end
Justin Madubuike,Rusher,0.11843638411783455,0.09693709617298601,-0.09136851207717901,0.056708682963851426,0.12423336138682156,0.18702493832130834,0.28580703287797404,1020.695047032622,16.83787501430259,400,9.255215909791355e-5,train_fit_end_to_end
David Sharpe,Blocker,0.11830870233464474,0.20393202288301096,-0.18212670515651724,-0.077834901117876,0.1458964595042787,0.29255182017011855,0.48821808416708173,1020.6728664350704,35.41952958595216,400,9.255215909791355e-5,train_fit_end_to_end
Rashaan Evans,Rusher,0.11795647626329073,0.10231281432295981,-0.09522592692190147,0.05346540589269129,0.11754345936043373,0.19397413749040449,0.285603569267923,1020.6116784994018,17.776857957273346,400,9.255215909791355e-5,train_fit_end_to_end
Greg Rousseau,Rusher,0.11766648941884904,0.11314294416827328,-0.09914299653152671,0.0461103310218865,0.12579946943957712,0.19707896890661347,0.33936445062790493,1020.5613026248556,19.655127332516454,400,9.255215909791355e-5,train_fit_end_to_end
Greg Mancz,Blocker,0.11514277194066416,0.12555654424371251,-0.08802792156757372,0.009343326760468736,0.09514993265856297,0.2126088084955095,0.3977348629842866,1020.1228879949922,21.81405835312769,400,9.255215909791355e-5,train_fit_end_to_end
Kentavius Street,Rusher,0.1140502215283346,0.12428708314084995,-0.11893012828390137,0.03149934651482905,0.11855059951342961,0.20120661516099217,0.33523555751664386,1019.9330925488819,21.589619860796013,400,9.255215909791355e-5,train_fit_end_to_end
Ernest Jones,Rusher,0.11347182468724677,0.17707309046067285,-0.22635785875693715,-0.0053446042048121796,0.11205112681138003,0.23645040006638038,0.4602806037424795,1019.832614726308,30.761336432663107,400,9.255215909791355e-5,train_fit_end_to_end
T.J. Slaton,Rusher,0.11295014580600257,0.13901086498191131,-0.17356437127726035,0.0204479592793255,0.12305116961111298,0.20848075505507696,0.3664916641470106,1019.741989822528,24.152249486321875,400,9.255215909791355e-5,train_fit_end_to_end
Damien Lewis,Blocker,0.11284395304026033,0.11105728174183009,-0.11932770580487548,0.04190493228911885,0.12021030446553325,0.18226394625811132,0.3188567438784547,1019.7235422496561,19.294510782676728,400,9.255215909791355e-5,train_fit_end_to_end
Halapoulivaati Vaitai,Blocker,0.11268506413331705,0.13770148570101995,-0.14297209361701835,0.021262562459381396,0.10489786071061875,0.21109118805507776,0.4052033054730186,1019.6959404194477,23.922854511469335,400,9.255215909791355e-5,train_fit_end_to_end
Anthony Hitchens,Rusher,0.1122103191773678,0.1475228222168022,-0.18213453568646082,0.005480792661866291,0.1148988192994389,0.22638041249104163,0.3732810932818652,1019.6134687735756,25.62657434132511,400,9.255215909791355e-5,train_fit_end_to_end
Linval Joseph,Rusher,0.11175750562010085,0.11302611103583675,-0.13906155826270358,0.04819384844204186,0.11866063443527705,0.18444268322082213,0.3023500107999722,1019.5348070018748,19.637395467122477,400,9.255215909791355e-5,train_fit_end_to_end
Scott Quessenberry,Blocker,0.11139550962237228,0.09181665473788758,-0.07513837275839162,0.03637090015851042,0.1343437452192376,0.17498101579970313,0.2608525592918492,1019.471921856161,15.949592461365706,400,9.255215909791355e-5,train_fit_end_to_end
Zaven Collins,Rusher,0.11062614806143026,0.10168619076823182,-0.0785169414200565,0.039859883137621344,0.10025972654341428,0.17896305108533184,0.3205330287088941,1019.3382700639587,17.66319273104099,400,9.255215909791355e-5,train_fit_end_to_end
Quinton Spain,Blocker,0.1100945347489578,0.07132133032600277,-0.031133876899461642,0.06426137571581024,0.10814735556279526,0.15374271046916907,0.24632768469914001,1019.2459193727135,12.390747165632234,400,9.255215909791355e-5,train_fit_end_to_end
Reginald Mckenzie,Rusher,0.10988384279222257,0.09494587340122498,-0.001226662507010381,0.023493576998137537,0.12466270515453515,0.16589533478076968,0.32088689018878525,1019.2093184310369,16.49176138684604,400,9.255215909791355e-5,train_fit_end_to_end
Isaac Seumalo,Blocker,0.10922183995941205,0.12867654206516727,-0.05367100115103626,0,0.08990519928628864,0.19315287478691423,0.41295999288982116,1019.0943167601193,22.353684492694732,400,9.255215909791355e-5,train_fit_end_to_end
Sharif Finch,Rusher,0.10874634400612929,0.16014025508978944,-0.11932016703408432,-0.043987006752914296,0.12098517163228706,0.22589277378712846,0.4287206121939618,1019.011714652648,27.82005471193838,400,9.255215909791355e-5,train_fit_end_to_end
Osa Odighizuwa,Rusher,0.10700796551353375,0.15268621867750432,-0.21754073477465152,0.015818098068194394,0.11124894103431565,0.2022942182162034,0.3843520973933993,1018.7097273779307,26.52691681932818,400,9.255215909791355e-5,train_fit_end_to_end
Garrett Bradbury,Blocker,0.1067807187473696,0.06766625481927688,-0.02783899483832391,0.06423645049242152,0.1078849603603089,0.15307337591548412,0.23276709247738264,1018.6702505713005,11.760620266187248,400,9.255215909791355e-5,train_fit_end_to_end
Trai Turner,Blocker,0.10641229187865178,0.09040994620920377,-0.05822809662362866,0.04555909131439395,0.10379719860239514,0.1601744684154912,0.3002271607974616,1018.6062482688728,15.71279972221955,400,9.255215909791355e-5,train_fit_end_to_end
Bobby Evans,Blocker,0.10606348630973707,0.14634098188955547,-0.12764915931190718,7.40690775858587e-5,0.08678605388313732,0.1948928767379456,0.42719205170858165,1018.5456545353381,25.427873333015082,400,9.255215909791355e-5,train_fit_end_to_end
David Andrews,Blocker,0.10346500484534385,0.09048270082394395,-0.08506414719987476,0.051198743801625264,0.1127244931503838,0.16644586775387626,0.2461948998268775,1018.0942520708126,15.7176122185654,400,9.255215909791355e-5,train_fit_end_to_end
Frankie Luvu,Rusher,0.10332655133041031,0.12743490608567484,-0.1425857729709184,0.010747676551632617,0.11043889249588587,0.19745242834640575,0.31567420049484346,1018.0702002317983,22.14048460741188,400,9.255215909791355e-5,train_fit_end_to_end
Malik Harrison,Rusher,0.10299416819001812,0.12253209351840705,-0.14373436903320036,0.02609668942306583,0.10134171775553547,0.18919901667418454,0.33471628124850283,1018.0124593662983,21.290092052746232,400,9.255215909791355e-5,train_fit_end_to_end
Jonathan Greenard,Rusher,0.10222051497057735,0.09564881580090395,-0.09060813670697677,0.036376627144399376,0.10086563644324967,0.17028490152432665,0.2787193409045119,1017.8780620366543,16.61674538070058,400,9.255215909791355e-5,train_fit_end_to_end
Marcus Davenport,Rusher,0.10182280473505918,0.13112619092037617,-0.14215948962930502,0.011176881543591536,0.09304326069071958,0.18941622082409088,0.3950100532526695,1017.8089726923816,22.780823730621798,400,9.255215909791355e-5,train_fit_end_to_end
Justin Hollins,Rusher,0.10154124723275465,0.11281696400748574,-0.13326344141794974,0.031952691791610116,0.10190344306776225,0.17841710399584568,0.3008125318714438,1017.7600611445458,19.598760404751214,400,9.255215909791355e-5,train_fit_end_to_end
Noah Spence,Rusher,0.10073058153766433,0.07321141105630138,0,0.05586829286290844,0.09687016115914462,0.15813383051609772,0.24636587438980692,1017.6192340893275,12.718237600480697,400,9.255215909791355e-5,train_fit_end_to_end
Daniel Ekuale,Rusher,0.10053798269970898,0.15967552742373436,-0.2333892836603231,0.004527216380748808,0.11859806607694132,0.20938519266867425,0.3863430213717988,1017.5857762443095,27.739276185371082,400,9.255215909791355e-5,train_fit_end_to_end
Nick Gates,Blocker,0.09771521307977893,0.07068845619023698,0,0.04512662346552363,0.10845114010340055,0.15283922266678204,0.22115399491387489,1017.0954109364616,12.280237927303984,400,9.255215909791355e-5,train_fit_end_to_end
Kwon Alexander,Rusher,0.09728178175849819,0.12933200610192852,-0.20244086851169382,0.02293940058002427,0.10929629015928624,0.1910686819814289,0.30838451345757073,1017.020116204015,22.472904674039647,400,9.255215909791355e-5,train_fit_end_to_end
Mike Remmers,Blocker,0.09701864335804437,0.14473898994328177,-0.1109287701339322,-0.013984479377388016,0.05613620694665884,0.22883124812956684,0.37837925639642594,1016.9744043818974,25.145318293611655,400,9.255215909791355e-5,train_fit_end_to_end
Anthony Barr,Rusher,0.09680974974831691,0.08629978560658462,-0.0907279888287239,0.04410179560744779,0.10174298796164397,0.15663598463326645,0.2440752449565505,1016.9381158450936,14.993719619905793,400,9.255215909791355e-5,train_fit_end_to_end
Justin Hamilton,Rusher,0.09618043106792076,0.1560449692471405,-0.2439195725173776,0.004302715549119897,0.1049852571303309,0.21248254896560997,0.36090866956757717,1016.8287919929918,27.12385805264682,400,9.255215909791355e-5,train_fit_end_to_end
Efe Obada,Rusher,0.09593797551637134,0.100068708659728,-0.08248389784870586,0.024453852731553358,0.08662719829978155,0.16687309939324327,0.2940380765042163,1016.7866731497339,17.38205622369839,400,9.255215909791355e-5,train_fit_end_to_end
Sione Takitaki,Rusher,0.09588808152920907,0.13510860021854326,-0.17144467580409362,-0.002495213547149084,0.09720260707754139,0.18886557915344424,0.3536444181045645,1016.778005676412,23.46655296593589,400,9.255215909791355e-5,train_fit_end_to_end
Tyeler Davison,Rusher,0.09545282234794224,0.14225794416549836,-0.16002528334461838,-0.009934763909742723,0.09311457612219806,0.18916448916503117,0.4063415168055383,1016.7023934121632,24.71050761195531,400,9.255215909791355e-5,train_fit_end_to_end
Austin Johnson,Rusher,0.09511895483213909,0.1076985244770708,-0.1174979691218995,0.023833190531545194,0.09784503986956042,0.16436129814661285,0.3188501675335924,1016.6443946842433,18.70280328969691,400,9.255215909791355e-5,train_fit_end_to_end
Alton Robinson,Rusher,0.09391107088187292,0.15187064021554636,-0.2079105780773685,-0.008532589848815605,0.09021355098785169,0.20512052026784622,0.35619693720195295,1016.4345637504912,26.383004196764553,400,9.255215909791355e-5,train_fit_end_to_end
Deforest Buckner,Rusher,0.09356220500447622,0.06532658171385015,-0.023922828001734987,0.05284606451696776,0.09115263247472039,0.14141967617456525,0.21404385655043168,1016.3739595403001,11.348321585924602,400,9.255215909791355e-5,train_fit_end_to_end
Mario Edwards Jr.,Rusher,0.09250172291966373,0.13523478190337462,-0.15524887416333852,1.7686438143151717e-4,0.08633366444729819,0.1805321108356297,0.353854356094614,1016.1897349332636,23.49408368375156,400,9.255215909791355e-5,train_fit_end_to_end
Chris Williams,Rusher,0.09236816674872758,0.12087951272597354,-0.1715698507833961,0.017777585963428776,0.09954794558243646,0.171633537714614,0.3028544239089311,1016.166533850039,20.999522999236522,400,9.255215909791355e-5,train_fit_end_to_end
Amen Ogbongbemiga,Rusher,0.09188503385390062,0.13159258390580592,-0.14744469301243554,-0.002941788565029077,0.08660759251329529,0.18808977838831464,0.3419310100351945,1016.0826050699392,22.853013176036704,400,9.255215909791355e-5,train_fit_end_to_end
Bradley Bozeman,Blocker,0.09143289680923841,0.10370616547759011,-0.09369170211992887,0.01946584391173219,0.08190760740730924,0.15926722937212107,0.3036915561988985,1016.0040608205148,18.013063312910905,400,9.255215909791355e-5,train_fit_end_to_end
Amani Bledsoe,Rusher,0.0914270257918042,0.16936074767947165,-0.2025932259619337,-0.04262212537099025,0.09186373635673972,0.21564054979885117,0.4128867825102047,1016.0030409203249,29.418007624455946,400,9.255215909791355e-5,train_fit_end_to_end
Danny Isidora,Blocker,0.08923899081971998,0.06560345580254075,0,0.03127531544000578,0.07924426520841962,0.13222252326463863,0.22869966913680687,1015.6229403144899,11.397392672802104,400,9.255215909791355e-5,train_fit_end_to_end
Graham Glasgow,Blocker,0.08914970193560834,0.10574982447300582,-0.11746805040791096,0.014843490365783486,0.08700459255991798,0.16291459881760267,0.28081348520436433,1015.607429246624,18.370274839022187,400,9.255215909791355e-5,train_fit_end_to_end
Alec Ogletree,Rusher,0.08897645342706106,0.1118727430218028,-0.1395780104166609,0.008563318690552473,0.08857436132877514,0.17370224425158542,0.2978631338839078,1015.57733289812,19.43663833631002,400,9.255215909791355e-5,train_fit_end_to_end
T.J. Edwards,Rusher,0.08809279249820187,0.09890406121402713,-0.08743713973089051,0.013297929063693792,0.08790223760489323,0.16020616338804225,0.2800145582374558,1015.4238252720091,17.180367202521403,400,9.255215909791355e-5,train_fit_end_to_end
Trey Hendrickson,Rusher,0.087790707482107,0.1059349977725602,-0.11835716243279508,0.011573513477494033,0.09271471411683938,0.1633004952408603,0.2842852983939627,1015.3713477297869,18.39906367125188,400,9.255215909791355e-5,train_fit_end_to_end
Julian Stanford,Rusher,0.08701583621139025,0.08616797712237809,-0.05048004107134369,0.022376094307767287,0.08346059744192541,0.14707602109977636,0.27332389322425293,1015.2367388029637,14.969613451917606,400,9.255215909791355e-5,train_fit_end_to_end
Dylan Cole,Rusher,0.0867231969471106,0.1960354448732302,-0.28303752270262067,-0.04867082280321771,0.08237770963970809,0.23435371501965435,0.4422674246587713,1015.1859021558978,34.0531089559446,400,9.255215909791355e-5,train_fit_end_to_end
Patrick O'Connor,Rusher,0.08616152416631188,0.13147343883472123,-0.09787295484835212,-0.021744151774207313,0.07757299786611885,0.16270863311163775,0.35297675213312474,1015.0883296001633,22.83412620550885,400,9.255215909791355e-5,train_fit_end_to_end
Trey Smith,Blocker,0.08605855997081382,0.08075858251417199,-0.041086855599585255,0.029199390278914893,0.07600499725493179,0.13890418789748168,0.25504264894301837,1015.070442887388,14.035236572373153,400,9.255215909791355e-5,train_fit_end_to_end
Ben Jones,Blocker,0.08595080786636984,0.06733085524987269,-0.039932428946138555,0.0418221537073522,0.08734079329812507,0.12907661418774174,0.22481230690126214,1015.0517244296386,11.699973394242166,400,9.255215909791355e-5,train_fit_end_to_end
Javon Kinlaw,Rusher,0.08589399279571212,0.14328598370142617,-0.13757668145260749,-0.026091404951768357,0.06649163611349702,0.1836005917492558,0.3694820285993204,1015.0418546409684,24.891316046465818,400,9.255215909791355e-5,train_fit_end_to_end
Willie Gay,Rusher,0.08566813736803007,0.14723055335776236,-0.1923627903762872,-0.025214398608072855,0.08145645898535894,0.18848517968303535,0.37544334574840194,1015.0026195345882,25.575504199267687,400,9.255215909791355e-5,train_fit_end_to_end
Sam Eguavoen,Rusher,0.08525622432325936,0.11102658079915038,-0.1149166027703883,0.008239953317910827,0.08856384231609009,0.15780893322050235,0.3103991420785994,1014.9310629096411,19.2849550288703,400,9.255215909791355e-5,train_fit_end_to_end
James Lynch,Rusher,0.08442637409726021,0.131041101375977,-0.18163122443306198,0.00628482620078317,0.08824215851094026,0.16877269431674982,0.314412292951278,1014.786903160058,22.761497006674244,400,9.255215909791355e-5,train_fit_end_to_end
Joe Thomas,Rusher,0.08426119915272372,0.06940414673518301,-0.06117260295104629,0.03367682683230321,0.08647902936161381,0.13945585200336819,0.20387579538920758,1014.7582093332737,12.054851724975297,400,9.255215909791355e-5,train_fit_end_to_end
Andrew Dowell,Rusher,0.08393029853370686,0.07920926345752195,0,0.011791660145680161,0.10378646182713261,0.1154463641679613,0.2774300880634861,1014.7007260081148,13.765555872259199,400,9.255215909791355e-5,train_fit_end_to_end
Tytus Howard,Blocker,0.08313555529616383,0.12460866895780343,-0.15795417275060955,-0.003048944575837334,0.08064022594695022,0.16401181489310313,0.3259877041589103,1014.5626649670768,21.648531889316917,400,9.255215909791355e-5,train_fit_end_to_end
Dre Greenlaw,Rusher,0.08308610050182738,0.08385607651734918,-0.07160971300497695,0.02054350534238517,0.08520148449257475,0.14682785391422776,0.24207493844553335,1014.5540737893632,14.570565300282173,400,9.255215909791355e-5,train_fit_end_to_end
E.J. Speed,Rusher,0.0826465525367694,0.14430304051639042,-0.16643835367106552,-0.024698616108004157,0.0788779495067501,0.17924984307451775,0.3837629655002411,1014.4777164870607,25.06919289044981,400,9.255215909791355e-5,train_fit_end_to_end
Brandon Scherff,Blocker,0.08257471044698782,0.11087215963342914,-0.1253821382799665,0.013662025904190342,0.07668040013783452,0.140695663802074,0.32944275778837695,1014.4652362377964,19.264701878349925,400,9.255215909791355e-5,train_fit_end_to_end
John Simpson,Blocker,0.08257158098356578,0.10175222619540596,-0.11208805459037077,0.018274871129949438,0.08030340978332462,0.1476552955698928,0.29422928289527206,1014.4646925943182,17.675900423076527,400,9.255215909791355e-5,train_fit_end_to_end
Jonah Jackson,Blocker,0.08240943177058255,0.07706540763110832,-0.0715165281305486,0.03660770875287931,0.07507811963569974,0.13464510356334383,0.23887389007713233,1014.4365243909408,13.391769947215936,400,9.255215909791355e-5,train_fit_end_to_end
Jihad Ward,Rusher,0.08180811898589797,0.08803012532209145,-0.08693077317146668,0.024440584889777066,0.08206826839343097,0.14208242753666292,0.25670536212073447,1014.3320656612262,15.285816810117753,400,9.255215909791355e-5,train_fit_end_to_end
Morgan Fox,Rusher,0.07994446573438845,0.12352835397143253,-0.17125482268099512,9.053876704493704e-4,0.07106265056821486,0.17088544971107308,0.3212907062413341,1014.0083159319016,21.46682487294171,400,9.255215909791355e-5,train_fit_end_to_end
Alex Cappa,Blocker,0.07968405393377606,0.1120586050050267,-0.11521989723224134,0.007429662197651272,0.0700797454395677,0.1509845663914895,0.30580423785996524,1013.9630777686903,19.46312351555973,400,9.255215909791355e-5,train_fit_end_to_end
Demarcus Walker,Rusher,0.0792267890453857,0.13547856127213662,-0.2119795803209481,-0.008826026519561065,0.09605836847105248,0.1782293251590558,0.31045481326225466,1013.8836427215718,23.54352819695204,400,9.255215909791355e-5,train_fit_end_to_end
Vincent Taylor,Rusher,0.077857475627295,0.19896251556248434,-0.236266590222212,-0.12139713492663527,0.050999160665079854,0.26308070956397955,0.4278669987163651,1013.6457686169827,34.56289781679782,400,9.255215909791355e-5,train_fit_end_to_end
Nick Bolton,Rusher,0.07715515874255638,0.13790802875427816,-0.19652403291426399,-0.01773142990364441,0.07747530340889999,0.17116604001784763,0.35283057012216634,1013.5237636779468,23.958216147538046,400,9.255215909791355e-5,train_fit_end_to_end
Shaq Mason,Blocker,0.07629309366078668,0.06614257877086178,-0.07029765852144444,0.034902720214036426,0.08161768516749301,0.12129919781280073,0.1959590426390837,1013.3740076347252,11.494654043066976,400,9.255215909791355e-5,train_fit_end_to_end
Josh Wells,Blocker,0.0755631540190036,0.07655600253682879,-0.042815537405046435,0.015348607945024902,0.06343178402361146,0.13040551819782506,0.23583547119172002,1013.2472041313057,13.298602612538936,400,9.255215909791355e-5,train_fit_end_to_end
Tyler Lancaster,Rusher,0.07364348862028085,0.12982317255188125,-0.17674507947052168,-0.004683319633547189,0.06509533114516575,0.1444681351781552,0.3555057403723972,1012.9137240953994,22.55267218341471,400,9.255215909791355e-5,train_fit_end_to_end
Cody Ford,Blocker,0.07335577021836454,0.11386361988631193,-0.14266368443044372,-0.006234833638121576,0.07299502046186943,0.15014737060861452,0.3087836703752493,1012.8637422896817,19.78275625040054,400,9.255215909791355e-5,train_fit_end_to_end
Chuma Edoga,Blocker,0.07245161420389115,0.08426513163497307,-0.08021801192129921,0.013684861147415486,0.05902033400857513,0.12058419833448074,0.25711326341538854,1012.7066743025355,14.631465250231127,400,9.255215909791355e-5,train_fit_end_to_end
Larry Ogunjobi,Rusher,0.07173960533494277,0.11396621506112287,-0.1499943014385034,0.004127261425785798,0.07123426940488348,0.14936512998317136,0.2906788077624487,1012.5829856933952,19.7968343889375,400,9.255215909791355e-5,train_fit_end_to_end
Matt Ioannidis,Rusher,0.07093725554719622,0.16629260358502587,-0.25445711615555316,-0.03711842842036951,0.07362651953831521,0.17465286057535287,0.393712019362457,1012.4436032592455,28.889722761043767,400,9.255215909791355e-5,train_fit_end_to_end
Jamir Jones,Rusher,0.07030643789233408,0.11198420839774338,-0.15512695394438428,-0.004824193319044869,0.07655861281631876,0.14616697871143844,0.27670155222769477,1012.3340190086079,19.4597568656804,400,9.255215909791355e-5,train_fit_end_to_end
Benning Potoa'E,Rusher,0.0701764673728051,0.07033541645668705,0,0,0.08496688600261842,0.10078530398007544,0.24419619534000298,1012.3114408168314,12.225305113519745,400,9.255215909791355e-5,train_fit_end_to_end
Joe Bachie,Rusher,0.0688333213344235,0.08412759495237482,-0.10573030853925076,0.006435630492330122,0.07394536649109176,0.12558954487046817,0.224303321993713,1012.0781124516876,14.620596366032375,400,9.255215909791355e-5,train_fit_end_to_end
Ethan Pocic,Blocker,0.06883143327150942,0.13149668618691285,-0.17469175295002606,-0.03413747346973217,0.07877341516793387,0.16174870934709706,0.3120665962472124,1012.0777844615656,22.846497602820747,400,9.255215909791355e-5,train_fit_end_to_end
Gerald McCoy,Rusher,0.06866584127173841,0.065787467834653,0,0,0.08643272492245291,0.11146516449305638,0.200774474362033,1012.0490181848664,11.429604864789379,400,9.255215909791355e-5,train_fit_end_to_end
Demario Davis,Rusher,0.06863284341130457,0.13590693277717927,-0.20181151022841567,-0.030384194022575417,0.07913443385435384,0.15374175646633648,0.33283951945455426,1012.043285869386,23.60640780429658,400,9.255215909791355e-5,train_fit_end_to_end
Matt Feiler,Blocker,0.06685779542310169,0.1022224922369552,-0.13266603390070575,0.0034700006177289925,0.06663210300736833,0.12304597581586221,0.2962375716821214,1011.73492845083,17.757817376683242,400,9.255215909791355e-5,train_fit_end_to_end
Kayode Awosika,Blocker,0.06599719096628713,0.06348174139143026,0,0,0.07731411120911522,0.1180510440385506,0.179185534541447,1011.5854261441516,11.03469285481104,400,9.255215909791355e-5,train_fit_end_to_end
Ty Nsekhe,Blocker,0.065980783368729215,0.10256927055053636,-0.10288997352338777,-0.005542747983287652,0.05400033543455674,0.14101982372288102,0.2793962972374232,1011.5825758525193,17.81920830240139,400,9.255215909791355e-5,train_fit_end_to_end
Khaleke Hudson,Rusher,0.06594900315836376,0.053418823175762895,0,0.03979104809376491,0.0473486045583009,0.09023377520504401,0.17785826858930026,1011.5770550645212,9.286387630079544,400,9.255215909791355e-5,train_fit_end_to_end
Isaiah Buggs,Rusher,0.06544450656484856,0.14436943664615667,-0.18506024497367052,-0.04655900815071978,0.05439753354553713,0.15538268586327475,0.3593061167168492,1011.4894150298402,25.077461074559938,400,9.255215909791355e-5,train_fit_end_to_end
Ezra Cleveland,Blocker,0.06538996290553474,0.08224123241495392,-0.09660586060851965,0.014723327607851522,0.0627972188054769,0.11744717370339897,0.2310194408039521,1011.4799398257351,14.293679504446763,400,9.255215909791355e-5,train_fit_end_to_end
Daniel Archibong,Rusher,0.06529771424013055,0.0740232565307612,-0.009448165793606656,0,0.07183175394706914,0.10607656645225153,0.22260275049400194,1011.4639145911958,12.856679244426665,400,9.255215909791355e-5,train_fit_end_to_end
Zach Sieler,Rusher,0.06491622583610665,0.09611251932289457,-0.10006220797800412,5.33973705352876e-4,0.05820734651726031,0.1241374797738664,0.2707256073791627,1011.3976432676848,16.695007471201933,400,9.255215909791355e-5,train_fit_end_to_end
Malcolm Smith,Rusher,0.0628143607512498,0.09904316850824087,-0.1485775978353104,0.003193688676962818,0.06255805567808836,0.13525983070329167,0.22658122782975887,1011.0325119044613,17.208156245345972,400,9.255215909791355e-5,train_fit_end_to_end
Tre'Vour Wallace-Simms,Blocker,0.06234417802675961,0.06361946922599636,0,0,0.08031324129566852,0.10377415700286907,0.18634285798155845,1010.9508327993684,11.054839329519245,400,9.255215909791355e-5,train_fit_end_to_end
Yasir Durant,Blocker,0.05952590646667645,0.13459656563776573,-0.19623828606442625,-0.032498162689068064,0.05454590977693199,0.15803728064894657,0.3021932315254513,1010.4612488845488,23.380018147945613,400,9.255215909791355e-5,train_fit_end_to_end
Aaron Stinnie,Blocker,0.0593579599851115,0.09876705066290048,-0.12498021719712164,-3.5218856838067756e-4,0.06264154655919327,0.1286730115543882,0.265281158908236,1010.4320735924694,17.159623554275683,400,9.255215909791355e-5,train_fit_end_to_end
Drew Dalman,Blocker,0.05860579436593288,0.07231861894531724,-0.09165105048164567,0.010159125651316275,0.06654172787502549,0.10946356724809933,0.19540763162778202,1010.3014090413147,12.557199351446142,400,9.255215909791355e-5,train_fit_end_to_end
Phil Hoskins,Rusher,0.05808651749987596,0.19941774451466773,-0.2552471609465636,-0.09049490729011544,0.04919604198537887,0.19697291965955055,0.4531489059925791,1010.2112014103113,34.639431706890825,400,9.255215909791355e-5,train_fit_end_to_end
Michael Pierce,Rusher,0.057875365415282744,0.12619555968972535,-0.22252341111865184,-0.01878322791199625,0.0723697060927069,0.1392656960805823,0.28483091505342284,1010.1745205362388,21.918253872176628,400,9.255215909791355e-5,train_fit_end_to_end
Quinton Bohanna,Rusher,0.05766920256542715,0.174575033112486,-0.2660773281090142,-0.0686783805097401,0.058009001955453825,0.1800016963151529,0.3882560819968307,1010.1387063810125,30.337773534442157,400,9.255215909791355e-5,train_fit_end_to_end
Brandon Graham,Rusher,0.056745353945293536,0.05235129980069207,0,0.009831407834828873,0.038579032005009596,0.09801405225235955,0.1634634664864454,1009.9782174378773,9.099042674171802,400,9.255215909791355e-5,train_fit_end_to_end
Myles Adams,Rusher,0.056226332755315654,0.17652627986857658,-0.24384107237411728,-0.10362106673996288,0.01312966004635141,0.21612086308970052,0.38601737363214056,1009.888054222358,30.67327486644479,400,9.255215909791355e-5,train_fit_end_to_end
Del'Shawn Phillips,Rusher,0.056058106163541836,0.1625788159760448,-0.2475315209089364,-0.058195434846647506,0.05221980110524899,0.17619044181531093,0.37628964376052293,1009.8588302701513,28.24327560884318,400,9.255215909791355e-5,train_fit_end_to_end
Solomon Thomas,Rusher,0.05590644984283629,0.05957000889050856,-0.06950614557675935,0.02225026126930712,0.05603776965714015,0.09570433699767918,0.16345909550035842,1009.8324848688601,10.345812787168986,400,9.255215909791355e-5,train_fit_end_to_end
Cody Whitehair,Blocker,0.05575150496505911,0.07753137116773337,-0.09597756561324197,0.0017657047243249922,0.05961581789844318,0.10536268038183663,0.2099115047573295,1009.805568186693,13.47503027399044,400,9.255215909791355e-5,train_fit_end_to_end
Caleb Benenoch,Blocker,0.05479312286768444,0.05723275045403756,0,0,0.053502307888587966,0.10363936057226783,0.1666571152722573,1009.6390801641151,9.942884454233175,400,9.255215909791355e-5,train_fit_end_to_end
Yetur Gross-Matos,Rusher,0.05404674386307869,0.13496851542614108,-0.24170686482744025,-0.026088454032026538,0.05902178128916803,0.15275471174807068,0.28160483323992735,1009.5094208508716,23.45790459929477,400,9.255215909791355e-5,train_fit_end_to_end
Benardrick Mckinney,Rusher,0.05397957225498001,0.1660745963050419,-0.24755943381207093,-0.06546628845437137,0.04172776970677802,0.16922838176543895,0.39345741062802964,1009.4977519473765,28.854134044137908,400,9.255215909791355e-5,train_fit_end_to_end
Rob Havenstein,Blocker,0.053139471836166054,0.08941093978248144,-0.122329461057636,-0.004696928017464693,0.05287287574842697,0.10776027263164166,0.22315246866929245,1009.3518115569223,15.533878942634043,400,9.255215909791355e-5,train_fit_end_to_end
Darryl Johnson,Rusher,0.052765597217681814,0.10328663621779986,-0.14358256924974763,-0.020354891245034326,0.04684339798284603,0.12554071960831514,0.24616779772389757,1009.2868628834296,17.942105945363593,400,9.255215909791355e-5,train_fit_end_to_end
Jake Hanson,Blocker,0.051994822000352686,0.05481592534332676,0,0,0.05985130573515054,0.0698375298967046,0.17759445493317186,1009.1529655139602,9.522632090997128,400,9.255215909791355e-5,train_fit_end_to_end
Bruce Hector,Rusher,0.05141267606568904,0.07063281073520417,-0.07286099864783945,0,0.04890117947818606,0.11295632922890099,0.1687152297716825,1009.0518364071254,12.26951145914325,400,9.255215909791355e-5,train_fit_end_to_end
Brian Allen,Blocker,0.05077098105909869,0.11058971640092725,-0.17997345055543762,-0.021953627748078314,0.05192833221875032,0.1296552653754936,0.257102508250976,1008.9403625669546,19.215068893731253,400,9.255215909791355e-5,train_fit_end_to_end
Robert Nkemdiche,Rusher,0.049755590266029735,0.09474116382830038,-0.11796009780003613,-0.016666771475112075,0.046622157788874324,0.10612972011548041,0.23675709190845678,1008.7639711195925,16.46177009444377,400,9.255215909791355e-5,train_fit_end_to_end
Noah Dawkins,Rusher,0.048637823809707936,0.05033858628811542,0,0,0.05717314194689764,0.05994863970162875,0.1652309994604181,1008.5697951979777,8.74005253632485,400,9.255215909791355e-5,train_fit_end_to_end
Carter Coughlin,Rusher,0.0465185507254235,0.12262742775479545,-0.180540300950838,-0.034232153625949856,0.03857827003422887,0.12437358232488555,0.2909099064504157,1008.2016397555174,21.303123662052297,400,9.255215909791355e-5,train_fit_end_to_end
Tanner Vallejo,Rusher,0.046460139826315416,0.14417672498926262,-0.22409773125323823,-0.05942105663979404,0.044353334519358065,0.1469525910783026,0.31599595889789045,1008.1914927430511,25.046248254842357,400,9.255215909791355e-5,train_fit_end_to_end
Hardy Nickerson,Rusher,0.046153870251448834,0.051916021677359106,0,0,0.053866528419961215,0.059469085716748527,0.16330562276792487,1008.1382882685153,9.018259765899705,400,9.255215909791355e-5,train_fit_end_to_end
Jacoby Stevens,Rusher,0.04551137750515704,0.045182974484080984,0,0,0.057579169203501604,0.06815910006550621,0.13939050531784383,1008.0266758467644,7.854654034707156,400,9.255215909791355e-5,train_fit_end_to_end
Kyle Murphy,Blocker,0.04461413303364117,0.05047061767555512,0,0,0.05644021567682536,0.06522966520317494,0.16839432841629212,1007.8708085176054,8.767685014129958,400,9.255215909791355e-5,train_fit_end_to_end
Calvin Munson,Rusher,0.043934235632092054,0.035786295836081304,0,0.021316943603063264,0.037326502045083663,0.0675960866454954,0.12314542862404107,1007.7526982417041,6.217268079384824,400,9.255215909791355e-5,train_fit_end_to_end
Sheldon Day,Rusher,0.043417640477993666,0.20864114457214536,-0.390756983594692,-0.0773271903623593,0.06468614712915981,0.17768066206460628,0.4187569422252485,1007.662956471783,36.24873750170161,400,9.255215909791355e-5,train_fit_end_to_end
DeMarcus Lawrence,Rusher,0.042661328287730435,0.221708413888248,-0.42052659177491525,-0.0995490839762258,0.07418483251695425,0.19295914746045978,0.4128951815414142,1007.5315715874519,38.51876158710188,400,9.255215909791355e-5,train_fit_end_to_end
Max Scharping,Blocker,0.04254841718195434,0.1281433974914052,-0.1506105303839109,-0.04485464785843766,0.02603330458137274,0.1168442111004512,0.30595091447551465,1007.5119569193783,22.259132057282656,400,9.255215909791355e-5,train_fit_end_to_end
Aaron Banks,Blocker,0.042448029769417486,0.04919126604917989,0,0,0.05183327775230602,0.05903343695648425,0.16369018099819818,1007.4945178396514,8.543028899924805,400,9.255215909791355e-5,train_fit_end_to_end
Roy Lopez,Rusher,0.042363888417630356,0.11692721992201906,-0.21368642566200152,-0.03270109230943715,0.04905510947830514,0.11713531109015624,0.2613266126671697,1007.479900989739,20.31161675374712,400,9.255215909791355e-5,train_fit_end_to_end
Jermaine Johnson II,Rusher,0.0419462805353367,0.05241107027044493,0,0,0,0.05863227799538011,0.17030655489589736,1007.4073550701872,9.102046761747287,400,9.255215909791355e-5,train_fit_end_to_end
Olisaemeka Udoh,Blocker,0.04088789168873995,0.11070722262723348,-0.19258336155551434,-0.029726695449939406,0.04279486094048883,0.1156165123384073,0.24108786875808114,1007.2234940958732,19.236070778649317,400,9.255215909791355e-5,train_fit_end_to_end
Jamil Douglas,Blocker,0.04057436017352615,0.04684553551105221,0,0,0.04832852837377501,0.05617221581262015,0.1466635006632217,1007.1690280930892,8.137962066585121,400,9.255215909791355e-5,train_fit_end_to_end
Mekhi Becton,Blocker,0.03997753096605264,0.043495051048552016,0,0,0.030509143279914844,0.0761245783848628,0.1281051883912382,1007.0653482405114,7.555325799615432,400,9.255215909791355e-5,train_fit_end_to_end
Derrick Kelly,Blocker,0.039178048626953274,0.041254947458843616,0,0,0.043734216832307014,0.06472964173768124,0.12774893066361875,1006.9264639332114,7.169259803341756,400,9.255215909791355e-5,train_fit_end_to_end
Azur Kamara,Rusher,0.038841843701662736,0.10065036105650177,-0.13677023701637006,-0.027651208601482236,0.03690689875094104,0.10227171998177048,0.23256063766040846,1006.8680591556745,17.490180677165213,400,9.255215909791355e-5,train_fit_end_to_end
Dorian O'Daniel,Rusher,0.03883564711923504,0.034071840327599606,0,0.009789731380800578,0.03997194083108134,0.0538846805825757,0.11817530894777352,1006.8669826990524,5.920126722203603,400,9.255215909791355e-5,train_fit_end_to_end
Rashard Lawrence,Rusher,0.03850374703231846,0.1372214714721641,-0.23551628224147672,-0.05669846198058635,0.04062989470208897,0.1379333283341902,0.30520817919861765,1006.809325748536,23.840137667926776,400,9.255215909791355e-5,train_fit_end_to_end
Woodrow Hamilton,Rusher,0.038187311172679414,0.051118705751713775,-0.025699632396653488,-0.0031235433433421883,0.03100532444176412,0.07236231951679553,0.15919881360795168,1006.754355209449,8.882640887491256,400,9.255215909791355e-5,train_fit_end_to_end
John Jenkins,Rusher,0.038142376885001335,0.18769779569546602,-0.2643102817301297,-0.09225599307991665,0.01579353469385819,0.16318628717680664,0.45004357365539355,1006.7465493241742,32.60802066252243,400,9.255215909791355e-5,train_fit_end_to_end
Laurent Duvernay-Tardif,Blocker,0.03776185303410657,0.08905050037089735,-0.14282031047328703,-0.0149052306498682,0.042016133097834196,0.09599866891286539,0.1930646399254075,1006.6804455607038,15.468946829751179,400,9.255215909791355e-5,train_fit_end_to_end
Henry Anderson,Rusher,0.037715627748828126,0.09424725512505014,-0.09162256418603355,-0.03795326804268654,0.013309727714727371,0.10121716513626858,0.26138313128715635,1006.6724154061754,16.37308067361421,400,9.255215909791355e-5,train_fit_end_to_end
Zaire Franklin,Rusher,0.03759602808007616,0.14737197766534457,-0.23382937128601985,-0.06029547625158064,0.03508412250397161,0.14159778846288437,0.31595817541746973,1006.6516388157049,25.59880587778294,400,9.255215909791355e-5,train_fit_end_to_end
Albert Huggins,Rusher,0.03749640174934762,0.1051122488245361,-0.14426171044450956,-0.03675221528415278,0.02924398385511958,0.097414965906036,0.27478658292824054,1006.6343319494298,18.264778101138265,400,9.255215909791355e-5,train_fit_end_to_end
Raequan Williams,Rusher,0.03737113296593514,0.038752223312209774,0,0,0.03392370570983009,0.06670520082953782,0.11174021589168336,1006.6125705328735,6.739920279826153,400,9.255215909791355e-5,train_fit_end_to_end
Xavier Williams,Rusher,0.03652992985003866,0.04080470986790018,0,0,0.025218872966241715,0.06953675262159059,0.1174767060162316,1006.466438584316,7.081469490831185,400,9.255215909791355e-5,train_fit_end_to_end
William Gholston,Rusher,0.03621909325988246,0.10373273719850741,-0.16864548349937136,-0.031659513975075326,0.03679141668222426,0.10661161929210235,0.23942193841615836,1006.4124407379646,18.023660612214826,400,9.255215909791355e-5,train_fit_end_to_end
Charles Leno Jr.,Blocker,0.03596597479577571,0.09275975679946447,-0.13533350745677084,-0.029416249662681224,0.03154550309719351,0.09183421268914585,0.22495018015611734,1006.3684695570729,16.114003222580475,400,9.255215909791355e-5,train_fit_end_to_end
Za'Darius Smith,Rusher,0.035515224351682126,0.05734934531401182,-0.05782113957095738,0,0.021799571508149235,0.08394755292213998,0.14328158318264014,1006.2901661848388,9.963333928363275,400,9.255215909791355e-5,train_fit_end_to_end
Billy Turner,Blocker,0.0350906177483021,0.08930303612654807,-0.13707151070462442,-0.023179920156637356,0.03499613733517761,0.09177392322329886,0.2077474340083134,1006.2164044629078,15.513951395795086,400,9.255215909791355e-5,train_fit_end_to_end
Kevin Minter,Rusher,0.03496943357734743,0.0826864427914756,-0.10403693725925824,-0.023971300634300093,0.025796961796879382,0.08668031316334875,0.22324138836322163,1006.195352616212,14.369537826725066,400,9.255215909791355e-5,train_fit_end_to_end
Curtis Robinson,Rusher,0.03406425762012546,0.030414561537927043,-0.005433214266544049,0.002545971254858014,0.034063033851937846,0.051839091794543886,0.10362768252904435,1006.0381074468627,5.28193909952784,400,9.255215909791355e-5,train_fit_end_to_end
Jason Kelce,Blocker,0.0335292621516665,0.09171209646609095,-0.13811964920268419,-0.029619858192704827,0.02929153021549437,0.09874968026059042,0.20764561290686467,1005.9451692149447,15.936621781208073,400,9.255215909791355e-5,train_fit_end_to_end
Brett Toth,Blocker,0.03350316282608453,0.1489557278917105,-0.2675213457567815,-0.06180454503645196,0.0379983883790458,0.14113389813917304,0.3011134100372738,1005.9406352977121,25.88097101069569,400,9.255215909791355e-5,train_fit_end_to_end
Chris Rumph II,Rusher,0.03310204951108498,0.14305983057531207,-0.24398348589585356,-0.06858746227797181,0.0390522765710912,0.1278683754198304,0.29852975286936223,1005.8709547779831,24.850589428408107,400,9.255215909791355e-5,train_fit_end_to_end
Austin Calitro,Rusher,0.03237763292446082,0.035914683317407214,0,0,0.04012001292611968,0.0512228180586084,0.10834254441449245,1005.7451107275151,6.242706637271489,400,9.255215909791355e-5,train_fit_end_to_end
Nate Davis,Blocker,0.03200272056748391,0.08242146565253651,-0.14770150480362568,-0.021407676973718353,0.030800454245746303,0.08878619024719467,0.19378560828038746,1005.6799817803821,14.321963537923114,400,9.255215909791355e-5,train_fit_end_to_end
Ike Boettger,Blocker,0.03168353240400559,0.1233891859324819,-0.2100695591422349,-0.05192296414402184,0.024872652401474633,0.10745614598054194,0.27686241866208267,1005.6245331171472,21.437835549525122,400,9.255215909791355e-5,train_fit_end_to_end
Vince Biegel,Rusher,0.031576837575682894,0.059166071988107624,-0.054080321488173315,-0.013868723038187914,0.01702813794333274,0.06633948646871657,0.18845874941211788,1005.6059983270719,10.277553112746139,400,9.255215909791355e-5,train_fit_end_to_end
Rashaad Coward,Blocker,0.03149073947419406,0.03462532058315787,0,0,0.03838210868283966,0.043355791360538395,0.12067617259701122,1005.5910415549204,6.013057715578903,400,9.255215909791355e-5,train_fit_end_to_end
Ted Karras,Blocker,0.03109805195279585,0.08880558375976945,-0.13574311077487963,-0.029934071151316688,0.02829995769413577,0.08091079901390028,0.22399248302663685,1005.5228247454581,15.432387546356432,400,9.255215909791355e-5,train_fit_end_to_end
Carlos Dunlap,Rusher,0.030879737371621422,0.11404039695996389,-0.19681480682215344,-0.043858990431610734,0.03213754673845049,0.10001526789496147,0.26406985668201877,1005.4848996182889,19.803210812596696,400,9.255215909791355e-5,train_fit_end_to_end
Josh Myers,Blocker,0.030447101245874488,0.08833319628621479,-0.14091671881329038,-0.02437610697911034,0.02671850032704636,0.0925684501982741,0.20091348707470863,1005.4097430254553,15.348576193358337,400,9.255215909791355e-5,train_fit_end_to_end
Jarran Reed,Rusher,0.030264075590249368,0.10696751591468624,-0.1768989995179401,-0.038692634441389394,0.02955333641399401,0.10827754998595533,0.23949255529326988,1005.3779482125415,18.582422761040146,400,9.255215909791355e-5,train_fit_end_to_end
Germaine Pratt,Rusher,0.029719285779072364,0.14542357651385115,-0.26746007754685336,-0.07168765189162171,0.032762753409586565,0.13258780547708784,0.2975410567347025,1005.2833085290249,25.260867214311574,400,9.255215909791355e-5,train_fit_end_to_end
Jamin Davis,Rusher,0.02956412910509523,0.15935903260663958,-0.27073096440261013,-0.07595317272145231,0.021888429141388506,0.14512668705169818,0.3205700868838241,1005.2563550540895,27.67819960686466,400,9.255215909791355e-5,train_fit_end_to_end
Danny Shelton,Rusher,0.02901405379075452,0.122625950655792,-0.2294403810473238,-0.06242486658795324,0.027726798903818954,0.11051321697116602,0.2580511206024497,1005.1607971846297,21.30004085093495,400,9.255215909791355e-5,train_fit_end_to_end
Ben Bredeson,Blocker,0.02862135575123193,0.14451424825127668,-0.21164859342268152,-0.07686122899850345,0.013159563928557702,0.13132918953935108,0.35037563771611857,1005.0925785479822,25.10474204835735,400,9.255215909791355e-5,train_fit_end_to_end
Braxton Hoyett,Rusher,0.027595143860316394,0.031020133270634728,0,0,0.019261461804977478,0.0507887265342258,0.09772556164293678,1004.914307283387,5.389756068264598,400,9.255215909791355e-5,train_fit_end_to_end
Daron Payne,Rusher,0.02736832955434314,0.0671425543325822,-0.09111647969537175,-0.018645842199323727,0.0225382280091618,0.07126473195192835,0.15023140050275294,1004.8749056027865,11.65892220625816,400,9.255215909791355e-5,train_fit_end_to_end
Josey Jewell,Rusher,0.027304619148693587,0.028641554827881697,-0.002807646783897784,0,0.028613597259534003,0.038703722027109345,0.09245212101063485,1004.8638379717412,4.979869068439404,400,9.255215909791355e-5,train_fit_end_to_end
Eric Banks,Rusher,0.02689594638830549,0.08328098011685237,-0.1074042407080551,-0.04514584110665332,0.005975864943902457,0.08691042477011343,0.19644722807254872,1004.7928442418449,14.465256375836061,400,9.255215909791355e-5,train_fit_end_to_end
Nick Bosa,Rusher,0.026508872230937272,0.09557951681260604,-0.15276390795963704,-0.04194893466517406,0.028323264842439876,0.09014120233826367,0.20720120720738447,1004.7256025735919,16.6090661304076,400,9.255215909791355e-5,train_fit_end_to_end
Lester Cotton Sr.,Blocker,0.02613613501036798,0.0284048319891534,0,0,0.028284579285589098,0.03494532631608623,0.09855836725579811,1004.6608514863547,4.9406188658611905,400,9.255215909791355e-5,train_fit_end_to_end
Quinton Jefferson,Rusher,0.025584283129348455,0.09742161162716415,-0.1608420159062178,-0.04225909217224575,0.0296784998779245,0.09186750398379982,0.21921437917904973,1004.5649849956528,16.924980369740325,400,9.255215909791355e-5,train_fit_end_to_end
Steve Mclendon,Rusher,0.025494190657622016,0.12362613587404794,-0.23698650990702094,-0.0537632501425925,0.03480115927093721,0.1199445903736488,0.2305091207273111,1004.5493343303201,21.480105379515795,400,9.255215909791355e-5,train_fit_end_to_end
Justin Houston,Rusher,0.025219702817198705,0.15397480063593405,-0.3110633002862382,-0.06657289837256794,0.020366715177894935,0.12683103339036783,0.3247321454238928,1004.5016509085419,26.749434751440536,400,9.255215909791355e-5,train_fit_end_to_end
P.J. Williams,Rusher,0.024873335368666406,0.11976483222280594,-0.1889380305956744,-0.06170193422075823,0.019289430531255737,0.10137787178151249,0.2579087952891462,1004.4414807198985,20.795339322068372,400,9.255215909791355e-5,train_fit_end_to_end
Michael Dogbe,Rusher,0.024716588425420807,0.18616579913269213,-0.3340095740723797,-0.0975983143266298,0.013703769378742308,0.15013736708223724,0.3997217002748568,1004.4142509868958,32.33941760382932,400,9.255215909791355e-5,train_fit_end_to_end
Shaka Toney,Rusher,0.02446375118549985,0.16465918670313848,-0.2967956259458079,-0.08344508395870759,0.01963890402922134,0.13714727442529961,0.3376061721585648,1004.3703286596489,28.601946575445947,400,9.255215909791355e-5,train_fit_end_to_end
Jaryd Jones-Smith,Blocker,0.024158560824573384,0.027552544818295974,0,0,0.030137788280033346,0.036033306383303404,0.09321764806044508,1004.3173116637766,4.785132751478961,400,9.255215909791355e-5,train_fit_end_to_end
Christian Elliss,Rusher,0.02384711552955505,0.025849431066183523,0,0,0.02620942519423744,0.033198825966165454,0.08753252797347613,1004.2632080745602,4.495973890625814,400,9.255215909791355e-5,train_fit_end_to_end
Ty Summers,Rusher,0.02374453387074353,0.03465361844002951,-0.01868154607414797,-0.0024153680536493803,0.01876777579184908,0.04066261237017445,0.10253532707322807,1004.2453878152137,6.022585832655321,400,9.255215909791355e-5,train_fit_end_to_end
Freedom Akinmoladun,Rusher,0.023647314926682893,0.024719302949424676,0,0,0.021692352050396792,0.04219262292505474,0.07758167900860038,1004.2284991548369,4.293581097664275,400,9.255215909791355e-5,train_fit_end_to_end
La'Darius Hamilton,Rusher,0.023541625177822403,0.025371730512345494,0,0,0.029419448772893108,0.03577700449494308,0.07978970922800671,1004.2101389649473,4.404550484304203,400,9.255215909791355e-5,train_fit_end_to_end
Teair Tart,Rusher,0.02290822324643069,0.12770253541296256,-0.24306840402605207,-0.058324336621408526,0.024809985525663387,0.11046413938090408,0.24104098783428474,1004.1001057794953,22.181671409806565,400,9.255215909791355e-5,train_fit_end_to_end
Trey Hill,Blocker,0.022306229919811894,0.10342917593545867,-0.16341695088749192,-0.04958306397668009,0.022546850583980534,0.09113548525426485,0.2309380775439451,1003.995528827538,17.971244116483103,400,9.255215909791355e-5,train_fit_end_to_end
Scott Daly,Blocker,0.022220471581723928,0.024849840596241502,0,0,0.02661455624749883,0.03325146019035479,0.08376250135539591,1003.9806310783345,4.314498578606411,400,9.255215909791355e-5,train_fit_end_to_end
Austin Schlottmann,Blocker,0.021747561695847736,0.09731419877112359,-0.16607095085572895,-0.013763894878576495,0,0.10635746102592855,0.18253663473400517,1003.8984782167851,16.90328295066364,400,9.255215909791355e-5,train_fit_end_to_end
T.Y. Mcgill,Rusher,0.02164540623875844,0.08416580136463692,-0.1306579914396034,-0.04723898399019242,0,0.09791378958150465,0.18049414592380694,1003.880731996261,14.619827313047185,400,9.255215909791355e-5,train_fit_end_to_end
David Steinmetz,Blocker,0.020958646256468507,0.023786305082392944,0,0,0.024205056604935382,0.027391971787879364,0.07963816649691326,1003.7614295679808,4.129973562871921,400,9.255215909791355e-5,train_fit_end_to_end
Myles Jack,Rusher,0.020854386159214987,0.10436892250424457,-0.1716295483944735,-0.04878253687658482,0.01925851680369904,0.09194642263436065,0.23144185842759132,1003.7433177340129,18.134339373894633,400,9.255215909791355e-5,train_fit_end_to_end
D.J. Reader,Rusher,0.020726584107584014,0.10011712461054979,-0.1669794919780602,-0.051243547271314596,0.019600687343190086,0.08876968891771243,0.2135478915520491,1003.7211162436931,17.39668354118933,400,9.255215909791355e-5,train_fit_end_to_end
Cameron Tom,Blocker,0.0206161844808263,0.022337887511561804,0,0,0.023979290883508433,0.027420353518756234,0.07454748937244697,1003.7019378642111,3.8773152077394513,400,9.255215909791355e-5,train_fit_end_to_end
Jack Conklin,Blocker,0.020301802034965368,0.07574305753210141,-0.12642424161613158,-0.03173788701682646,0.021035085917054677,0.0753955140697563,0.15264612347015247,1003.6473240396333,13.158374594968516,400,9.255215909791355e-5,train_fit_end_to_end
Jimmy Morrissey,Blocker,0.02004681407649315,0.14239963463921537,-0.24160405430834572,-0.07840383785005192,0.02069982844798826,0.12402347235460637,0.2839916303084007,1003.6030280943068,24.740414890627036,400,9.255215909791355e-5,train_fit_end_to_end
Ryan Kerrigan,Rusher,0.019480798494414902,0.1510259806621406,-0.30417132221338233,-0.08097996343282585,0.02572986113462236,0.12773636028538418,0.2995208970391326,1003.5047011167196,26.23447206429203,400,9.255215909791355e-5,train_fit_end_to_end
Jordan Evans,Rusher,0.01944882469901917,0.06626763577564389,-0.1153083413620863,-0.018510153259412944,0.018877689531719463,0.06346111016740402,0.15800666420602372,1003.4991466995573,11.513606211206714,400,9.255215909791355e-5,train_fit_end_to_end
Brian O'Neill,Blocker,0.01941225717285261,0.06995531513510966,-0.12328187278048029,-0.026215184031899468,0.021028779756991196,0.06948048513949882,0.14964105429649635,1003.4927942696248,12.154894556705365,400,9.255215909791355e-5,train_fit_end_to_end
Ben Niemann,Rusher,0.018963616519480322,0.15146772202780354,-0.2860684963135646,-0.0872400708105947,0.020341331091405894,0.14048487807214416,0.2820329658480609,1003.414857405578,26.311756203539336,400,9.255215909791355e-5,train_fit_end_to_end
Jake Brendel,Blocker,0.018788392747546817,0.017656352445780316,-3.089314325963016e-4,0.002172128018473688,0.019286656333836805,0.02509476416590769,0.0613098990157847,1003.3844179186784,3.068290575035307,400,9.255215909791355e-5,train_fit_end_to_end
John Franklin-Myers,Rusher,0.018365822596536956,0.13258090918911053,-0.24635516313282788,-0.06391206125269945,0.020278771457351286,0.1058219880370323,0.27925103049274874,1003.3110099647582,23.031031369573533,400,9.255215909791355e-5,train_fit_end_to_end
Akeem Davis-Gaither,Rusher,0.01798601838561125,0.08777278684324115,-0.15327209789589008,-0.042530939740927906,0.022383953463634736,0.07676218630221181,0.19049466555143318,1003.2450312155547,15.245026846533639,400,9.255215909791355e-5,train_fit_end_to_end
Neville Gallimore,Rusher,0.01796803455426212,0.11710059112555263,-0.21057816651382488,-0.05764533787926958,0.013813865508258562,0.09740995823529415,0.23186591750218116,1003.2419071040674,20.341905763896456,400,9.255215909791355e-5,train_fit_end_to_end
Deonte Brown,Blocker,0.0178186754143677,0.09686215103884843,-0.18236595088376076,-0.06146014223822988,0,0.08995141021005035,0.2032834193044966,1003.2159607639562,16.824989864053936,400,9.255215909791355e-5,train_fit_end_to_end
Coleman Shelton,Blocker,0.016949931938604015,0.0773456162378193,-0.14647241933505192,-0.032454990823604445,0.02425614894693741,0.07247258738587609,0.15568612446917546,1003.0650445648707,13.438631008374282,400,9.255215909791355e-5,train_fit_end_to_end
Sean Harlow,Blocker,0.01689831070485696,0.07197443338853668,-0.1245828218963268,-0.031100670406954578,0.02110614527182174,0.06584514085171365,0.1545259642139229,1003.0560770380846,12.50350117299145,400,9.255215909791355e-5,train_fit_end_to_end
Ogbonnia Okoronkwo,Rusher,0.016710404836077976,0.17651470561672003,-0.3142717005185198,-0.10819733889642102,0.021954683364986412,0.13631376039937154,0.36312067259581454,1003.0234344453135,30.66637716101869,400,9.255215909791355e-5,train_fit_end_to_end
Ben Bartch,Blocker,0.016370584834658756,0.07624870720769152,-0.13225523031260633,-0.034520921201981275,0.01914537219493876,0.06699795676282724,0.16175329306344166,1002.9644016647308,13.24437220523547,400,9.255215909791355e-5,train_fit_end_to_end
Justin Lawler,Rusher,0.016214749325138084,0.09503864436623169,-0.15256821292278094,-0.05602907654281017,0,0.07844470402591527,0.22455688497953516,1002.937330263983,16.508583160936205,400,9.255215909791355e-5,train_fit_end_to_end
Harvey Langi,Rusher,0.016166644890126026,0.017313304522014582,0,0,0.016551597378034102,0.02356244775155573,0.061057450232254964,1002.9289736677107,3.0034038935308085,400,9.255215909791355e-5,train_fit_end_to_end
Austin Jackson,Blocker,0.01581897115528703,0.08563861661490652,-0.14681320508435103,-0.03880584576058813,0.017186453182785465,0.0736898259419769,0.18157381883156676,1002.8685765538934,14.882543422440948,400,9.255215909791355e-5,train_fit_end_to_end
Nick Vigil,Rusher,0.014970141613315566,0.17207373363885378,-0.300579369643765,-0.103531835419821,0.007188705932363497,0.1345941135310151,0.33887953189831027,1002.7211197594314,29.889198815703214,400,9.255215909791355e-5,train_fit_end_to_end
Brian Burns,Rusher,0.014601636283405885,0.10640534905707374,-0.19426038689706948,-0.06089166419642436,0.020050269024154996,0.09285204562129463,0.20433614489803759,1002.6571038268988,18.490196389904835,400,9.255215909791355e-5,train_fit_end_to_end
Charles Harris,Rusher,0.014593157368516713,0.1035570161934136,-0.1932015939844857,-0.05295629455126471,0.012817637798861511,0.08273991815912532,0.22765832159795243,1002.6556308885192,17.988444148467728,400,9.255215909791355e-5,train_fit_end_to_end
Nick Kwiatkoski,Rusher,0.014429528648632756,0.03982434634319744,-0.049370987483239794,-0.018936016032455583,0,0.043116960586394776,0.10842676133144524,1002.6272056684686,6.921255269811849,400,9.255215909791355e-5,train_fit_end_to_end
Bradlee Anae,Rusher,0.014426374741669197,0.03724922742264541,-0.053943173208766744,-0.0075330031416968105,0,0.04068433881246035,0.08621166618943418,1002.6266577787123,6.476141229294654,400,9.255215909791355e-5,train_fit_end_to_end
Derek Barnett,Rusher,0.013938781703820718,0.11601220745506141,-0.20400225319640491,-0.06532773500402086,0.010639110260804368,0.08448670651103914,0.25187584171793415,1002.5419541924115,20.15335535697661,400,9.255215909791355e-5,train_fit_end_to_end
Kristian Welch,Rusher,0.013353465855782305,0.1182500182821928,-0.1783515651346234,-0.06896997735007993,0,0.08504122427430554,0.2635770957856047,1002.4402744152221,20.54933863300544,400,9.255215909791355e-5,train_fit_end_to_end
Carlos Basham Jr.,Rusher,0.013273518699556631,0.16134380206074445,-0.2580835022472478,-0.1258016074799423,0,0.12731520147649758,0.3710737203663159,1002.426386171705,28.027715144489385,400,9.255215909791355e-5,train_fit_end_to_end
Christian Barmore,Rusher,0.012642321252491031,0.08298901676725137,-0.1401151962489777,-0.0468221741864255,0.013108261531756316,0.06840488932823521,0.16994200094681022,1002.3167359444042,14.419148544050026,400,9.255215909791355e-5,train_fit_end_to_end
Charles Omenihu,Rusher,0.012445883136865158,0.13449353744115,-0.25061339368762564,-0.08031862112608837,0.009648744770113751,0.10471288584668316,0.2661777540328541,1002.2826111485435,23.36818246098756,400,9.255215909791355e-5,train_fit_end_to_end
Marcus Allen,Rusher,0.01241593039521302,0.071353089749416,-0.08886843110206963,-0.042229929749660854,0,0.050512145768789596,0.1780393663590879,1002.2774078243765,12.390152409569275,400,9.255215909791355e-5,train_fit_end_to_end
Neville Hewitt,Rusher,0.012356922709304764,0.1770687667671682,-0.31917101138073883,-0.12262316995604064,0.0107345327498091,0.13584212808651125,0.3706593603988559,1002.2671571394246,30.75845709070075,400,9.255215909791355e-5,train_fit_end_to_end
Patrick Johnson,Rusher,0.011855628703308398,0.057830126825594894,-0.08988439235912951,-0.025365526641219886,0.010856452687641474,0.04747209363341398,0.12967216739725027,1002.1800734511785,10.053141470259698,400,9.255215909791355e-5,train_fit_end_to_end
Andrew Billings,Rusher,0.011539331109987755,0.10596062953620722,-0.18940377460660346,-0.06682527007376775,0.013379638838653621,0.08441818044684024,0.20518299853388722,1002.125126931411,18.409711012207374,400,9.255215909791355e-5,train_fit_end_to_end
Leki Fotu,Rusher,0.011451231607474945,0.11484210872318237,-0.20193337332655237,-0.06882147863229124,0.009208017006981473,0.08474802462082592,0.2393011346441204,1002.1098224802912,19.951711144992984,400,9.255215909791355e-5,train_fit_end_to_end
Brady Christensen,Blocker,0.011063579873441157,0.1409455828396316,-0.23711591688675626,-0.0900058536023018,0.006655269293318352,0.1000467932171223,0.30294388866664573,1002.0424804766948,24.488096843339715,400,9.255215909791355e-5,train_fit_end_to_end
Justin Murray,Blocker,0.01039829205003812,0.17669880146902836,-0.3070877593405989,-0.12952846506600266,0,0.17951677977817002,0.31992917944878696,1001.9269081444622,30.69253499207908,400,9.255215909791355e-5,train_fit_end_to_end
Trent Scott,Blocker,0.00985559738755514,0.1629264180063607,-0.3531359085070944,-0.09877024013253903,0.016115511145272134,0.13879874976912185,0.29107938034236175,1001.8326324255523,28.306934284053945,400,9.255215909791355e-5,train_fit_end_to_end
Travin Howard,Rusher,0.008994036857132907,0.11004233230700422,-0.18069665151373737,-0.07363020391135516,0.0027014882503517885,0.0905494094174254,0.23777186405793718,1001.6829640318771,19.11451520320588,400,9.255215909791355e-5,train_fit_end_to_end
Jermaine Eluemunor,Blocker,0.006698323736418771,0.06186611395000874,-0.1078516274063121,-0.036717959571447134,6.396562951588142e-4,0.05111174513900721,0.1324671691122821,1001.2841578157335,10.751035693279666,400,9.255215909791355e-5,train_fit_end_to_end
Jacob Phillips,Rusher,0.006692475237781042,0.12757449099483073,-0.25327032300475566,-0.0836393638596456,0.0019780236577541304,0.10446484974679698,0.22207487004666218,1001.2831418274592,22.16684409714888,400,9.255215909791355e-5,train_fit_end_to_end
Dennis Gardeck,Rusher,0.0066484854407095504,0.12648190934797324,-0.23061674418139808,-0.07061570327299134,0.014955019386556793,0.09145743330321865,0.23806175398985624,1001.2755000170079,21.967080838631407,400,9.255215909791355e-5,train_fit_end_to_end
Quinn Bailey,Blocker,0.006307259327915415,0.027139123571827278,-0.04828649696522229,-0.0065294923803004366,0,0.024293578667349523,0.05748188089422441,1001.2162229698608,4.7177067407549576,400,9.255215909791355e-5,train_fit_end_to_end
Kendall Lamm,Blocker,0.006197114654056236,0.117842161949361,-0.2188560161032663,-0.07957782190959048,3.8936688655058624e-4,0.09971146966541458,0.2208097570363905,1001.1970888802335,20.474505557710945,400,9.255215909791355e-5,train_fit_end_to_end
Danny Pinter,Blocker,0.0054976303656553574,0.07438720592666663,-0.11688082276658686,-0.04004030855378956,-4.949510944330027e-4,0.048430076372565155,0.18046562550864867,1001.0755760135813,12.92429189068138,400,9.255215909791355e-5,train_fit_end_to_end
Jc Tretter,Blocker,0.0048487260801522054,0.019778259936773637,-0.033751150024065736,0,0,0.011717760440047291,0.04885918736897688,1000.9628497933904,3.4366780582258603,400,9.255215909791355e-5,train_fit_end_to_end
Royce Newman,Blocker,0.004538248414842378,0.07868964882857879,-0.1665864443359399,-0.03905815293257758,0.007716230830541208,0.05817675977011749,0.132852218258411,1000.9089142986711,13.676667173810799,400,9.255215909791355e-5,train_fit_end_to_end
A.J. Epenesa,Rusher,0.004019976261169493,0.13579025250470864,-0.27577716899188837,-0.08339251168469908,0.011359179588399299,0.10327464214343592,0.23251266040459176,1000.8188812040854,23.59209604961095,400,9.255215909791355e-5,train_fit_end_to_end
Rashad Weaver,Rusher,0.003985509678056902,0.0067882969769045365,-0.0024064355816069785,0,1.8477701610202424e-4,0.007589527989255873,0.020772732028099015,1000.812893745343,1.1773505179446055,400,9.255215909791355e-5,train_fit_end_to_end
Ryan Bates,Blocker,0.0036012833673419015,0.11649730809314161,-0.22799470016052656,-0.07072595393387288,0.013284977344609218,0.08771307911701394,0.2124734118016204,1000.7461467987248,20.23960246999282,400,9.255215909791355e-5,train_fit_end_to_end
Sam Kamara,Rusher,0.002644432272820369,0.0903169555586561,-0.19241814228007448,-0.0557757866540639,0.012858312754963162,0.058666638054666376,0.16351119593002705,1000.5799247385833,15.686409962087806,400,9.255215909791355e-5,train_fit_end_to_end
Eric Wilson,Rusher,0.0022850230499754775,0.171369159445862,-0.3355782927426793,-0.11091240441739572,-0.0022585475899124857,0.11908853317765007,0.3199245923638196,1000.5174889616926,29.765790586461485,400,9.255215909791355e-5,train_fit_end_to_end
Greg Gaines,Rusher,3.074881337757685e-4,0.0716112463594175,-0.12826963678320424,-0.0462992003705867,-0.0013152840273115253,0.04341623046031634,0.1443087685814587,1000.173955960942,12.439254617339273,400,9.255215909791355e-5,train_fit_end_to_end
Will Bradley-King,Rusher,2.7217707912969484e-4,0.12649301340694644,-0.19344342751681665,-0.09198866968792765,0,0.08430697743089306,0.27306943032317105,1000.1678218024688,21.972814663292414,400,9.255215909791355e-5,train_fit_end_to_end
Justin Zimmer,Rusher,-8.672222599910457e-4,0.12391548972439828,-0.2534651878138263,-0.08443107801768915,0.011822014975582572,0.10065484411299502,0.20132081274955332,999.9698878642031,21.527902829520077,400,9.255215909791355e-5,train_fit_end_to_end
Kevin Strong,Rusher,-0.001282016411213723,0.1301563478285392,-0.22955682236096864,-0.08783275586916683,-4.6727485062355976e-4,0.07427125649150378,0.2789630364542353,999.8978307398023,22.611433392072893,400,9.255215909791355e-5,train_fit_end_to_end
Blake Martinez,Rusher,-0.0012943409359420662,0.08275427093239875,-0.15988347772458983,-0.06041605569980822,0,0.06899043805544926,0.15324112444136795,999.8956897505698,14.375513945453683,400,9.255215909791355e-5,train_fit_end_to_end
Keaton Sutherland,Blocker,-0.0026921397342524315,0.009729628514420467,-0.031265346807062916,-0.005031750182236202,0,0,0.015068346834865895,999.6528672286029,1.6910569347966034,400,9.255215909791355e-5,train_fit_end_to_end
Jerry Tillery,Rusher,-0.0027758058506553275,0.09298385112589641,-0.21999905943041206,-0.05742874890414043,0.00951445226763159,0.06508720621098993,0.15557645702135123,999.6383329355324,16.153918738427542,400,9.255215909791355e-5,train_fit_end_to_end
Ross Blacklock,Rusher,-0.0028096292863667525,0.08362481224093346,-0.17759371562505458,-0.0626612622061113,2.315564528812457e-4,0.051670494382416186,0.16545036184018186,999.6324572029371,14.524942571561683,400,9.255215909791355e-5,train_fit_end_to_end
Forrest Merrill,Rusher,-0.003606366837336512,0.12178377365985604,-0.24019444009066776,-0.08773267186859422,0,0.0783794133889027,0.2220346824084695,999.4940497141725,21.15960868240409,400,9.255215909791355e-5,train_fit_end_to_end
Justin Mccray,Blocker,-0.003920234979358318,0.0692410346604605,-0.13934076601291404,-0.05505574232435377,-0.0024667188733315465,0.04137654897622129,0.12608712343470704,999.4395252333225,12.030268390121178,400,9.255215909791355e-5,train_fit_end_to_end
Jason Peters,Blocker,-0.003958158530539525,0.08506275422689759,-0.17272919199933695,-0.062384992193701055,-0.006822633199043604,0.05633955992437577,0.16488698270092852,999.4329372377175,14.777440975275605,400,9.255215909791355e-5,train_fit_end_to_end
Austin Corbett,Blocker,-0.004359927351713065,0.1072767132104379,-0.21714476157153448,-0.07439614657018087,0.003052000410675109,0.0672393610253442,0.18508527866433852,999.363142844903,18.637420071779147,400,9.255215909791355e-5,train_fit_end_to_end
Curtis Weaver,Rusher,-0.004736083377398519,0.0065704079600846475,-0.022953976140563655,-0.00795304794989184,0,0,0,999.297797850387,1.1396554592697248,400,9.255215909791355e-5,train_fit_end_to_end
Jason Spriggs,Blocker,-0.004837879901983569,0.13689107365703218,-0.3086102328381831,-0.08746941172889808,0.01112139235565286,0.0937211153003844,0.20451605715256452,999.2801139828254,23.77565067350824,400,9.255215909791355e-5,train_fit_end_to_end
Jordan Elliott,Rusher,-0.004977138377368635,0.11788103330917638,-0.22986768039458313,-0.09705040632197884,-9.564793578809447e-4,0.08046360143357452,0.21219799446120785,999.2559223078581,20.481264686678053,400,9.255215909791355e-5,train_fit_end_to_end
Marvin Wilson,Rusher,-0.005099795512437076,0.012152656981693277,-0.0366225261342785,-0.010125938389264944,0,0,0.014723197656688522,999.2346145810876,2.1157337661046323,400,9.255215909791355e-5,train_fit_end_to_end
Anthony Levine Sr.,Rusher,-0.005391239185981144,0.025510358855756594,-0.05722725023048112,-0.025057253728638033,0,0.01425667381075763,0.03626154953833788,999.1839856294054,4.429923119233612,400,9.255215909791355e-5,train_fit_end_to_end
Devon Kennard,Rusher,-0.005489435451920941,0.1482076591890973,-0.32128417722853836,-0.10055177728376583,-0.0022201484081908356,0.0924621675052989,0.2649521584087967,999.1669271908288,25.747638141977344,400,9.255215909791355e-5,train_fit_end_to_end
Josh Jones,Blocker,-0.007776452989235691,0.09094347426215361,-0.1806444627696608,-0.0653735066927054,-0.010616401809262651,0.04463240500223226,0.19036038847033537,998.7696315522402,15.798534591903094,400,9.255215909791355e-5,train_fit_end_to_end
Andrew Thomas,Blocker,-0.008091609944365353,0.09286604981635575,-0.17560510728745607,-0.07363478905940977,-0.0160395535793566,0.051589465485035846,0.17770233965433602,998.7148831816216,16.13442471425336,400,9.255215909791355e-5,train_fit_end_to_end
Bravvion Roy,Rusher,-0.008743047524789315,0.1082464558228135,-0.22490635894860692,-0.08081079188746923,-0.01276549268615684,0.06469084437891486,0.20632942467324283,998.6017168830286,18.8157891340455,400,9.255215909791355e-5,train_fit_end_to_end
Andrew Brown,Rusher,-0.009060314837304075,0.03289144313683301,-0.07115704894863788,-0.0340315167788983,0,0.01513197114911669,0.04757443710226901,998.5466019057833,5.719230894775493,400,9.255215909791355e-5,train_fit_end_to_end
Daelin Hayes,Rusher,-0.009214604946436928,0.011630978819441544,-0.03505510036865456,-0.013493481648996785,-0.007765698701023613,0,0,998.5197989685798,2.0216349527529003,400,9.255215909791355e-5,train_fit_end_to_end
Robert Spillane,Rusher,-0.009643433941032927,0.1668554619788603,-0.3524225556698649,-0.12170375849112923,-0.010211716126329554,0.09185840403900186,0.29455564418412983,998.4453037421665,28.98245205357228,400,9.255215909791355e-5,train_fit_end_to_end
Kenny Young,Rusher,-0.01086801732125539,0.1823771990945121,-0.3582497671653361,-0.13955852809199132,-0.0034214291413513743,0.10714556441084591,0.34687088635947994,998.2325718203022,31.683611685635125,400,9.255215909791355e-5,train_fit_end_to_end
Antwaun Woods,Rusher,-0.010877636566102866,0.1046157708164597,-0.1926602898839679,-0.09074747461093123,-0.005085730000520084,0.06171295766024216,0.20114256859407276,998.2309007863192,18.175777278226953,400,9.255215909791355e-5,train_fit_end_to_end
Trevis Gipson,Rusher,-0.01198146250015996,0.11732842653922221,-0.24484956269010155,-0.09020019143472421,-0.006876987620821217,0.06541788843079314,0.20619289357428455,998.0391465814621,20.38306045775383,400,9.255215909791355e-5,train_fit_end_to_end
Chris Lindstrom,Blocker,-0.012359693397286684,0.09702873129388676,-0.2048117090633035,-0.0730109403365954,-0.007112435678122975,0.05766289862640893,0.16532152057452998,997.9734411448592,16.85945584253534,400,9.255215909791355e-5,train_fit_end_to_end
Denzelle Good,Blocker,-0.012952742648522834,0.020010830938449516,-0.061314777590178116,-0.025783418524130235,0,0,0.011592366247351212,997.8704179379356,3.4776558476143333,400,9.255215909791355e-5,train_fit_end_to_end
Will Richardson Jr.,Blocker,-0.012970760564380764,0.1478622678104229,-0.2483972825526165,-0.1326373712470085,-0.03514224863387844,0.08651518088229651,0.3008102809935416,997.8672879053627,25.68606328809522,400,9.255215909791355e-5,train_fit_end_to_end
Patrick Jones II,Rusher,-0.013313461368662967,0.08563587005719965,-0.18021046524430231,-0.07104961415474365,-0.014707314012060702,0.049981627023823035,0.14492666820859984,997.8077546780652,14.874867915813919,400,9.255215909791355e-5,train_fit_end_to_end
Billy Price,Blocker,-0.013640370535572573,0.11702352415024385,-0.23441256432994173,-0.09613719308956602,-0.015127086470839317,0.062370574036472226,0.20529311490659075,997.7509647391562,20.337537034426337,400,9.255215909791355e-5,train_fit_end_to_end
DeAngelo Malone,Rusher,-0.01408934597412989,0.014951831763326286,-0.04837123816473821,-0.019770612933236304,-0.016490972391261745,0,0,997.672969716966,2.6032386764421975,400,9.255215909791355e-5,train_fit_end_to_end
Samuel Eguavoen,Rusher,-0.014194082978803143,0.01624846870615113,-0.05569299237278996,-0.019831384523120443,-0.018821675526459282,0,0,997.6547750356938,2.823131915984363,400,9.255215909791355e-5,train_fit_end_to_end
Jabril Cox,Rusher,-0.015084755321379885,0.015964009689561773,-0.053577458321336036,-0.022577362905924866,-0.016188890660109402,0,0,997.5000494022678,2.773577790782228,400,9.255215909791355e-5,train_fit_end_to_end
Justin Strnad,Rusher,-0.015460011116926237,0.08869613514341149,-0.1720553935160374,-0.07675924245602482,-0.019343501613728838,0.046965100164459955,0.16637961617438216,997.4348607937446,15.406574633328832,400,9.255215909791355e-5,train_fit_end_to_end
Zach Banner,Blocker,-0.015614750256389823,0.060345785804664404,-0.15540536357291584,-0.056572128212812406,0,0.02349072576988176,0.08008608205584855,997.4079798519832,10.483924583428836,400,9.255215909791355e-5,train_fit_end_to_end
Andre Smith,Rusher,-0.01574279475858075,0.016894623874309355,-0.0561288004146435,-0.020755540148464216,-0.018861162547000522,0,0,997.3857362436873,2.937232473101799,400,9.255215909791355e-5,train_fit_end_to_end
Germain Ifedi,Blocker,-0.016226768371421348,0.14163071025191468,-0.2687270499936627,-0.11856599499493402,-0.02126574903887346,0.07950810277513179,0.24959652830893134,997.30166141591,24.60366290938322,400,9.255215909791355e-5,train_fit_end_to_end
Logan Stenberg,Blocker,-0.017377062352900416,0.03837397879763064,-0.09179453741999358,-0.04158186589908439,-0.007344116152590419,0.016611283114165206,0.03803249761182252,997.1018348844208,6.667365666463003,400,9.255215909791355e-5,train_fit_end_to_end
Akiem Hicks,Rusher,-0.017697138691964386,0.16515271624501635,-0.32560135836861137,-0.1407552577568922,-0.009703943209650017,0.10693858089251312,0.27941171113746355,997.0462319292835,28.69299290995848,400,9.255215909791355e-5,train_fit_end_to_end
Nate Orchard,Rusher,-0.017997689948941308,0.02033072622262614,-0.06663607312469229,-0.023816300214401967,-0.021045259791562368,0,0,996.9940208283099,3.534928779781256,400,9.255215909791355e-5,train_fit_end_to_end
Nick Thurman,Rusher,-0.01839646730105133,0.021746655475152095,-0.06348556052822173,-0.03334924540033342,-0.012688505859595921,0,0,996.924746106898,3.77625116764425,400,9.255215909791355e-5,train_fit_end_to_end
Tyrell Adams,Rusher,-0.01852777299846466,0.0198679566262135,-0.06461455481870668,-0.0254986450893092,-0.02231865523572151,0,0,996.9019359709665,3.4558735469519086,400,9.255215909791355e-5,train_fit_end_to_end
Nate Herbig,Blocker,-0.018799423553424906,0.10885873665754284,-0.23276278797449654,-0.09460207610328544,-0.017160733595919797,0.05544605459267201,0.2025140898227285,996.8547454361563,18.915225671174092,400,9.255215909791355e-5,train_fit_end_to_end
Yosh Nijman,Blocker,-0.01922948714723973,0.14651830135614244,-0.32280486129810276,-0.11429821039402127,-0.013775576574840485,0.07459262984252428,0.27831421730664796,996.7800357378919,25.461290731724226,400,9.255215909791355e-5,train_fit_end_to_end
Tim Ward,Rusher,-0.019350927890567124,0.13494135275183394,-0.28178586710399156,-0.11406057244975729,-0.01468227259614862,0.07798491749234382,0.220695357908882,996.7589393200097,23.445666667723025,400,9.255215909791355e-5,train_fit_end_to_end
Khalil Davis,Rusher,-0.019644861048988313,0.020854423804578706,-0.0719385039551576,-0.032692996915171635,-0.020659739336068753,0,0,996.7078779005095,3.621577088629884,400,9.255215909791355e-5,train_fit_end_to_end
Pita Taumoepenu,Rusher,-0.01973170523455767,0.021871177092508808,-0.07446930579336862,-0.02686912657378014,-0.024027022932765558,0,0,996.6927915202782,3.8007779563782798,400,9.255215909791355e-5,train_fit_end_to_end
Armon Watts,Rusher,-0.02015857173299826,0.09321944107223108,-0.19688547027430497,-0.08316836415462854,-0.02016338925725113,0.04367061819578544,0.16826538969588498,996.6186372143654,16.198093483744373,400,9.255215909791355e-5,train_fit_end_to_end
Dennis Kelly,Blocker,-0.020319278559977068,0.12353925002546874,-0.272827239076103,-0.10320694609040264,-0.023837437513027037,0.06144684999465631,0.2258066109947845,996.590719579101,21.46390148093975,400,9.255215909791355e-5,train_fit_end_to_end
Brandon Parker,Blocker,-0.02132785065239152,0.10505202491206313,-0.20731490250084184,-0.0884494285543663,-0.03290783012145357,0.045448249880541525,0.20313846227802623,996.415512661366,18.250401308812236,400,9.255215909791355e-5,train_fit_end_to_end
Jonathan Bullard,Rusher,-0.021565028885833545,0.13053007092566515,-0.2767784447450288,-0.11379211937985298,-0.014654737097852078,0.07567935099311969,0.20738288113973996,996.3743105821615,22.672119454956324,400,9.255215909791355e-5,train_fit_end_to_end
Delontae Scott,Rusher,-0.0215898228533778,0.0246763725123578,-0.07976396608666565,-0.03589599716551226,-0.02022829275524074,0,0,996.370003428846,4.28969672663301,400,9.255215909791355e-5,train_fit_end_to_end
Jonathan Ledbetter,Rusher,-0.02169912305354444,0.02161767036564267,-0.0664912930715623,-0.03668519577754433,-0.025635588305720505,0,0,996.3510160393246,3.759019452083513,400,9.255215909791355e-5,train_fit_end_to_end
Kevin Pierre-Louis,Rusher,-0.022491323171158196,0.07375256998199027,-0.1823573568708623,-0.07251375217322936,-0.014714136774583712,0.03525508195114208,0.09968502060447222,996.2133967834675,12.807832281467036,400,9.255215909791355e-5,train_fit_end_to_end
Jashon Cornell,Rusher,-0.02299020385465566,0.025521267075513877,-0.07541147992513504,-0.03770589755292505,-0.024894675531011858,0,0,996.1267323322791,4.436871686326012,400,9.255215909791355e-5,train_fit_end_to_end
Senio Kelemete,Blocker,-0.023076228135336118,0.09799492260774371,-0.2281169732413585,-0.09360303947500147,-0.010206196502615509,0.05761425556869286,0.1319023020724356,996.1117883841154,17.022598253078627,400,9.255215909791355e-5,train_fit_end_to_end
De'Vondre Campbell,Rusher,-0.023100730367866747,0.21879648644420197,-0.45733187435469497,-0.1829785154233959,-0.016204494403319666,0.13337883927121294,0.3452919693053549,996.1075319103625,38.011787261039736,400,9.255215909791355e-5,train_fit_end_to_end
Darious Williams,Rusher,-0.023338985678137563,0.026044029823126525,-0.08974363882725035,-0.03362707509793265,-0.028919445848564533,0,0,996.0661427237485,4.526887967182631,400,9.255215909791355e-5,train_fit_end_to_end
Kelvin Beachum,Blocker,-0.023759709642354743,0.11040790864441101,-0.24213211076876537,-0.09409018461172394,-0.02286778757359472,0.04526268530780063,0.18601776130333822,995.9930554853229,19.181374613071288,400,9.255215909791355e-5,train_fit_end_to_end
Clay Johnston,Rusher,-0.02405197857006738,0.11199894433078027,-0.23334743060959032,-0.10629393945650836,-0.026477253440712823,0.0628819462103887,0.18519696384549114,995.942283172308,19.46044595806088,400,9.255215909791355e-5,train_fit_end_to_end
Andre Smith,Blocker,-0.02487949708877903,0.027708943394253525,-0.08872957975387075,-0.04366844530244224,-0.01989953985979962,0,0,995.7985284817682,4.817809605922422,400,9.255215909791355e-5,train_fit_end_to_end
Austin Faoliu,Rusher,-0.02491460538105504,0.02610615899957001,-0.07883826985877188,-0.04311951778452002,-0.02503886689998481,0,0,995.7924295467265,4.537735309702189,400,9.255215909791355e-5,train_fit_end_to_end
Pat Elflein,Blocker,-0.024935587150414888,0.11502085746990394,-0.2927781058658504,-0.09105098709050345,-0.021211852466257647,0.06681576960076274,0.15856266404545366,995.788784640065,19.97889951013816,400,9.255215909791355e-5,train_fit_end_to_end
A.J. Johnson,Rusher,-0.024999596321292634,0.030557996960782402,-0.10061370283811193,-0.04446695242018832,-0.012989767405153521,0,0.002024108681179184,995.7776651081837,5.306361901246295,400,9.255215909791355e-5,train_fit_end_to_end
Denico Autry,Rusher,-0.025025594770684653,0.10090762316669481,-0.22785554889218637,-0.09006167230488593,-0.021472205766265705,0.03904767224554223,0.17708830330136557,995.7731487149401,17.529088837458122,400,9.255215909791355e-5,train_fit_end_to_end
Elerson Smith,Rusher,-0.02544087064601178,0.05696789924877831,-0.14415287873351185,-0.06700104047024451,-0.02150759873054807,0.019794201251399045,0.06506109520036421,995.7010079064912,9.89646682871596,400,9.255215909791355e-5,train_fit_end_to_end
Eric Kendricks,Rusher,-0.02555624165859471,0.11152314534682507,-0.22373489769733124,-0.10676587947563526,-0.031423042858190045,0.047600528645985116,0.1987902343252123,995.6809659088367,19.37648964606609,400,9.255215909791355e-5,train_fit_end_to_end
Logan Wilson,Rusher,-0.02560244640431204,0.13907783858308553,-0.3083353256394705,-0.11637127062887605,-0.023433073987262187,0.06330379673842251,0.2448570441189815,995.6729393223956,24.15749042331253,400,9.255215909791355e-5,train_fit_end_to_end
Ben Braden,Blocker,-0.026533581089304637,0.029949184468875078,-0.07914502491610159,-0.03816246567309449,-0.03298768795075016,0,0,995.5111846601552,5.201262031030239,400,9.255215909791355e-5,train_fit_end_to_end
Bobby Brown III,Rusher,-0.02682267191127897,0.0964421390685997,-0.19332576654419442,-0.08692183847834473,-0.02817723516303932,0.03285820126225637,0.18191789535882028,995.4609644406543,16.756108541039648,400,9.255215909791355e-5,train_fit_end_to_end
Jalen Mayfield,Blocker,-0.027353296366993497,0.101841003199899,-0.21202436853969261,-0.09485495595888274,-0.024388458620174372,0.03242924144495898,0.18423254099696834,995.3687855314224,17.692711115477355,400,9.255215909791355e-5,train_fit_end_to_end
Keandre Jones,Rusher,-0.0276691564024652,0.03173631656770624,-0.10996288826152452,-0.0407149250688649,-0.03472495511745664,0,0,995.3139150232387,5.509715980140981,400,9.255215909791355e-5,train_fit_end_to_end
Dan Moore Jr.,Blocker,-0.027788505759660326,0.10634242441545748,-0.25099999633075976,-0.0923119353456987,-0.023387183320804257,0.04243140933193132,0.1762807076733066,995.2931819163393,18.469096948022447,400,9.255215909791355e-5,train_fit_end_to_end
Emmanuel Ellerbee,Rusher,-0.02865504923993713,0.033489906690226195,-0.11345235858859651,-0.040139062040834735,-0.036969782979945395,0,0,995.1426478956139,5.820795080156284,400,9.255215909791355e-5,train_fit_end_to_end
Shane Lemieux,Blocker,-0.028863924794541383,0.03214670189053286,-0.10006867395598283,-0.049302855153982486,-0.02755494163007803,0,0,995.1063624953063,5.586559987119978,400,9.255215909791355e-5,train_fit_end_to_end
Joshua Miles,Blocker,-0.02907973747240576,0.09640360671746874,-0.20593283375491028,-0.09091461572306053,-0.021030067726703874,0.03960008411707752,0.15464876016807666,995.0688719932577,16.741498190403245,400,9.255215909791355e-5,train_fit_end_to_end
Cassius Marsh Sr.,Rusher,-0.029114022079666315,0.09838853850413085,-0.2087174810803273,-0.09626112516279325,-0.03408521045142672,0.040785491067351,0.15801213417869692,995.0629161469587,17.08674994140172,400,9.255215909791355e-5,train_fit_end_to_end
Joseph Noteboom,Blocker,-0.02916043830520867,0.028553094231546675,-0.08833369696687103,-0.04937506124137326,-0.026266296531248016,-0.008063904661342486,0.019602275554216262,995.0548528227092,4.969450080730428,400,9.255215909791355e-5,train_fit_end_to_end
Garett Bolles,Blocker,-0.029228780826590795,0.14193436915819257,-0.30000700882822384,-0.1221777016947223,-0.03930129865478711,0.06530876274604733,0.2590977364713923,995.0429805107431,24.65291556607813,400,9.255215909791355e-5,train_fit_end_to_end
Frank Herron,Rusher,-0.02950909475756217,0.033737666230199054,-0.1108463153232386,-0.04093882923128444,-0.036275432945083855,0,0,994.9942849933744,5.864097338627042,400,9.255215909791355e-5,train_fit_end_to_end
Alexander Johnson,Rusher,-0.029736385287397193,0.1156325338875976,-0.2375664192495246,-0.1061610054534303,-0.039688078697391424,0.05377286672605789,0.20078110487769946,994.954800584216,20.09173465107826,400,9.255215909791355e-5,train_fit_end_to_end
Jackson Carman,Blocker,-0.03015787276287967,0.1348303648027031,-0.3009530374507448,-0.11642036805241,-0.0298263772424448,0.0660043870258206,0.2179153304092114,994.8815807102986,23.421109067050182,400,9.255215909791355e-5,train_fit_end_to_end
Darius Hodges,Rusher,-0.03081913059670591,0.025372835713496168,-0.07808834009078336,-0.046774488442135616,-0.025036482206325993,-0.013386805080667837,0,994.7667084589601,4.406934884728045,400,9.255215909791355e-5,train_fit_end_to_end
Luke Gifford,Rusher,-0.031010949505435828,0.0543645032581325,-0.1649917541108532,-0.062291560652153646,-0.024625610248453358,0.013344317055155893,0.03397676051469794,994.7333861015258,9.439550686714387,400,9.255215909791355e-5,train_fit_end_to_end
Levi Onwuzurike,Rusher,-0.031208678091723625,0.11612387446162428,-0.27377796710817776,-0.09902501614249867,-0.031083962893589008,0.04577100830472646,0.1831018639384006,994.69903712795,20.176313048007902,400,9.255215909791355e-5,train_fit_end_to_end
Danny Trevathan,Rusher,-0.032038612752948725,0.05071580633876128,-0.1382474128006796,-0.06258271622298109,-0.027705060695246756,0.008742005444486904,0.04499739050088534,994.5548627104658,8.809642884040521,400,9.255215909791355e-5,train_fit_end_to_end
Foyesade Oluokun,Rusher,-0.032213938064883756,0.09621978624701029,-0.22555399332761775,-0.09013391714062927,-0.02997158896783069,0.03490568447749516,0.14665398980965075,994.5244055842613,16.713480386179718,400,9.255215909791355e-5,train_fit_end_to_end
Marquise Copeland,Rusher,-0.03248668371151587,0.21774497772293006,-0.3960066326762663,-0.20945946642992622,-0.03999507025479632,0.13110698185166295,0.3598827678117889,994.4770248125432,37.82607616315999,400,9.255215909791355e-5,train_fit_end_to_end
Christian Rozeboom,Rusher,-0.03294710330872133,0.03381345189392249,-0.1115689343173345,-0.04084975244660399,-0.0338516901445859,0,0,994.3970417363726,5.873941456954267,400,9.255215909791355e-5,train_fit_end_to_end
Caleb Johnson,Rusher,-0.03311128198111325,0.03763203509749417,-0.12341196972227816,-0.045703777284784274,-0.04093818118144385,0,0,994.3685209797861,6.539773816685675,400,9.255215909791355e-5,train_fit_end_to_end
Nick Allegretti,Blocker,-0.033386004276983045,0.08449292559344099,-0.23075333159749326,-0.07983043436441503,-0.03121541321024096,0.02281521215541959,0.11045021214300478,994.3207968289254,14.670643288611728,400,9.255215909791355e-5,train_fit_end_to_end
Grant Stuard,Rusher,-0.033981660169560605,0.026488168371062673,-0.10368969292792166,-0.04479285701363789,-0.023291144314673193,-0.019623517691849245,0,994.2173208020215,4.595922262340257,400,9.255215909791355e-5,train_fit_end_to_end
Kamal Martin,Rusher,-0.034860806025340606,0.0370908135171908,-0.12426387095352388,-0.047393364735479226,-0.04264383194885184,0,0,994.0645975244402,6.444740908773741,400,9.255215909791355e-5,train_fit_end_to_end
Dexter Lawrence,Rusher,-0.03536614679263214,0.10712634936206643,-0.24904786093315626,-0.1088704976989652,-0.037116421798914744,0.04150530238678231,0.17209111959316475,993.976810841754,18.60895233557018,400,9.255215909791355e-5,train_fit_end_to_end
Raekwon Davis,Rusher,-0.03604654022874822,0.10164891138679487,-0.2356219111616304,-0.10146002259710953,-0.0371066361025367,0.03717766558794124,0.15130314243761422,993.8586143958227,17.652173120800096,400,9.255215909791355e-5,train_fit_end_to_end
Emeke Egbule,Rusher,-0.0362486277027513,0.04023784313857811,-0.1289765711620663,-0.06507574127350108,-0.03479032691392044,0,0,993.8235082058941,6.997153017854801,400,9.255215909791355e-5,train_fit_end_to_end
Terron Armstead,Blocker,-0.03730434843742166,0.3147315017982607,-0.5775949394274409,-0.23541659756571598,-0.058647215706030986,0.14381925147608707,0.698571075514891,993.6401107300949,54.66589449920143,400,9.255215909791355e-5,train_fit_end_to_end
Von Miller,Rusher,-0.037698541687900496,0.08481849349793542,-0.2109620536638221,-0.08965954094172236,-0.030143162874875437,0.022452468034324546,0.10867951361800515,993.5716323487002,14.739516807362747,400,9.255215909791355e-5,train_fit_end_to_end
Daniel Brunskill,Blocker,-0.03896124734796478,0.09781704727670623,-0.2354983380275681,-0.10474260613269377,-0.03431825264444746,0.03212488923067341,0.15087748847245572,993.3522779085266,16.99989721005273,400,9.255215909791355e-5,train_fit_end_to_end
Matt Farniok,Blocker,-0.0390251589677758,0.0634772252770112,-0.17742407956060505,-0.07502379222547069,-0.02981112438192966,0,0.07393029919924096,993.3411753230013,11.024895837655007,400,9.255215909791355e-5,train_fit_end_to_end
Kyle Long,Blocker,-0.03903257872948402,0.04116471554057102,-0.13941775406339327,-0.04960409828788606,-0.04649877868925178,0,0,993.3398863783746,7.14553618356581,400,9.255215909791355e-5,train_fit_end_to_end
Laremy Tunsil,Blocker,-0.03928302027427455,0.1409719858827622,-0.33813371227498074,-0.13658170195703878,-0.030189776182859698,0.06918125746201167,0.18560402267765028,993.2963802259978,24.492040369892553,400,9.255215909791355e-5,train_fit_end_to_end
Ryan Kelly,Blocker,-0.03994248170025995,0.07901484628764369,-0.19385599088461486,-0.0910704660585994,-0.04467371847768353,0.01135002162004316,0.11994843169859944,993.1818200426644,13.730166018048257,400,9.255215909791355e-5,train_fit_end_to_end
John Miller,Blocker,-0.04083033658755896,0.09619859666127704,-0.23369504865191715,-0.10028304030473352,-0.041704974968076715,0.026768447729355146,0.1475661178904023,993.0275838513504,16.720940509883285,400,9.255215909791355e-5,train_fit_end_to_end
Will Fries,Blocker,-0.04105243893436705,0.02836820956290898,-0.09933032567085982,-0.05984008860168197,-0.04315221323854136,-0.020369999166089225,0,992.9890007218959,4.930410249615317,400,9.255215909791355e-5,train_fit_end_to_end
Ledarius Mack,Rusher,-0.04113503798301833,0.053073264237275264,-0.149084987240545,-0.07909320888330157,-0.04118125343858131,-0.0020546357058638773,0.05754641231500508,992.97465179748,9.219445640947143,400,9.255215909791355e-5,train_fit_end_to_end
Chauncey Rivers,Rusher,-0.04159955257077899,0.10153478989622393,-0.24763941448674867,-0.11074796241275536,-0.03476140785646602,0.022930272743759698,0.15459915030431048,992.8939573485887,17.641486465982126,400,9.255215909791355e-5,train_fit_end_to_end
Trysten Hill,Rusher,-0.04167909124361495,0.08326983109725056,-0.19785293118958716,-0.10225919027354419,-0.04369513909953089,0.01038257257661123,0.13458903822321924,992.8801400659046,14.465942879539249,400,9.255215909791355e-5,train_fit_end_to_end
Grover Stewart,Rusher,-0.042254971028698005,0.09784984143581762,-0.2509982745540247,-0.10735697127843695,-0.04110855767747512,0.026155604580282196,0.13106535749961137,992.7800995007441,17.00005735262915,400,9.255215909791355e-5,train_fit_end_to_end
Lane Johnson,Blocker,-0.04261429771108423,0.08870128225401665,-0.19755465962242877,-0.10264616549536046,-0.049446757996776614,0.01632896010426161,0.15118712644109294,992.7176780625997,15.410725698415494,400,9.255215909791355e-5,train_fit_end_to_end
Nathan Landman,Rusher,-0.04320993909860574,0.04400101807358154,-0.1391174139762532,-0.06208039309250458,-0.05359664011219392,0,0,992.6142045554822,7.649354089261122,400,9.255215909791355e-5,train_fit_end_to_end
Kendal Vickers,Rusher,-0.04372746426791515,0.04311494669980233,-0.12656672413528444,-0.07734916321158256,-0.05034782549216947,0,0,992.5243012253713,7.4894199842928115,400,9.255215909791355e-5,train_fit_end_to_end
Austin Bryant,Rusher,-0.043871220085289805,0.1382060582905947,-0.3005187265810408,-0.1494766334955178,-0.0490403365802423,0.0521417845056405,0.23010120001976708,992.4993282820803,24.010124622174576,400,9.255215909791355e-5,train_fit_end_to_end
Wyatt Ray,Rusher,-0.04468763006898881,0.17873944622948132,-0.3978985938680748,-0.1597457805782847,-0.035019851506945955,0.08186623903754309,0.2731564882761802,992.3575033417239,31.050584601348156,400,9.255215909791355e-5,train_fit_end_to_end
Max Garcia,Blocker,-0.044759410015104396,0.10006871398763025,-0.24657350852764356,-0.1084859618835233,-0.04434242978805482,0.019343865758312054,0.1490944658935835,992.3450338879202,17.38799344003636,400,9.255215909791355e-5,train_fit_end_to_end
Tyquan Lewis,Rusher,-0.04492365908431995,0.10438751603715567,-0.25194778094535974,-0.10781203262661018,-0.03794107015975272,0.02734458325760826,0.14191283794651463,992.3165009021529,18.136616925221496,400,9.255215909791355e-5,train_fit_end_to_end
Kyle Fuller,Blocker,-0.045412621350212214,0.07138573194500485,-0.19369973953217007,-0.09429563419564704,-0.04082212460547251,-0.002352172430475413,0.08113391236698672,992.2315594565786,12.406625167711494,400,9.255215909791355e-5,train_fit_end_to_end
Eddie Yarbrough,Rusher,-0.045816034901811596,0.03594359675559108,-0.12524413286053485,-0.06951724587785021,-0.03837931987411709,-0.020348470281681092,0,992.1614793448248,6.243860728660764,400,9.255215909791355e-5,train_fit_end_to_end
John Penisini,Rusher,-0.046005969108281794,0.09167679528865022,-0.22643067421584423,-0.11036614095074057,-0.047641437678619156,0.022210124205920896,0.1197307102885251,992.1284843937069,15.921537239816823,400,9.255215909791355e-5,train_fit_end_to_end
Isaiah Mack,Rusher,-0.04634825274623633,0.11757214125505744,-0.3342099252402493,-0.12871010736515406,-0.011760927129728331,0.026358867425742397,0.13907102247861583,992.0690236356231,20.41725329909993,400,9.255215909791355e-5,train_fit_end_to_end
Mack Wilson Sr.,Rusher,-0.04641782601940246,0.0919167976033761,-0.22776714520923647,-0.1044115885788795,-0.0382442053927783,0.022267479447323987,0.11126589611382687,992.0569375201735,15.960258377557231,400,9.255215909791355e-5,train_fit_end_to_end
Lachavious Simmons,Blocker,-0.0469842216350076,0.04632371686706153,-0.15669030339020923,-0.06487091981199407,-0.05793950904605664,-8.675144653454726e-5,0.004980583891686707,991.9585445240009,8.042021333794283,400,9.255215909791355e-5,train_fit_end_to_end
Jamien Sherwood,Rusher,-0.04703165142168893,0.0847173092081143,-0.21586610301003936,-0.10663858271298553,-0.04387163643067796,0.00520837496934697,0.12522075395175628,991.9503051261476,14.715021338411296,400,9.255215909791355e-5,train_fit_end_to_end
Michael Dunn,Blocker,-0.04706826597858017,0.07083394245260265,-0.1835144651705027,-0.09657264027372345,-0.04258937896051894,0.0010101043461182022,0.08155310689420724,991.9439445261414,12.306595337192977,400,9.255215909791355e-5,train_fit_end_to_end
Cam Brown,Rusher,-0.047514432226418324,0.06389921348231607,-0.1888111902626241,-0.07789664700837894,-0.051784020432531,0,0.039505907306504905,991.8664375103624,11.106563556771832,400,9.255215909791355e-5,train_fit_end_to_end
Marcus Henry,Blocker,-0.047809060875995374,0.052786167404635584,-0.16997466560766214,-0.06956202773065098,-0.05772965594834924,0,0,991.8152552716737,9.167652763593974,400,9.255215909791355e-5,train_fit_end_to_end
Ladarius Hamilton,Rusher,-0.04799798298563109,0.084304768758847,-0.23620010040754302,-0.10489205709990573,-0.03014173199462632,0.02316068521324032,0.06510408012376033,991.7824361397838,14.64578918612079,400,9.255215909791355e-5,train_fit_end_to_end
Adam Pankey,Blocker,-0.048077973386931094,0.05533812261216773,-0.1890998383586787,-0.06691438521661468,-0.0630290879083486,0,0,991.7685403838279,9.613665029386768,400,9.255215909791355e-5,train_fit_end_to_end
Kyle Van Noy,Rusher,-0.04838305911295044,0.09698913510625365,-0.23758466061565886,-0.10708035348217508,-0.05006848367815093,0.018452443991138785,0.13605631579406607,991.715541564901,16.84774127883314,400,9.255215909791355e-5,train_fit_end_to_end
Charles Snowden,Rusher,-0.04844613578365263,0.049466709772751326,-0.16392562659294693,-0.06461927354596078,-0.05712808062811099,0,0,991.7045840248918,8.590336856566282,400,9.255215909791355e-5,train_fit_end_to_end
Anthony Pittman,Rusher,-0.04858625723090423,0.14974218721608357,-0.3449303397927529,-0.15225421996802455,-0.03552015637788537,0.07014853787645295,0.18713821665990676,991.6802424363567,26.011856037635187,400,9.255215909791355e-5,train_fit_end_to_end
Austin Blythe,Blocker,-0.04867616633511211,0.07724428358226137,-0.2201248526584478,-0.09948115845726083,-0.04387185951441384,0.0013032972465714947,0.07863941057408366,991.6646236252245,13.417814957809203,400,9.255215909791355e-5,train_fit_end_to_end
Chandler Jones,Rusher,-0.04874105556415677,0.10351806895916355,-0.26414688992551344,-0.11827607833987361,-0.03704634448805935,0.020578498233523715,0.1397693529529137,991.6533512115809,17.98263529283083,400,9.255215909791355e-5,train_fit_end_to_end
David Bakhtiari,Blocker,-0.04974541054065362,0.05403391689559347,-0.16006577488804533,-0.0896130166427472,-0.04243520348662707,0,0,991.4788768819151,9.390108651947848,400,9.255215909791355e-5,train_fit_end_to_end
Cameron Malveaux,Rusher,-0.04989479054347873,0.13490685516522627,-0.31256875762102587,-0.15408579348057197,-0.02519916756801864,0.06494312188789364,0.1615718026803901,991.4529269175416,23.433328238482876,400,9.255215909791355e-5,train_fit_end_to_end
Phil Haynes,Blocker,-0.0500226229450566,0.08593540321695753,-0.193585514980543,-0.11134238813240109,-0.05532115638930531,0,0.13790088374082024,991.4307201548961,14.928830141931774,400,9.255215909791355e-5,train_fit_end_to_end
Ethan Westbrooks,Rusher,-0.0500713304800594,0.057051330210692336,-0.1888676962216863,-0.07145998620225744,-0.06462645237273396,0,0,991.4222587894246,9.91134732597066,400,9.255215909791355e-5,train_fit_end_to_end
Jon Toth,Blocker,-0.050288706995023504,0.05866842282355766,-0.17189492968920092,-0.08066748171475782,0,0,0,991.3844966210469,10.19060574073227,400,9.255215909791355e-5,train_fit_end_to_end
Quenton Nelson,Blocker,-0.05084490532340918,0.1341496878883931,-0.32866621710936345,-0.13921284888774635,-0.03709711758981068,0.049263133506957574,0.16583429648261616,991.2878750751022,23.308679907315877,400,9.255215909791355e-5,train_fit_end_to_end
Ronald Blair,Rusher,-0.05099046873809531,0.11253183588551793,-0.2426090418868071,-0.13045033811693466,-0.04918659175497545,0.024300739472353103,0.1955660660294728,991.2625881199962,19.5517369884667,400,9.255215909791355e-5,train_fit_end_to_end
Blake Cashman,Rusher,-0.05133842968025081,0.050563074878122546,-0.15551570434742606,-0.07394425723569982,-0.06063506269071303,0,0,991.2021411131577,8.788747232033636,400,9.255215909791355e-5,train_fit_end_to_end
Abdullah Anderson,Rusher,-0.05168156142211953,0.2063248864453484,-0.5103887198503096,-0.18914140651848474,0,0.13358941896013182,0.24701710455557307,991.14253302433394,35.84605243270984,400,9.255215909791355e-5,train_fit_end_to_end
Andrew Wylie,Blocker,-0.05203961156866064,0.10182611865946567,-0.24516696660273632,-0.11247553930015011,-0.049901712947192936,0.009038591453386653,0.1516914501949754,991.0803333431791,17.691874275979764,400,9.255215909791355e-5,train_fit_end_to_end
Tyson Alualu,Rusher,-0.05228756155901951,0.04556449578106276,-0.14426358449329524,-0.08605230370861777,-0.04814471060689038,-0.014704791880226754,0,991.0372600181387,7.911926085116647,400,9.255215909791355e-5,train_fit_end_to_end
Orlando Brown,Blocker,-0.053107268826587506,0.09717340577877719,-0.2441172647372199,-0.11918613627194445,-0.05523029585985559,0.00864726127048226,0.1673008375849466,990.8948622809064,16.884262728241033,400,9.255215909791355e-5,train_fit_end_to_end
Corey Peters,Rusher,-0.0532322601609134,0.09910759411784675,-0.2272856385887916,-0.12522178192665295,-0.05516651346338351,0.013268155307346688,0.14311640070781728,990.873149062193,17.21567604569636,400,9.255215909791355e-5,train_fit_end_to_end
Broderick Washington,Rusher,-0.055064877365626604,0.123309043030521,-0.29995782239616575,-0.1351599487633491,-0.04652292505662726,0.020862872299846714,0.1965508656464129,990.5547908464139,21.418164981903725,400,9.255215909791355e-5,train_fit_end_to_end
Devin White,Rusher,-0.05534839251870224,0.15014420224476382,-0.3241337485720881,-0.15426941090520507,-0.070564132032245,0.03849221548410493,0.25138534955046526,990.5055392198071,26.08583134384595,400,9.255215909791355e-5,train_fit_end_to_end
Chukwuma Okorafor,Blocker,-0.0554245331979342,0.07937441512184756,-0.19244342913516194,-0.11313356588036522,-0.054290090630100554,-0.006186333813879945,0.10496533954460331,990.4923122290717,13.791137679199398,400,9.255215909791355e-5,train_fit_end_to_end
Chauncey Golston,Rusher,-0.055638736089197255,0.1524916098822117,-0.35974444076980405,-0.1516293428100589,-0.05432386478106806,0.0400938806812598,0.22072298476337407,990.4551013755984,26.502703954078246,400,9.255215909791355e-5,train_fit_end_to_end
K.J. Wright,Rusher,-0.05793701464782557,0.18156075099332447,-0.41149131384767756,-0.17472739102563026,-0.058972203885597624,0.05611808429699702,0.29563630842100264,990.0558494972428,31.543057084665868,400,9.255215909791355e-5,train_fit_end_to_end
Hamilcar Rashed Jr.,Rusher,-0.05813672848057555,0.05799940964219469,-0.18504071464344374,-0.08528769249523652,-0.06777958969726433,0,0,990.0211556510335,10.075256718197608,400,9.255215909791355e-5,train_fit_end_to_end
Cortez Broughton,Rusher,-0.05823165095554198,0.06173415705120307,-0.20184514740299875,-0.07420723233816086,-0.06840633911591334,0,0,990.004665928199,10.722162481374214,400,9.255215909791355e-5,train_fit_end_to_end
Devin Bush,Rusher,-0.05854123369277369,0.11035171448508051,-0.28764170226422087,-0.12753720821967918,-0.058459921061510337,0.011788473504919645,0.1516353391717862,989.9508858984101,19.16852115766101,400,9.255215909791355e-5,train_fit_end_to_end
Connor Mcgovern,Blocker,-0.058889133160110116,0.0635787671369956,-0.18447539843183933,-0.10164294153029274,-0.05693975460768835,-0.014662094514464919,0.06243454254304168,989.8904495708415,11.047681189790296,400,9.255215909791355e-5,train_fit_end_to_end
Ronnie Stanley,Blocker,-0.059093236557743324,0.07049418144376116,-0.17552371398527866,-0.117641929224736,-0.07669209963944505,0,0.04029837506770178,989.8549931791097,12.245184609308165,400,9.255215909791355e-5,train_fit_end_to_end
Dalvin Tomlinson,Rusher,-0.060657592848163515,0.09772768218881321,-0.2515707621964964,-0.13333107985971032,-0.06328017934489596,0.005727859147441493,0.13528255220841434,989.5832366572456,16.97652979588782,400,9.255215909791355e-5,train_fit_end_to_end
David Mayo,Rusher,-0.060725910573324146,0.09332626782272685,-0.2546320260403225,-0.12078084593867583,-0.05224861335996687,1.238173350569079e-4,0.11265619273048226,989.5713686528242,16.206583761989513,400,9.255215909791355e-5,train_fit_end_to_end
Cornelius Lucas,Blocker,-0.06072635533966645,0.08106360960190642,-0.22470109235025434,-0.11047436769856255,-0.06529777837379107,-0.006084099158987425,0.11120557400870545,989.5712913889969,14.086287316752308,400,9.255215909791355e-5,train_fit_end_to_end
Isaac Rochell,Rusher,-0.06079869850145396,0.15610775293083345,-0.36699373084106374,-0.17295365153791126,-0.05685523329486444,0.05139384365169563,0.23706464506178546,989.5587240946098,27.11943802866633,400,9.255215909791355e-5,train_fit_end_to_end
Margus Hunt,Rusher,-0.061116754784138305,0.18272663499682557,-0.41803953064169663,-0.18661117179638012,-0.05106652913047416,0.06242965568172079,0.26957679422321096,989.503472059208,31.739991955194018,400,9.255215909791355e-5,train_fit_end_to_end
Jon Runyan,Blocker,-0.06205291731352881,0.0984636088120955,-0.2539051416013803,-0.12356174208101262,-0.0669694425581491,0.0025958775707547333,0.14436701261589654,989.3408439709365,17.110744148602205,400,9.255215909791355e-5,train_fit_end_to_end
Marquiss Spencer,Rusher,-0.06216867330470597,0.06603281533973501,-0.2047276061012602,-0.10713315621298591,-0.06568263344892175,0,0,989.3207350956503,11.469637095517564,400,9.255215909791355e-5,train_fit_end_to_end
Ta'Quon Graham,Rusher,-0.0646308372422797,0.22567766656394211,-0.5314621958364346,-0.21533842791107724,-0.06015974761631303,0.07907389786506358,0.360386662179918,988.8930134109985,39.207362093081684,400,9.255215909791355e-5,train_fit_end_to_end
Attauyo Nsekhe,Blocker,-0.06542721966488906,0.06535183431509718,-0.197722943406708,-0.10402845648097889,-0.07818611949894781,0,0,988.7546676143489,11.346837453562557,400,9.255215909791355e-5,train_fit_end_to_end
Walker Little,Blocker,-0.06555686528908182,0.12880520799646125,-0.2865416407277459,-0.16912237035847394,-0.06713168187977764,0.019595941525491354,0.20264462805164948,988.732145862673,22.372658599504106,400,9.255215909791355e-5,train_fit_end_to_end
Ulysees Gilbert III,Rusher,-0.06566488938459014,0.08523794040280609,-0.2406236278759873,-0.11761905227525513,-0.06847827943475998,-0.001335464992092827,0.08209409888611528,988.7133801552362,14.807116290567485,400,9.255215909791355e-5,train_fit_end_to_end
Julian Okwara,Rusher,-0.06636331497313717,0.10777967035309187,-0.2922534874209938,-0.1370326438334191,-0.06474828961186349,0.0032758977453445203,0.1422887222250085,988.5920512035858,18.720229281179936,400,9.255215909791355e-5,train_fit_end_to_end
Lavonte David,Rusher,-0.06672442899649612,0.07937818598313638,-0.22131569575550417,-0.11797000219385886,-0.06867519933312871,-0.013919811458371942,0.08909491106859908,988.5293192725128,13.786330425154782,400,9.255215909791355e-5,train_fit_end_to_end
Stone Forsythe,Blocker,-0.06682320500211719,0.06691201261222302,-0.21000493274496687,-0.1026932466806968,-0.08461119141502102,0,0,988.5121601228385,11.62962674958087,400,9.255215909791355e-5,train_fit_end_to_end
Cory Littleton,Rusher,-0.06701238667191708,0.12679502616213686,-0.30508494153107224,-0.1537233725289167,-0.0662334612153824,0.012043275043308826,0.1900751180056005,988.47929590073,22.021625952145975,400,9.255215909791355e-5,train_fit_end_to_end
Nick Leverett,Blocker,-0.06709818477972761,0.0858755792819927,-0.24835985467722416,-0.12099001908220243,-0.08249516057575462,0.01672207301615263,0.03850031023603639,988.464391242818,14.919589553413907,400,9.255215909791355e-5,train_fit_end_to_end
Kwity Paye,Rusher,-0.06739354756715976,0.09320937779218233,-0.2645239757578328,-0.12850807212731344,-0.06381179375491228,-9.016251835188569e-4,0.10188928854202142,988.4130814713214,16.191462306732184,400,9.255215909791355e-5,train_fit_end_to_end
Myron Cunningham,Blocker,-0.06753473657680809,0.06114765740564366,-0.20093990111898336,-0.10379900213143922,-0.08106526521148916,-0.014067841779229744,0,988.3885544282032,10.621624380526839,400,9.255215909791355e-5,train_fit_end_to_end
John Leglue,Blocker,-0.06840493299751095,0.06186453919100026,-0.19416573851077307,-0.10390473288749484,-0.06964515692625048,-0.030497850290930776,0.054640191277638986,988.2373858267299,10.754003183905681,400,9.255215909791355e-5,train_fit_end_to_end
Prince Tega Wanogho,Blocker,-0.06870249537097617,0.05524450332937221,-0.1971116016252602,-0.10042548430796525,-0.060268154846688696,-0.027965890178247552,0,988.1856939480027,9.590972571764057,400,9.255215909791355e-5,train_fit_end_to_end
Oren Burks,Rusher,-0.0690768176617501,0.15050188398265446,-0.3423486261983116,-0.17984684604595774,-0.0799696560561185,0.03294824450771548,0.2326659213388728,988.1206675058681,26.145907960704804,400,9.255215909791355e-5,train_fit_end_to_end
Jamarco Jones,Blocker,-0.06909700995460558,0.12370054221850948,-0.2654985606580131,-0.15757634982738664,-0.07943360700239768,-0.0042316746088153145,0.22624266127194717,988.1171597453225,21.489734179731997,400,9.255215909791355e-5,train_fit_end_to_end
Austin Reiter,Blocker,-0.06954284584662558,0.17714326962912566,-0.3862714529502167,-0.19301116071206229,-0.07663621749591906,0.049492222725552405,0.31435449379847524,988.039710118227,30.77325380712835,400,9.255215909791355e-5,train_fit_end_to_end
Takkarist Mckinley,Rusher,-0.06958236495371747,0.09579977815885449,-0.25968548501205135,-0.13066235831690207,-0.07428041148891007,-0.0020572330757483654,0.1132984678547986,988.032844946171,16.64157207704158,400,9.255215909791355e-5,train_fit_end_to_end
Chris Wormley,Rusher,-0.06970382009913718,0.08892356329686993,-0.25999990762539965,-0.12264234986418587,-0.07030219668012726,-0.014213811123465196,0.09685883645474164,988.0117460263892,15.444660445382194,400,9.255215909791355e-5,train_fit_end_to_end
Markus Bailey,Rusher,-0.06997373339296352,0.09273844734713334,-0.237458657376329,-0.13099709166237722,-0.0703297924639351,-0.0030715036881293163,0.10202885967883336,987.9648572847489,16.106393233525615,400,9.255215909791355e-5,train_fit_end_to_end
Jeffery Simmons,Rusher,-0.07009336278435034,0.05176021603042942,-0.16950942405958808,-0.1029428756750421,-0.0730295366784319,-0.03676192408292753,0.02357245219325374,987.9440755309278,8.988404910947128,400,9.255215909791355e-5,train_fit_end_to_end
Mike Onwenu,Blocker,-0.07176276101583612,0.1499831554408618,-0.36106044951128674,-0.16194794690363407,-0.06483849239692377,0.01937310112456206,0.25153626987479377,987.6540713549144,26.055929862855187,400,9.255215909791355e-5,train_fit_end_to_end
Renell Wren,Rusher,-0.07249601764823525,0.07780370431862473,-0.23243673375679647,-0.13337723073528823,-0.07625619124475554,0,0,987.5266916312064,13.511658843786883,400,9.255215909791355e-5,train_fit_end_to_end
Christian Jones,Rusher,-0.07282632087798006,0.07439094021159574,-0.22987045071743895,-0.11685833562494248,-0.06943724174096688,-0.021370620985033353,0.05181114781074909,987.4693120831932,12.920280820410051,400,9.255215909791355e-5,train_fit_end_to_end
Tarell Basham,Rusher,-0.07303852077570884,0.08667759197392268,-0.24564684507912798,-0.1303209749955925,-0.07669172220897862,-0.009276826109720337,0.08881678900080225,987.4324491853356,15.068111228118243,400,9.255215909791355e-5,train_fit_end_to_end
Joe Gaziano,Rusher,-0.0735352020960313,0.14410476918418355,-0.3828277893447864,-0.17458382535547118,-0.05544176068343934,0.039939435309687916,0.16671328637510324,987.3461668026634,25.02931213049315,400,9.255215909791355e-5,train_fit_end_to_end
Yannick Ngakoue,Rusher,-0.07440821981969735,0.12696642467043437,-0.33011624721426497,-0.1604544383583697,-0.08011262324012725,0.02388251580903162,0.17910279154817754,987.1945080906667,22.05677662604306,400,9.255215909791355e-5,train_fit_end_to_end
C.J. Mosley,Rusher,-0.07448376617970032,0.11368368269985411,-0.30701679305032925,-0.1491950334675552,-0.06833265292360935,0.01054123389600119,0.12101459327369846,987.1813843437558,19.74809608527663,400,9.255215909791355e-5,train_fit_end_to_end
Jordan Simmons,Blocker,-0.07486311984582467,0.05738206753142753,-0.18396045728128174,-0.11708545569167775,-0.07936489640354842,-0.02275218629165445,0,987.1154838622008,9.966130080822095,400,9.255215909791355e-5,train_fit_end_to_end
Lucas Niang,Blocker,-0.07570052122467556,0.10445301042106714,-0.28627785317534626,-0.14245679584889193,-0.07841009183894604,-7.580360142671166e-5,0.12595334852000573,986.9700123430116,18.142666291450485,400,9.255215909791355e-5,train_fit_end_to_end
Brandon Copeland,Rusher,-0.07578020790522445,0.16409413919781676,-0.426251232484485,-0.17874034313686044,-0.06337508941831493,0.041793565446214424,0.1978471378740121,986.9561693487541,28.50526530560084,400,9.255215909791355e-5,train_fit_end_to_end
Raymond Johnson III,Rusher,-0.0758021142596587,0.12975452754021527,-0.33061166134834596,-0.16047789537835921,-0.07709794421497469,0.017588378057734992,0.16252877248579398,986.9523638252143,22.540950226480753,400,9.255215909791355e-5,train_fit_end_to_end
Matt Skura,Blocker,-0.07615721354233822,0.10729530030665986,-0.27804144901197375,-0.1457617925470041,-0.0778434109119241,-0.013110514819926342,0.12597344687352155,986.8906767616162,18.63704051070735,400,9.255215909791355e-5,train_fit_end_to_end
Mctelvin Agim,Rusher,-0.07658327441059311,0.1757415181904004,-0.4017079884675661,-0.20615638572564846,-0.08608265660737435,0.05114852807829848,0.23481185949105823,986.816662408001,30.527266619007587,400,9.255215909791355e-5,train_fit_end_to_end
Joe Tryon-Shoyinka,Rusher,-0.07667930606575914,0.13334696408939348,-0.33750964188841603,-0.17117901415725933,-0.0829465833656751,0.018947605955585527,0.17536716835407143,986.7999800008303,23.16365168268133,400,9.255215909791355e-5,train_fit_end_to_end
Akeem Spence,Rusher,-0.07689701120341094,0.08528076331110002,-0.28140645314217055,-0.10269453049479353,-0.09222201219794135,0,0,986.7621607448447,14.817559568555005,400,9.255215909791355e-5,train_fit_end_to_end
Daryl Williams,Blocker,-0.07701515678793272,0.07780475190495013,-0.23457415118717093,-0.1264363076524091,-0.07056463236761135,-0.026748680171734724,0.06789623017488411,986.741636754677,13.517487339290842,400,9.255215909791355e-5,train_fit_end_to_end
Quincy Williams,Rusher,-0.07882021743873396,0.16676998618532382,-0.4112470749922328,-0.19322672288838863,-0.06354254762405001,0.0300849783974318,0.23106039443780016,986.4280656026195,28.973498665993937,400,9.255215909791355e-5,train_fit_end_to_end
D'Ante Smith,Blocker,-0.07912086529895512,0.05137272155885864,-0.17854725051576856,-0.11356386030185034,-0.0791123345934473,-0.03876171759623068,0,986.3758377199435,8.921589450424548,400,9.255215909791355e-5,train_fit_end_to_end
Romeo Okwara,Rusher,-0.07915984811849472,0.18310763232270755,-0.4019185076059749,-0.20546166129090795,-0.09300968158541906,0.028449113093045614,0.2863872792465921,986.3690657105775,31.811994945107998,400,9.255215909791355e-5,train_fit_end_to_end
Tyler Matakevich,Rusher,-0.07972044231069242,0.15015835001303748,-0.35199660332447674,-0.18899058771599606,-0.08689645884080055,0.0012314031831427586,0.23429186279587783,986.2716805248741,26.085882200139185,400,9.255215909791355e-5,train_fit_end_to_end
Trent Brown,Blocker,-0.08031112044726714,0.1393752622468855,-0.3247615570373007,-0.1795624176354346,-0.08426645084706047,0.016460805496170107,0.20754897723081941,986.169069222756,24.21438878345295,400,9.255215909791355e-5,train_fit_end_to_end
Al-Quadin Muhammad,Rusher,-0.08110713438486548,0.11608932147846966,-0.2984901816632369,-0.15696480577742197,-0.07894220499692878,-0.005706984897372758,0.15636341983895588,986.0307874385092,20.1643516237791,400,9.255215909791355e-5,train_fit_end_to_end
Kahlil Mckenzie,Rusher,-0.08131183974786739,0.09084906460541664,-0.2914108320834414,-0.11365959056913597,-0.09873778251780323,0,0,985.9952264746821,15.780495086073476,400,9.255215909791355e-5,train_fit_end_to_end
Braden Smith,Blocker,-0.08145174261763805,0.1043889866138032,-0.2659246004231884,-0.1440695774780403,-0.09313208013884022,-0.020871865695959065,0.159411485404227,985.9709228569445,18.140809623049215,400,9.255215909791355e-5,train_fit_end_to_end
Terence Steele,Blocker,-0.08162267530821511,0.12865506381534786,-0.29905633010305943,-0.17124772472614927,-0.08608547924107472,-0.00293910259642125,0.20348107229549506,985.9412288072267,22.358221947525823,400,9.255215909791355e-5,train_fit_end_to_end
Victor Dimukeje,Rusher,-0.08190946351127674,0.08020540556089381,-0.23927500063552432,-0.13298113209847862,-0.08491709081531781,-0.012129895466418699,0.056688426797809235,985.8914085936009,13.929783227475916,400,9.255215909791355e-5,train_fit_end_to_end
Khalen Saunders,Rusher,-0.08198543698686495,0.14792181903754967,-0.4095351249967691,-0.16497506878080828,-0.06876974428155015,0.010301043395523669,0.18178455496176943,985.8782106491133,25.695910983512658,400,9.255215909791355e-5,train_fit_end_to_end
Brandon Knight,Blocker,-0.0820945515316984,0.09163099679019156,-0.3080206519337789,-0.11683639684555473,-0.108944269707063,0,0,985.8592555112267,15.919062525640495,400,9.255215909791355e-5,train_fit_end_to_end
Joe Walker,Rusher,-0.0829823892875263,0.03889005800212803,-0.15893680118533776,-0.11106402872379365,-0.083043895167821985,-0.05475066920666227,-0.017287319239877866,985.7050222959541,6.753189551449728,400,9.255215909791355e-5,train_fit_end_to_end
Chase Young,Rusher,-0.08366242070939038,0.08697680479187066,-0.2451432404587713,-0.1457277859588295,-0.08155815015493721,-0.029037262926309725,0.09332576477475393,985.5868887383396,15.11265783908077,400,9.255215909791355e-5,train_fit_end_to_end
Cedric Ogbuehi,Blocker,-0.08459802923264755,0.07606529143023782,-0.21137000926905367,-0.13919583832963311,-0.11091972835443603,0,0,985.4243568907907,13.21212804679285,400,9.255215909791355e-5,train_fit_end_to_end
Aj Jackson,Blocker,-0.0846187341865322,0.17841928261291656,-0.44889830408206965,-0.23362696092744656,-0.002670474881000016,0.035654184351145105,0.15508708232221233,985.4207600719026,30.989824310226663,400,9.255215909791355e-5,train_fit_end_to_end
Nick Niemann,Rusher,-0.08562806145568777,0.05981690063361396,-0.224720417174667,-0.11976952650664963,-0.07851100020951932,-0.04253804159431877,0.009125206740452483,985.2454219665311,10.387944458329773,400,9.255215909791355e-5,train_fit_end_to_end
Landon Young,Blocker,-0.08596384760262703,0.09306357441338593,-0.2759328198647168,-0.1423124789471207,-0.07168891934097257,0,0.048159216700920424,985.187089938245,16.166664841712667,400,9.255215909791355e-5,train_fit_end_to_end
Kylie Fitts,Rusher,-0.08730943172846792,0.04574658163787339,-0.17429198693490536,-0.12055995696624222,-0.08663700813860772,-0.05112231171399901,0,984.9533380339293,7.949109898266188,400,9.255215909791355e-5,train_fit_end_to_end
Justin Britt,Blocker,-0.08759320599021773,0.08966311654136837,-0.2555428049040813,-0.14619536787863827,-0.09563527493435098,-0.028763053273100154,0.09565032850631118,984.9040413955356,15.577857127652658,400,9.255215909791355e-5,train_fit_end_to_end
Everson Griffen,Rusher,-0.08769800505164353,0.14296208952476902,-0.3567723171810269,-0.18002713749492588,-0.07307421912611245,0.008682714952188262,0.18332992063365297,984.8858359339013,24.831361235763445,400,9.255215909791355e-5,train_fit_end_to_end
Otito Ogbonnia,Rusher,-0.08771560728139222,0.09008453685557291,-0.27102938558193507,-0.1426115214551918,-0.11551436462911086,0,0,984.8827781134016,15.647643584616151,400,9.255215909791355e-5,train_fit_end_to_end
Emmanuel Ogbah,Rusher,-0.08806852702101128,0.10139693674961102,-0.319039642112745,-0.14292221917311732,-0.08189555840891855,-0.019600278229036372,0.08867148406106029,984.8214696752132,17.61067963113367,400,9.255215909791355e-5,train_fit_end_to_end
Carlos Watkins,Rusher,-0.0884158320185827,0.11042759904511307,-0.30852923047405334,-0.159262191077071,-0.08334005104237338,-0.019968493827350484,0.13021719105385643,984.7611366176201,19.195047374686386,400,9.255215909791355e-5,train_fit_end_to_end
Brian Winters,Blocker,-0.08954239848964848,0.06177233446437692,-0.19837757696042513,-0.1365666584372964,-0.09252116915784525,-0.04481224291478163,0,984.5654319768677,10.732212507209889,400,9.255215909791355e-5,train_fit_end_to_end
Jamie Collins Sr.,Rusher,-0.09022385502106102,0.19263576569405713,-0.4623269500003376,-0.2072485688916479,-0.08861871366101302,0.04333108193762631,0.2860549680861179,984.4470508523679,33.46242102529673,400,9.255215909791355e-5,train_fit_end_to_end
Chris Hubbard,Blocker,-0.0905179734481114,0.08566899224014449,-0.23419565024429387,-0.15502607094636936,-0.12414878602501495,0,0,984.3959572484102,14.879093483068946,400,9.255215909791355e-5,train_fit_end_to_end
Kolton Miller,Blocker,-0.09071143559172742,0.07542631038830286,-0.23417611758628898,-0.13930953588010114,-0.0910626994527454,-0.04697928136365486,0.05755749118144755,984.3623494318384,13.11082286983816,400,9.255215909791355e-5,train_fit_end_to_end
Randy Gregory,Rusher,-0.09220754211091939,0.11521560468788204,-0.3511591079254249,-0.16089332028651115,-0.08793605131402189,-0.008945929493804477,0.11817157364336373,984.1024491095886,20.013089205987633,400,9.255215909791355e-5,train_fit_end_to_end
Ron'Dell Carter,Rusher,-0.09435185255416965,0.1004807555664163,-0.3129683775147419,-0.14292489610476744,-0.12308310881374143,0,0,983.7299442323921,17.462445564499472,400,9.255215909791355e-5,train_fit_end_to_end
Netane Muti,Blocker,-0.09456602850350775,0.12520023529147656,-0.33986290857114715,-0.182571770379029,-0.09718997474021993,-0.007243969320537528,0.13866143821774668,983.6927380592106,21.745016852363076,400,9.255215909791355e-5,train_fit_end_to_end
Jesse Davis,Blocker,-0.0947276183572009,0.06834455931955782,-0.22448434402261278,-0.14260176213149825,-0.09650297747623898,-0.05250649775943599,0.04712990433266923,983.6646670264944,11.878312920701378,400,9.255215909791355e-5,train_fit_end_to_end
Josh Mauro,Rusher,-0.09553435086999683,0.17486302120052982,-0.49895460132822267,-0.2074138605794001,-0.07636341607178657,0.020011720444512646,0.20705279816351815,983.5245232350227,30.37495121729959,400,9.255215909791355e-5,train_fit_end_to_end
Alex Bars,Blocker,-0.09647404797379683,0.17172729497175288,-0.42066061677007005,-0.20787072293950531,-0.10064142164326025,0.024993963416252936,0.2416276416172796,983.3612811282864,29.828170480727888,400,9.255215909791355e-5,train_fit_end_to_end
Joe Schobert,Rusher,-0.09688916590000429,0.14188441718551376,-0.36385206832203365,-0.1997066702152602,-0.08500343131794898,-0.011355221813309137,0.18011870270391653,983.2891677584099,24.650966921921516,400,9.255215909791355e-5,train_fit_end_to_end
James Hudson III,Blocker,-0.09692037456029752,0.17288420804945173,-0.41429128742468496,-0.20497524373269543,-0.11225564648732905,0.010707630219135593,0.23334955883381464,983.2837462588287,30.029753099173774,400,9.255215909791355e-5,train_fit_end_to_end
Jaylon Moore,Blocker,-0.09775016621134042,0.10243649678399333,-0.2541290958411758,-0.16757522953691595,-0.11515926680666952,-0.04835280929145595,0.16903678055997468,983.1395966847579,17.79736577136423,400,9.255215909791355e-5,train_fit_end_to_end
Elgton Jenkins,Blocker,-0.09823539140162087,0.11320159816737992,-0.31904661440087717,-0.1680647048213088,-0.09870410684219419,-0.03375374821956019,0.15222279369713917,983.0553044357101,19.669141755380714,400,9.255215909791355e-5,train_fit_end_to_end
Alex Leatherwood,Blocker,-0.09884010592128986,0.08590961447010664,-0.25929627805933736,-0.15603163056030928,-0.10566364848115617,-0.042152490127866454,0.07983489753046236,982.9502547641025,14.928948615300259,400,9.255215909791355e-5,train_fit_end_to_end
Bryan Bulaga,Blocker,-0.098996133641901,0.09518276099305756,-0.2605424299739572,-0.17745181850006903,-0.13106629268744432,0,0,982.9231499728684,16.53661651732994,400,9.255215909791355e-5,train_fit_end_to_end
Frank Clark,Rusher,-0.09926374328674971,0.1036019713500179,-0.29815507931279017,-0.17573444248664083,-0.09655099822450855,-0.02213731043903315,0.08645870232209718,982.8766614160436,17.999944124371286,400,9.255215909791355e-5,train_fit_end_to_end
Daniel Wise,Rusher,-0.10048673729982725,0.19615953614013495,-0.49370032074166803,-0.23109016429715368,-0.0907100725193032,0.03457371030567106,0.2707542616503819,982.6642055955315,34.07363544256841,400,9.255215909791355e-5,train_fit_end_to_end
Kyler Fackrell,Rusher,-0.10072530561528752,0.09857281695371252,-0.2720529955234626,-0.16740055372827817,-0.10287664325466908,-0.043581045773166294,0.11892601348047362,982.622762034347,17.118932031155378,400,9.255215909791355e-5,train_fit_end_to_end
Tyler Shelvin,Rusher,-0.10118892741393942,0.1213259669023418,-0.3313202654556842,-0.18418096330638326,-0.09885358789791898,-0.0035138678203832947,0.11550891835200813,982.5422226788091,21.08098553599509,400,9.255215909791355e-5,train_fit_end_to_end
Justin Jones,Rusher,-0.10160607835362545,0.08908058832159188,-0.28493796516925496,-0.16406724846641482,-0.10000692006613522,-0.04217281699675557,0.07365282709523117,982.4697561383186,15.478716717899243,400,9.255215909791355e-5,train_fit_end_to_end
Markus Golden,Rusher,-0.10173052595803055,0.13080365771957417,-0.3804432566818074,-0.17935729434971076,-0.10343564470983921,-0.014837944683993217,0.14311287669440284,982.4481373751669,22.72221532470656,400,9.255215909791355e-5,train_fit_end_to_end
Quinn Meinerz,Blocker,-0.10196094046295603,0.12353116674113021,-0.32280060913514935,-0.18930370275283182,-0.10820514793082386,-0.018527993891183637,0.1583894881251785,982.4081102759511,21.45667750295262,400,9.255215909791355e-5,train_fit_end_to_end
David Quessenberry,Blocker,-0.10313849357792679,0.09014807477173972,-0.2573321278028128,-0.16337916665686092,-0.10832395883130369,-0.046785068628842935,0.09206262478583983,982.2035483479591,15.66215367934939,400,9.255215909791355e-5,train_fit_end_to_end
Ja'Whaun Bentley,Rusher,-0.10317088896466815,0.11290405873263802,-0.3282771690425812,-0.17545136274343837,-0.09980164675833533,-0.03099595696882743,0.11171818552486949,982.1979206928788,19.61600547311566,400,9.255215909791355e-5,train_fit_end_to_end
Teven Jenkins,Blocker,-0.10354870408162266,0.10972684429539699,-0.28730677126432647,-0.18407004054462883,-0.11011693765988709,-0.03323446177972269,0.11743069533007268,982.1322874846896,19.05986123094866,400,9.255215909791355e-5,train_fit_end_to_end
Brandin Bryant,Rusher,-0.10391983742739369,0.10106941522504907,-0.31931576763568975,-0.1480233524245954,-0.11347884180771264,0,0.02267135859722938,982.0678150190422,17.555346115593466,400,9.255215909791355e-5,train_fit_end_to_end
Jonas Griffith,Rusher,-0.10419731528052212,0.1205522494691965,-0.327504300588974,-0.18599425303602923,-0.11080892850822932,-0.027584285835006165,0.16643526829108482,982.0196121788565,20.936691543154705,400,9.255215909791355e-5,train_fit_end_to_end
Nick Dzubnar,Rusher,-0.10432981470934258,0.11334246745962033,-0.3218975832858207,-0.18183028595050885,-0.09137001070567982,-0.021276265876751466,0.0831947132334879,981.9965946705397,19.69104192353469,400,9.255215909791355e-5,train_fit_end_to_end
Anthony Rush,Rusher,-0.10531004724090136,0.13489484437009747,-0.3555137909129164,-0.1873906935334977,-0.10820178277392177,-0.016827575147304277,0.166181985269709,981.8263108387645,23.429572283870034,400,9.255215909791355e-5,train_fit_end_to_end
Tommy Togiai,Rusher,-0.1053503946307016,0.11597504072212957,-0.35644124893322165,-0.19562523473813034,-0.09053348593084035,-0.022539537359347155,0.09998306045421114,981.8193017792647,20.14453533853692,400,9.255215909791355e-5,train_fit_end_to_end
Christian Ringo,Rusher,-0.10561246622064552,0.09411694290221992,-0.27557804106329853,-0.16762698583618812,-0.11333136878698809,-0.044595008715192876,0.07686884182413369,981.7737752811142,16.3409110563498,400,9.255215909791355e-5,train_fit_end_to_end
Shaun Bradley,Rusher,-0.10566973789573898,0.07196672769090712,-0.2531186012831426,-0.15365735383508278,-0.0996331878454989,-0.05360152931722175,0,981.7638261721293,12.496837854541033,400,9.255215909791355e-5,train_fit_end_to_end
Jedrick Wills Jr.,Blocker,-0.10726262805266439,0.10165414541976121,-0.3106019592156778,-0.16939955093934905,-0.10181904416430296,-0.04903936916069848,0.0773150568269605,981.4871128099569,17.658603010332815,400,9.255215909791355e-5,train_fit_end_to_end
Chris Smith,Rusher,-0.10758033496963756,0.25015388207497974,-0.5481259303310224,-0.2895893988514737,-0.11588611302233404,0.06595928356755985,0.3535617933850843,981.4319214655953,43.455872740682196,400,9.255215909791355e-5,train_fit_end_to_end
Iosua Opeta,Blocker,-0.10783180829911664,0.08613639099548452,-0.3041942669047545,-0.15709259176743431,-0.10072293193254903,-0.0529852848995991,0.05070600450689969,981.38823607386,14.960529685393972,400,9.255215909791355e-5,train_fit_end_to_end
Jordan Smith,Rusher,-0.10843931271650203,0.11218488879362072,-0.33134224909247245,-0.17992455880523683,-0.11345604022428554,0,0.0419712878500216,981.282701747379,19.485827886683204,400,9.255215909791355e-5,train_fit_end_to_end
Jaleel Johnson,Rusher,-0.10853653374564087,0.08566810099407013,-0.2820155537966298,-0.16907435592525616,-0.10894944157937772,-0.04987013266969093,0.0590756032999705,981.265812724787,14.88307276700803,400,9.255215909791355e-5,train_fit_end_to_end
Laken Tomlinson,Blocker,-0.10865634350032541,0.09555190657081884,-0.3035673372173522,-0.17284820708846182,-0.10839283019223026,-0.045395805671311185,0.07984146517653878,981.244999638652,16.605402076400914,400,9.255215909791355e-5,train_fit_end_to_end
Rasheem Green,Rusher,-0.11016931897889462,0.0802595009074828,-0.26587195994500634,-0.1636866366293044,-0.10686128929196878,-0.055751223880221405,0.05601286666064136,980.9821688780129,13.93927068138431,400,9.255215909791355e-5,train_fit_end_to_end
A'Shawn Robinson,Rusher,-0.11135856314522391,0.08386505465368002,-0.27830522484841624,-0.1681671495048525,-0.11020755375607807,-0.05224349424583265,0.02740068121666677,980.775576006384,14.572907239570709,400,9.255215909791355e-5,train_fit_end_to_end
Davion Taylor,Rusher,-0.11205236166377634,0.12033777386437455,-0.3491767382408808,-0.186693721521004,-0.11544456878398007,-0.032581381472514284,0.11336141778293207,980.65505085912,20.905697725943035,400,9.255215909791355e-5,train_fit_end_to_end
Caraun Reid,Rusher,-0.1122252999517631,0.10591737663819593,-0.3164548480121146,-0.16503322513541835,-0.15000743814791284,0,0,980.625008401447,18.40124308996778,400,9.255215909791355e-5,train_fit_end_to_end
Parker Ehinger,Blocker,-0.11278682547291426,0.11778643792985923,-0.3590180302451171,-0.15789366874008182,-0.14576767708759253,0,0,980.5274614273335,20.46227348446079,400,9.255215909791355e-5,train_fit_end_to_end
Taylor Stallworth,Rusher,-0.11290086139895064,0.11121071535635774,-0.35492145730916824,-0.18196743702321605,-0.1075148408746527,-0.040782845188376396,0.09661543239369867,980.5076513579669,19.321111966995762,400,9.255215909791355e-5,train_fit_end_to_end
Jordan Mailata,Blocker,-0.11293751652853153,0.10194074397766753,-0.31865367538655875,-0.17245158252167142,-0.11290005667141782,-0.054663402543758614,0.0834175587995001,980.5012837097628,17.714091246544914,400,9.255215909791355e-5,train_fit_end_to_end
Tipa Galeai,Rusher,-0.11380005427980448,0.13960604048222855,-0.3964229565082925,-0.2192614951838685,-0.10626378762168642,-0.020990347354507215,0.14653954555842585,980.3514455554383,24.24997675299355,400,9.255215909791355e-5,train_fit_end_to_end
Rodger Saffold,Blocker,-0.11416188566156614,0.0805811129184446,-0.2712437230167998,-0.16702125664186554,-0.11537321279662557,-0.06028020014787885,0.04708809040548164,980.288589006447,14.006542151712187,400,9.255215909791355e-5,train_fit_end_to_end
Deatrich Wise Jr.,Rusher,-0.11562485234036907,0.11145498121304051,-0.3447454272793836,-0.18924382389560965,-0.11673658848000844,-0.04016186989426603,0.09430379163619325,980.0344456641219,19.361319256507333,400,9.255215909791355e-5,train_fit_end_to_end
Leonard Williams,Rusher,-0.1160225684763221,0.07884474139247981,-0.2747010468758524,-0.16370088734015548,-0.11788046497200233,-0.06738621858164573,0.03366346038740497,979.9653552948387,13.695905095606495,400,9.255215909791355e-5,train_fit_end_to_end
Taylor Moton,Blocker,-0.11688797666974042,0.11044488850209859,-0.3189751841682655,-0.1964301942044372,-0.11537901007506055,-0.04732276809936084,0.12242094110340353,979.8150184936404,19.194376754839716,400,9.255215909791355e-5,train_fit_end_to_end
Jonathan Harris,Rusher,-0.1169924766747479,0.0833619044587129,-0.291742461080252,-0.17320789342710402,-0.11574657849011057,-0.06230140407721741,0.00785342410560982,979.796864983427,14.478745596369395,400,9.255215909791355e-5,train_fit_end_to_end
Shaquille Quarterman,Rusher,-0.11732091906912412,0.16938875893336594,-0.42321322764853425,-0.23752150466920702,-0.11634159747509959,-6.206688157934169e-4,0.21683963983013904,979.7398086956267,29.423413519280423,400,9.255215909791355e-5,train_fit_end_to_end
Jack Heflin,Rusher,-0.11797544703822145,0.08127964497203266,-0.27842938460805694,-0.16313322278934383,-0.10158357149542507,-0.07289894835318947,0,979.6261055415346,14.116555328306172,400,9.255215909791355e-5,train_fit_end_to_end
Krys Barnes,Rusher,-0.11821262322303709,0.09742268997357006,-0.2968719978563114,-0.1832620595459806,-0.1146739227440419,-0.05945657865795871,0.08242483469762152,979.5849038182129,16.918704871508258,400,9.255215909791355e-5,train_fit_end_to_end
James Vaughters,Rusher,-0.11868820269145465,0.13925472531132277,-0.3885951527239315,-0.206887036424411,-0.11823879805407919,-0.025939665085201038,0.13080531081825414,979.5022872026768,24.19833873433382,400,9.255215909791355e-5,train_fit_end_to_end
Taylor Decker,Blocker,-0.12006694599174063,0.10636695170685947,-0.3172910212017197,-0.19342337429779766,-0.12751919867050981,-0.046517518895006826,0.09741730328442523,979.2627749597667,18.481885222003516,400,9.255215909791355e-5,train_fit_end_to_end
Joseph Jones,Rusher,-0.120136157254782,0.21156664572906422,-0.5046407860981837,-0.2975700199670098,-0.08841291367610843,0.0469262830480508,0.2294257242226381,979.2507517319169,36.7480081866814,400,9.255215909791355e-5,train_fit_end_to_end
Geron Christian Sr.,Blocker,-0.12130774471680533,0.16684105827184104,-0.4790319682266426,-0.2274436888243161,-0.10135048735807323,0.003785492318409887,0.15585275271713234,979.0472261439875,28.9864839443023,400,9.255215909791355e-5,train_fit_end_to_end
Josh Tupou,Rusher,-0.12163740078917763,0.10804644560225128,-0.3469889380743791,-0.19241198346792077,-0.11101659220892764,-0.043299318257645616,0.05356989776320412,978.9899590187246,18.766686235730397,400,9.255215909791355e-5,train_fit_end_to_end
Mike Mcglinchey,Blocker,-0.1227056734053332,0.08348153264079214,-0.26735039287381723,-0.1799858682648517,-0.12709606484576108,-0.07317683999893881,0.05030105780583798,978.8043810577786,14.50588986793207,400,9.255215909791355e-5,train_fit_end_to_end
Isaiah Williams,Blocker,-0.12314700802380205,0.11629528605660894,-0.3900814905073653,-0.16379497334468499,-0.15592635467881008,0,0,978.7277133819891,20.202638905003354,400,9.255215909791355e-5,train_fit_end_to_end
Michael Deiter,Blocker,-0.12350428559735777,0.09295765935539566,-0.29338714340859057,-0.18538412294083695,-0.11545705087700081,-0.0653338013178837,0.059751075404900204,978.6656479105079,16.14882948676936,400,9.255215909791355e-5,train_fit_end_to_end
A.J. Cann,Blocker,-0.12458264045157605,0.11956764995164698,-0.3259947813309443,-0.22342485933124068,-0.12382202884747541,-0.03789056113430227,0.11265746969090389,978.4783184854197,20.775303048885757,400,9.255215909791355e-5,train_fit_end_to_end
John Simon,Rusher,-0.12563856441071974,0.06686146060103784,-0.2607018692654433,-0.1690524409472849,-0.12298190401586684,-0.07960054865859761,0,978.2948857059134,11.616120206954772,400,9.255215909791355e-5,train_fit_end_to_end
Michael Hoecht,Rusher,-0.1274500360162411,0.2103030564003782,-0.5103382095671123,-0.2956880465672297,-0.13274448296214908,0.03834595981999402,0.2738132875871692,977.9802008569525,36.53300509416019,400,9.255215909791355e-5,train_fit_end_to_end
Riley Reiff,Blocker,-0.12802981724527224,0.05793565306277518,-0.2314214685228371,-0.17111301749359153,-0.12681958894955853,-0.0931156711090155,-0.007652235601209986,977.8794825415608,10.071626565402685,400,9.255215909791355e-5,train_fit_end_to_end
Casey Tucker,Blocker,-0.12836305872451834,0.1277595328681213,-0.3885195168198363,-0.19273804428386232,-0.1621286347295896,0,0,977.8215925673296,22.189251549897275,400,9.255215909791355e-5,train_fit_end_to_end
Jake Zimmer,Rusher,-0.1286694646935521,0.12661197061874582,-0.34785356214188373,-0.21985571651435926,-0.18571937582304135,0,0,977.7683643987002,21.995011748780367,400,9.255215909791355e-5,train_fit_end_to_end
Colby Gossett,Blocker,-0.12958270516341555,0.1357148765041939,-0.38283353930171204,-0.22196584248095225,-0.1399523252955045,-0.03196571388416326,0.11651109041336082,977.6097182800153,23.568963897506478,400,9.255215909791355e-5,train_fit_end_to_end
Elijah Lee,Rusher,-0.13012220071693617,0.09830882680641745,-0.35432063869552716,-0.18952565651172051,-0.1191170348267088,-0.059458061292722936,0.021272272679199844,977.5159983032531,17.075743890049626,400,9.255215909791355e-5,train_fit_end_to_end
Tyus Bowser,Rusher,-0.1303125902832074,0.10872598044254604,-0.34183395435848973,-0.2058538153871451,-0.12811458879132093,-0.05583815537130968,0.0656560987694307,977.4829242480357,18.881637422692222,400,9.255215909791355e-5,train_fit_end_to_end
Jahlani Tavai,Rusher,-0.1303878813032051,0.06013959713447235,-0.24945077834887994,-0.1697251782746332,-0.12963430727191377,-0.08743184079885888,-0.030295397995484565,977.4698448582269,10.447988718518296,400,9.255215909791355e-5,train_fit_end_to_end
Julie'N Davenport,Blocker,-0.131034650620474,0.20425637678287703,-0.4262741393420695,-0.28887340245798354,-0.16443455047490843,-0.0015668659614546253,0.3392425085423367,977.3574895200053,35.483629372042614,400,9.255215909791355e-5,train_fit_end_to_end
Ryan Mccollum,Blocker,-0.13128931708805455,0.07595198762222306,-0.25905122929546504,-0.18944303815321856,-0.13966219528099688,-0.07534397643173164,0.011872144820389278,977.3132494233669,13.197287448038418,400,9.255215909791355e-5,train_fit_end_to_end
Nick Martin,Blocker,-0.1315337510203381,0.15503750997870605,-0.44698632329028376,-0.20994239142387885,-0.16957245808879695,0.01842314753809115,0.06250608874168859,977.2707869001746,26.929158337616045,400,9.255215909791355e-5,train_fit_end_to_end
Rashawn Slater,Blocker,-0.13280585707684478,0.0946375409578399,-0.30952414577813897,-0.1934675678573565,-0.13709286848895508,-0.07069141714034602,0.07110559740028706,977.0497994438799,16.441926484281932,400,9.255215909791355e-5,train_fit_end_to_end
Michael Jordan,Blocker,-0.13281592020573915,0.09284467216478069,-0.3016355998692285,-0.19469578244394886,-0.13919823393665437,-0.07659067248241505,0.06434920790998692,977.0480512993402,16.119775931898428,400,9.255215909791355e-5,train_fit_end_to_end
Shaq Lawson,Rusher,-0.1336701732124909,0.11981968055935867,-0.3840198119785443,-0.215878949512812,-0.12430008153428712,-0.047083720498194724,0.07897828797201353,976.8996523525475,20.816309452952005,400,9.255215909791355e-5,train_fit_end_to_end
Tashawn Bower,Rusher,-0.13368448850968076,0.16305813968024033,-0.4253695740564835,-0.2516431958264601,-0.14816785729293921,-0.02821745168639075,0.19943404007062998,976.897165530717,28.333014033638126,400,9.255215909791355e-5,train_fit_end_to_end
Aaron Brewer,Blocker,-0.1344121524677534,0.08181186377977283,-0.2856341362574914,-0.18680030032069783,-0.13605335986918898,-0.08767681537318163,0.03914846537927936,976.7707573540487,14.213833910779663,400,9.255215909791355e-5,train_fit_end_to_end
Preston Smith,Rusher,-0.13479008052380637,0.11410684200881137,-0.3542253462590571,-0.20831513256875422,-0.13320752117005635,-0.0664470287845079,0.09688399067624348,976.7051045263286,19.825143065562553,400,9.255215909791355e-5,train_fit_end_to_end
Whitney Mercilus,Rusher,-0.13692658014787062,0.17666264107847782,-0.49852121937983385,-0.25404648520265394,-0.14316891881365013,-0.011629886416651983,0.16378968469861155,976.3339565274008,30.687948697588546,400,9.255215909791355e-5,train_fit_end_to_end
K'Lavon Chaisson,Rusher,-0.13761331513647745,0.09444490430062243,-0.30593984714447975,-0.20965995075068697,-0.14436420320124727,-0.07373157227747502,0.062242956362441676,976.214658440968,16.40803384442407,400,9.255215909791355e-5,train_fit_end_to_end
Mykal Walker,Rusher,-0.13775614035067013,0.09809623030165714,-0.333835894795913,-0.20277656993504503,-0.1360556818379373,-0.06718798080675437,0.02929357603356692,976.1898471600078,17.041311746397312,400,9.255215909791355e-5,train_fit_end_to_end
Brandon Williams,Rusher,-0.1379643897065392,0.10854734001230223,-0.35561229706893505,-0.21806790045430272,-0.13196990072653741,-0.06354130377210764,0.048210139295038666,976.1536705415623,18.851914708140715,400,9.255215909791355e-5,train_fit_end_to_end
Tyre Phillips,Blocker,-0.13818417604712618,0.14506005771607072,-0.4108879275751489,-0.23821743318163643,-0.13927244622965718,-0.041924066328430265,0.15857522707048316,976.1154897435964,25.203019413267025,400,9.255215909791355e-5,train_fit_end_to_end
Adam Butler,Rusher,-0.13885825441986416,0.06784719353586514,-0.262288426681736,-0.18493565404198348,-0.13753551159294217,-0.09345037842205679,0.0035281180927880964,975.9983903365362,11.785469274756707,400,9.255215909791355e-5,train_fit_end_to_end
Marquis Haynes Sr.,Rusher,-0.14093681358690452,0.15265466319376692,-0.4293929723439476,-0.24500008852983457,-0.14082377465068435,-0.041709119269715635,0.1660492379530304,975.6373076259142,26.527283165522366,400,9.255215909791355e-5,train_fit_end_to_end
Kyzir White,Rusher,-0.14118490808386297,0.10193146920632748,-0.3314395901261638,-0.20977160880531207,-0.1441729527411203,-0.07208825800546534,0.05475010396682438,975.5942091975064,17.714824366765058,400,9.255215909791355e-5,train_fit_end_to_end
Marquel Lee,Rusher,-0.14197179892422326,0.0804447014050167,-0.288214991694062,-0.20332001112426992,-0.14198832590030033,-0.07546978483906783,0,975.4575122575749,13.970214411175835,400,9.255215909791355e-5,train_fit_end_to_end
Solomon Kindley,Blocker,-0.14425849735430873,0.12648330083145495,-0.3824742831655348,-0.253175618768436,-0.13677954195172026,-0.03507700555359783,0.04614429816670986,975.0602720535898,21.97819713396474,400,9.255215909791355e-5,train_fit_end_to_end
Trystan Colon,Blocker,-0.1451050577524706,0.09237471756305418,-0.3185157277904275,-0.2039517954502718,-0.15050388167213724,-0.08135250764322659,0.04659030040262939,974.9132094497819,16.049493783521186,400,9.255215909791355e-5,train_fit_end_to_end
James Ferentz,Blocker,-0.1453409332325751,0.08892384485179644,-0.2672503201533871,-0.20819545091961253,-0.1682831243314365,-0.10465757069645575,0.03203961774322832,974.8722336820117,15.444936182717813,400,9.255215909791355e-5,train_fit_end_to_end
Chris Reed,Blocker,-0.14543302544529865,0.08510882454133036,-0.3248524227412065,-0.20261100092432632,-0.1438815187482341,-0.09036646898076658,0.017886588021122234,974.8562356260868,14.790434700400647,400,9.255215909791355e-5,train_fit_end_to_end
Alex Mack,Blocker,-0.1457114083414886,0.07889757866715706,-0.3084897105067845,-0.19380762250510836,-0.14151592962897885,-0.0932297321421997,-0.0015247265538367721,974.8078755638182,13.711309301484603,400,9.255215909791355e-5,train_fit_end_to_end
Ty Sambrailo,Blocker,-0.14587110805591613,0.11232540553518093,-0.31235206486636324,-0.23430565907483936,-0.1783791498678959,-0.060241679364092235,0.073301003857622,974.7801328819232,19.5144712805596,400,9.255215909791355e-5,train_fit_end_to_end
Andrew Van Ginkel,Rusher,-0.14645035372924312,0.12202341662767519,-0.3670651142899715,-0.22618023857665676,-0.14146130195630788,-0.062105392796770534,0.07907918614412059,974.6795076020863,21.192199880077958,400,9.255215909791355e-5,train_fit_end_to_end
Trent Williams,Blocker,-0.14759371483348552,0.08234174546855756,-0.2954524462567873,-0.2018654987110734,-0.15447503174361887,-0.09857769782710837,0.017119304884272532,974.4808854347282,14.313964212498274,400,9.255215909791355e-5,train_fit_end_to_end
Cam Robinson,Blocker,-0.1482126505918215,0.06264498342631346,-0.27512292922021997,-0.1859834884012218,-0.14879024853563827,-0.11167659557435385,-0.0061119864523396265,974.3733652809291,10.888781737782368,400,9.255215909791355e-5,train_fit_end_to_end
Jeremiah Attaochu,Rusher,-0.14872964890373475,0.09307336278319604,-0.3312612212752126,-0.21139915503257412,-0.1465148202530245,-0.0833475939362262,0.045098963757410494,974.2835534753222,16.16622499052178,400,9.255215909791355e-5,train_fit_end_to_end
Doug Costin,Rusher,-0.14898460388181645,0.15177958705488628,-0.4524784562339433,-0.21649110955463144,-0.2005999828915962,0,0,974.2392632592763,26.3645050303782,400,9.255215909791355e-5,train_fit_end_to_end
Blake Lynch,Rusher,-0.14964026379158438,0.14164947700150118,-0.3979550428346729,-0.25411173391648195,-0.16022699968172444,-0.057362800342190705,0.1518330261730602,974.1253634669494,24.60868327795195,400,9.255215909791355e-5,train_fit_end_to_end
Payton Turner,Rusher,-0.15070591074176062,0.17537369179336196,-0.44731918735609383,-0.28825632507531995,-0.17484624377819663,-0.025949223149182507,0.1894853192694306,973.9402416309019,30.46474839720029,400,9.255215909791355e-5,train_fit_end_to_end
Rashod Berry,Rusher,-0.15117364840633196,0.16211780316863522,-0.4940073859681322,-0.2511031427213952,-0.13573764735211213,-0.004703273963191378,0.0760570250401208,973.8589872762212,28.163802444748736,400,9.255215909791355e-5,train_fit_end_to_end
Trent Harris,Rusher,-0.1517389257874354,0.11999446025948972,-0.39135276055928636,-0.21269587806099177,-0.1799405529999415,-0.03304639286690687,0,973.7607885372781,20.84292695845359,400,9.255215909791355e-5,train_fit_end_to_end
Bunmi Rotimi,Rusher,-0.15180861274912438,0.15424280883000338,-0.4104547953113066,-0.26232064535693783,-0.1640351524176992,-0.038060704062778346,0.1692336939681893,973.7486826721092,26.78900208304984,400,9.255215909791355e-5,train_fit_end_to_end
Terrell Lewis,Rusher,-0.1527426899766165,0.09795886101885608,-0.34042345976948774,-0.2258541894670491,-0.14120814326585734,-0.0826752075699598,0.015451872491049606,973.5864168378807,17.012287234326568,400,9.255215909791355e-5,train_fit_end_to_end
Demetrius Flannigan-Fowles,Rusher,-0.15576424646233297,0.09921098989889902,-0.34831185476293597,-0.23029091382008224,-0.15482549843237353,-0.08361862591768637,0.027446729743015708,973.0615187144784,17.243944651414903,400,9.255215909791355e-5,train_fit_end_to_end
Jake Matthews,Blocker,-0.15630177592785327,0.09710444197482508,-0.32996110467379824,-0.22436344049420115,-0.16194674275515997,-0.09757817625208293,0.050803969497122646,972.9681402821841,16.877297488151584,400,9.255215909791355e-5,train_fit_end_to_end
Rashod Hill,Blocker,-0.1573209554241333,0.1368557516097421,-0.36922039738114837,-0.25558859511589305,-0.17403148097609872,-0.07559368026063709,0.16007343724447864,972.7910906696628,23.77167119311923,400,9.255215909791355e-5,train_fit_end_to_end
Matthew Judon,Rusher,-0.1577310351531989,0.1110369259385787,-0.3728629676216664,-0.22136528623670892,-0.15737091193384695,-0.09138759418686765,0.06859950669960069,972.7198525242734,19.295940111714685,400,9.255215909791355e-5,train_fit_end_to_end
Samson Ebukam,Rusher,-0.15942273282440134,0.10147991680663118,-0.32628396019439826,-0.2410360987811454,-0.16663888559160445,-0.09545958925846651,0.06293387598889216,972.4259745388126,17.62578189357637,400,9.255215909791355e-5,train_fit_end_to_end
Shy Tuttle,Rusher,-0.15985591477048727,0.0797600305904553,-0.3126548233447392,-0.21720806529987152,-0.15513366093807265,-0.11038455680508703,-0.0062952519732741435,972.3507231272745,13.85165317086088,400,9.255215909791355e-5,train_fit_end_to_end
Rashan Gary,Rusher,-0.16017824867273736,0.08468299584098656,-0.33043367386930306,-0.21633083361501418,-0.16422681858062937,-0.10348079452130463,0.003251712268409157,972.2947279932436,14.708527913436088,400,9.255215909791355e-5,train_fit_end_to_end
Aaron Patrick,Rusher,-0.16212672301381287,0.15145518694047327,-0.4514273596254715,-0.2782509264992795,-0.17719474067540708,-0.0329574546462922,0.0994814463708051,971.9562433314599,26.30879743496994,400,9.255215909791355e-5,train_fit_end_to_end
David Onyemata,Rusher,-0.16220804214226872,0.11572288764138981,-0.4180136507610402,-0.22767608965209205,-0.14779820416588513,-0.08326117356691633,0.028167135230185394,971.9421167519553,20.09928499935669,400,9.255215909791355e-5,train_fit_end_to_end
Hamsah Nasirildeen,Rusher,-0.16248381244053026,0.11894073423505788,-0.4041024358560958,-0.2536692790073196,-0.14162037033006475,-0.08106293103091824,0,971.8942105444321,20.667382527032128,400,9.255215909791355e-5,train_fit_end_to_end
Corey Levin,Blocker,-0.16302687837599117,0.10780885085544924,-0.4404287396563719,-0.21793879774876773,-0.15870359395055905,-0.08434432419182208,0.0035751385320720234,971.7998703288,18.723837204427394,400,9.255215909791355e-5,train_fit_end_to_end
Naquan Jones,Rusher,-0.16533191281872406,0.07911918637538871,-0.328487041911311,-0.21861712097695474,-0.1673772225398209,-0.10897614241592592,-0.010802384875119165,971.3994448331697,13.739922720761756,400,9.255215909791355e-5,train_fit_end_to_end
James Smith-Williams,Rusher,-0.1656414209882791,0.12493538118392182,-0.4207905278568297,-0.24830162305526476,-0.16649452750748409,-0.08277034505746945,0.09344262175958327,971.345677757113,21.70152039779599,400,9.255215909791355e-5,train_fit_end_to_end
Michael Brockers,Rusher,-0.16636460475026058,0.08543370139263826,-0.33995863350007555,-0.22290973818402396,-0.15731344085365906,-0.10837546566770193,-0.011281272462725771,971.2200478702207,14.84197900044013,400,9.255215909791355e-5,train_fit_end_to_end
Bilal Nichols,Rusher,-0.16687777355706018,0.0970125950072907,-0.3777336419672426,-0.2234667012622661,-0.16581913453263247,-0.10457248771494614,0.017921907151586536,971.1309013177895,16.849216032137765,400,9.255215909791355e-5,train_fit_end_to_end
Jessie Lemonier,Rusher,-0.16790090013897171,0.11729803941996791,-0.38443983668729276,-0.2534951551482893,-0.17852954037743357,-0.09773091220300897,0.08726406325204851,970.9531660262644,20.377602286738057,400,9.255215909791355e-5,train_fit_end_to_end
Jayon Brown,Rusher,-0.16810149082005468,0.16556445135029108,-0.4615070250775808,-0.28465002402505296,-0.17469463807732755,-0.06223529203041592,0.17930470621099728,970.9183198558982,28.758805015710344,400,9.255215909791355e-5,train_fit_end_to_end
Derrick Nnadi,Rusher,-0.16822258107622162,0.09132153402854427,-0.352627879871066,-0.23021654255471238,-0.1671282259354169,-0.11438619072449356,-0.005500134836778991,970.897284323872,15.865383106032535,400,9.255215909791355e-5,train_fit_end_to_end
Will Holden,Blocker,-0.1689519997710193,0.13501889623076319,-0.40167078233887304,-0.2632958325458048,-0.17880126654733547,-0.06468108929882337,0.08723798306499904,970.7705713182129,23.456454253125727,400,9.255215909791355e-5,train_fit_end_to_end
Lerentee Mccray,Rusher,-0.16918010570777525,0.09251698342170087,-0.34621851412085974,-0.23248932672173211,-0.16803202881659426,-0.10095458304715901,0,970.7309452583639,16.07520589834317,400,9.255215909791355e-5,train_fit_end_to_end
Dont'A Hightower,Rusher,-0.16961449187607358,0.1728203851364329,-0.5414896364385312,-0.26978066135299816,-0.15431984679875954,-0.06240931258378535,0.15032170889229465,970.6554846520011,30.021669282155653,400,9.255215909791355e-5,train_fit_end_to_end
Robert Hainsey,Blocker,-0.1700962250210091,0.12096517405402306,-0.43761593263653004,-0.2532257088927663,-0.16693826601219386,-0.0775037037994525,0.02709191151448791,970.5717990333629,21.014939773728667,400,9.255215909791355e-5,train_fit_end_to_end
Sam Cosmi,Blocker,-0.17285153813551601,0.11038759707607781,-0.3948586969549292,-0.24483934197165752,-0.1715429948641261,-0.09682518038178556,0.022115510700853873,970.0931521207445,19.180588295777518,400,9.255215909791355e-5,train_fit_end_to_end
Joe Haeg,Blocker,-0.17338717067396384,0.14431897729431337,-0.4828997490245281,-0.26602223472566777,-0.17589959678151898,-0.07148269417973463,0.09947780915129234,970.0001032184342,25.069486639969835,400,9.255215909791355e-5,train_fit_end_to_end
Tyron Smith,Blocker,-0.1736928416926608,0.08782547012315298,-0.33542981229286056,-0.23842259700155843,-0.17395580078107076,-0.11207786031591635,0.005010279677665282,969.9470027237551,15.248906677644312,400,9.255215909791355e-5,train_fit_end_to_end
Da'Shawn Hand,Rusher,-0.1741135784658108,0.15811491192237928,-0.42741746437609646,-0.29647440087784543,-0.2022638926630701,-0.0846837003983343,0.1391110755020538,969.87391326019,27.467605373744632,400,9.255215909791355e-5,train_fit_end_to_end
Jonah Williams,Blocker,-0.1746018425427712,0.0798857703355936,-0.32330851113645287,-0.2291646682463994,-0.1741477429738608,-0.12374903014699228,-0.00919679267845636,969.7890931024558,13.880246904130855,400,9.255215909791355e-5,train_fit_end_to_end
Derrek Tuszka,Rusher,-0.17502725765566257,0.13439119750020143,-0.4723639175034793,-0.2515418827162015,-0.1680765019516497,-0.0787663898263315,0.04482038600640374,969.715190928037,23.35024450364138,400,9.255215909791355e-5,train_fit_end_to_end
Dee Ford,Rusher,-0.1751672558606959,0.12844227090517144,-0.43458047043828896,-0.2589877095484232,-0.16721310084957325,-0.08800323838220826,0.06955255503534345,969.6908707488681,22.31329915126043,400,9.255215909791355e-5,train_fit_end_to_end
Leonard Floyd,Rusher,-0.17555702705331866,0.08807339449603663,-0.3607622316999463,-0.23518015305386775,-0.16809949147425585,-0.11376569142292334,-0.01569531600823247,969.6231605576037,15.299310531930756,400,9.255215909791355e-5,train_fit_end_to_end
Jack Anderson,Blocker,-0.176030689249714,0.11738626852917974,-0.3801975031828456,-0.24373826638781432,-0.1954248025746061,-0.08638420136452338,0,969.5408770063315,20.38794270640839,400,9.255215909791355e-5,train_fit_end_to_end
Hakeem Adeniji,Blocker,-0.1772624083500296,0.12452417997125441,-0.43804170112993024,-0.25855061055777745,-0.17543403650700135,-0.09452846231461887,0.05446025602525595,969.3269054829227,21.631835885603994,400,9.255215909791355e-5,train_fit_end_to_end
Troy Dye,Rusher,-0.17755317973975734,0.12498461062094893,-0.4343976532470013,-0.2578975959166404,-0.17880886190858286,-0.07402247081524448,0,969.276393318901,21.712984878118384,400,9.255215909791355e-5,train_fit_end_to_end
Dennis Daley,Blocker,-0.1793415040431077,0.14516994725754284,-0.4519922497377065,-0.2790796765368134,-0.17832696236325957,-0.08627015964373488,0.11289223620941546,968.9657295681816,25.22203131109989,400,9.255215909791355e-5,train_fit_end_to_end
Alex Barshaba,Blocker,-0.1803159525486933,0.16914122851002544,-0.5298056927013279,-0.2642619912426072,-0.24833342896293098,0,0,968.7964505246317,29.376542197574558,400,9.255215909791355e-5,train_fit_end_to_end
Jacob Tuioti-Mariner,Rusher,-0.18054128115172177,0.11181629163585974,-0.3893043084294771,-0.25366624256707004,-0.1844582293139656,-0.10190529257849038,0.033037366978430856,968.7573069370677,19.42477786123978,400,9.255215909791355e-5,train_fit_end_to_end
Stephen Weatherly,Rusher,-0.1824341520475732,0.11458536866432184,-0.3839256159866508,-0.26710984003299565,-0.18730113466908802,-0.10576442987442965,0.039917121154745,968.4284815830582,19.906231323817757,400,9.255215909791355e-5,train_fit_end_to_end
Jawaan Taylor,Blocker,-0.183369883087189,0.07792286858529485,-0.3229329211723395,-0.2355270126288139,-0.18478956860239554,-0.13834165616569938,-0.014768823696604386,968.265928452238,13.539085629323255,400,9.255215909791355e-5,train_fit_end_to_end
Uchenna Nwosu,Rusher,-0.18424057970957824,0.11309782267602585,-0.39387471455324086,-0.26070126868252813,-0.18396961981263138,-0.10654488360026214,0.04237311661360323,968.1146729568318,19.645679447246565,400,9.255215909791355e-5,train_fit_end_to_end
Carl Granderson,Rusher,-0.18462379653940023,0.11062567195005543,-0.4145817395731968,-0.2565134826843713,-0.1751418365341872,-0.10698027230307823,0.01985063518687839,968.0481013750061,19.214818515182383,400,9.255215909791355e-5,train_fit_end_to_end
Bradley Chubb,Rusher,-0.18629344492818598,0.1492893249609586,-0.46212394971529613,-0.293999013351838,-0.1819038513073773,-0.07146476616925271,0.10725900533457328,967.7580537422187,25.93688231931708,400,9.255215909791355e-5,train_fit_end_to_end
Carlos Davis,Rusher,-0.1870677684940478,0.10473003448196591,-0.3917429641384933,-0.24416840184774138,-0.18940578856123513,-0.10109314649764362,0,967.6235399614742,18.18743795574432,400,9.255215909791355e-5,train_fit_end_to_end
Harold Landry III,Rusher,-0.18787317232955095,0.10139016979019252,-0.38249665270975547,-0.25330020417959337,-0.19464562942804395,-0.12854028925521838,0.030304233377011346,967.4836269848892,17.617341266492645,400,9.255215909791355e-5,train_fit_end_to_end
Dayo Odeyingbo,Rusher,-0.19018737864589635,0.14583509845976758,-0.46641428909939125,-0.2935123384351056,-0.19208256397439288,-0.08721663158665492,0.09840602683701952,967.0816081716193,25.334282727886677,400,9.255215909791355e-5,train_fit_end_to_end
Kaden Elliss,Rusher,-0.19024053959537113,0.12671340253055408,-0.42040596567436833,-0.2815880376467208,-0.19324105056079535,-0.1133615834363118,0.0655567132905275,967.0723731688155,22.004733522760578,400,9.255215909791355e-5,train_fit_end_to_end
Zach Allen,Rusher,-0.19032383899191607,0.08924299101011769,-0.3620825215075895,-0.24804388174011632,-0.19431993945845516,-0.12907696456396822,-0.013342839264713018,967.0579025815093,15.503979451433663,400,9.255215909791355e-5,train_fit_end_to_end
Fred Johnson,Blocker,-0.19049763855105886,0.19653906749965136,-0.5096381033087889,-0.33384401823726395,-0.22344157719293167,-0.04988650958172716,0.1916500166479272,967.0277105057122,34.13571374337304,400,9.255215909791355e-5,train_fit_end_to_end
Joe Jackson,Rusher,-0.1912698422305293,0.09433128601176376,-0.38051199262166874,-0.2455397630356331,-0.1847744887674745,-0.12517708802909938,-0.02959536675416002,966.8935649869524,16.389330464256755,400,9.255215909791355e-5,train_fit_end_to_end
Kingsley Keke,Rusher,-0.19185485640607536,0.154652143126685,-0.5333856128693938,-0.2854910805723299,-0.18704786265645304,-0.08621791592002352,0.10642615704709928,966.7919376156425,26.871258312294845,400,9.255215909791355e-5,train_fit_end_to_end
Shelby Harris,Rusher,-0.1924634691920147,0.08129785661233782,-0.3282747105805701,-0.25261978241218275,-0.19807782943141067,-0.13826715200301845,-0.02495094511951721,966.6862107458228,14.126421418950136,400,9.255215909791355e-5,train_fit_end_to_end
Matt Pryor,Blocker,-0.19268702409717703,0.12832377574905926,-0.46726201814906476,-0.2755289772781257,-0.19181272545504313,-0.11013333369522803,0.06340832228162416,966.647375281137,22.293289901394875,400,9.255215909791355e-5,train_fit_end_to_end
Duane Brown,Blocker,-0.1986741275465697,0.10366284844128022,-0.3864797573752645,-0.27045574395541033,-0.20112403486064873,-0.13032156139560672,0.03411540917384272,965.607308884875,18.00917213622351,400,9.255215909791355e-5,train_fit_end_to_end
Nate Solder,Blocker,-0.19971667752370187,0.07885504869659446,-0.33914517197635347,-0.2548421814944545,-0.20043204143405033,-0.1522532928947938,-0.03192866729456259,965.4261994040043,13.700840719767829,400,9.255215909791355e-5,train_fit_end_to_end
Dakota Allen,Rusher,-0.20055860393794173,0.1154277741538896,-0.42739977223215087,-0.2780081480933864,-0.19864887666294426,-0.12211812151916596,0,965.2799418056551,20.056202376722652,400,9.255215909791355e-5,train_fit_end_to_end
Matt Nelson,Blocker,-0.2011674221913104,0.08496070292692154,-0.3730788328866486,-0.2528260161975004,-0.19789776539074155,-0.14629796457360364,-0.040377098681639745,965.1741792424871,14.763842827211933,400,9.255215909791355e-5,train_fit_end_to_end
Jordan Phillips,Rusher,-0.20249872749613212,0.11370219988532326,-0.4549417606454136,-0.27552298784563845,-0.1996150367472559,-0.12059842542288493,0.0013558269473186856,964.9429078234419,19.752995428714378,400,9.255215909791355e-5,train_fit_end_to_end
Shaquil Barrett,Rusher,-0.20286643577935778,0.1351426751413662,-0.4474087782714969,-0.29817633985642406,-0.2044036470309376,-0.11309772008792107,0.06627740078810958,964.8790303521,23.48431542422426,400,9.255215909791355e-5,train_fit_end_to_end
Jerome Baker,Rusher,-0.20326281740307772,0.1090644424234831,-0.4151859499431727,-0.2739148658321274,-0.2061031580929833,-0.1338812417945181,0.008783869352195885,964.8101718113362,18.943961230126003,400,9.255215909791355e-5,train_fit_end_to_end
Dante Fowler Jr.,Rusher,-0.20375316355515283,0.1308743743681918,-0.48388160634833793,-0.2835314511681023,-0.20674107990704582,-0.11095751252093836,0.03813929808885547,964.7249899601087,22.73157419265314,400,9.255215909791355e-5,train_fit_end_to_end
Robert Jones,Blocker,-0.2075084881825565,0.22205121187642948,-0.5554773111815458,-0.3754823316536203,-0.24787110567553872,-0.03610402995442422,0.23415760714261713,964.072623254734,38.57683698768854,400,9.255215909791355e-5,train_fit_end_to_end
Storm Norton,Blocker,-0.20778504404993997,0.0682423805191701,-0.34025313163903526,-0.25252344604360943,-0.20710184470954535,-0.16114610052720535,-0.08340644910190025,964.024580579877,11.860707363587101,400,9.255215909791355e-5,train_fit_end_to_end
Kyle Phillips,Rusher,-0.2088534827941346,0.17221922389274788,-0.535866755969994,-0.32262420505859546,-0.20283565040070517,-0.07841221128865371,0.08437115297440989,963.8389737595348,29.91928404334226,400,9.255215909791355e-5,train_fit_end_to_end
Henry Mondeaux,Rusher,-0.20929978363334678,0.12301949378952906,-0.44520060457862054,-0.29422788665558613,-0.2148325660923483,-0.1261021166086252,0.04273153397702702,963.7614433628394,21.369399025893056,400,9.255215909791355e-5,train_fit_end_to_end
Jordan Willis,Rusher,-0.2101810586880612,0.11573859935783694,-0.42795417773348365,-0.28989078043260963,-0.21002408438561354,-0.12905726480022023,0.0012471003265389323,963.6083502055188,20.103179576472034,400,9.255215909791355e-5,train_fit_end_to_end
B.J. Hill,Rusher,-0.21123629247365158,0.10572719652552112,-0.40681069529367153,-0.27969155504392673,-0.212404275336532,-0.1437552618522516,0.01389277253020427,963.4250373214388,18.36948873053501,400,9.255215909791355e-5,train_fit_end_to_end
Malik Jackson,Rusher,-0.21266250913940254,0.097117504593676,-0.39569671802940926,-0.281878971334666,-0.21614248030240762,-0.15373859288740538,-0.012971080858783858,963.1772781102652,16.87446855065894,400,9.255215909791355e-5,train_fit_end_to_end
Boogie Basham,Rusher,-0.21458402516275077,0.2223016055079969,-0.66232253905179,-0.36557294621347003,-0.1989359485327215,-0.05537487254696236,0.2004859723806828,962.8434765879338,38.6184702043614,400,9.255215909791355e-5,train_fit_end_to_end
Colton Mckivitz,Blocker,-0.21513192725606575,0.18497984216527918,-0.49846912359494566,-0.37826653003303623,-0.2848684784708774,-0.030906301120435062,0.0350550482334492,962.7482962456337,32.129315706281446,400,9.255215909791355e-5,train_fit_end_to_end
Porter Gustin,Rusher,-0.21569952922425314,0.11911356392014942,-0.4511717889872756,-0.29002824150368955,-0.2112973574453727,-0.1335979412554668,5.217996667259204e-5,962.6496936845532,20.68759772124715,400,9.255215909791355e-5,train_fit_end_to_end
Christian Covington,Rusher,-0.21614491188963017,0.10273420005686143,-0.42074401444566983,-0.2798315944403814,-0.22049006784468358,-0.14525485678038932,-0.013848467845266796,962.5723227909898,17.84289163983524,400,9.255215909791355e-5,train_fit_end_to_end
Arik Armstead,Rusher,-0.21664585426570956,0.09286031865329822,-0.41569670235898054,-0.2759318144903199,-0.21329476989040821,-0.15536671869843083,-0.0353039680506867,962.4853001871166,16.1364232561404,400,9.255215909791355e-5,train_fit_end_to_end
Benson Mayowa,Rusher,-0.22013898027723094,0.14682586010394488,-0.4886137934614833,-0.32761356186153767,-0.21826269255967756,-0.11996087741253096,0.07044566883425235,961.8784820465581,25.50296585852936,400,9.255215909791355e-5,train_fit_end_to_end
Steven Means,Rusher,-0.22104629599841627,0.14211322909285143,-0.47675240371549,-0.3170546378009271,-0.2249920089129459,-0.13549083415501934,0.08307008694978787,961.7208651621362,24.687427071608365,400,9.255215909791355e-5,train_fit_end_to_end
Justin Herron,Blocker,-0.22116140324447014,0.0799231629288767,-0.3689335479668608,-0.27911213465426593,-0.21864298952119582,-0.16976027191274903,-0.0627748625384429,961.7008689854208,13.888043896768307,400,9.255215909791355e-5,train_fit_end_to_end
Marlon Tuipulotu,Rusher,-0.22288502038160402,0.15249060494715042,-0.5360371005294935,-0.31728823820901597,-0.21835556974514342,-0.09752124411384484,0.032688176722476765,961.4014460207924,26.487712859355966,400,9.255215909791355e-5,train_fit_end_to_end
Tanoh Kpassagnon,Rusher,-0.22370388206745767,0.1579404307240239,-0.47957302200284185,-0.33609970888490226,-0.24104232419385702,-0.14079073552336713,0.16618801467822536,961.2591951761491,27.431264345072243,400,9.255215909791355e-5,train_fit_end_to_end
Jonathon Cooper,Rusher,-0.22446383611595327,0.13500996102206594,-0.47642458354160144,-0.3174721409061229,-0.24115323676923317,-0.13860115854838057,0.06661279245514114,961.1271776362445,23.454670715732924,400,9.255215909791355e-5,train_fit_end_to_end
Penei Sewell,Blocker,-0.22460571160035375,0.08872417790619688,-0.37826920642958806,-0.28779688197468084,-0.22795163528829732,-0.17302206425553673,-0.025741299741751072,961.1025313402474,15.41707555768196,400,9.255215909791355e-5,train_fit_end_to_end
Arden Key,Rusher,-0.2263576572213137,0.11355805478671613,-0.43669478574054754,-0.30502968662875235,-0.23109377305186526,-0.14941382875702147,-0.015868927820471435,960.7981872139364,19.723447816856126,400,9.255215909791355e-5,train_fit_end_to_end
Josh Uche,Rusher,-0.22656928283395547,0.09355383938514872,-0.4110591954354707,-0.29266901061580425,-0.21983384508132361,-0.16086618658709853,-0.052796026723201904,960.7614240796166,16.2527869257609,400,9.255215909791355e-5,train_fit_end_to_end
Isaiah Prince,Blocker,-0.22770691694158943,0.08721961274941785,-0.41480077855096037,-0.2826614539677629,-0.22683492402637445,-0.17469320201748162,-0.056594750973633166,960.5637967934684,15.1516747189314,400,9.255215909791355e-5,train_fit_end_to_end
Melvin Ingram,Rusher,-0.22869993531658764,0.10759743676171298,-0.4545406846526295,-0.2959312286341749,-0.2307823213259817,-0.15974773896587255,-0.0042397310787103005,960.3912918331923,18.694490783910556,400,9.255215909791355e-5,train_fit_end_to_end
Demone Harris,Rusher,-0.23311639922192884,0.10843427716081157,-0.4249641722542825,-0.3112160235568984,-0.23576441630260625,-0.1554535917126727,0,959.6240734717466,18.840915596120173,400,9.255215909791355e-5,train_fit_end_to_end
Kemoko Turay,Rusher,-0.23717031216729123,0.14352045625187174,-0.5426557839049347,-0.3309531732587688,-0.23340601438488268,-0.1440500093795928,0.04316607972400363,958.9198366628317,24.93136523258758,400,9.255215909791355e-5,train_fit_end_to_end
Derek Rivers,Rusher,-0.23886047833499227,0.09754336155156673,-0.4300616936337834,-0.30637787523806004,-0.23372347449515818,-0.18489134717713543,-0.04958615529567401,958.6262247267788,16.949598318735756,400,9.255215909791355e-5,train_fit_end_to_end
Quincy Roche,Rusher,-0.23963470466496128,0.1106755993417591,-0.4734815195186748,-0.3119578877011289,-0.2340832194634342,-0.17115069568796992,-0.035764477330525825,958.4917278376389,19.228141878097393,400,9.255215909791355e-5,train_fit_end_to_end
Sam Hubbard,Rusher,-0.24057687254237556,0.0917599719441867,-0.4360593299835968,-0.2990589238366405,-0.23632112548001993,-0.17601312636560307,-0.07239404478940308,958.328056513564,15.942982555345116,400,9.255215909791355e-5,train_fit_end_to_end
Jaylon Smith,Rusher,-0.2414828277220787,0.09897193647573907,-0.4442300308722881,-0.30907127549604707,-0.23533841680306503,-0.17869003754604082,-0.06213381592364785,958.1706759794052,17.196305941056277,400,9.255215909791355e-5,train_fit_end_to_end
Ben Banogu,Rusher,-0.24293852372548402,0.13148124589591265,-0.4901276330448919,-0.34115460087710364,-0.251942674428171,-0.15608792844144545,0.04335253001947887,957.9177956827622,22.841525318245658,400,9.255215909791355e-5,train_fit_end_to_end
Jake Curhan,Blocker,-0.2437807960997983,0.08886828578762852,-0.40528982475352215,-0.30102874273902697,-0.24090142976652468,-0.18739935070580618,-0.06764345234051809,957.7714779849925,15.443998676457783,400,9.255215909791355e-5,train_fit_end_to_end
Taco Charlton,Rusher,-0.24543974389483225,0.14323546170483417,-0.5270139371724079,-0.34531308670336625,-0.2418431738775122,-0.13708447910473542,0.017618392461459104,957.483289235733,24.881387715939205,400,9.255215909791355e-5,train_fit_end_to_end
Jackson Barton,Blocker,-0.24601363795796127,0.18460318903423123,-0.6222048181444109,-0.33984043079759807,-0.1852185477123966,-0.1563630698358366,0,957.3835936258074,32.06568758008741,400,9.255215909791355e-5,train_fit_end_to_end
Cameron Jordan,Rusher,-0.246462150206101,0.1046439036344695,-0.47135386380465505,-0.32352405157940484,-0.23564401603383178,-0.17068056700608925,-0.06309185373427245,957.3056790680341,18.17863146366891,400,9.255215909791355e-5,train_fit_end_to_end
Charlie Heck,Blocker,-0.24652400319254056,0.09014285616254175,-0.4240409748406298,-0.30605276451675156,-0.24684356919851436,-0.18991221683871382,-0.08348388815957669,957.2949341037541,15.659999549162753,400,9.255215909791355e-5,train_fit_end_to_end
Carl Nassib,Rusher,-0.2470002594391601,0.15241272246091278,-0.552512757741701,-0.3505613513067791,-0.24346143426013656,-0.15333884789795982,0.05562311928503499,957.2121999198026,26.473049327033237,400,9.255215909791355e-5,train_fit_end_to_end
Tom Compton,Blocker,-0.24740839614867308,0.12612994836869076,-0.4628868162099526,-0.34639588284267203,-0.25103282212969447,-0.1676866520875273,0.0059016985978189865,957.1412993114812,21.914837243006122,400,9.255215909791355e-5,train_fit_end_to_end
Azeez Ojulari,Rusher,-0.251224186488541,0.14549822193585246,-0.5408810353040924,-0.34292869428619327,-0.2530199873114617,-0.1513528732614774,0.030419167916777817,956.4784286359994,25.27176154086794,400,9.255215909791355e-5,train_fit_end_to_end
Trey Flowers,Rusher,-0.2521903568648483,0.12353207868006516,-0.5116148254707614,-0.32548258194674906,-0.24634770157043812,-0.165213618053958,-0.03529549939177153,956.310587650796,21.46508014776412,400,9.255215909791355e-5,train_fit_end_to_end
Jarrad Davis,Rusher,-0.25332303907330933,0.11484976362559861,-0.4919868750905413,-0.3223084042146146,-0.24567514390057602,-0.17488545365584102,-0.04460548614038042,956.1138205976422,19.954869935026725,400,9.255215909791355e-5,train_fit_end_to_end
Pernell Mcphee,Rusher,-0.2538807384328731,0.08682829274760563,-0.41015704327189734,-0.31417811810401153,-0.2546152159302637,-0.19634608642523035,-0.06803586949146762,956.0169382958743,15.082509352191293,400,9.255215909791355e-5,train_fit_end_to_end
Dillon Radunz,Blocker,-0.25422874082898317,0.1835008017941468,-0.6622538980022172,-0.3655915799203395,-0.23933336021847756,-0.11745227031032528,0.07938508634139162,955.9564840877465,31.878414390735628,400,9.255215909791355e-5,train_fit_end_to_end
George Fant,Blocker,-0.2544829391627859,0.07451623198264733,-0.4101304627913998,-0.30766319361900446,-0.25361028831999344,-0.20500628456530026,-0.1027737456680725,955.9123253142747,12.94856131054328,400,9.255215909791355e-5,train_fit_end_to_end
Bobby Okereke,Rusher,-0.25662938929832846,0.13614229380296805,-0.5435142930609477,-0.3484248560162797,-0.2566711995917294,-0.15287660945809078,-0.013667548597988043,955.539448734456,23.655043848802173,400,9.255215909791355e-5,train_fit_end_to_end
Bobby Massie,Blocker,-0.25671727780956183,0.12469643024647807,-0.479758520986274,-0.3389936826882914,-0.2654638951245367,-0.18164423880455896,0.027093409184989398,955.5241809362755,21.66124845439434,400,9.255215909791355e-5,train_fit_end_to_end
Brandon Shell,Blocker,-0.262148186757978,0.09153115196569185,-0.4250119842425032,-0.3294096726384811,-0.26677941264867877,-0.2035809394218924,-0.07661022908344607,954.580735421069,15.903640372753584,400,9.255215909791355e-5,train_fit_end_to_end
Jaelan Phillips,Rusher,-0.2637122373808901,0.12555285003719774,-0.5189499572802013,-0.34954916438736355,-0.25528032472577084,-0.17953077639671014,-0.02705215347607314,954.3090319990898,21.81468135191027,400,9.255215909791355e-5,train_fit_end_to_end
Baron Browning,Rusher,-0.264079962462784,0.09387376924742885,-0.45058208826091267,-0.327978549896466,-0.26430674806178217,-0.19895942344843048,-0.08914227981939486,954.2451516095202,16.30127302305516,400,9.255215909791355e-5,train_fit_end_to_end
Deshawn Williams,Rusher,-0.2643758688721827,0.11083031268778984,-0.47541880024396066,-0.3394470289136893,-0.2632161063364765,-0.19132413341701224,-0.04405241414693898,954.1937474012155,19.2515957123023,400,9.255215909791355e-5,train_fit_end_to_end
Marlon Davidson,Rusher,-0.26494840763060745,0.18827916167725187,-0.6462720227129661,-0.3872822257892782,-0.2673327735393714,-0.14911620026296704,0.125125772891778,954.0942872318317,32.706208151982125,400,9.255215909791355e-5,train_fit_end_to_end
D.J. Humphries,Blocker,-0.2668166584368711,0.08478018968809699,-0.4268504002053388,-0.3236469196447296,-0.26989269657993814,-0.21122326833093172,-0.09127173001565743,953.769738825443,14.7327162740074,400,9.255215909791355e-5,train_fit_end_to_end
Kerry Hyder Jr.,Rusher,-0.26911352077760126,0.11437129965396678,-0.4858615517263113,-0.3425283836587631,-0.2701148991440903,-0.19088532043624915,-0.05077389121793614,953.3707329693349,19.865372047199934,400,9.255215909791355e-5,train_fit_end_to_end
Chris Board,Rusher,-0.2710593874353389,0.1832070961158753,-0.58789747075486,-0.39468015972717274,-0.28658201324482824,-0.15033396627505535,0.11889934610403477,953.0327013085449,31.828019023322792,400,9.255215909791355e-5,train_fit_end_to_end
Liam Eichenberg,Blocker,-0.27535570665843734,0.10581125822627126,-0.4676286514460012,-0.34536421826346664,-0.27492399346992186,-0.21205386630436496,-0.05773340125143442,952.2863542161102,18.386181635601726,400,9.255215909791355e-5,train_fit_end_to_end
Christian Darrisaw,Blocker,-0.27739639138552624,0.09011432233626986,-0.4283931442768516,-0.34728780560089245,-0.2768759584337879,-0.21828274422283547,-0.09315649573709389,951.9318509695987,15.656255419911085,400,9.255215909791355e-5,train_fit_end_to_end
Trey Pipkins III,Blocker,-0.27803228895230614,0.23530057424026307,-0.6504787390441898,-0.45995623135187624,-0.36638318003256776,-0.06993079380955575,0.14525639348969385,951.8213842478754,40.87395900880488,400,9.255215909791355e-5,train_fit_end_to_end
Sheldon Richardson,Rusher,-0.2787933899303087,0.12701939888718627,-0.5309006820900867,-0.364146706578382,-0.282968788291479,-0.18855302763358073,-0.025741792842392495,951.6891674659083,22.068700979045605,400,9.255215909791355e-5,train_fit_end_to_end
Isaiahh Loudermilk,Rusher,-0.2790383287375185,0.1013642445306936,-0.45458010836883456,-0.3576863411344703,-0.2810132999039955,-0.20116545394057797,-0.09346173093859672,951.6466172369583,17.6072217954146,400,9.255215909791355e-5,train_fit_end_to_end
Jonathan Garvin,Rusher,-0.2845565214952951,0.1453764544498659,-0.5343622228083177,-0.3846000313744398,-0.29513656294763313,-0.18696354597897802,0.0026599524914324014,950.6880089710459,25.255709430718834,400,9.255215909791355e-5,train_fit_end_to_end
Mark Glowinski,Blocker,-0.28477057078594264,0.08799802627514504,-0.4477655476030633,-0.3444866175687889,-0.28994052080546256,-0.2253740847585749,-0.09786602397550298,950.6508248007325,15.28641556108216,400,9.255215909791355e-5,train_fit_end_to_end
Dean Lowry,Rusher,-0.2873776135189512,0.11265789329510241,-0.5019493448802431,-0.36568196135601144,-0.28293768718476275,-0.2089017124273621,-0.07039602488490669,950.1979350915199,19.5720671010496,400,9.255215909791355e-5,train_fit_end_to_end
Alex Anzalone,Rusher,-0.2876342901664903,0.11488672571811236,-0.49887169753300464,-0.37287942239838934,-0.2905251175424963,-0.2138041428380418,-0.05783320546494716,950.153345790856,19.95787022753312,400,9.255215909791355e-5,train_fit_end_to_end
Chase Winovich,Rusher,-0.2878804338488518,0.13904128629733803,-0.5594172255554671,-0.38332351554264177,-0.288115720765495,-0.19589696651754823,1.453854193394354e-4,950.110586253654,24.1567693853851,400,9.255215909791355e-5,train_fit_end_to_end
Nick Williams,Rusher,-0.2880961432343849,0.10883625334234012,-0.5227480825760739,-0.3478809229131916,-0.2820636134468142,-0.2225913359966642,-0.09035826683978368,950.0731136953212,18.910150802458997,400,9.255215909791355e-5,train_fit_end_to_end
Calvin Anderson,Blocker,-0.2891987767852384,0.1998335164569869,-0.6187454027927449,-0.4518551781311825,-0.2845590649816324,-0.15694567404924192,0.10468112532309201,949.8815666286424,34.72044148507051,400,9.255215909791355e-5,train_fit_end_to_end
Andre Mintze,Rusher,-0.2895990346965468,0.16578355029928915,-0.5964072079903622,-0.4066611041489326,-0.27813418883210245,-0.18413203840785863,0,949.8120347077547,28.797185589442424,400,9.255215909791355e-5,train_fit_end_to_end
Dion Dawkins,Blocker,-0.2898731212970836,0.11164968235575397,-0.49178175907038274,-0.3689667037136521,-0.2901793897808238,-0.21025377101103665,-0.07140807390625543,949.7644209884841,19.396209999695742,400,9.255215909791355e-5,train_fit_end_to_end
Malcolm Koonce,Rusher,-0.2904231795112189,0.13459753584870482,-0.5267422426865211,-0.3813473849177871,-0.29272559014100813,-0.1907906212325822,0,949.6688660896342,23.376604021894,400,9.255215909791355e-5,train_fit_end_to_end
Bruce Irvin,Rusher,-0.29141706729337374,0.18070563818622923,-0.6452770379435256,-0.40889323275584094,-0.2934551738476686,-0.16909300190190824,0.06480890454433189,949.4962100978659,31.389626104310285,400,9.255215909791355e-5,train_fit_end_to_end
Shamar Stephen,Rusher,-0.2929278045942732,0.10625356527863902,-0.5044771836785049,-0.36682875340115306,-0.29005502421934304,-0.224706917745057,-0.07831678590261269,949.2337681485114,18.45652660536292,400,9.255215909791355e-5,train_fit_end_to_end
Eric Fisher,Blocker,-0.29771756867893817,0.09130821642688682,-0.4727926990481847,-0.36382516398993153,-0.2938123602085911,-0.23401399113634602,-0.12666174997573426,948.4017009038761,15.864299095401844,400,9.255215909791355e-5,train_fit_end_to_end
Malik Reed,Rusher,-0.29825007159975236,0.10536131842901533,-0.4978073486282128,-0.37237466083186094,-0.29144845826968846,-0.22503646351006243,-0.09102769007902882,948.3091956718333,18.30002728544173,400,9.255215909791355e-5,train_fit_end_to_end
Jalyn Holmes,Rusher,-0.29863324591849155,0.10483581046932429,-0.47467753859579037,-0.37285281605845433,-0.3039159805069208,-0.2390745989026416,-0.061229206132312336,948.2426314749391,18.222024088494322,400,9.255215909791355e-5,train_fit_end_to_end
Cam Sample,Rusher,-0.3000445895459396,0.0786822392397081,-0.4516974545084871,-0.35825870547381616,-0.3027786124515008,-0.24410446838896757,-0.14881577718141303,947.9974559751511,13.666491801496223,400,9.255215909791355e-5,train_fit_end_to_end
Conor Mcdermott,Blocker,-0.3003754453179594,0.23019266625281404,-0.6112188870655743,-0.47824537802813494,-0.36557348273016954,-0.16193546192728414,0.20962121525795047,947.9399804407135,39.98858902149407,400,9.255215909791355e-5,train_fit_end_to_end
Cameron Erving,Blocker,-0.30038747929497306,0.085127018883837,-0.48246365491945425,-0.35010295991622753,-0.3088715870465541,-0.24377187360113958,-0.13226036929959678,947.9378899247886,14.791806454803218,400,9.255215909791355e-5,train_fit_end_to_end
Joe Noteboom,Blocker,-0.3007096346943444,0.24553731864311026,-0.6990177989433143,-0.48768833079911156,-0.3250639282491308,-0.1209825960592526,0.16106986679558621,947.8819257998836,42.650986303527844,400,9.255215909791355e-5,train_fit_end_to_end
Blake Hance,Blocker,-0.30246065638415903,0.10248143726803949,-0.5174826093914652,-0.37044620594300737,-0.2974890815328767,-0.23403616572023794,-0.13300223626143723,947.5777421768519,17.79806995069102,400,9.255215909791355e-5,train_fit_end_to_end
Spencer Brown,Blocker,-0.3046051370126453,0.09714952227537639,-0.5164963349968579,-0.3678681507956077,-0.3029029112087237,-0.23654027787814452,-0.11731996278655794,947.2052077354518,16.87983034996422,400,9.255215909791355e-5,train_fit_end_to_end
La'El Collins,Blocker,-0.30574511776639157,0.11295581303161409,-0.48145646653765745,-0.38557839280838746,-0.3205004667751956,-0.2491483370713682,-0.047574710753538814,947.0071727951207,19.621904353322787,400,9.255215909791355e-5,train_fit_end_to_end
Marcell Harris,Rusher,-0.3075599235665594,0.14940528698626754,-0.58493130608267,-0.41139024515061096,-0.30967054863162685,-0.20989399387317942,-0.021612497366072087,946.6919087372252,25.956831584230116,400,9.255215909791355e-5,train_fit_end_to_end
Anthony Nelson,Rusher,-0.31148553537282253,0.1182546314665465,-0.5686528930476754,-0.379874353943372,-0.30872359810835787,-0.2264197300550823,-0.10325117887437779,946.0099601190034,20.544512887282675,400,9.255215909791355e-5,train_fit_end_to_end
Ola Adeniyi,Rusher,-0.31222503435781795,0.11435503455712669,-0.5115068131433083,-0.3878040583397293,-0.31936234445196954,-0.2353921821203282,-0.0644012332457628,945.8814959875807,19.8673627703158,400,9.255215909791355e-5,train_fit_end_to_end
Ifeadi Odenigbo,Rusher,-0.31232841302481584,0.09984609644816517,-0.5054684035367587,-0.39080909646658846,-0.31702418463868043,-0.23791886580886193,-0.13467305987320422,945.8635372737313,17.344934119953304,400,9.255215909791355e-5,train_fit_end_to_end
Blake Brandel,Blocker,-0.3125520823547142,0.1377316534199345,-0.5803148701792221,-0.41451303230435604,-0.31831622681532323,-0.22165650470833387,-0.022424366473523007,945.8246819314329,23.92988690590974,400,9.255215909791355e-5,train_fit_end_to_end
Justin Ellis,Rusher,-0.31478078319497155,0.10948204090811818,-0.5461745317212363,-0.385870534778619,-0.31305922960236343,-0.24134137403459033,-0.11443127289162311,945.4375169407382,19.01836869869887,400,9.255215909791355e-5,train_fit_end_to_end
Cameron Heyward,Rusher,-0.31687026256037343,0.08283535015695051,-0.48176632796577784,-0.37696666828245134,-0.32261051206010016,-0.2564208395852804,-0.15694034625643946,945.0745371973603,14.389306248766708,400,9.255215909791355e-5,train_fit_end_to_end
Marcus Cannon,Blocker,-0.318684054860734,0.13165197234214837,-0.5534389726179954,-0.40033343014024825,-0.3321404291986024,-0.2298665779612995,0,944.7594492024142,22.873538669213215,400,9.255215909791355e-5,train_fit_end_to_end
Divine Deablo,Rusher,-0.32124218484551825,0.1323009093394552,-0.5973598795792046,-0.4059253233289867,-0.3214999079623926,-0.23575995126949834,-0.07089001592634914,944.315056507861,22.980518895431185,400,9.255215909791355e-5,train_fit_end_to_end
Matt Peart,Blocker,-0.32576783944060855,0.09820204441452109,-0.5084939229714651,-0.3913260851367206,-0.33377503187274116,-0.2653946295995637,-0.11706743652726226,943.5288697808019,17.061185927992653,400,9.255215909791355e-5,train_fit_end_to_end
Morgan Moses,Blocker,-0.327977796800767,0.08574317616453196,-0.4873841557274025,-0.38339943772591145,-0.32903931043020745,-0.27379369447233193,-0.1572483433178818,943.1449608660986,14.899175423200292,400,9.255215909791355e-5,train_fit_end_to_end
Bud Dupree,Rusher,-0.3368574583425174,0.13424139580435065,-0.5849146573601551,-0.42638393263642116,-0.3534085005083411,-0.24938742778543985,-0.05357898030711011,941.6024056625982,23.31145698650137,400,9.255215909791355e-5,train_fit_end_to_end
Montez Sweat,Rusher,-0.3407533547718615,0.10448166761094896,-0.5458104988397825,-0.41074111802153745,-0.3411937133522739,-0.2720625344337022,-0.12950719097340496,940.925619134066,18.148875231433475,400,9.255215909791355e-5,train_fit_end_to_end
Tommy Doyle,Blocker,-0.34228791836934386,0.1333633937949863,-0.5830328513059514,-0.42687584546501106,-0.353093343138065,-0.25261775996322516,-0.07601436760953932,940.6590381330595,23.171367601238387,400,9.255215909791355e-5,train_fit_end_to_end
Yodny Cajuste,Blocker,-0.34379413482015164,0.20909324023477555,-0.6345103829675839,-0.5066661664329258,-0.4129235127799762,-0.19790495701580316,0,940.3973815358044,36.3172805969999,400,9.255215909791355e-5,train_fit_end_to_end
Mike Danna,Rusher,-0.3548250307933049,0.12158602666864138,-0.5788141506115718,-0.4404991586081132,-0.3541760654711066,-0.2713743476592964,-0.12519529092185608,938.4811186351687,21.125782743644226,400,9.255215909791355e-5,train_fit_end_to_end
Josiah Bronson,Rusher,-0.3559763758889239,0.14327731927742968,-0.6191362247359484,-0.4692266497721944,-0.3598094141985614,-0.2611773091133714,-0.0818190528550939,938.2811095064512,24.892277962165583,400,9.255215909791355e-5,train_fit_end_to_end
Kaleb McGary,Blocker,-0.3576352385767813,0.08437542059301159,-0.5197151750794818,-0.4084092184752572,-0.3611638056730224,-0.3074896915084942,-0.19055707058865515,937.9929355418226,14.666779331732434,400,9.255215909791355e-5,train_fit_end_to_end
Isaiah Wynn,Blocker,-0.3625496035313118,0.11700146819917634,-0.5988561142629757,-0.43996790194144475,-0.36532334123152554,-0.2857377086613557,-0.12532188441829512,937.1392229090981,20.324989454993894,400,9.255215909791355e-5,train_fit_end_to_end
Bobby Hart,Blocker,-0.3647123011034327,0.19792573884479245,-0.6445092985145185,-0.5123814201349808,-0.41143886510486205,-0.27298545483171444,0.021424363828440995,936.7635238604589,34.37637601347515,400,9.255215909791355e-5,train_fit_end_to_end
Leighton Vander Esch,Rusher,-0.36821970514230956,0.17405596646859706,-0.7284781730195921,-0.47747975231164796,-0.3770044442222289,-0.26153014860106855,-0.0010895434767455524,936.1542253725032,30.23654335173298,400,9.255215909791355e-5,train_fit_end_to_end
Wyatt Raymond,Rusher,-0.3696065849032697,0.1319679793756311,-0.5854815750357591,-0.4640467966699458,-0.3888867215565105,-0.29543818516397236,-0.04973124766224517,935.9132996816039,22.92487840265967,400,9.255215909791355e-5,train_fit_end_to_end
Cameron Fleming,Blocker,-0.37023446772070057,0.13602646242884842,-0.6008155600448251,-0.4715668177404778,-0.3812601483352459,-0.2862496289776396,-0.08037285228256442,935.804225264447,23.631806982007046,400,9.255215909791355e-5,train_fit_end_to_end
Oshane Ximines,Rusher,-0.38235619699592405,0.13391380274414943,-0.6200381319352455,-0.4743944704027425,-0.38910294683214586,-0.30425452157991006,-0.10567903418464258,933.6984652103051,23.26785396007319,400,9.255215909791355e-5,train_fit_end_to_end
Casey Toohill,Rusher,-0.38344540931311116,0.1315955405434901,-0.6253855851945547,-0.47283739406860226,-0.3918057984975313,-0.29453657750130446,-0.11754694415063667,933.509249650715,22.861360983884335,400,9.255215909791355e-5,train_fit_end_to_end
Korey Cunningham,Blocker,-0.3888804745235091,0.1292523651245798,-0.6426953134816894,-0.471686586920563,-0.38771049958329507,-0.32651604568862325,-0.09604996901595281,932.5650821188509,22.45477439746572,400,9.255215909791355e-5,train_fit_end_to_end
Le'Raven Clark,Blocker,-0.3917197031517902,0.3978813196771223,-0.9861336834331828,-0.7004178139252204,-0.596278414247621,0.046450404852621245,0.11016071296790107,932.0718575884013,69.11374403748373,400,9.255215909791355e-5,train_fit_end_to_end
Lorenzo Carter,Rusher,-0.3957425223349237,0.17313362210485028,-0.7395401306784064,-0.5136788254438862,-0.3958122364562824,-0.2758064585669685,-0.050067457895175214,931.3730223192294,30.070811592709052,400,9.255215909791355e-5,train_fit_end_to_end
Taylor Lewan,Blocker,-0.4184625946988179,0.07132884811569136,-0.5528128029871358,-0.46550203485468156,-0.42035496776979464,-0.3779879746506783,-0.2737120858421529,927.4261414967967,12.399439879434198,400,9.255215909791355e-5,train_fit_end_to_end
Dorance Armstrong,Rusher,-0.43247286909737437,0.17260084605955475,-0.7783815564020616,-0.5399340517538912,-0.4280632108337286,-0.31451492021697336,-0.1213827953161247,924.9923075522994,29.990511733634584,400,9.255215909791355e-5,train_fit_end_to_end
Jason Pierre-Paul,Rusher,-0.44366432064307265,0.17755379838267868,-0.771273773517362,-0.5592507639540601,-0.44271144572275567,-0.3235555282846987,-0.09918360605783791,923.0481532919856,30.846539355460276,400,9.255215909791355e-5,train_fit_end_to_end
Jaylon Ferguson,Rusher,-0.4595720292932614,0.15618869709019742,-0.7528687395785053,-0.5701693145740547,-0.4647720861682572,-0.3559590454603698,-0.1684096828095226,920.284701257385,27.13227073908707,400,9.255215909791355e-5,train_fit_end_to_end
Khalid Kareem,Rusher,-0.45988985856429687,0.14833015084995624,-0.7202401538603616,-0.5579124343369553,-0.4660472654469535,-0.3726241461698019,-0.13784153225588786,920.2294886579458,25.77063221134203,400,9.255215909791355e-5,train_fit_end_to_end
Keanu Neal,Rusher,-0.4649387552621768,0.12820997896639563,-0.6956215904301979,-0.5578016762644824,-0.4645970181444608,-0.38062128117688476,-0.19791674066215842,919.3524054677102,22.26481019829018,400,9.255215909791355e-5,train_fit_end_to_end
Alex Okafor,Rusher,-0.46666204185391563,0.105160421975547,-0.6844331639084711,-0.5364426434729417,-0.46574221771125573,-0.39847312351474673,-0.2547250057100542,919.0530399246982,18.261401544943116,400,9.255215909791355e-5,train_fit_end_to_end
Kenny Willekes,Rusher,-0.4949719670753654,0.15652730648729696,-0.7779112479800045,-0.6128597150383635,-0.49896448839250435,-0.39402789252282483,-0.20443784253252897,914.1351022019904,27.19117640747401,400,9.255215909791355e-5,train_fit_end_to_end
Adetokunbo Ogundeji,Rusher,-0.5061163289145499,0.15090362139831326,-0.7932311039797824,-0.6083459293820828,-0.5051305558636603,-0.4061163195195399,-0.2119625052122543,912.199128261554,26.217033296119105,400,9.255215909791355e-5,train_fit_end_to_end
D.J. Wonnum,Rusher,-0.508719324549441,0.10667533814718233,-0.7007802519838512,-0.5745396224800574,-0.5139897053644245,-0.4488578308720774,-0.28639485472995985,911.7469416052935,18.529256794311067,400,9.255215909791355e-5,train_fit_end_to_end
Ryan Jensen,Blocker,-0.6306453910592528,0.11913248532739788,-0.8224012247627427,-0.7176802692529588,-0.6334494811711449,-0.5538675662395267,-0.3888191567090445,890.5662144511415,20.700530103836936,400,9.255215909791355e-5,train_fit_end_to_end
